signguCode,signguNm,daywkDivCd,daywkDivNm,touDivCd,touDivNm,touNum,baseYmd
30110,동구,1,월요일,1,현지인(a),72999.5,20240101
30110,동구,1,월요일,2,외지인(b),111923.0,20240101
30110,동구,1,월요일,3,외국인(c),600.2,20240101
30140,중구,1,월요일,1,현지인(a),92729.0,20240101
30140,중구,1,월요일,2,외지인(b),112017.5,20240101
30140,중구,1,월요일,3,외국인(c),325.75000000000006,20240101
30170,서구,1,월요일,1,현지인(a),227192.0,20240101
30170,서구,1,월요일,2,외지인(b),140346.5,20240101
30170,서구,1,월요일,3,외국인(c),609.6599999999999,20240101
30200,유성구,1,월요일,1,현지인(a),198989.0,20240101
30200,유성구,1,월요일,2,외지인(b),143489.5,20240101
30200,유성구,1,월요일,3,외국인(c),783.16,20240101
30230,대덕구,1,월요일,1,현지인(a),59664.5,20240101
30230,대덕구,1,월요일,2,외지인(b),68372.5,20240101
30230,대덕구,1,월요일,3,외국인(c),310.49000000000007,20240101
30110,동구,2,화요일,1,현지인(a),82824.0,20240102
30110,동구,2,화요일,2,외지인(b),74928.0,20240102
30110,동구,2,화요일,3,외국인(c),611.5899999999999,20240102
30140,중구,2,화요일,1,현지인(a),105707.0,20240102
30140,중구,2,화요일,2,외지인(b),88301.5,20240102
30140,중구,2,화요일,3,외국인(c),311.39000000000004,20240102
30170,서구,2,화요일,1,현지인(a),268891.0,20240102
30170,서구,2,화요일,2,외지인(b),133346.5,20240102
30170,서구,2,화요일,3,외국인(c),662.1299999999998,20240102
30200,유성구,2,화요일,1,현지인(a),246242.5,20240102
30200,유성구,2,화요일,2,외지인(b),120631.0,20240102
30200,유성구,2,화요일,3,외국인(c),806.9899999999999,20240102
30230,대덕구,2,화요일,1,현지인(a),69832.0,20240102
30230,대덕구,2,화요일,2,외지인(b),51796.5,20240102
30230,대덕구,2,화요일,3,외국인(c),311.36000000000007,20240102
30110,동구,3,수요일,1,현지인(a),82771.5,20240103
30110,동구,3,수요일,2,외지인(b),73248.0,20240103
30110,동구,3,수요일,3,외국인(c),529.5100000000001,20240103
30140,중구,3,수요일,1,현지인(a),105696.5,20240103
30140,중구,3,수요일,2,외지인(b),90209.0,20240103
30140,중구,3,수요일,3,외국인(c),268.45000000000005,20240103
30170,서구,3,수요일,1,현지인(a),270994.5,20240103
30170,서구,3,수요일,2,외지인(b),137546.5,20240103
30170,서구,3,수요일,3,외국인(c),608.4,20240103
30200,유성구,3,수요일,1,현지인(a),249616.5,20240103
30200,유성구,3,수요일,2,외지인(b),125566.0,20240103
30200,유성구,3,수요일,3,외국인(c),786.62,20240103
30230,대덕구,3,수요일,1,현지인(a),70381.5,20240103
30230,대덕구,3,수요일,2,외지인(b),55933.5,20240103
30230,대덕구,3,수요일,3,외국인(c),380.24,20240103
30110,동구,4,목요일,1,현지인(a),83394.5,20240104
30110,동구,4,목요일,2,외지인(b),76902.0,20240104
30110,동구,4,목요일,3,외국인(c),540.8,20240104
30140,중구,4,목요일,1,현지인(a),107023.0,20240104
30140,중구,4,목요일,2,외지인(b),96687.5,20240104
30140,중구,4,목요일,3,외국인(c),339.00000000000006,20240104
30170,서구,4,목요일,1,현지인(a),271565.0,20240104
30170,서구,4,목요일,2,외지인(b),144242.0,20240104
30170,서구,4,목요일,3,외국인(c),622.2599999999999,20240104
30200,유성구,4,목요일,1,현지인(a),251496.0,20240104
30200,유성구,4,목요일,2,외지인(b),133854.0,20240104
30200,유성구,4,목요일,3,외국인(c),877.64,20240104
30230,대덕구,4,목요일,1,현지인(a),70266.0,20240104
30230,대덕구,4,목요일,2,외지인(b),57158.5,20240104
30230,대덕구,4,목요일,3,외국인(c),386.0500000000001,20240104
30110,동구,5,금요일,1,현지인(a),84056.0,20240105
30110,동구,5,금요일,2,외지인(b),93562.0,20240105
30110,동구,5,금요일,3,외국인(c),489.18999999999994,20240105
30140,중구,5,금요일,1,현지인(a),107702.0,20240105
30140,중구,5,금요일,2,외지인(b),107149.0,20240105
30140,중구,5,금요일,3,외국인(c),309.24,20240105
30170,서구,5,금요일,1,현지인(a),276346.0,20240105
30170,서구,5,금요일,2,외지인(b),158746.0,20240105
30170,서구,5,금요일,3,외국인(c),585.43,20240105
30200,유성구,5,금요일,1,현지인(a),250946.5,20240105
30200,유성구,5,금요일,2,외지인(b),143853.5,20240105
30200,유성구,5,금요일,3,외국인(c),858.0099999999999,20240105
30230,대덕구,5,금요일,1,현지인(a),71480.5,20240105
30230,대덕구,5,금요일,2,외지인(b),61680.5,20240105
30230,대덕구,5,금요일,3,외국인(c),329.65000000000003,20240105
30110,동구,6,토요일,1,현지인(a),77588.0,20240106
30110,동구,6,토요일,2,외지인(b),121068.5,20240106
30110,동구,6,토요일,3,외국인(c),500.0199999999998,20240106
30140,중구,6,토요일,1,현지인(a),99522.5,20240106
30140,중구,6,토요일,2,외지인(b),143262.0,20240106
30140,중구,6,토요일,3,외국인(c),289.15000000000003,20240106
30170,서구,6,토요일,1,현지인(a),249665.5,20240106
30170,서구,6,토요일,2,외지인(b),198971.5,20240106
30170,서구,6,토요일,3,외국인(c),598.4199999999998,20240106
30200,유성구,6,토요일,1,현지인(a),218512.0,20240106
30200,유성구,6,토요일,2,외지인(b),186305.0,20240106
30200,유성구,6,토요일,3,외국인(c),774.7099999999997,20240106
30230,대덕구,6,토요일,1,현지인(a),64099.0,20240106
30230,대덕구,6,토요일,2,외지인(b),76237.0,20240106
30230,대덕구,6,토요일,3,외국인(c),307.68000000000006,20240106
30110,동구,7,일요일,1,현지인(a),74189.5,20240107
30110,동구,7,일요일,2,외지인(b),101153.5,20240107
30110,동구,7,일요일,3,외국인(c),516.14,20240107
30140,중구,7,일요일,1,현지인(a),93849.0,20240107
30140,중구,7,일요일,2,외지인(b),115801.0,20240107
30140,중구,7,일요일,3,외국인(c),290.45,20240107
30170,서구,7,일요일,1,현지인(a),236901.0,20240107
30170,서구,7,일요일,2,외지인(b),155022.0,20240107
30170,서구,7,일요일,3,외국인(c),578.5,20240107
30200,유성구,7,일요일,1,현지인(a),208680.5,20240107
30200,유성구,7,일요일,2,외지인(b),148526.0,20240107
30200,유성구,7,일요일,3,외국인(c),758.84,20240107
30230,대덕구,7,일요일,1,현지인(a),60000.5,20240107
30230,대덕구,7,일요일,2,외지인(b),60665.5,20240107
30230,대덕구,7,일요일,3,외국인(c),283.63,20240107
30110,동구,1,월요일,1,현지인(a),81592.0,20240108
30110,동구,1,월요일,2,외지인(b),80451.0,20240108
30110,동구,1,월요일,3,외국인(c),516.0600000000001,20240108
30140,중구,1,월요일,1,현지인(a),105136.5,20240108
30140,중구,1,월요일,2,외지인(b),93814.0,20240108
30140,중구,1,월요일,3,외국인(c),249.36,20240108
30170,서구,1,월요일,1,현지인(a),267326.5,20240108
30170,서구,1,월요일,2,외지인(b),140073.5,20240108
30170,서구,1,월요일,3,외국인(c),576.34,20240108
30200,유성구,1,월요일,1,현지인(a),246060.5,20240108
30200,유성구,1,월요일,2,외지인(b),129440.5,20240108
30200,유성구,1,월요일,3,외국인(c),836.95,20240108
30230,대덕구,1,월요일,1,현지인(a),69566.0,20240108
30230,대덕구,1,월요일,2,외지인(b),58096.5,20240108
30230,대덕구,1,월요일,3,외국인(c),293.96,20240108
30110,동구,2,화요일,1,현지인(a),81665.5,20240109
30110,동구,2,화요일,2,외지인(b),81676.0,20240109
30110,동구,2,화요일,3,외국인(c),533.78,20240109
30140,중구,2,화요일,1,현지인(a),104888.0,20240109
30140,중구,2,화요일,2,외지인(b),96624.5,20240109
30140,중구,2,화요일,3,외국인(c),269.84000000000003,20240109
30170,서구,2,화요일,1,현지인(a),267578.5,20240109
30170,서구,2,화요일,2,외지인(b),140850.5,20240109
30170,서구,2,화요일,3,외국인(c),604.15,20240109
30200,유성구,2,화요일,1,현지인(a),247555.0,20240109
30200,유성구,2,화요일,2,외지인(b),132793.5,20240109
30200,유성구,2,화요일,3,외국인(c),834.6900000000002,20240109
30230,대덕구,2,화요일,1,현지인(a),70066.5,20240109
30230,대덕구,2,화요일,2,외지인(b),57354.5,20240109
30230,대덕구,2,화요일,3,외국인(c),300.27000000000004,20240109
30110,동구,3,수요일,1,현지인(a),82355.0,20240110
30110,동구,3,수요일,2,외지인(b),82036.5,20240110
30110,동구,3,수요일,3,외국인(c),508.6900000000001,20240110
30140,중구,3,수요일,1,현지인(a),104832.0,20240110
30140,중구,3,수요일,2,외지인(b),96026.0,20240110
30140,중구,3,수요일,3,외국인(c),256.24000000000007,20240110
30170,서구,3,수요일,1,현지인(a),269584.0,20240110
30170,서구,3,수요일,2,외지인(b),146779.5,20240110
30170,서구,3,수요일,3,외국인(c),602.2800000000001,20240110
30200,유성구,3,수요일,1,현지인(a),248143.0,20240110
30200,유성구,3,수요일,2,외지인(b),134211.0,20240110
30200,유성구,3,수요일,3,외국인(c),1009.5699999999998,20240110
30230,대덕구,3,수요일,1,현지인(a),70413.0,20240110
30230,대덕구,3,수요일,2,외지인(b),57613.5,20240110
30230,대덕구,3,수요일,3,외국인(c),292.0300000000001,20240110
30110,동구,4,목요일,1,현지인(a),81798.5,20240111
30110,동구,4,목요일,2,외지인(b),85204.0,20240111
30110,동구,4,목요일,3,외국인(c),534.0,20240111
30140,중구,4,목요일,1,현지인(a),105486.5,20240111
30140,중구,4,목요일,2,외지인(b),103243.0,20240111
30140,중구,4,목요일,3,외국인(c),296.0700000000001,20240111
30170,서구,4,목요일,1,현지인(a),270375.0,20240111
30170,서구,4,목요일,2,외지인(b),153114.5,20240111
30170,서구,4,목요일,3,외국인(c),644.4899999999999,20240111
30200,유성구,4,목요일,1,현지인(a),248720.5,20240111
30200,유성구,4,목요일,2,외지인(b),142341.5,20240111
30200,유성구,4,목요일,3,외국인(c),993.5599999999998,20240111
30230,대덕구,4,목요일,1,현지인(a),70206.5,20240111
30230,대덕구,4,목요일,2,외지인(b),60683.0,20240111
30230,대덕구,4,목요일,3,외국인(c),353.37000000000006,20240111
30110,동구,5,금요일,1,현지인(a),83090.0,20240112
30110,동구,5,금요일,2,외지인(b),100831.5,20240112
30110,동구,5,금요일,3,외국인(c),539.7800000000001,20240112
30140,중구,5,금요일,1,현지인(a),107576.0,20240112
30140,중구,5,금요일,2,외지인(b),113263.5,20240112
30140,중구,5,금요일,3,외국인(c),283.6,20240112
30170,서구,5,금요일,1,현지인(a),272877.5,20240112
30170,서구,5,금요일,2,외지인(b),170922.5,20240112
30170,서구,5,금요일,3,외국인(c),638.45,20240112
30200,유성구,5,금요일,1,현지인(a),249301.5,20240112
30200,유성구,5,금요일,2,외지인(b),158088.0,20240112
30200,유성구,5,금요일,3,외국인(c),975.9199999999998,20240112
30230,대덕구,5,금요일,1,현지인(a),71053.5,20240112
30230,대덕구,5,금요일,2,외지인(b),67119.5,20240112
30230,대덕구,5,금요일,3,외국인(c),324.06000000000006,20240112
30110,동구,6,토요일,1,현지인(a),76919.5,20240113
30110,동구,6,토요일,2,외지인(b),133420.0,20240113
30110,동구,6,토요일,3,외국인(c),480.09999999999997,20240113
30140,중구,6,토요일,1,현지인(a),98913.5,20240113
30140,중구,6,토요일,2,외지인(b),153041.0,20240113
30140,중구,6,토요일,3,외국인(c),305.08000000000004,20240113
30170,서구,6,토요일,1,현지인(a),248286.5,20240113
30170,서구,6,토요일,2,외지인(b),218204.0,20240113
30170,서구,6,토요일,3,외국인(c),697.3100000000001,20240113
30200,유성구,6,토요일,1,현지인(a),215726.0,20240113
30200,유성구,6,토요일,2,외지인(b),204228.5,20240113
30200,유성구,6,토요일,3,외국인(c),823.68,20240113
30230,대덕구,6,토요일,1,현지인(a),63616.0,20240113
30230,대덕구,6,토요일,2,외지인(b),79880.5,20240113
30230,대덕구,6,토요일,3,외국인(c),303.55999999999995,20240113
30110,동구,7,일요일,1,현지인(a),72355.5,20240114
30110,동구,7,일요일,2,외지인(b),106841.0,20240114
30110,동구,7,일요일,3,외국인(c),502.90999999999997,20240114
30140,중구,7,일요일,1,현지인(a),92865.5,20240114
30140,중구,7,일요일,2,외지인(b),114341.5,20240114
30140,중구,7,일요일,3,외국인(c),314.6600000000001,20240114
30170,서구,7,일요일,1,현지인(a),231983.5,20240114
30170,서구,7,일요일,2,외지인(b),162480.5,20240114
30170,서구,7,일요일,3,외국인(c),575.49,20240114
30200,유성구,7,일요일,1,현지인(a),206167.5,20240114
30200,유성구,7,일요일,2,외지인(b),158420.5,20240114
30200,유성구,7,일요일,3,외국인(c),872.9199999999998,20240114
30230,대덕구,7,일요일,1,현지인(a),59629.5,20240114
30230,대덕구,7,일요일,2,외지인(b),62814.5,20240114
30230,대덕구,7,일요일,3,외국인(c),319.74999999999994,20240114
30110,동구,1,월요일,1,현지인(a),81560.5,20240115
30110,동구,1,월요일,2,외지인(b),83310.5,20240115
30110,동구,1,월요일,3,외국인(c),579.4599999999999,20240115
30140,중구,1,월요일,1,현지인(a),104373.5,20240115
30140,중구,1,월요일,2,외지인(b),100898.0,20240115
30140,중구,1,월요일,3,외국인(c),274.88,20240115
30170,서구,1,월요일,1,현지인(a),266497.0,20240115
30170,서구,1,월요일,2,외지인(b),152225.5,20240115
30170,서구,1,월요일,3,외국인(c),651.2199999999999,20240115
30200,유성구,1,월요일,1,현지인(a),244163.5,20240115
30200,유성구,1,월요일,2,외지인(b),137977.0,20240115
30200,유성구,1,월요일,3,외국인(c),1022.77,20240115
30230,대덕구,1,월요일,1,현지인(a),69912.5,20240115
30230,대덕구,1,월요일,2,외지인(b),60921.0,20240115
30230,대덕구,1,월요일,3,외국인(c),436.21999999999997,20240115
30110,동구,2,화요일,1,현지인(a),82180.0,20240116
30110,동구,2,화요일,2,외지인(b),85883.0,20240116
30110,동구,2,화요일,3,외국인(c),577.25,20240116
30140,중구,2,화요일,1,현지인(a),104839.0,20240116
30140,중구,2,화요일,2,외지인(b),103169.5,20240116
30140,중구,2,화요일,3,외국인(c),305.72,20240116
30170,서구,2,화요일,1,현지인(a),269006.5,20240116
30170,서구,2,화요일,2,외지인(b),155669.5,20240116
30170,서구,2,화요일,3,외국인(c),632.9399999999999,20240116
30200,유성구,2,화요일,1,현지인(a),247390.5,20240116
30200,유성구,2,화요일,2,외지인(b),142114.0,20240116
30200,유성구,2,화요일,3,외국인(c),969.9599999999999,20240116
30230,대덕구,2,화요일,1,현지인(a),70665.0,20240116
30230,대덕구,2,화요일,2,외지인(b),62772.5,20240116
30230,대덕구,2,화요일,3,외국인(c),393.51000000000005,20240116
30110,동구,3,수요일,1,현지인(a),80507.0,20240117
30110,동구,3,수요일,2,외지인(b),82943.0,20240117
30110,동구,3,수요일,3,외국인(c),589.3000000000002,20240117
30140,중구,3,수요일,1,현지인(a),103852.0,20240117
30140,중구,3,수요일,2,외지인(b),98990.5,20240117
30140,중구,3,수요일,3,외국인(c),307.15999999999997,20240117
30170,서구,3,수요일,1,현지인(a),265695.5,20240117
30170,서구,3,수요일,2,외지인(b),154469.0,20240117
30170,서구,3,수요일,3,외국인(c),619.15,20240117
30200,유성구,3,수요일,1,현지인(a),244107.5,20240117
30200,유성구,3,수요일,2,외지인(b),141963.5,20240117
30200,유성구,3,수요일,3,외국인(c),953.2999999999998,20240117
30230,대덕구,3,수요일,1,현지인(a),68659.5,20240117
30230,대덕구,3,수요일,2,외지인(b),60620.0,20240117
30230,대덕구,3,수요일,3,외국인(c),409.72,20240117
30110,동구,4,목요일,1,현지인(a),81340.0,20240118
30110,동구,4,목요일,2,외지인(b),89222.0,20240118
30110,동구,4,목요일,3,외국인(c),601.8099999999998,20240118
30140,중구,4,목요일,1,현지인(a),104380.5,20240118
30140,중구,4,목요일,2,외지인(b),104289.5,20240118
30140,중구,4,목요일,3,외국인(c),266.52,20240118
30170,서구,4,목요일,1,현지인(a),267407.0,20240118
30170,서구,4,목요일,2,외지인(b),156859.5,20240118
30170,서구,4,목요일,3,외국인(c),655.3499999999999,20240118
30200,유성구,4,목요일,1,현지인(a),245350.0,20240118
30200,유성구,4,목요일,2,외지인(b),146265.0,20240118
30200,유성구,4,목요일,3,외국인(c),896.6199999999999,20240118
30230,대덕구,4,목요일,1,현지인(a),69468.0,20240118
30230,대덕구,4,목요일,2,외지인(b),62401.5,20240118
30230,대덕구,4,목요일,3,외국인(c),392.3,20240118
30110,동구,5,금요일,1,현지인(a),82873.0,20240119
30110,동구,5,금요일,2,외지인(b),105920.5,20240119
30110,동구,5,금요일,3,외국인(c),581.2900000000001,20240119
30140,중구,5,금요일,1,현지인(a),106470.0,20240119
30140,중구,5,금요일,2,외지인(b),120442.0,20240119
30140,중구,5,금요일,3,외국인(c),307.65,20240119
30170,서구,5,금요일,1,현지인(a),272401.5,20240119
30170,서구,5,금요일,2,외지인(b),177352.0,20240119
30170,서구,5,금요일,3,외국인(c),595.3499999999999,20240119
30200,유성구,5,금요일,1,현지인(a),246018.5,20240119
30200,유성구,5,금요일,2,외지인(b),165980.5,20240119
30200,유성구,5,금요일,3,외국인(c),885.57,20240119
30230,대덕구,5,금요일,1,현지인(a),70973.0,20240119
30230,대덕구,5,금요일,2,외지인(b),70098.0,20240119
30230,대덕구,5,금요일,3,외국인(c),307.2,20240119
30110,동구,6,토요일,1,현지인(a),74798.5,20240120
30110,동구,6,토요일,2,외지인(b),125657.0,20240120
30110,동구,6,토요일,3,외국인(c),571.6600000000001,20240120
30140,중구,6,토요일,1,현지인(a),94748.5,20240120
30140,중구,6,토요일,2,외지인(b),141379.0,20240120
30140,중구,6,토요일,3,외국인(c),286.03999999999996,20240120
30170,서구,6,토요일,1,현지인(a),240894.5,20240120
30170,서구,6,토요일,2,외지인(b),212327.5,20240120
30170,서구,6,토요일,3,외국인(c),584.0299999999999,20240120
30200,유성구,6,토요일,1,현지인(a),209142.5,20240120
30200,유성구,6,토요일,2,외지인(b),200746.0,20240120
30200,유성구,6,토요일,3,외국인(c),855.04,20240120
30230,대덕구,6,토요일,1,현지인(a),61600.0,20240120
30230,대덕구,6,토요일,2,외지인(b),77353.5,20240120
30230,대덕구,6,토요일,3,외국인(c),289.2,20240120
30110,동구,7,일요일,1,현지인(a),73734.5,20240121
30110,동구,7,일요일,2,외지인(b),114660.0,20240121
30110,동구,7,일요일,3,외국인(c),607.29,20240121
30140,중구,7,일요일,1,현지인(a),92900.5,20240121
30140,중구,7,일요일,2,외지인(b),125422.5,20240121
30140,중구,7,일요일,3,외국인(c),273.86000000000007,20240121
30170,서구,7,일요일,1,현지인(a),234867.5,20240121
30170,서구,7,일요일,2,외지인(b),173589.5,20240121
30170,서구,7,일요일,3,외국인(c),576.29,20240121
30200,유성구,7,일요일,1,현지인(a),206094.0,20240121
30200,유성구,7,일요일,2,외지인(b),167104.0,20240121
30200,유성구,7,일요일,3,외국인(c),820.9999999999999,20240121
30230,대덕구,7,일요일,1,현지인(a),60119.5,20240121
30230,대덕구,7,일요일,2,외지인(b),64767.5,20240121
30230,대덕구,7,일요일,3,외국인(c),310.4,20240121
30110,동구,1,월요일,1,현지인(a),80559.5,20240122
30110,동구,1,월요일,2,외지인(b),83450.5,20240122
30110,동구,1,월요일,3,외국인(c),607.35,20240122
30140,중구,1,월요일,1,현지인(a),101941.0,20240122
30140,중구,1,월요일,2,외지인(b),95833.5,20240122
30140,중구,1,월요일,3,외국인(c),319.4000000000001,20240122
30170,서구,1,월요일,1,현지인(a),261611.0,20240122
30170,서구,1,월요일,2,외지인(b),148904.0,20240122
30170,서구,1,월요일,3,외국인(c),628.8100000000001,20240122
30200,유성구,1,월요일,1,현지인(a),238213.5,20240122
30200,유성구,1,월요일,2,외지인(b),135999.5,20240122
30200,유성구,1,월요일,3,외국인(c),914.5899999999999,20240122
30230,대덕구,1,월요일,1,현지인(a),68285.0,20240122
30230,대덕구,1,월요일,2,외지인(b),60987.5,20240122
30230,대덕구,1,월요일,3,외국인(c),319.46000000000004,20240122
30110,동구,2,화요일,1,현지인(a),79527.0,20240123
30110,동구,2,화요일,2,외지인(b),81546.5,20240123
30110,동구,2,화요일,3,외국인(c),503.77000000000004,20240123
30140,중구,2,화요일,1,현지인(a),101251.5,20240123
30140,중구,2,화요일,2,외지인(b),96621.0,20240123
30140,중구,2,화요일,3,외국인(c),321.53999999999996,20240123
30170,서구,2,화요일,1,현지인(a),259150.5,20240123
30170,서구,2,화요일,2,외지인(b),147770.0,20240123
30170,서구,2,화요일,3,외국인(c),651.4999999999999,20240123
30200,유성구,2,화요일,1,현지인(a),239165.5,20240123
30200,유성구,2,화요일,2,외지인(b),138715.5,20240123
30200,유성구,2,화요일,3,외국인(c),1117.8299999999997,20240123
30230,대덕구,2,화요일,1,현지인(a),68029.5,20240123
30230,대덕구,2,화요일,2,외지인(b),58873.5,20240123
30230,대덕구,2,화요일,3,외국인(c),409.38999999999993,20240123
30110,동구,3,수요일,1,현지인(a),80489.5,20240124
30110,동구,3,수요일,2,외지인(b),84847.0,20240124
30110,동구,3,수요일,3,외국인(c),567.9599999999999,20240124
30140,중구,3,수요일,1,현지인(a),103194.0,20240124
30140,중구,3,수요일,2,외지인(b),99855.0,20240124
30140,중구,3,수요일,3,외국인(c),278.6,20240124
30170,서구,3,수요일,1,현지인(a),264831.0,20240124
30170,서구,3,수요일,2,외지인(b),155452.5,20240124
30170,서구,3,수요일,3,외국인(c),671.3800000000001,20240124
30200,유성구,3,수요일,1,현지인(a),243519.5,20240124
30200,유성구,3,수요일,2,외지인(b),146905.5,20240124
30200,유성구,3,수요일,3,외국인(c),1024.39,20240124
30230,대덕구,3,수요일,1,현지인(a),68810.0,20240124
30230,대덕구,3,수요일,2,외지인(b),60704.0,20240124
30230,대덕구,3,수요일,3,외국인(c),339.15000000000003,20240124
30110,동구,4,목요일,1,현지인(a),81070.5,20240125
30110,동구,4,목요일,2,외지인(b),90457.5,20240125
30110,동구,4,목요일,3,외국인(c),505.01,20240125
30140,중구,4,목요일,1,현지인(a),104405.0,20240125
30140,중구,4,목요일,2,외지인(b),106592.5,20240125
30140,중구,4,목요일,3,외국인(c),242.71000000000004,20240125
30170,서구,4,목요일,1,현지인(a),265930.0,20240125
30170,서구,4,목요일,2,외지인(b),161322.0,20240125
30170,서구,4,목요일,3,외국인(c),732.7699999999999,20240125
30200,유성구,4,목요일,1,현지인(a),242802.0,20240125
30200,유성구,4,목요일,2,외지인(b),151872.0,20240125
30200,유성구,4,목요일,3,외국인(c),1023.7500000000001,20240125
30230,대덕구,4,목요일,1,현지인(a),69496.0,20240125
30230,대덕구,4,목요일,2,외지인(b),65100.0,20240125
30230,대덕구,4,목요일,3,외국인(c),346.53000000000003,20240125
30110,동구,5,금요일,1,현지인(a),82635.0,20240126
30110,동구,5,금요일,2,외지인(b),107866.5,20240126
30110,동구,5,금요일,3,외국인(c),487.44,20240126
30140,중구,5,금요일,1,현지인(a),106176.0,20240126
30140,중구,5,금요일,2,외지인(b),118814.5,20240126
30140,중구,5,금요일,3,외국인(c),245.81,20240126
30170,서구,5,금요일,1,현지인(a),270007.5,20240126
30170,서구,5,금요일,2,외지인(b),179683.0,20240126
30170,서구,5,금요일,3,외국인(c),644.8199999999999,20240126
30200,유성구,5,금요일,1,현지인(a),243806.5,20240126
30200,유성구,5,금요일,2,외지인(b),165616.5,20240126
30200,유성구,5,금요일,3,외국인(c),899.58,20240126
30230,대덕구,5,금요일,1,현지인(a),71676.5,20240126
30230,대덕구,5,금요일,2,외지인(b),72096.5,20240126
30230,대덕구,5,금요일,3,외국인(c),306.0,20240126
30110,동구,6,토요일,1,현지인(a),77042.0,20240127
30110,동구,6,토요일,2,외지인(b),140420.0,20240127
30110,동구,6,토요일,3,외국인(c),483.8900000000001,20240127
30140,중구,6,토요일,1,현지인(a),98080.5,20240127
30140,중구,6,토요일,2,외지인(b),158081.0,20240127
30140,중구,6,토요일,3,외국인(c),286.68000000000006,20240127
30170,서구,6,토요일,1,현지인(a),246568.0,20240127
30170,서구,6,토요일,2,외지인(b),225456.0,20240127
30170,서구,6,토요일,3,외국인(c),698.4,20240127
30200,유성구,6,토요일,1,현지인(a),212404.5,20240127
30200,유성구,6,토요일,2,외지인(b),205996.0,20240127
30200,유성구,6,토요일,3,외국인(c),839.31,20240127
30230,대덕구,6,토요일,1,현지인(a),64239.0,20240127
30230,대덕구,6,토요일,2,외지인(b),85137.5,20240127
30230,대덕구,6,토요일,3,외국인(c),280.63000000000005,20240127
30110,동구,7,일요일,1,현지인(a),73083.5,20240128
30110,동구,7,일요일,2,외지인(b),114296.0,20240128
30110,동구,7,일요일,3,외국인(c),481.12,20240128
30140,중구,7,일요일,1,현지인(a),93439.5,20240128
30140,중구,7,일요일,2,외지인(b),122171.0,20240128
30140,중구,7,일요일,3,외국인(c),278.8,20240128
30170,서구,7,일요일,1,현지인(a),234563.0,20240128
30170,서구,7,일요일,2,외지인(b),173677.0,20240128
30170,서구,7,일요일,3,외국인(c),667.0499999999998,20240128
30200,유성구,7,일요일,1,현지인(a),205572.5,20240128
30200,유성구,7,일요일,2,외지인(b),166274.5,20240128
30200,유성구,7,일요일,3,외국인(c),783.0100000000001,20240128
30230,대덕구,7,일요일,1,현지인(a),60259.5,20240128
30230,대덕구,7,일요일,2,외지인(b),70294.0,20240128
30230,대덕구,7,일요일,3,외국인(c),260.11999999999995,20240128
30110,동구,1,월요일,1,현지인(a),80923.5,20240129
30110,동구,1,월요일,2,외지인(b),89729.5,20240129
30110,동구,1,월요일,3,외국인(c),417.87,20240129
30140,중구,1,월요일,1,현지인(a),103869.5,20240129
30140,중구,1,월요일,2,외지인(b),105945.0,20240129
30140,중구,1,월요일,3,외국인(c),271.18000000000006,20240129
30170,서구,1,월요일,1,현지인(a),264302.5,20240129
30170,서구,1,월요일,2,외지인(b),159687.5,20240129
30170,서구,1,월요일,3,외국인(c),593.43,20240129
30200,유성구,1,월요일,1,현지인(a),240576.0,20240129
30200,유성구,1,월요일,2,외지인(b),149810.5,20240129
30200,유성구,1,월요일,3,외국인(c),900.7999999999998,20240129
30230,대덕구,1,월요일,1,현지인(a),69272.0,20240129
30230,대덕구,1,월요일,2,외지인(b),66146.5,20240129
30230,대덕구,1,월요일,3,외국인(c),327.10999999999996,20240129
30110,동구,2,화요일,1,현지인(a),82274.5,20240130
30110,동구,2,화요일,2,외지인(b),92225.0,20240130
30110,동구,2,화요일,3,외국인(c),479.73,20240130
30140,중구,2,화요일,1,현지인(a),104664.0,20240130
30140,중구,2,화요일,2,외지인(b),107376.5,20240130
30140,중구,2,화요일,3,외국인(c),214.32000000000002,20240130
30170,서구,2,화요일,1,현지인(a),266745.5,20240130
30170,서구,2,화요일,2,외지인(b),162949.5,20240130
30170,서구,2,화요일,3,외국인(c),682.8900000000001,20240130
30200,유성구,2,화요일,1,현지인(a),242973.5,20240130
30200,유성구,2,화요일,2,외지인(b),153237.0,20240130
30200,유성구,2,화요일,3,외국인(c),997.43,20240130
30230,대덕구,2,화요일,1,현지인(a),70686.0,20240130
30230,대덕구,2,화요일,2,외지인(b),68372.5,20240130
30230,대덕구,2,화요일,3,외국인(c),406.32,20240130
30110,동구,3,수요일,1,현지인(a),81630.5,20240131
30110,동구,3,수요일,2,외지인(b),89803.0,20240131
30110,동구,3,수요일,3,외국인(c),473.98999999999995,20240131
30140,중구,3,수요일,1,현지인(a),106172.5,20240131
30140,중구,3,수요일,2,외지인(b),107177.0,20240131
30140,중구,3,수요일,3,외국인(c),229.49999999999997,20240131
30170,서구,3,수요일,1,현지인(a),270193.0,20240131
30170,서구,3,수요일,2,외지인(b),166145.0,20240131
30170,서구,3,수요일,3,외국인(c),651.2599999999998,20240131
30200,유성구,3,수요일,1,현지인(a),245759.5,20240131
30200,유성구,3,수요일,2,외지인(b),154665.0,20240131
30200,유성구,3,수요일,3,외국인(c),1113.39,20240131
30230,대덕구,3,수요일,1,현지인(a),70294.0,20240131
30230,대덕구,3,수요일,2,외지인(b),69352.5,20240131
30230,대덕구,3,수요일,3,외국인(c),355.09,20240131
30110,동구,4,목요일,1,현지인(a),79632.0,20240201
30110,동구,4,목요일,2,외지인(b),79040.5,20240201
30110,동구,4,목요일,3,외국인(c),568.2899999999998,20240201
30140,중구,4,목요일,1,현지인(a),103915.0,20240201
30140,중구,4,목요일,2,외지인(b),95564.0,20240201
30140,중구,4,목요일,3,외국인(c),315.28999999999996,20240201
30170,서구,4,목요일,1,현지인(a),264033.0,20240201
30170,서구,4,목요일,2,외지인(b),133115.5,20240201
30170,서구,4,목요일,3,외국인(c),750.8599999999998,20240201
30200,유성구,4,목요일,1,현지인(a),236719.0,20240201
30200,유성구,4,목요일,2,외지인(b),126528.5,20240201
30200,유성구,4,목요일,3,외국인(c),1299.8799999999999,20240201
30230,대덕구,4,목요일,1,현지인(a),69132.0,20240201
30230,대덕구,4,목요일,2,외지인(b),54645.5,20240201
30230,대덕구,4,목요일,3,외국인(c),426.94999999999993,20240201
30110,동구,5,금요일,1,현지인(a),80542.0,20240202
30110,동구,5,금요일,2,외지인(b),96411.0,20240202
30110,동구,5,금요일,3,외국인(c),604.43,20240202
30140,중구,5,금요일,1,현지인(a),104461.0,20240202
30140,중구,5,금요일,2,외지인(b),106991.5,20240202
30140,중구,5,금요일,3,외국인(c),301.27000000000004,20240202
30170,서구,5,금요일,1,현지인(a),266826.0,20240202
30170,서구,5,금요일,2,외지인(b),151613.0,20240202
30170,서구,5,금요일,3,외국인(c),767.27,20240202
30200,유성구,5,금요일,1,현지인(a),238196.0,20240202
30200,유성구,5,금요일,2,외지인(b),145239.5,20240202
30200,유성구,5,금요일,3,외국인(c),1281.91,20240202
30230,대덕구,5,금요일,1,현지인(a),69804.0,20240202
30230,대덕구,5,금요일,2,외지인(b),61285.0,20240202
30230,대덕구,5,금요일,3,외국인(c),393.67999999999995,20240202
30110,동구,6,토요일,1,현지인(a),75488.0,20240203
30110,동구,6,토요일,2,외지인(b),124911.5,20240203
30110,동구,6,토요일,3,외국인(c),534.36,20240203
30140,중구,6,토요일,1,현지인(a),98224.0,20240203
30140,중구,6,토요일,2,외지인(b),143118.5,20240203
30140,중구,6,토요일,3,외국인(c),295.3399999999999,20240203
30170,서구,6,토요일,1,현지인(a),245728.0,20240203
30170,서구,6,토요일,2,외지인(b),204806.0,20240203
30170,서구,6,토요일,3,외국인(c),700.3499999999997,20240203
30200,유성구,6,토요일,1,현지인(a),212338.0,20240203
30200,유성구,6,토요일,2,외지인(b),200350.5,20240203
30200,유성구,6,토요일,3,외국인(c),1087.3799999999999,20240203
30230,대덕구,6,토요일,1,현지인(a),63826.0,20240203
30230,대덕구,6,토요일,2,외지인(b),78785.0,20240203
30230,대덕구,6,토요일,3,외국인(c),319.19,20240203
30110,동구,7,일요일,1,현지인(a),73486.0,20240204
30110,동구,7,일요일,2,외지인(b),109385.5,20240204
30110,동구,7,일요일,3,외국인(c),570.03,20240204
30140,중구,7,일요일,1,현지인(a),95536.0,20240204
30140,중구,7,일요일,2,외지인(b),125552.0,20240204
30140,중구,7,일요일,3,외국인(c),367.67999999999995,20240204
30170,서구,7,일요일,1,현지인(a),238626.5,20240204
30170,서구,7,일요일,2,외지인(b),166656.0,20240204
30170,서구,7,일요일,3,외국인(c),750.6199999999999,20240204
30200,유성구,7,일요일,1,현지인(a),209314.0,20240204
30200,유성구,7,일요일,2,외지인(b),169631.0,20240204
30200,유성구,7,일요일,3,외국인(c),1031.8200000000002,20240204
30230,대덕구,7,일요일,1,현지인(a),61593.0,20240204
30230,대덕구,7,일요일,2,외지인(b),63763.0,20240204
30230,대덕구,7,일요일,3,외국인(c),357.21,20240204
30110,동구,1,월요일,1,현지인(a),77591.5,20240205
30110,동구,1,월요일,2,외지인(b),74126.5,20240205
30110,동구,1,월요일,3,외국인(c),530.7699999999999,20240205
30140,중구,1,월요일,1,현지인(a),101052.0,20240205
30140,중구,1,월요일,2,외지인(b),89530.0,20240205
30140,중구,1,월요일,3,외국인(c),298.07,20240205
30170,서구,1,월요일,1,현지인(a),255948.0,20240205
30170,서구,1,월요일,2,외지인(b),129997.0,20240205
30170,서구,1,월요일,3,외국인(c),703.14,20240205
30200,유성구,1,월요일,1,현지인(a),229026.0,20240205
30200,유성구,1,월요일,2,외지인(b),115619.0,20240205
30200,유성구,1,월요일,3,외국인(c),864.3800000000001,20240205
30230,대덕구,1,월요일,1,현지인(a),67711.0,20240205
30230,대덕구,1,월요일,2,외지인(b),53217.5,20240205
30230,대덕구,1,월요일,3,외국인(c),393.07000000000005,20240205
30110,동구,2,화요일,1,현지인(a),79240.0,20240206
30110,동구,2,화요일,2,외지인(b),83069.0,20240206
30110,동구,2,화요일,3,외국인(c),565.9,20240206
30140,중구,2,화요일,1,현지인(a),104128.5,20240206
30140,중구,2,화요일,2,외지인(b),97881.0,20240206
30140,중구,2,화요일,3,외국인(c),266.62999999999994,20240206
30170,서구,2,화요일,1,현지인(a),263543.0,20240206
30170,서구,2,화요일,2,외지인(b),141809.5,20240206
30170,서구,2,화요일,3,외국인(c),712.2799999999999,20240206
30200,유성구,2,화요일,1,현지인(a),236852.0,20240206
30200,유성구,2,화요일,2,외지인(b),131099.5,20240206
30200,유성구,2,화요일,3,외국인(c),866.1999999999998,20240206
30230,대덕구,2,화요일,1,현지인(a),68862.5,20240206
30230,대덕구,2,화요일,2,외지인(b),57872.5,20240206
30230,대덕구,2,화요일,3,외국인(c),385.2799999999999,20240206
30110,동구,3,수요일,1,현지인(a),81196.5,20240207
30110,동구,3,수요일,2,외지인(b),88644.5,20240207
30110,동구,3,수요일,3,외국인(c),537.01,20240207
30140,중구,3,수요일,1,현지인(a),106893.5,20240207
30140,중구,3,수요일,2,외지인(b),104576.5,20240207
30140,중구,3,수요일,3,외국인(c),322.34,20240207
30170,서구,3,수요일,1,현지인(a),270896.5,20240207
30170,서구,3,수요일,2,외지인(b),151872.0,20240207
30170,서구,3,수요일,3,외국인(c),728.4499999999999,20240207
30200,유성구,3,수요일,1,현지인(a),242147.5,20240207
30200,유성구,3,수요일,2,외지인(b),139345.5,20240207
30200,유성구,3,수요일,3,외국인(c),900.9199999999998,20240207
30230,대덕구,3,수요일,1,현지인(a),70899.5,20240207
30230,대덕구,3,수요일,2,외지인(b),62664.0,20240207
30230,대덕구,3,수요일,3,외국인(c),411.61999999999995,20240207
30110,동구,4,목요일,1,현지인(a),81882.5,20240208
30110,동구,4,목요일,2,외지인(b),112707.0,20240208
30110,동구,4,목요일,3,외국인(c),563.33,20240208
30140,중구,4,목요일,1,현지인(a),108556.0,20240208
30140,중구,4,목요일,2,외지인(b),126455.0,20240208
30140,중구,4,목요일,3,외국인(c),383.6300000000001,20240208
30170,서구,4,목요일,1,현지인(a),272331.5,20240208
30170,서구,4,목요일,2,외지인(b),179497.5,20240208
30170,서구,4,목요일,3,외국인(c),733.04,20240208
30200,유성구,4,목요일,1,현지인(a),239281.0,20240208
30200,유성구,4,목요일,2,외지인(b),158714.5,20240208
30200,유성구,4,목요일,3,외국인(c),949.4499999999999,20240208
30230,대덕구,4,목요일,1,현지인(a),71438.5,20240208
30230,대덕구,4,목요일,2,외지인(b),75362.0,20240208
30230,대덕구,4,목요일,3,외국인(c),462.13999999999993,20240208
30110,동구,5,금요일,1,현지인(a),67329.5,20240209
30110,동구,5,금요일,2,외지인(b),156019.5,20240209
30110,동구,5,금요일,3,외국인(c),595.55,20240209
30140,중구,5,금요일,1,현지인(a),88459.0,20240209
30140,중구,5,금요일,2,외지인(b),164339.0,20240209
30140,중구,5,금요일,3,외국인(c),345.65999999999997,20240209
30170,서구,5,금요일,1,현지인(a),207921.0,20240209
30170,서구,5,금요일,2,외지인(b),199045.0,20240209
30170,서구,5,금요일,3,외국인(c),716.9,20240209
30200,유성구,5,금요일,1,현지인(a),173757.5,20240209
30200,유성구,5,금요일,2,외지인(b),182714.0,20240209
30200,유성구,5,금요일,3,외국인(c),822.3,20240209
30230,대덕구,5,금요일,1,현지인(a),57449.0,20240209
30230,대덕구,5,금요일,2,외지인(b),105248.5,20240209
30230,대덕구,5,금요일,3,외국인(c),473.13,20240209
30110,동구,6,토요일,1,현지인(a),61274.5,20240210
30110,동구,6,토요일,2,외지인(b),196549.5,20240210
30110,동구,6,토요일,3,외국인(c),625.4999999999997,20240210
30140,중구,6,토요일,1,현지인(a),77952.0,20240210
30140,중구,6,토요일,2,외지인(b),186007.5,20240210
30140,중구,6,토요일,3,외국인(c),402.09999999999997,20240210
30170,서구,6,토요일,1,현지인(a),181247.5,20240210
30170,서구,6,토요일,2,외지인(b),235819.5,20240210
30170,서구,6,토요일,3,외국인(c),689.4999999999999,20240210
30200,유성구,6,토요일,1,현지인(a),145190.5,20240210
30200,유성구,6,토요일,2,외지인(b),207466.0,20240210
30200,유성구,6,토요일,3,외국인(c),779.7799999999999,20240210
30230,대덕구,6,토요일,1,현지인(a),50641.5,20240210
30230,대덕구,6,토요일,2,외지인(b),115839.5,20240210
30230,대덕구,6,토요일,3,외국인(c),389.22,20240210
30110,동구,7,일요일,1,현지인(a),65257.5,20240211
30110,동구,7,일요일,2,외지인(b),147094.5,20240211
30110,동구,7,일요일,3,외국인(c),646.4199999999997,20240211
30140,중구,7,일요일,1,현지인(a),86208.5,20240211
30140,중구,7,일요일,2,외지인(b),156411.5,20240211
30140,중구,7,일요일,3,외국인(c),415.3399999999999,20240211
30170,서구,7,일요일,1,현지인(a),206286.5,20240211
30170,서구,7,일요일,2,외지인(b),212954.0,20240211
30170,서구,7,일요일,3,외국인(c),694.22,20240211
30200,유성구,7,일요일,1,현지인(a),170940.0,20240211
30200,유성구,7,일요일,2,외지인(b),194117.0,20240211
30200,유성구,7,일요일,3,외국인(c),836.8899999999999,20240211
30230,대덕구,7,일요일,1,현지인(a),55384.0,20240211
30230,대덕구,7,일요일,2,외지인(b),96071.5,20240211
30230,대덕구,7,일요일,3,외국인(c),384.77000000000004,20240211
30110,동구,1,월요일,1,현지인(a),70378.0,20240212
30110,동구,1,월요일,2,외지인(b),121870.0,20240212
30110,동구,1,월요일,3,외국인(c),553.7400000000001,20240212
30140,중구,1,월요일,1,현지인(a),92575.0,20240212
30140,중구,1,월요일,2,외지인(b),129251.5,20240212
30140,중구,1,월요일,3,외국인(c),399.17,20240212
30170,서구,1,월요일,1,현지인(a),226842.0,20240212
30170,서구,1,월요일,2,외지인(b),176403.5,20240212
30170,서구,1,월요일,3,외국인(c),739.1799999999998,20240212
30200,유성구,1,월요일,1,현지인(a),195916.0,20240212
30200,유성구,1,월요일,2,외지인(b),163695.0,20240212
30200,유성구,1,월요일,3,외국인(c),863.7900000000001,20240212
30230,대덕구,1,월요일,1,현지인(a),60112.5,20240212
30230,대덕구,1,월요일,2,외지인(b),74494.0,20240212
30230,대덕구,1,월요일,3,외국인(c),374.49999999999994,20240212
30110,동구,2,화요일,1,현지인(a),79744.0,20240213
30110,동구,2,화요일,2,외지인(b),88805.5,20240213
30110,동구,2,화요일,3,외국인(c),632.47,20240213
30140,중구,2,화요일,1,현지인(a),103757.5,20240213
30140,중구,2,화요일,2,외지인(b),101290.0,20240213
30140,중구,2,화요일,3,외국인(c),355.47999999999996,20240213
30170,서구,2,화요일,1,현지인(a),263119.5,20240213
30170,서구,2,화요일,2,외지인(b),145978.0,20240213
30170,서구,2,화요일,3,외국인(c),713.1800000000001,20240213
30200,유성구,2,화요일,1,현지인(a),233726.5,20240213
30200,유성구,2,화요일,2,외지인(b),130203.5,20240213
30200,유성구,2,화요일,3,외국인(c),919.4199999999998,20240213
30230,대덕구,2,화요일,1,현지인(a),69209.0,20240213
30230,대덕구,2,화요일,2,외지인(b),58233.0,20240213
30230,대덕구,2,화요일,3,외국인(c),398.67999999999995,20240213
30110,동구,3,수요일,1,현지인(a),79705.5,20240214
30110,동구,3,수요일,2,외지인(b),87727.5,20240214
30110,동구,3,수요일,3,외국인(c),515.92,20240214
30140,중구,3,수요일,1,현지인(a),104198.5,20240214
30140,중구,3,수요일,2,외지인(b),101339.0,20240214
30140,중구,3,수요일,3,외국인(c),336.65,20240214
30170,서구,3,수요일,1,현지인(a),265359.5,20240214
30170,서구,3,수요일,2,외지인(b),149054.5,20240214
30170,서구,3,수요일,3,외국인(c),726.8100000000002,20240214
30200,유성구,3,수요일,1,현지인(a),237958.0,20240214
30200,유성구,3,수요일,2,외지인(b),138113.5,20240214
30200,유성구,3,수요일,3,외국인(c),895.71,20240214
30230,대덕구,3,수요일,1,현지인(a),69149.5,20240214
30230,대덕구,3,수요일,2,외지인(b),58849.0,20240214
30230,대덕구,3,수요일,3,외국인(c),362.52,20240214
30110,동구,4,목요일,1,현지인(a),77980.0,20240215
30110,동구,4,목요일,2,외지인(b),90688.5,20240215
30110,동구,4,목요일,3,외국인(c),533.3000000000002,20240215
30140,중구,4,목요일,1,현지인(a),101598.0,20240215
30140,중구,4,목요일,2,외지인(b),101195.5,20240215
30140,중구,4,목요일,3,외국인(c),366.2099999999999,20240215
30170,서구,4,목요일,1,현지인(a),258716.5,20240215
30170,서구,4,목요일,2,외지인(b),149915.5,20240215
30170,서구,4,목요일,3,외국인(c),796.4599999999999,20240215
30200,유성구,4,목요일,1,현지인(a),234752.0,20240215
30200,유성구,4,목요일,2,외지인(b),140763.0,20240215
30200,유성구,4,목요일,3,외국인(c),1033.0,20240215
30230,대덕구,4,목요일,1,현지인(a),67529.0,20240215
30230,대덕구,4,목요일,2,외지인(b),59689.0,20240215
30230,대덕구,4,목요일,3,외국인(c),415.56000000000006,20240215
30110,동구,5,금요일,1,현지인(a),81686.5,20240216
30110,동구,5,금요일,2,외지인(b),114632.0,20240216
30110,동구,5,금요일,3,외국인(c),568.62,20240216
30140,중구,5,금요일,1,현지인(a),106204.0,20240216
30140,중구,5,금요일,2,외지인(b),121219.0,20240216
30140,중구,5,금요일,3,외국인(c),323.15999999999997,20240216
30170,서구,5,금요일,1,현지인(a),267939.0,20240216
30170,서구,5,금요일,2,외지인(b),172539.5,20240216
30170,서구,5,금요일,3,외국인(c),735.45,20240216
30200,유성구,5,금요일,1,현지인(a),241391.5,20240216
30200,유성구,5,금요일,2,외지인(b),173127.5,20240216
30200,유성구,5,금요일,3,외국인(c),1037.4699999999998,20240216
30230,대덕구,5,금요일,1,현지인(a),70392.0,20240216
30230,대덕구,5,금요일,2,외지인(b),71249.5,20240216
30230,대덕구,5,금요일,3,외국인(c),427.30999999999995,20240216
30110,동구,6,토요일,1,현지인(a),76377.0,20240217
30110,동구,6,토요일,2,외지인(b),142114.0,20240217
30110,동구,6,토요일,3,외국인(c),648.4400000000002,20240217
30140,중구,6,토요일,1,현지인(a),98945.0,20240217
30140,중구,6,토요일,2,외지인(b),157675.0,20240217
30140,중구,6,토요일,3,외국인(c),388.5799999999999,20240217
30170,서구,6,토요일,1,현지인(a),248916.5,20240217
30170,서구,6,토요일,2,외지인(b),221683.0,20240217
30170,서구,6,토요일,3,외국인(c),672.1200000000001,20240217
30200,유성구,6,토요일,1,현지인(a),215390.0,20240217
30200,유성구,6,토요일,2,외지인(b),217700.0,20240217
30200,유성구,6,토요일,3,외국인(c),958.4399999999998,20240217
30230,대덕구,6,토요일,1,현지인(a),64445.5,20240217
30230,대덕구,6,토요일,2,외지인(b),88490.5,20240217
30230,대덕구,6,토요일,3,외국인(c),293.7099999999999,20240217
30110,동구,7,일요일,1,현지인(a),72033.5,20240218
30110,동구,7,일요일,2,외지인(b),115258.5,20240218
30110,동구,7,일요일,3,외국인(c),493.29999999999995,20240218
30140,중구,7,일요일,1,현지인(a),92235.5,20240218
30140,중구,7,일요일,2,외지인(b),124057.5,20240218
30140,중구,7,일요일,3,외국인(c),269.72,20240218
30170,서구,7,일요일,1,현지인(a),233341.5,20240218
30170,서구,7,일요일,2,외지인(b),167538.0,20240218
30170,서구,7,일요일,3,외국인(c),634.52,20240218
30200,유성구,7,일요일,1,현지인(a),205429.0,20240218
30200,유성구,7,일요일,2,외지인(b),171332.0,20240218
30200,유성구,7,일요일,3,외국인(c),841.8299999999999,20240218
30230,대덕구,7,일요일,1,현지인(a),59920.0,20240218
30230,대덕구,7,일요일,2,외지인(b),68915.0,20240218
30230,대덕구,7,일요일,3,외국인(c),303.59999999999997,20240218
30110,동구,1,월요일,1,현지인(a),78155.0,20240219
30110,동구,1,월요일,2,외지인(b),90412.0,20240219
30110,동구,1,월요일,3,외국인(c),479.41999999999996,20240219
30140,중구,1,월요일,1,현지인(a),101384.5,20240219
30140,중구,1,월요일,2,외지인(b),100198.0,20240219
30140,중구,1,월요일,3,외국인(c),278.33,20240219
30170,서구,1,월요일,1,현지인(a),257834.5,20240219
30170,서구,1,월요일,2,외지인(b),146933.5,20240219
30170,서구,1,월요일,3,외국인(c),709.4999999999998,20240219
30200,유성구,1,월요일,1,현지인(a),232256.5,20240219
30200,유성구,1,월요일,2,외지인(b),133959.0,20240219
30200,유성구,1,월요일,3,외국인(c),991.6399999999998,20240219
30230,대덕구,1,월요일,1,현지인(a),67616.5,20240219
30230,대덕구,1,월요일,2,외지인(b),59031.0,20240219
30230,대덕구,1,월요일,3,외국인(c),377.40000000000003,20240219
30110,동구,2,화요일,1,현지인(a),78270.5,20240220
30110,동구,2,화요일,2,외지인(b),92351.0,20240220
30110,동구,2,화요일,3,외국인(c),564.7599999999999,20240220
30140,중구,2,화요일,1,현지인(a),101293.5,20240220
30140,중구,2,화요일,2,외지인(b),101573.5,20240220
30140,중구,2,화요일,3,외국인(c),312.31999999999994,20240220
30170,서구,2,화요일,1,현지인(a),258688.5,20240220
30170,서구,2,화요일,2,외지인(b),150335.5,20240220
30170,서구,2,화요일,3,외국인(c),787.3000000000001,20240220
30200,유성구,2,화요일,1,현지인(a),233145.5,20240220
30200,유성구,2,화요일,2,외지인(b),143097.5,20240220
30200,유성구,2,화요일,3,외국인(c),1202.73,20240220
30230,대덕구,2,화요일,1,현지인(a),67739.0,20240220
30230,대덕구,2,화요일,2,외지인(b),61579.0,20240220
30230,대덕구,2,화요일,3,외국인(c),524.9799999999999,20240220
30110,동구,3,수요일,1,현지인(a),77749.0,20240221
30110,동구,3,수요일,2,외지인(b),89890.5,20240221
30110,동구,3,수요일,3,외국인(c),524.1400000000001,20240221
30140,중구,3,수요일,1,현지인(a),100922.5,20240221
30140,중구,3,수요일,2,외지인(b),100303.0,20240221
30140,중구,3,수요일,3,외국인(c),355.75999999999993,20240221
30170,서구,3,수요일,1,현지인(a),259101.5,20240221
30170,서구,3,수요일,2,외지인(b),151949.0,20240221
30170,서구,3,수요일,3,외국인(c),680.5300000000001,20240221
30200,유성구,3,수요일,1,현지인(a),233334.5,20240221
30200,유성구,3,수요일,2,외지인(b),143367.0,20240221
30200,유성구,3,수요일,3,외국인(c),1213.33,20240221
30230,대덕구,3,수요일,1,현지인(a),67571.0,20240221
30230,대덕구,3,수요일,2,외지인(b),59423.0,20240221
30230,대덕구,3,수요일,3,외국인(c),444.03,20240221
30110,동구,4,목요일,1,현지인(a),78536.5,20240222
30110,동구,4,목요일,2,외지인(b),99218.0,20240222
30110,동구,4,목요일,3,외국인(c),634.8099999999998,20240222
30140,중구,4,목요일,1,현지인(a),102592.0,20240222
30140,중구,4,목요일,2,외지인(b),107884.0,20240222
30140,중구,4,목요일,3,외국인(c),292.71999999999997,20240222
30170,서구,4,목요일,1,현지인(a),260501.5,20240222
30170,서구,4,목요일,2,외지인(b),161147.0,20240222
30170,서구,4,목요일,3,외국인(c),778.5500000000001,20240222
30200,유성구,4,목요일,1,현지인(a),233583.0,20240222
30200,유성구,4,목요일,2,외지인(b),150850.0,20240222
30200,유성구,4,목요일,3,외국인(c),1236.25,20240222
30230,대덕구,4,목요일,1,현지인(a),67949.0,20240222
30230,대덕구,4,목요일,2,외지인(b),63042.0,20240222
30230,대덕구,4,목요일,3,외국인(c),431.37,20240222
30110,동구,5,금요일,1,현지인(a),80605.0,20240223
30110,동구,5,금요일,2,외지인(b),116641.0,20240223
30110,동구,5,금요일,3,외국인(c),564.8999999999999,20240223
30140,중구,5,금요일,1,현지인(a),104916.0,20240223
30140,중구,5,금요일,2,외지인(b),122297.0,20240223
30140,중구,5,금요일,3,외국인(c),291.23,20240223
30170,서구,5,금요일,1,현지인(a),266140.0,20240223
30170,서구,5,금요일,2,외지인(b),182080.5,20240223
30170,서구,5,금요일,3,외국인(c),689.5500000000002,20240223
30200,유성구,5,금요일,1,현지인(a),238686.0,20240223
30200,유성구,5,금요일,2,외지인(b),174566.0,20240223
30200,유성구,5,금요일,3,외국인(c),1097.2699999999995,20240223
30230,대덕구,5,금요일,1,현지인(a),69289.5,20240223
30230,대덕구,5,금요일,2,외지인(b),72138.5,20240223
30230,대덕구,5,금요일,3,외국인(c),383.08,20240223
30110,동구,6,토요일,1,현지인(a),74795.0,20240224
30110,동구,6,토요일,2,외지인(b),150076.5,20240224
30110,동구,6,토요일,3,외국인(c),607.8199999999999,20240224
30140,중구,6,토요일,1,현지인(a),97352.5,20240224
30140,중구,6,토요일,2,외지인(b),163548.0,20240224
30140,중구,6,토요일,3,외국인(c),336.61000000000007,20240224
30170,서구,6,토요일,1,현지인(a),245647.5,20240224
30170,서구,6,토요일,2,외지인(b),237608.0,20240224
30170,서구,6,토요일,3,외국인(c),720.4699999999998,20240224
30200,유성구,6,토요일,1,현지인(a),210483.0,20240224
30200,유성구,6,토요일,2,외지인(b),218435.0,20240224
30200,유성구,6,토요일,3,외국인(c),1088.1799999999998,20240224
30230,대덕구,6,토요일,1,현지인(a),63101.5,20240224
30230,대덕구,6,토요일,2,외지인(b),86135.0,20240224
30230,대덕구,6,토요일,3,외국인(c),325.79999999999995,20240224
30110,동구,7,일요일,1,현지인(a),71991.5,20240225
30110,동구,7,일요일,2,외지인(b),123697.0,20240225
30110,동구,7,일요일,3,외국인(c),579.6499999999999,20240225
30140,중구,7,일요일,1,현지인(a),92008.0,20240225
30140,중구,7,일요일,2,외지인(b),132713.0,20240225
30140,중구,7,일요일,3,외국인(c),297.58,20240225
30170,서구,7,일요일,1,현지인(a),233621.5,20240225
30170,서구,7,일요일,2,외지인(b),188965.0,20240225
30170,서구,7,일요일,3,외국인(c),690.7800000000001,20240225
30200,유성구,7,일요일,1,현지인(a),202895.0,20240225
30200,유성구,7,일요일,2,외지인(b),175322.0,20240225
30200,유성구,7,일요일,3,외국인(c),1051.12,20240225
30230,대덕구,7,일요일,1,현지인(a),59489.5,20240225
30230,대덕구,7,일요일,2,외지인(b),73552.5,20240225
30230,대덕구,7,일요일,3,외국인(c),272.22999999999996,20240225
30110,동구,1,월요일,1,현지인(a),79737.0,20240226
30110,동구,1,월요일,2,외지인(b),99795.5,20240226
30110,동구,1,월요일,3,외국인(c),618.1299999999999,20240226
30140,중구,1,월요일,1,현지인(a),102557.0,20240226
30140,중구,1,월요일,2,외지인(b),109984.0,20240226
30140,중구,1,월요일,3,외국인(c),312.97,20240226
30170,서구,1,월요일,1,현지인(a),260655.5,20240226
30170,서구,1,월요일,2,외지인(b),163737.0,20240226
30170,서구,1,월요일,3,외국인(c),729.47,20240226
30200,유성구,1,월요일,1,현지인(a),234101.0,20240226
30200,유성구,1,월요일,2,외지인(b),152393.5,20240226
30200,유성구,1,월요일,3,외국인(c),1251.75,20240226
30230,대덕구,1,월요일,1,현지인(a),68397.0,20240226
30230,대덕구,1,월요일,2,외지인(b),64837.5,20240226
30230,대덕구,1,월요일,3,외국인(c),349.3399999999999,20240226
30110,동구,2,화요일,1,현지인(a),78778.0,20240227
30110,동구,2,화요일,2,외지인(b),103950.0,20240227
30110,동구,2,화요일,3,외국인(c),633.2399999999998,20240227
30140,중구,2,화요일,1,현지인(a),102294.5,20240227
30140,중구,2,화요일,2,외지인(b),114261.0,20240227
30140,중구,2,화요일,3,외국인(c),351.65000000000003,20240227
30170,서구,2,화요일,1,현지인(a),261352.0,20240227
30170,서구,2,화요일,2,외지인(b),169186.5,20240227
30170,서구,2,화요일,3,외국인(c),791.05,20240227
30200,유성구,2,화요일,1,현지인(a),235875.5,20240227
30200,유성구,2,화요일,2,외지인(b),161885.5,20240227
30200,유성구,2,화요일,3,외국인(c),1323.9699999999998,20240227
30230,대덕구,2,화요일,1,현지인(a),68617.5,20240227
30230,대덕구,2,화요일,2,외지인(b),66465.0,20240227
30230,대덕구,2,화요일,3,외국인(c),419.5299999999999,20240227
30110,동구,3,수요일,1,현지인(a),78988.0,20240228
30110,동구,3,수요일,2,외지인(b),107366.0,20240228
30110,동구,3,수요일,3,외국인(c),762.4099999999999,20240228
30140,중구,3,수요일,1,현지인(a),102630.5,20240228
30140,중구,3,수요일,2,외지인(b),117474.0,20240228
30140,중구,3,수요일,3,외국인(c),389.83000000000004,20240228
30170,서구,3,수요일,1,현지인(a),263487.0,20240228
30170,서구,3,수요일,2,외지인(b),175588.0,20240228
30170,서구,3,수요일,3,외국인(c),722.2399999999999,20240228
30200,유성구,3,수요일,1,현지인(a),236439.0,20240228
30200,유성구,3,수요일,2,외지인(b),166250.0,20240228
30200,유성구,3,수요일,3,외국인(c),1400.1300000000003,20240228
30230,대덕구,3,수요일,1,현지인(a),68929.0,20240228
30230,대덕구,3,수요일,2,외지인(b),68061.0,20240228
30230,대덕구,3,수요일,3,외국인(c),564.7399999999999,20240228
30110,동구,4,목요일,1,현지인(a),80580.5,20240229
30110,동구,4,목요일,2,외지인(b),120169.0,20240229
30110,동구,4,목요일,3,외국인(c),719.21,20240229
30140,중구,4,목요일,1,현지인(a),104268.5,20240229
30140,중구,4,목요일,2,외지인(b),124369.0,20240229
30140,중구,4,목요일,3,외국인(c),324.12,20240229
30170,서구,4,목요일,1,현지인(a),263182.5,20240229
30170,서구,4,목요일,2,외지인(b),185983.0,20240229
30170,서구,4,목요일,3,외국인(c),649.8800000000001,20240229
30200,유성구,4,목요일,1,현지인(a),235501.0,20240229
30200,유성구,4,목요일,2,외지인(b),176554.0,20240229
30200,유성구,4,목요일,3,외국인(c),1325.3700000000003,20240229
30230,대덕구,4,목요일,1,현지인(a),69629.0,20240229
30230,대덕구,4,목요일,2,외지인(b),72670.5,20240229
30230,대덕구,4,목요일,3,외국인(c),360.39,20240229
30110,동구,5,금요일,1,현지인(a),75358.5,20240301
30110,동구,5,금요일,2,외지인(b),130004.0,20240301
30110,동구,5,금요일,3,외국인(c),782.5299999999999,20240301
30140,중구,5,금요일,1,현지인(a),96243.0,20240301
30140,중구,5,금요일,2,외지인(b),141855.0,20240301
30140,중구,5,금요일,3,외국인(c),355.18000000000006,20240301
30170,서구,5,금요일,1,현지인(a),238059.5,20240301
30170,서구,5,금요일,2,외지인(b),194628.0,20240301
30170,서구,5,금요일,3,외국인(c),651.1299999999999,20240301
30200,유성구,5,금요일,1,현지인(a),209338.5,20240301
30200,유성구,5,금요일,2,외지인(b),197981.0,20240301
30200,유성구,5,금요일,3,외국인(c),1067.7900000000002,20240301
30230,대덕구,5,금요일,1,현지인(a),62594.0,20240301
30230,대덕구,5,금요일,2,외지인(b),76237.0,20240301
30230,대덕구,5,금요일,3,외국인(c),333.74,20240301
30110,동구,6,토요일,1,현지인(a),75120.5,20240302
30110,동구,6,토요일,2,외지인(b),133780.5,20240302
30110,동구,6,토요일,3,외국인(c),747.67,20240302
30140,중구,6,토요일,1,현지인(a),96460.0,20240302
30140,중구,6,토요일,2,외지인(b),149177.0,20240302
30140,중구,6,토요일,3,외국인(c),307.09999999999997,20240302
30170,서구,6,토요일,1,현지인(a),241206.0,20240302
30170,서구,6,토요일,2,외지인(b),213601.5,20240302
30170,서구,6,토요일,3,외국인(c),646.9599999999999,20240302
30200,유성구,6,토요일,1,현지인(a),207651.5,20240302
30200,유성구,6,토요일,2,외지인(b),210661.5,20240302
30200,유성구,6,토요일,3,외국인(c),1026.8,20240302
30230,대덕구,6,토요일,1,현지인(a),62905.5,20240302
30230,대덕구,6,토요일,2,외지인(b),80902.5,20240302
30230,대덕구,6,토요일,3,외국인(c),314.9800000000001,20240302
30110,동구,7,일요일,1,현지인(a),75197.5,20240303
30110,동구,7,일요일,2,외지인(b),120809.5,20240303
30110,동구,7,일요일,3,외국인(c),738.73,20240303
30140,중구,7,일요일,1,현지인(a),96593.0,20240303
30140,중구,7,일요일,2,외지인(b),122507.0,20240303
30140,중구,7,일요일,3,외국인(c),323.09000000000015,20240303
30170,서구,7,일요일,1,현지인(a),240709.0,20240303
30170,서구,7,일요일,2,외지인(b),173302.5,20240303
30170,서구,7,일요일,3,외국인(c),684.1199999999999,20240303
30200,유성구,7,일요일,1,현지인(a),213360.0,20240303
30200,유성구,7,일요일,2,외지인(b),178160.5,20240303
30200,유성구,7,일요일,3,외국인(c),1113.24,20240303
30230,대덕구,7,일요일,1,현지인(a),62415.5,20240303
30230,대덕구,7,일요일,2,외지인(b),67441.5,20240303
30230,대덕구,7,일요일,3,외국인(c),274.78,20240303
30110,동구,1,월요일,1,현지인(a),85092.0,20240304
30110,동구,1,월요일,2,외지인(b),103208.0,20240304
30110,동구,1,월요일,3,외국인(c),698.98,20240304
30140,중구,1,월요일,1,현지인(a),107758.0,20240304
30140,중구,1,월요일,2,외지인(b),98441.0,20240304
30140,중구,1,월요일,3,외국인(c),299.25,20240304
30170,서구,1,월요일,1,현지인(a),274046.5,20240304
30170,서구,1,월요일,2,외지인(b),153492.5,20240304
30170,서구,1,월요일,3,외국인(c),646.5699999999999,20240304
30200,유성구,1,월요일,1,현지인(a),250407.5,20240304
30200,유성구,1,월요일,2,외지인(b),154934.5,20240304
30200,유성구,1,월요일,3,외국인(c),1331.77,20240304
30230,대덕구,1,월요일,1,현지인(a),72677.5,20240304
30230,대덕구,1,월요일,2,외지인(b),66335.5,20240304
30230,대덕구,1,월요일,3,외국인(c),318.71000000000004,20240304
30110,동구,2,화요일,1,현지인(a),82540.5,20240305
30110,동구,2,화요일,2,외지인(b),99239.0,20240305
30110,동구,2,화요일,3,외국인(c),728.4699999999999,20240305
30140,중구,2,화요일,1,현지인(a),105259.0,20240305
30140,중구,2,화요일,2,외지인(b),95844.0,20240305
30140,중구,2,화요일,3,외국인(c),256.5,20240305
30170,서구,2,화요일,1,현지인(a),267893.5,20240305
30170,서구,2,화요일,2,외지인(b),150832.5,20240305
30170,서구,2,화요일,3,외국인(c),653.28,20240305
30200,유성구,2,화요일,1,현지인(a),248584.0,20240305
30200,유성구,2,화요일,2,외지인(b),152572.0,20240305
30200,유성구,2,화요일,3,외국인(c),1197.71,20240305
30230,대덕구,2,화요일,1,현지인(a),71428.0,20240305
30230,대덕구,2,화요일,2,외지인(b),66181.5,20240305
30230,대덕구,2,화요일,3,외국인(c),362.3,20240305
30110,동구,3,수요일,1,현지인(a),85025.5,20240306
30110,동구,3,수요일,2,외지인(b),104366.5,20240306
30110,동구,3,수요일,3,외국인(c),696.26,20240306
30140,중구,3,수요일,1,현지인(a),107618.0,20240306
30140,중구,3,수요일,2,외지인(b),101237.5,20240306
30140,중구,3,수요일,3,외국인(c),240.20999999999998,20240306
30170,서구,3,수요일,1,현지인(a),275145.5,20240306
30170,서구,3,수요일,2,외지인(b),160321.0,20240306
30170,서구,3,수요일,3,외국인(c),647.0599999999998,20240306
30200,유성구,3,수요일,1,현지인(a),253333.5,20240306
30200,유성구,3,수요일,2,외지인(b),160884.5,20240306
30200,유성구,3,수요일,3,외국인(c),1258.1900000000005,20240306
30230,대덕구,3,수요일,1,현지인(a),73174.5,20240306
30230,대덕구,3,수요일,2,외지인(b),70465.5,20240306
30230,대덕구,3,수요일,3,외국인(c),366.85000000000014,20240306
30110,동구,4,목요일,1,현지인(a),83804.0,20240307
30110,동구,4,목요일,2,외지인(b),108062.5,20240307
30110,동구,4,목요일,3,외국인(c),718.7599999999999,20240307
30140,중구,4,목요일,1,현지인(a),106799.0,20240307
30140,중구,4,목요일,2,외지인(b),103876.5,20240307
30140,중구,4,목요일,3,외국인(c),372.5800000000001,20240307
30170,서구,4,목요일,1,현지인(a),271582.5,20240307
30170,서구,4,목요일,2,외지인(b),158669.0,20240307
30170,서구,4,목요일,3,외국인(c),651.8300000000002,20240307
30200,유성구,4,목요일,1,현지인(a),250176.5,20240307
30200,유성구,4,목요일,2,외지인(b),163628.5,20240307
30200,유성구,4,목요일,3,외국인(c),1219.72,20240307
30230,대덕구,4,목요일,1,현지인(a),71984.5,20240307
30230,대덕구,4,목요일,2,외지인(b),70273.0,20240307
30230,대덕구,4,목요일,3,외국인(c),322.57000000000005,20240307
30110,동구,5,금요일,1,현지인(a),84906.5,20240308
30110,동구,5,금요일,2,외지인(b),121877.0,20240308
30110,동구,5,금요일,3,외국인(c),849.1100000000001,20240308
30140,중구,5,금요일,1,현지인(a),108538.5,20240308
30140,중구,5,금요일,2,외지인(b),117229.0,20240308
30140,중구,5,금요일,3,외국인(c),338.68999999999994,20240308
30170,서구,5,금요일,1,현지인(a),276164.0,20240308
30170,서구,5,금요일,2,외지인(b),180050.5,20240308
30170,서구,5,금요일,3,외국인(c),699.6799999999998,20240308
30200,유성구,5,금요일,1,현지인(a),251846.0,20240308
30200,유성구,5,금요일,2,외지인(b),173967.5,20240308
30200,유성구,5,금요일,3,외국인(c),1277.6900000000005,20240308
30230,대덕구,5,금요일,1,현지인(a),73500.0,20240308
30230,대덕구,5,금요일,2,외지인(b),74585.0,20240308
30230,대덕구,5,금요일,3,외국인(c),375.7199999999999,20240308
30110,동구,6,토요일,1,현지인(a),78666.0,20240309
30110,동구,6,토요일,2,외지인(b),145946.5,20240309
30110,동구,6,토요일,3,외국인(c),849.09,20240309
30140,중구,6,토요일,1,현지인(a),101213.0,20240309
30140,중구,6,토요일,2,외지인(b),169396.5,20240309
30140,중구,6,토요일,3,외국인(c),381.63,20240309
30170,서구,6,토요일,1,현지인(a),253641.5,20240309
30170,서구,6,토요일,2,외지인(b),230044.5,20240309
30170,서구,6,토요일,3,외국인(c),691.5200000000001,20240309
30200,유성구,6,토요일,1,현지인(a),222586.0,20240309
30200,유성구,6,토요일,2,외지인(b),217178.5,20240309
30200,유성구,6,토요일,3,외국인(c),1232.1399999999996,20240309
30230,대덕구,6,토요일,1,현지인(a),66314.5,20240309
30230,대덕구,6,토요일,2,외지인(b),86614.5,20240309
30230,대덕구,6,토요일,3,외국인(c),339.2400000000001,20240309
30110,동구,7,일요일,1,현지인(a),75512.5,20240310
30110,동구,7,일요일,2,외지인(b),130616.5,20240310
30110,동구,7,일요일,3,외국인(c),843.4199999999997,20240310
30140,중구,7,일요일,1,현지인(a),97282.5,20240310
30140,중구,7,일요일,2,외지인(b),136220.0,20240310
30140,중구,7,일요일,3,외국인(c),326.46,20240310
30170,서구,7,일요일,1,현지인(a),243309.5,20240310
30170,서구,7,일요일,2,외지인(b),183711.5,20240310
30170,서구,7,일요일,3,외국인(c),560.4399999999999,20240310
30200,유성구,7,일요일,1,현지인(a),216681.5,20240310
30200,유성구,7,일요일,2,외지인(b),175840.0,20240310
30200,유성구,7,일요일,3,외국인(c),1121.74,20240310
30230,대덕구,7,일요일,1,현지인(a),63276.5,20240310
30230,대덕구,7,일요일,2,외지인(b),73790.5,20240310
30230,대덕구,7,일요일,3,외국인(c),301.34999999999997,20240310
30110,동구,1,월요일,1,현지인(a),84143.5,20240311
30110,동구,1,월요일,2,외지인(b),105392.0,20240311
30110,동구,1,월요일,3,외국인(c),785.9200000000001,20240311
30140,중구,1,월요일,1,현지인(a),106253.0,20240311
30140,중구,1,월요일,2,외지인(b),104160.0,20240311
30140,중구,1,월요일,3,외국인(c),333.6,20240311
30170,서구,1,월요일,1,현지인(a),270963.0,20240311
30170,서구,1,월요일,2,외지인(b),160944.0,20240311
30170,서구,1,월요일,3,외국인(c),594.02,20240311
30200,유성구,1,월요일,1,현지인(a),249847.5,20240311
30200,유성구,1,월요일,2,외지인(b),159012.0,20240311
30200,유성구,1,월요일,3,외국인(c),1241.28,20240311
30230,대덕구,1,월요일,1,현지인(a),72271.5,20240311
30230,대덕구,1,월요일,2,외지인(b),70598.5,20240311
30230,대덕구,1,월요일,3,외국인(c),345.5300000000001,20240311
30110,동구,2,화요일,1,현지인(a),83433.0,20240312
30110,동구,2,화요일,2,외지인(b),105014.0,20240312
30110,동구,2,화요일,3,외국인(c),828.7500000000002,20240312
30140,중구,2,화요일,1,현지인(a),105857.5,20240312
30140,중구,2,화요일,2,외지인(b),103897.5,20240312
30140,중구,2,화요일,3,외국인(c),327.2000000000001,20240312
30170,서구,2,화요일,1,현지인(a),269321.5,20240312
30170,서구,2,화요일,2,외지인(b),163072.0,20240312
30170,서구,2,화요일,3,외국인(c),684.7400000000001,20240312
30200,유성구,2,화요일,1,현지인(a),248780.0,20240312
30200,유성구,2,화요일,2,외지인(b),161969.5,20240312
30200,유성구,2,화요일,3,외국인(c),1292.3300000000006,20240312
30230,대덕구,2,화요일,1,현지인(a),71963.5,20240312
30230,대덕구,2,화요일,2,외지인(b),69909.0,20240312
30230,대덕구,2,화요일,3,외국인(c),376.79,20240312
30110,동구,3,수요일,1,현지인(a),85361.5,20240313
30110,동구,3,수요일,2,외지인(b),111104.0,20240313
30110,동구,3,수요일,3,외국인(c),851.6399999999998,20240313
30140,중구,3,수요일,1,현지인(a),107653.0,20240313
30140,중구,3,수요일,2,외지인(b),108412.5,20240313
30140,중구,3,수요일,3,외국인(c),289.35,20240313
30170,서구,3,수요일,1,현지인(a),275138.5,20240313
30170,서구,3,수요일,2,외지인(b),172000.5,20240313
30170,서구,3,수요일,3,외국인(c),658.9699999999999,20240313
30200,유성구,3,수요일,1,현지인(a),251811.0,20240313
30200,유성구,3,수요일,2,외지인(b),173005.0,20240313
30200,유성구,3,수요일,3,외국인(c),1342.0200000000002,20240313
30230,대덕구,3,수요일,1,현지인(a),73801.0,20240313
30230,대덕구,3,수요일,2,외지인(b),74931.5,20240313
30230,대덕구,3,수요일,3,외국인(c),407.80999999999995,20240313
30110,동구,4,목요일,1,현지인(a),84805.0,20240314
30110,동구,4,목요일,2,외지인(b),115892.0,20240314
30110,동구,4,목요일,3,외국인(c),909.97,20240314
30140,중구,4,목요일,1,현지인(a),107702.0,20240314
30140,중구,4,목요일,2,외지인(b),113225.0,20240314
30140,중구,4,목요일,3,외국인(c),349.2099999999999,20240314
30170,서구,4,목요일,1,현지인(a),273710.5,20240314
30170,서구,4,목요일,2,외지인(b),175332.5,20240314
30170,서구,4,목요일,3,외국인(c),763.06,20240314
30200,유성구,4,목요일,1,현지인(a),253543.5,20240314
30200,유성구,4,목요일,2,외지인(b),177243.5,20240314
30200,유성구,4,목요일,3,외국인(c),1324.5700000000002,20240314
30230,대덕구,4,목요일,1,현지인(a),72891.0,20240314
30230,대덕구,4,목요일,2,외지인(b),73871.0,20240314
30230,대덕구,4,목요일,3,외국인(c),385.8899999999999,20240314
30110,동구,5,금요일,1,현지인(a),85757.0,20240315
30110,동구,5,금요일,2,외지인(b),129423.0,20240315
30110,동구,5,금요일,3,외국인(c),1001.7400000000001,20240315
30140,중구,5,금요일,1,현지인(a),109826.5,20240315
30140,중구,5,금요일,2,외지인(b),127631.0,20240315
30140,중구,5,금요일,3,외국인(c),406.63,20240315
30170,서구,5,금요일,1,현지인(a),278869.5,20240315
30170,서구,5,금요일,2,외지인(b),190256.5,20240315
30170,서구,5,금요일,3,외국인(c),764.2500000000002,20240315
30200,유성구,5,금요일,1,현지인(a),254079.0,20240315
30200,유성구,5,금요일,2,외지인(b),186536.0,20240315
30200,유성구,5,금요일,3,외국인(c),1196.2200000000005,20240315
30230,대덕구,5,금요일,1,현지인(a),73993.5,20240315
30230,대덕구,5,금요일,2,외지인(b),79212.0,20240315
30230,대덕구,5,금요일,3,외국인(c),427.15999999999997,20240315
30110,동구,6,토요일,1,현지인(a),78232.0,20240316
30110,동구,6,토요일,2,외지인(b),151014.5,20240316
30110,동구,6,토요일,3,외국인(c),979.7399999999999,20240316
30140,중구,6,토요일,1,현지인(a),100579.5,20240316
30140,중구,6,토요일,2,외지인(b),166285.0,20240316
30140,중구,6,토요일,3,외국인(c),388.9399999999999,20240316
30170,서구,6,토요일,1,현지인(a),253393.0,20240316
30170,서구,6,토요일,2,외지인(b),237674.5,20240316
30170,서구,6,토요일,3,외국인(c),715.6999999999999,20240316
30200,유성구,6,토요일,1,현지인(a),222603.5,20240316
30200,유성구,6,토요일,2,외지인(b),237531.0,20240316
30200,유성구,6,토요일,3,외국인(c),1063.7700000000002,20240316
30230,대덕구,6,토요일,1,현지인(a),66948.0,20240316
30230,대덕구,6,토요일,2,외지인(b),92778.0,20240316
30230,대덕구,6,토요일,3,외국인(c),384.49,20240316
30110,동구,7,일요일,1,현지인(a),75785.5,20240317
30110,동구,7,일요일,2,외지인(b),133098.0,20240317
30110,동구,7,일요일,3,외국인(c),877.7900000000001,20240317
30140,중구,7,일요일,1,현지인(a),97545.0,20240317
30140,중구,7,일요일,2,외지인(b),134596.0,20240317
30140,중구,7,일요일,3,외국인(c),319.0499999999999,20240317
30170,서구,7,일요일,1,현지인(a),242714.5,20240317
30170,서구,7,일요일,2,외지인(b),192139.5,20240317
30170,서구,7,일요일,3,외국인(c),677.77,20240317
30200,유성구,7,일요일,1,현지인(a),215981.5,20240317
30200,유성구,7,일요일,2,외지인(b),187271.0,20240317
30200,유성구,7,일요일,3,외국인(c),1093.23,20240317
30230,대덕구,7,일요일,1,현지인(a),63710.5,20240317
30230,대덕구,7,일요일,2,외지인(b),77577.5,20240317
30230,대덕구,7,일요일,3,외국인(c),346.7599999999999,20240317
30110,동구,1,월요일,1,현지인(a),85011.5,20240318
30110,동구,1,월요일,2,외지인(b),112665.0,20240318
30110,동구,1,월요일,3,외국인(c),886.87,20240318
30140,중구,1,월요일,1,현지인(a),106900.5,20240318
30140,중구,1,월요일,2,외지인(b),108346.0,20240318
30140,중구,1,월요일,3,외국인(c),342.5,20240318
30170,서구,1,월요일,1,현지인(a),271652.5,20240318
30170,서구,1,월요일,2,외지인(b),170716.0,20240318
30170,서구,1,월요일,3,외국인(c),671.99,20240318
30200,유성구,1,월요일,1,현지인(a),249798.5,20240318
30200,유성구,1,월요일,2,외지인(b),172333.0,20240318
30200,유성구,1,월요일,3,외국인(c),1236.3599999999997,20240318
30230,대덕구,1,월요일,1,현지인(a),72842.0,20240318
30230,대덕구,1,월요일,2,외지인(b),76881.0,20240318
30230,대덕구,1,월요일,3,외국인(c),422.19000000000005,20240318
30110,동구,2,화요일,1,현지인(a),82967.5,20240319
30110,동구,2,화요일,2,외지인(b),110673.5,20240319
30110,동구,2,화요일,3,외국인(c),901.8100000000001,20240319
30140,중구,2,화요일,1,현지인(a),105465.5,20240319
30140,중구,2,화요일,2,외지인(b),109312.0,20240319
30140,중구,2,화요일,3,외국인(c),365.19,20240319
30170,서구,2,화요일,1,현지인(a),268786.0,20240319
30170,서구,2,화요일,2,외지인(b),172147.5,20240319
30170,서구,2,화요일,3,외국인(c),773.04,20240319
30200,유성구,2,화요일,1,현지인(a),249931.5,20240319
30200,유성구,2,화요일,2,외지인(b),174216.0,20240319
30200,유성구,2,화요일,3,외국인(c),1387.66,20240319
30230,대덕구,2,화요일,1,현지인(a),72142.0,20240319
30230,대덕구,2,화요일,2,외지인(b),74718.0,20240319
30230,대덕구,2,화요일,3,외국인(c),418.3299999999999,20240319
30110,동구,3,수요일,1,현지인(a),84392.0,20240320
30110,동구,3,수요일,2,외지인(b),112791.0,20240320
30110,동구,3,수요일,3,외국인(c),920.1099999999999,20240320
30140,중구,3,수요일,1,현지인(a),107513.0,20240320
30140,중구,3,수요일,2,외지인(b),109942.0,20240320
30140,중구,3,수요일,3,외국인(c),362.5199999999999,20240320
30170,서구,3,수요일,1,현지인(a),273521.5,20240320
30170,서구,3,수요일,2,외지인(b),178622.5,20240320
30170,서구,3,수요일,3,외국인(c),758.39,20240320
30200,유성구,3,수요일,1,현지인(a),252035.0,20240320
30200,유성구,3,수요일,2,외지인(b),179669.0,20240320
30200,유성구,3,수요일,3,외국인(c),1500.9500000000003,20240320
30230,대덕구,3,수요일,1,현지인(a),72926.0,20240320
30230,대덕구,3,수요일,2,외지인(b),76233.5,20240320
30230,대덕구,3,수요일,3,외국인(c),500.2399999999999,20240320
30110,동구,4,목요일,1,현지인(a),84458.5,20240321
30110,동구,4,목요일,2,외지인(b),117120.5,20240321
30110,동구,4,목요일,3,외국인(c),980.19,20240321
30140,중구,4,목요일,1,현지인(a),107012.5,20240321
30140,중구,4,목요일,2,외지인(b),112357.0,20240321
30140,중구,4,목요일,3,외국인(c),349.68000000000006,20240321
30170,서구,4,목요일,1,현지인(a),271862.5,20240321
30170,서구,4,목요일,2,외지인(b),178017.0,20240321
30170,서구,4,목요일,3,외국인(c),787.1099999999998,20240321
30200,유성구,4,목요일,1,현지인(a),251783.0,20240321
30200,유성구,4,목요일,2,외지인(b),184380.0,20240321
30200,유성구,4,목요일,3,외국인(c),1547.9200000000003,20240321
30230,대덕구,4,목요일,1,현지인(a),72502.5,20240321
30230,대덕구,4,목요일,2,외지인(b),78043.0,20240321
30230,대덕구,4,목요일,3,외국인(c),468.58,20240321
30110,동구,5,금요일,1,현지인(a),84364.0,20240322
30110,동구,5,금요일,2,외지인(b),128047.5,20240322
30110,동구,5,금요일,3,외국인(c),984.12,20240322
30140,중구,5,금요일,1,현지인(a),108045.0,20240322
30140,중구,5,금요일,2,외지인(b),123340.0,20240322
30140,중구,5,금요일,3,외국인(c),410.9500000000001,20240322
30170,서구,5,금요일,1,현지인(a),274697.5,20240322
30170,서구,5,금요일,2,외지인(b),193795.0,20240322
30170,서구,5,금요일,3,외국인(c),836.9899999999999,20240322
30200,유성구,5,금요일,1,현지인(a),251062.0,20240322
30200,유성구,5,금요일,2,외지인(b),189742.0,20240322
30200,유성구,5,금요일,3,외국인(c),1417.71,20240322
30230,대덕구,5,금요일,1,현지인(a),73185.0,20240322
30230,대덕구,5,금요일,2,외지인(b),80290.0,20240322
30230,대덕구,5,금요일,3,외국인(c),436.82999999999987,20240322
30110,동구,6,토요일,1,현지인(a),78445.5,20240323
30110,동구,6,토요일,2,외지인(b),150724.0,20240323
30110,동구,6,토요일,3,외국인(c),1044.4099999999996,20240323
30140,중구,6,토요일,1,현지인(a),101475.5,20240323
30140,중구,6,토요일,2,외지인(b),167433.0,20240323
30140,중구,6,토요일,3,외국인(c),534.08,20240323
30170,서구,6,토요일,1,현지인(a),254166.5,20240323
30170,서구,6,토요일,2,외지인(b),243428.5,20240323
30170,서구,6,토요일,3,외국인(c),953.6499999999999,20240323
30200,유성구,6,토요일,1,현지인(a),222033.0,20240323
30200,유성구,6,토요일,2,외지인(b),227909.5,20240323
30200,유성구,6,토요일,3,외국인(c),1350.3600000000004,20240323
30230,대덕구,6,토요일,1,현지인(a),66472.0,20240323
30230,대덕구,6,토요일,2,외지인(b),95161.5,20240323
30230,대덕구,6,토요일,3,외국인(c),423.08,20240323
30110,동구,7,일요일,1,현지인(a),75176.5,20240324
30110,동구,7,일요일,2,외지인(b),133549.5,20240324
30110,동구,7,일요일,3,외국인(c),916.8899999999999,20240324
30140,중구,7,일요일,1,현지인(a),97041.0,20240324
30140,중구,7,일요일,2,외지인(b),137655.0,20240324
30140,중구,7,일요일,3,외국인(c),428.02000000000004,20240324
30170,서구,7,일요일,1,현지인(a),241965.5,20240324
30170,서구,7,일요일,2,외지인(b),192944.5,20240324
30170,서구,7,일요일,3,외국인(c),793.9500000000002,20240324
30200,유성구,7,일요일,1,현지인(a),215950.0,20240324
30200,유성구,7,일요일,2,외지인(b),194390.0,20240324
30200,유성구,7,일요일,3,외국인(c),1099.3699999999997,20240324
30230,대덕구,7,일요일,1,현지인(a),64130.5,20240324
30230,대덕구,7,일요일,2,외지인(b),79005.5,20240324
30230,대덕구,7,일요일,3,외국인(c),362.46,20240324
30110,동구,1,월요일,1,현지인(a),83373.5,20240325
30110,동구,1,월요일,2,외지인(b),109592.0,20240325
30110,동구,1,월요일,3,외국인(c),951.8299999999999,20240325
30140,중구,1,월요일,1,현지인(a),105647.5,20240325
30140,중구,1,월요일,2,외지인(b),105689.5,20240325
30140,중구,1,월요일,3,외국인(c),365.38999999999993,20240325
30170,서구,1,월요일,1,현지인(a),268215.5,20240325
30170,서구,1,월요일,2,외지인(b),167072.5,20240325
30170,서구,1,월요일,3,외국인(c),742.9300000000001,20240325
30200,유성구,1,월요일,1,현지인(a),246039.5,20240325
30200,유성구,1,월요일,2,외지인(b),167370.0,20240325
30200,유성구,1,월요일,3,외국인(c),1435.7699999999995,20240325
30230,대덕구,1,월요일,1,현지인(a),71939.0,20240325
30230,대덕구,1,월요일,2,외지인(b),73692.5,20240325
30230,대덕구,1,월요일,3,외국인(c),468.95,20240325
30110,동구,2,화요일,1,현지인(a),83475.0,20240326
30110,동구,2,화요일,2,외지인(b),112927.5,20240326
30110,동구,2,화요일,3,외국인(c),924.2899999999998,20240326
30140,중구,2,화요일,1,현지인(a),105931.0,20240326
30140,중구,2,화요일,2,외지인(b),109074.0,20240326
30140,중구,2,화요일,3,외국인(c),362.75999999999993,20240326
30170,서구,2,화요일,1,현지인(a),270329.5,20240326
30170,서구,2,화요일,2,외지인(b),175066.5,20240326
30170,서구,2,화요일,3,외국인(c),848.96,20240326
30200,유성구,2,화요일,1,현지인(a),249921.0,20240326
30200,유성구,2,화요일,2,외지인(b),174730.5,20240326
30200,유성구,2,화요일,3,외국인(c),1452.0299999999997,20240326
30230,대덕구,2,화요일,1,현지인(a),72576.0,20240326
30230,대덕구,2,화요일,2,외지인(b),76198.5,20240326
30230,대덕구,2,화요일,3,외국인(c),464.87,20240326
30110,동구,3,수요일,1,현지인(a),85015.0,20240327
30110,동구,3,수요일,2,외지인(b),119633.5,20240327
30110,동구,3,수요일,3,외국인(c),897.0799999999999,20240327
30140,중구,3,수요일,1,현지인(a),107523.5,20240327
30140,중구,3,수요일,2,외지인(b),114415.0,20240327
30140,중구,3,수요일,3,외국인(c),434.27000000000004,20240327
30170,서구,3,수요일,1,현지인(a),274491.0,20240327
30170,서구,3,수요일,2,외지인(b),183414.0,20240327
30170,서구,3,수요일,3,외국인(c),785.0199999999999,20240327
30200,유성구,3,수요일,1,현지인(a),251744.5,20240327
30200,유성구,3,수요일,2,외지인(b),182801.5,20240327
30200,유성구,3,수요일,3,외국인(c),1454.6899999999998,20240327
30230,대덕구,3,수요일,1,현지인(a),73682.0,20240327
30230,대덕구,3,수요일,2,외지인(b),80328.5,20240327
30230,대덕구,3,수요일,3,외국인(c),512.3000000000001,20240327
30110,동구,4,목요일,1,현지인(a),81595.5,20240328
30110,동구,4,목요일,2,외지인(b),113225.0,20240328
30110,동구,4,목요일,3,외국인(c),887.7199999999999,20240328
30140,중구,4,목요일,1,현지인(a),105017.5,20240328
30140,중구,4,목요일,2,외지인(b),110068.0,20240328
30140,중구,4,목요일,3,외국인(c),357.16,20240328
30170,서구,4,목요일,1,현지인(a),266311.5,20240328
30170,서구,4,목요일,2,외지인(b),173939.5,20240328
30170,서구,4,목요일,3,외국인(c),746.61,20240328
30200,유성구,4,목요일,1,현지인(a),246183.0,20240328
30200,유성구,4,목요일,2,외지인(b),174758.5,20240328
30200,유성구,4,목요일,3,외국인(c),1358.1,20240328
30230,대덕구,4,목요일,1,현지인(a),71522.5,20240328
30230,대덕구,4,목요일,2,외지인(b),76016.5,20240328
30230,대덕구,4,목요일,3,외국인(c),431.40999999999997,20240328
30110,동구,5,금요일,1,현지인(a),84514.5,20240329
30110,동구,5,금요일,2,외지인(b),133917.0,20240329
30110,동구,5,금요일,3,외국인(c),931.25,20240329
30140,중구,5,금요일,1,현지인(a),108790.5,20240329
30140,중구,5,금요일,2,외지인(b),137480.0,20240329
30140,중구,5,금요일,3,외국인(c),356.94,20240329
30170,서구,5,금요일,1,현지인(a),275250.5,20240329
30170,서구,5,금요일,2,외지인(b),193123.0,20240329
30170,서구,5,금요일,3,외국인(c),856.5599999999997,20240329
30200,유성구,5,금요일,1,현지인(a),250040.0,20240329
30200,유성구,5,금요일,2,외지인(b),192073.0,20240329
30200,유성구,5,금요일,3,외국인(c),1377.89,20240329
30230,대덕구,5,금요일,1,현지인(a),73367.0,20240329
30230,대덕구,5,금요일,2,외지인(b),83657.0,20240329
30230,대덕구,5,금요일,3,외국인(c),476.8199999999999,20240329
30110,동구,6,토요일,1,현지인(a),77581.0,20240330
30110,동구,6,토요일,2,외지인(b),162400.0,20240330
30110,동구,6,토요일,3,외국인(c),939.05,20240330
30140,중구,6,토요일,1,현지인(a),100257.5,20240330
30140,중구,6,토요일,2,외지인(b),173488.0,20240330
30140,중구,6,토요일,3,외국인(c),472.80999999999995,20240330
30170,서구,6,토요일,1,현지인(a),249368.0,20240330
30170,서구,6,토요일,2,외지인(b),237884.5,20240330
30170,서구,6,토요일,3,외국인(c),852.4499999999997,20240330
30200,유성구,6,토요일,1,현지인(a),217959.0,20240330
30200,유성구,6,토요일,2,외지인(b),232197.0,20240330
30200,유성구,6,토요일,3,외국인(c),1210.1599999999999,20240330
30230,대덕구,6,토요일,1,현지인(a),65978.5,20240330
30230,대덕구,6,토요일,2,외지인(b),97090.0,20240330
30230,대덕구,6,토요일,3,외국인(c),507.69999999999993,20240330
30110,동구,7,일요일,1,현지인(a),76146.0,20240331
30110,동구,7,일요일,2,외지인(b),154574.0,20240331
30110,동구,7,일요일,3,외국인(c),945.04,20240331
30140,중구,7,일요일,1,현지인(a),96999.0,20240331
30140,중구,7,일요일,2,외지인(b),157993.5,20240331
30140,중구,7,일요일,3,외국인(c),411.01,20240331
30170,서구,7,일요일,1,현지인(a),242354.0,20240331
30170,서구,7,일요일,2,외지인(b),204389.5,20240331
30170,서구,7,일요일,3,외국인(c),735.2400000000001,20240331
30200,유성구,7,일요일,1,현지인(a),217798.0,20240331
30200,유성구,7,일요일,2,외지인(b),214084.5,20240331
30200,유성구,7,일요일,3,외국인(c),1133.6299999999997,20240331
30230,대덕구,7,일요일,1,현지인(a),63665.0,20240331
30230,대덕구,7,일요일,2,외지인(b),86068.5,20240331
30230,대덕구,7,일요일,3,외국인(c),424.28999999999996,20240331
30110,동구,1,월요일,1,현지인(a),87398.5,20240401
30110,동구,1,월요일,2,외지인(b),85095.5,20240401
30110,동구,1,월요일,3,외국인(c),953.71,20240401
30140,중구,1,월요일,1,현지인(a),108027.5,20240401
30140,중구,1,월요일,2,외지인(b),89652.5,20240401
30140,중구,1,월요일,3,외국인(c),416.1300000000001,20240401
30170,서구,1,월요일,1,현지인(a),268187.5,20240401
30170,서구,1,월요일,2,외지인(b),125023.5,20240401
30170,서구,1,월요일,3,외국인(c),750.5600000000001,20240401
30200,유성구,1,월요일,1,현지인(a),248650.5,20240401
30200,유성구,1,월요일,2,외지인(b),126847.0,20240401
30200,유성구,1,월요일,3,외국인(c),1194.5799999999995,20240401
30230,대덕구,1,월요일,1,현지인(a),73024.0,20240401
30230,대덕구,1,월요일,2,외지인(b),57151.5,20240401
30230,대덕구,1,월요일,3,외국인(c),533.04,20240401
30110,동구,2,화요일,1,현지인(a),86628.5,20240402
30110,동구,2,화요일,2,외지인(b),87955.0,20240402
30110,동구,2,화요일,3,외국인(c),869.6400000000002,20240402
30140,중구,2,화요일,1,현지인(a),108955.0,20240402
30140,중구,2,화요일,2,외지인(b),99060.5,20240402
30140,중구,2,화요일,3,외국인(c),469.21999999999997,20240402
30170,서구,2,화요일,1,현지인(a),268873.5,20240402
30170,서구,2,화요일,2,외지인(b),129325.0,20240402
30170,서구,2,화요일,3,외국인(c),711.3600000000001,20240402
30200,유성구,2,화요일,1,현지인(a),251944.0,20240402
30200,유성구,2,화요일,2,외지인(b),144137.0,20240402
30200,유성구,2,화요일,3,외국인(c),1222.9399999999998,20240402
30230,대덕구,2,화요일,1,현지인(a),73080.0,20240402
30230,대덕구,2,화요일,2,외지인(b),60007.5,20240402
30230,대덕구,2,화요일,3,외국인(c),496.62000000000006,20240402
30110,동구,3,수요일,1,현지인(a),83345.5,20240403
30110,동구,3,수요일,2,외지인(b),78253.0,20240403
30110,동구,3,수요일,3,외국인(c),827.2600000000001,20240403
30140,중구,3,수요일,1,현지인(a),104797.0,20240403
30140,중구,3,수요일,2,외지인(b),86877.0,20240403
30140,중구,3,수요일,3,외국인(c),344.8800000000001,20240403
30170,서구,3,수요일,1,현지인(a),260659.0,20240403
30170,서구,3,수요일,2,외지인(b),125307.0,20240403
30170,서구,3,수요일,3,외국인(c),705.2800000000001,20240403
30200,유성구,3,수요일,1,현지인(a),243229.0,20240403
30200,유성구,3,수요일,2,외지인(b),122542.0,20240403
30200,유성구,3,수요일,3,외국인(c),1247.1999999999998,20240403
30230,대덕구,3,수요일,1,현지인(a),70388.5,20240403
30230,대덕구,3,수요일,2,외지인(b),55062.0,20240403
30230,대덕구,3,수요일,3,외국인(c),473.1499999999999,20240403
30110,동구,4,목요일,1,현지인(a),85750.0,20240404
30110,동구,4,목요일,2,외지인(b),92610.0,20240404
30110,동구,4,목요일,3,외국인(c),951.1000000000003,20240404
30140,중구,4,목요일,1,현지인(a),107061.5,20240404
30140,중구,4,목요일,2,외지인(b),101258.5,20240404
30140,중구,4,목요일,3,외국인(c),411.64,20240404
30170,서구,4,목요일,1,현지인(a),264019.0,20240404
30170,서구,4,목요일,2,외지인(b),130991.0,20240404
30170,서구,4,목요일,3,외국인(c),755.6300000000001,20240404
30200,유성구,4,목요일,1,현지인(a),245735.0,20240404
30200,유성구,4,목요일,2,외지인(b),136237.5,20240404
30200,유성구,4,목요일,3,외국인(c),1204.9000000000005,20240404
30230,대덕구,4,목요일,1,현지인(a),71498.0,20240404
30230,대덕구,4,목요일,2,외지인(b),60511.5,20240404
30230,대덕구,4,목요일,3,외국인(c),445.35000000000014,20240404
30110,동구,5,금요일,1,현지인(a),87566.5,20240405
30110,동구,5,금요일,2,외지인(b),119087.5,20240405
30110,동구,5,금요일,3,외국인(c),948.83,20240405
30140,중구,5,금요일,1,현지인(a),108675.0,20240405
30140,중구,5,금요일,2,외지인(b),110337.5,20240405
30140,중구,5,금요일,3,외국인(c),457.42999999999995,20240405
30170,서구,5,금요일,1,현지인(a),272205.5,20240405
30170,서구,5,금요일,2,외지인(b),154339.5,20240405
30170,서구,5,금요일,3,외국인(c),753.5500000000001,20240405
30200,유성구,5,금요일,1,현지인(a),249623.5,20240405
30200,유성구,5,금요일,2,외지인(b),158721.5,20240405
30200,유성구,5,금요일,3,외국인(c),1290.4,20240405
30230,대덕구,5,금요일,1,현지인(a),73090.5,20240405
30230,대덕구,5,금요일,2,외지인(b),69790.0,20240405
30230,대덕구,5,금요일,3,외국인(c),548.25,20240405
30110,동구,6,토요일,1,현지인(a),81417.0,20240406
30110,동구,6,토요일,2,외지인(b),161280.0,20240406
30110,동구,6,토요일,3,외국인(c),918.5800000000006,20240406
30140,중구,6,토요일,1,현지인(a),101139.5,20240406
30140,중구,6,토요일,2,외지인(b),154350.0,20240406
30140,중구,6,토요일,3,외국인(c),496.74000000000007,20240406
30170,서구,6,토요일,1,현지인(a),247663.5,20240406
30170,서구,6,토요일,2,외지인(b),211239.0,20240406
30170,서구,6,토요일,3,외국인(c),813.16,20240406
30200,유성구,6,토요일,1,현지인(a),221200.0,20240406
30200,유성구,6,토요일,2,외지인(b),224038.5,20240406
30200,유성구,6,토요일,3,외국인(c),1152.4299999999998,20240406
30230,대덕구,6,토요일,1,현지인(a),66202.5,20240406
30230,대덕구,6,토요일,2,외지인(b),93012.5,20240406
30230,대덕구,6,토요일,3,외국인(c),460.3099999999999,20240406
30110,동구,7,일요일,1,현지인(a),79306.5,20240407
30110,동구,7,일요일,2,외지인(b),141967.0,20240407
30110,동구,7,일요일,3,외국인(c),925.6400000000001,20240407
30140,중구,7,일요일,1,현지인(a),98427.0,20240407
30140,중구,7,일요일,2,외지인(b),131180.0,20240407
30140,중구,7,일요일,3,외국인(c),506.30999999999995,20240407
30170,서구,7,일요일,1,현지인(a),238910.0,20240407
30170,서구,7,일요일,2,외지인(b),169354.5,20240407
30170,서구,7,일요일,3,외국인(c),890.4599999999999,20240407
30200,유성구,7,일요일,1,현지인(a),216184.5,20240407
30200,유성구,7,일요일,2,외지인(b),191205.0,20240407
30200,유성구,7,일요일,3,외국인(c),1186.5299999999997,20240407
30230,대덕구,7,일요일,1,현지인(a),64050.0,20240407
30230,대덕구,7,일요일,2,외지인(b),78204.0,20240407
30230,대덕구,7,일요일,3,외국인(c),458.10999999999996,20240407
30110,동구,1,월요일,1,현지인(a),85648.5,20240408
30110,동구,1,월요일,2,외지인(b),90916.0,20240408
30110,동구,1,월요일,3,외국인(c),922.99,20240408
30140,중구,1,월요일,1,현지인(a),105983.5,20240408
30140,중구,1,월요일,2,외지인(b),91196.0,20240408
30140,중구,1,월요일,3,외국인(c),483.3,20240408
30170,서구,1,월요일,1,현지인(a),264799.5,20240408
30170,서구,1,월요일,2,외지인(b),130364.5,20240408
30170,서구,1,월요일,3,외국인(c),727.04,20240408
30200,유성구,1,월요일,1,현지인(a),243502.0,20240408
30200,유성구,1,월요일,2,외지인(b),131628.0,20240408
30200,유성구,1,월요일,3,외국인(c),1178.6099999999997,20240408
30230,대덕구,1,월요일,1,현지인(a),71438.5,20240408
30230,대덕구,1,월요일,2,외지인(b),61638.5,20240408
30230,대덕구,1,월요일,3,외국인(c),518.36,20240408
30110,동구,2,화요일,1,현지인(a),86002.0,20240409
30110,동구,2,화요일,2,외지인(b),99361.5,20240409
30110,동구,2,화요일,3,외국인(c),810.8900000000001,20240409
30140,중구,2,화요일,1,현지인(a),107597.0,20240409
30140,중구,2,화요일,2,외지인(b),104779.5,20240409
30140,중구,2,화요일,3,외국인(c),512.59,20240409
30170,서구,2,화요일,1,현지인(a),269241.0,20240409
30170,서구,2,화요일,2,외지인(b),145757.5,20240409
30170,서구,2,화요일,3,외국인(c),707.9999999999999,20240409
30200,유성구,2,화요일,1,현지인(a),249025.0,20240409
30200,유성구,2,화요일,2,외지인(b),149950.5,20240409
30200,유성구,2,화요일,3,외국인(c),1295.5999999999997,20240409
30230,대덕구,2,화요일,1,현지인(a),72485.0,20240409
30230,대덕구,2,화요일,2,외지인(b),65383.5,20240409
30230,대덕구,2,화요일,3,외국인(c),531.6000000000001,20240409
30110,동구,3,수요일,1,현지인(a),80286.5,20240410
30110,동구,3,수요일,2,외지인(b),114397.5,20240410
30110,동구,3,수요일,3,외국인(c),896.15,20240410
30140,중구,3,수요일,1,현지인(a),102200.0,20240410
30140,중구,3,수요일,2,외지인(b),130490.5,20240410
30140,중구,3,수요일,3,외국인(c),492.4299999999999,20240410
30170,서구,3,수요일,1,현지인(a),248080.0,20240410
30170,서구,3,수요일,2,외지인(b),158546.5,20240410
30170,서구,3,수요일,3,외국인(c),803.6,20240410
30200,유성구,3,수요일,1,현지인(a),224850.5,20240410
30200,유성구,3,수요일,2,외지인(b),159292.0,20240410
30200,유성구,3,수요일,3,외국인(c),1485.8700000000001,20240410
30230,대덕구,3,수요일,1,현지인(a),67032.0,20240410
30230,대덕구,3,수요일,2,외지인(b),72163.0,20240410
30230,대덕구,3,수요일,3,외국인(c),518.88,20240410
30110,동구,4,목요일,1,현지인(a),84952.0,20240411
30110,동구,4,목요일,2,외지인(b),88938.5,20240411
30110,동구,4,목요일,3,외국인(c),839.7599999999999,20240411
30140,중구,4,목요일,1,현지인(a),106949.5,20240411
30140,중구,4,목요일,2,외지인(b),96761.0,20240411
30140,중구,4,목요일,3,외국인(c),448.79999999999995,20240411
30170,서구,4,목요일,1,현지인(a),264694.5,20240411
30170,서구,4,목요일,2,외지인(b),140840.0,20240411
30170,서구,4,목요일,3,외국인(c),929.8100000000002,20240411
30200,유성구,4,목요일,1,현지인(a),244639.5,20240411
30200,유성구,4,목요일,2,외지인(b),135971.5,20240411
30200,유성구,4,목요일,3,외국인(c),1629.47,20240411
30230,대덕구,4,목요일,1,현지인(a),71690.5,20240411
30230,대덕구,4,목요일,2,외지인(b),60588.5,20240411
30230,대덕구,4,목요일,3,외국인(c),599.2099999999999,20240411
30110,동구,5,금요일,1,현지인(a),86086.0,20240412
30110,동구,5,금요일,2,외지인(b),107999.5,20240412
30110,동구,5,금요일,3,외국인(c),984.25,20240412
30140,중구,5,금요일,1,현지인(a),109119.5,20240412
30140,중구,5,금요일,2,외지인(b),125090.0,20240412
30140,중구,5,금요일,3,외국인(c),610.1099999999999,20240412
30170,서구,5,금요일,1,현지인(a),271036.5,20240412
30170,서구,5,금요일,2,외지인(b),160856.5,20240412
30170,서구,5,금요일,3,외국인(c),1004.1200000000001,20240412
30200,유성구,5,금요일,1,현지인(a),247096.5,20240412
30200,유성구,5,금요일,2,외지인(b),156030.0,20240412
30200,유성구,5,금요일,3,외국인(c),1556.0700000000004,20240412
30230,대덕구,5,금요일,1,현지인(a),72782.5,20240412
30230,대덕구,5,금요일,2,외지인(b),69258.0,20240412
30230,대덕구,5,금요일,3,외국인(c),557.6699999999998,20240412
30110,동구,6,토요일,1,현지인(a),79422.0,20240413
30110,동구,6,토요일,2,외지인(b),145089.0,20240413
30110,동구,6,토요일,3,외국인(c),882.1700000000003,20240413
30140,중구,6,토요일,1,현지인(a),100558.5,20240413
30140,중구,6,토요일,2,외지인(b),167405.0,20240413
30140,중구,6,토요일,3,외국인(c),521.79,20240413
30170,서구,6,토요일,1,현지인(a),246970.5,20240413
30170,서구,6,토요일,2,외지인(b),212719.5,20240413
30170,서구,6,토요일,3,외국인(c),943.0500000000001,20240413
30200,유성구,6,토요일,1,현지인(a),216674.5,20240413
30200,유성구,6,토요일,2,외지인(b),206650.5,20240413
30200,유성구,6,토요일,3,외국인(c),1339.1100000000006,20240413
30230,대덕구,6,토요일,1,현지인(a),65856.0,20240413
30230,대덕구,6,토요일,2,외지인(b),98290.5,20240413
30230,대덕구,6,토요일,3,외국인(c),488.63000000000005,20240413
30110,동구,7,일요일,1,현지인(a),76888.0,20240414
30110,동구,7,일요일,2,외지인(b),122097.5,20240414
30110,동구,7,일요일,3,외국인(c),884.87,20240414
30140,중구,7,일요일,1,현지인(a),96981.5,20240414
30140,중구,7,일요일,2,외지인(b),133087.5,20240414
30140,중구,7,일요일,3,외국인(c),462.62,20240414
30170,서구,7,일요일,1,현지인(a),237016.5,20240414
30170,서구,7,일요일,2,외지인(b),166460.0,20240414
30170,서구,7,일요일,3,외국인(c),891.5400000000001,20240414
30200,유성구,7,일요일,1,현지인(a),212754.5,20240414
30200,유성구,7,일요일,2,외지인(b),171370.5,20240414
30200,유성구,7,일요일,3,외국인(c),1189.1699999999998,20240414
30230,대덕구,7,일요일,1,현지인(a),63444.5,20240414
30230,대덕구,7,일요일,2,외지인(b),76779.5,20240414
30230,대덕구,7,일요일,3,외국인(c),445.87,20240414
30110,동구,1,월요일,1,현지인(a),82988.5,20240415
30110,동구,1,월요일,2,외지인(b),81571.0,20240415
30110,동구,1,월요일,3,외국인(c),773.09,20240415
30140,중구,1,월요일,1,현지인(a),104293.0,20240415
30140,중구,1,월요일,2,외지인(b),92400.0,20240415
30140,중구,1,월요일,3,외국인(c),390.6799999999999,20240415
30170,서구,1,월요일,1,현지인(a),259661.5,20240415
30170,서구,1,월요일,2,외지인(b),133297.5,20240415
30170,서구,1,월요일,3,외국인(c),703.4899999999999,20240415
30200,유성구,1,월요일,1,현지인(a),238847.0,20240415
30200,유성구,1,월요일,2,외지인(b),127337.0,20240415
30200,유성구,1,월요일,3,외국인(c),1414.1300000000003,20240415
30230,대덕구,1,월요일,1,현지인(a),69720.0,20240415
30230,대덕구,1,월요일,2,외지인(b),57914.5,20240415
30230,대덕구,1,월요일,3,외국인(c),484.25,20240415
30110,동구,2,화요일,1,현지인(a),84241.5,20240416
30110,동구,2,화요일,2,외지인(b),86376.5,20240416
30110,동구,2,화요일,3,외국인(c),807.29,20240416
30140,중구,2,화요일,1,현지인(a),106074.5,20240416
30140,중구,2,화요일,2,외지인(b),98934.5,20240416
30140,중구,2,화요일,3,외국인(c),401.09000000000003,20240416
30170,서구,2,화요일,1,현지인(a),264512.5,20240416
30170,서구,2,화요일,2,외지인(b),140791.0,20240416
30170,서구,2,화요일,3,외국인(c),924.5399999999998,20240416
30200,유성구,2,화요일,1,현지인(a),242728.5,20240416
30200,유성구,2,화요일,2,외지인(b),137294.5,20240416
30200,유성구,2,화요일,3,외국인(c),1524.3100000000004,20240416
30230,대덕구,2,화요일,1,현지인(a),71386.0,20240416
30230,대덕구,2,화요일,2,외지인(b),62597.5,20240416
30230,대덕구,2,화요일,3,외국인(c),568.0699999999999,20240416
30110,동구,3,수요일,1,현지인(a),84700.0,20240417
30110,동구,3,수요일,2,외지인(b),87990.0,20240417
30110,동구,3,수요일,3,외국인(c),832.2099999999998,20240417
30140,중구,3,수요일,1,현지인(a),106669.5,20240417
30140,중구,3,수요일,2,외지인(b),102753.0,20240417
30140,중구,3,수요일,3,외국인(c),417.65999999999997,20240417
30170,서구,3,수요일,1,현지인(a),266101.5,20240417
30170,서구,3,수요일,2,외지인(b),146839.0,20240417
30170,서구,3,수요일,3,외국인(c),958.09,20240417
30200,유성구,3,수요일,1,현지인(a),243302.5,20240417
30200,유성구,3,수요일,2,외지인(b),142534.0,20240417
30200,유성구,3,수요일,3,외국인(c),1660.0200000000002,20240417
30230,대덕구,3,수요일,1,현지인(a),71967.0,20240417
30230,대덕구,3,수요일,2,외지인(b),63850.5,20240417
30230,대덕구,3,수요일,3,외국인(c),542.9899999999998,20240417
30110,동구,4,목요일,1,현지인(a),84878.5,20240418
30110,동구,4,목요일,2,외지인(b),93376.5,20240418
30110,동구,4,목요일,3,외국인(c),869.6999999999999,20240418
30140,중구,4,목요일,1,현지인(a),106844.5,20240418
30140,중구,4,목요일,2,외지인(b),103691.0,20240418
30140,중구,4,목요일,3,외국인(c),399.38,20240418
30170,서구,4,목요일,1,현지인(a),266546.0,20240418
30170,서구,4,목요일,2,외지인(b),149128.0,20240418
30170,서구,4,목요일,3,외국인(c),948.4099999999999,20240418
30200,유성구,4,목요일,1,현지인(a),242903.5,20240418
30200,유성구,4,목요일,2,외지인(b),148204.0,20240418
30200,유성구,4,목요일,3,외국인(c),1637.8899999999996,20240418
30230,대덕구,4,목요일,1,현지인(a),71795.5,20240418
30230,대덕구,4,목요일,2,외지인(b),66797.5,20240418
30230,대덕구,4,목요일,3,외국인(c),516.1800000000001,20240418
30110,동구,5,금요일,1,현지인(a),86016.0,20240419
30110,동구,5,금요일,2,외지인(b),110208.0,20240419
30110,동구,5,금요일,3,외국인(c),881.9499999999999,20240419
30140,중구,5,금요일,1,현지인(a),109109.0,20240419
30140,중구,5,금요일,2,외지인(b),127354.5,20240419
30140,중구,5,금요일,3,외국인(c),428.55000000000007,20240419
30170,서구,5,금요일,1,현지인(a),270753.0,20240419
30170,서구,5,금요일,2,외지인(b),169393.0,20240419
30170,서구,5,금요일,3,외국인(c),752.62,20240419
30200,유성구,5,금요일,1,현지인(a),246347.5,20240419
30200,유성구,5,금요일,2,외지인(b),170009.0,20240419
30200,유성구,5,금요일,3,외국인(c),1457.0700000000004,20240419
30230,대덕구,5,금요일,1,현지인(a),72817.5,20240419
30230,대덕구,5,금요일,2,외지인(b),71708.0,20240419
30230,대덕구,5,금요일,3,외국인(c),561.3000000000002,20240419
30110,동구,6,토요일,1,현지인(a),77462.0,20240420
30110,동구,6,토요일,2,외지인(b),134137.5,20240420
30110,동구,6,토요일,3,외국인(c),823.2500000000002,20240420
30140,중구,6,토요일,1,현지인(a),98150.5,20240420
30140,중구,6,토요일,2,외지인(b),154724.5,20240420
30140,중구,6,토요일,3,외국인(c),375.66,20240420
30170,서구,6,토요일,1,현지인(a),239309.0,20240420
30170,서구,6,토요일,2,외지인(b),207354.0,20240420
30170,서구,6,토요일,3,외국인(c),782.4199999999998,20240420
30200,유성구,6,토요일,1,현지인(a),210462.0,20240420
30200,유성구,6,토요일,2,외지인(b),200158.0,20240420
30200,유성구,6,토요일,3,외국인(c),1106.01,20240420
30230,대덕구,6,토요일,1,현지인(a),63630.0,20240420
30230,대덕구,6,토요일,2,외지인(b),84675.5,20240420
30230,대덕구,6,토요일,3,외국인(c),456.07,20240420
30110,동구,7,일요일,1,현지인(a),76230.0,20240421
30110,동구,7,일요일,2,외지인(b),118125.0,20240421
30110,동구,7,일요일,3,외국인(c),786.4499999999999,20240421
30140,중구,7,일요일,1,현지인(a),96803.0,20240421
30140,중구,7,일요일,2,외지인(b),134011.5,20240421
30140,중구,7,일요일,3,외국인(c),329.09,20240421
30170,서구,7,일요일,1,현지인(a),234675.0,20240421
30170,서구,7,일요일,2,외지인(b),167681.5,20240421
30170,서구,7,일요일,3,외국인(c),840.6899999999999,20240421
30200,유성구,7,일요일,1,현지인(a),209905.5,20240421
30200,유성구,7,일요일,2,외지인(b),165361.0,20240421
30200,유성구,7,일요일,3,외국인(c),1140.66,20240421
30230,대덕구,7,일요일,1,현지인(a),62884.5,20240421
30230,대덕구,7,일요일,2,외지인(b),70637.0,20240421
30230,대덕구,7,일요일,3,외국인(c),431.31999999999994,20240421
30110,동구,1,월요일,1,현지인(a),84409.5,20240422
30110,동구,1,월요일,2,외지인(b),89694.5,20240422
30110,동구,1,월요일,3,외국인(c),757.2399999999999,20240422
30140,중구,1,월요일,1,현지인(a),105945.0,20240422
30140,중구,1,월요일,2,외지인(b),101724.0,20240422
30140,중구,1,월요일,3,외국인(c),331.51000000000005,20240422
30170,서구,1,월요일,1,현지인(a),265265.0,20240422
30170,서구,1,월요일,2,외지인(b),145075.0,20240422
30170,서구,1,월요일,3,외국인(c),757.63,20240422
30200,유성구,1,월요일,1,현지인(a),242263.0,20240422
30200,유성구,1,월요일,2,외지인(b),141148.0,20240422
30200,유성구,1,월요일,3,외국인(c),1227.3700000000003,20240422
30230,대덕구,1,월요일,1,현지인(a),71904.0,20240422
30230,대덕구,1,월요일,2,외지인(b),64400.0,20240422
30230,대덕구,1,월요일,3,외국인(c),519.52,20240422
30110,동구,2,화요일,1,현지인(a),84066.5,20240423
30110,동구,2,화요일,2,외지인(b),87895.5,20240423
30110,동구,2,화요일,3,외국인(c),745.7499999999999,20240423
30140,중구,2,화요일,1,현지인(a),105896.0,20240423
30140,중구,2,화요일,2,외지인(b),102070.5,20240423
30140,중구,2,화요일,3,외국인(c),341.43,20240423
30170,서구,2,화요일,1,현지인(a),263357.5,20240423
30170,서구,2,화요일,2,외지인(b),148197.0,20240423
30170,서구,2,화요일,3,외국인(c),823.8299999999999,20240423
30200,유성구,2,화요일,1,현지인(a),241923.5,20240423
30200,유성구,2,화요일,2,외지인(b),145747.0,20240423
30200,유성구,2,화요일,3,외국인(c),1425.3700000000001,20240423
30230,대덕구,2,화요일,1,현지인(a),71239.0,20240423
30230,대덕구,2,화요일,2,외지인(b),64176.0,20240423
30230,대덕구,2,화요일,3,외국인(c),528.3699999999999,20240423
30110,동구,3,수요일,1,현지인(a),84003.5,20240424
30110,동구,3,수요일,2,외지인(b),90517.0,20240424
30110,동구,3,수요일,3,외국인(c),793.9600000000003,20240424
30140,중구,3,수요일,1,현지인(a),105798.0,20240424
30140,중구,3,수요일,2,외지인(b),105640.5,20240424
30140,중구,3,수요일,3,외국인(c),426.33000000000004,20240424
30170,서구,3,수요일,1,현지인(a),266791.0,20240424
30170,서구,3,수요일,2,외지인(b),155512.0,20240424
30170,서구,3,수요일,3,외국인(c),850.4699999999998,20240424
30200,유성구,3,수요일,1,현지인(a),242553.5,20240424
30200,유성구,3,수요일,2,외지인(b),149772.0,20240424
30200,유성구,3,수요일,3,외국인(c),1570.6700000000003,20240424
30230,대덕구,3,수요일,1,현지인(a),70948.5,20240424
30230,대덕구,3,수요일,2,외지인(b),64319.5,20240424
30230,대덕구,3,수요일,3,외국인(c),534.9599999999998,20240424
30110,동구,4,목요일,1,현지인(a),85109.5,20240425
30110,동구,4,목요일,2,외지인(b),102756.5,20240425
30110,동구,4,목요일,3,외국인(c),815.17,20240425
30140,중구,4,목요일,1,현지인(a),107215.5,20240425
30140,중구,4,목요일,2,외지인(b),113025.5,20240425
30140,중구,4,목요일,3,외국인(c),415.99,20240425
30170,서구,4,목요일,1,현지인(a),268600.5,20240425
30170,서구,4,목요일,2,외지인(b),163555.0,20240425
30170,서구,4,목요일,3,외국인(c),833.2700000000002,20240425
30200,유성구,4,목요일,1,현지인(a),242592.0,20240425
30200,유성구,4,목요일,2,외지인(b),163327.5,20240425
30200,유성구,4,목요일,3,외국인(c),1488.2900000000004,20240425
30230,대덕구,4,목요일,1,현지인(a),71809.5,20240425
30230,대덕구,4,목요일,2,외지인(b),71071.0,20240425
30230,대덕구,4,목요일,3,외국인(c),521.86,20240425
30110,동구,5,금요일,1,현지인(a),86138.5,20240426
30110,동구,5,금요일,2,외지인(b),120123.5,20240426
30110,동구,5,금요일,3,외국인(c),854.1999999999999,20240426
30140,중구,5,금요일,1,현지인(a),109473.0,20240426
30140,중구,5,금요일,2,외지인(b),140231.0,20240426
30140,중구,5,금요일,3,외국인(c),494.92,20240426
30170,서구,5,금요일,1,현지인(a),274225.0,20240426
30170,서구,5,금요일,2,외지인(b),187131.0,20240426
30170,서구,5,금요일,3,외국인(c),893.0000000000001,20240426
30200,유성구,5,금요일,1,현지인(a),246407.0,20240426
30200,유성구,5,금요일,2,외지인(b),183393.0,20240426
30200,유성구,5,금요일,3,외국인(c),1475.27,20240426
30230,대덕구,5,금요일,1,현지인(a),73290.0,20240426
30230,대덕구,5,금요일,2,외지인(b),77941.5,20240426
30230,대덕구,5,금요일,3,외국인(c),516.99,20240426
30110,동구,6,토요일,1,현지인(a),80377.5,20240427
30110,동구,6,토요일,2,외지인(b),159194.0,20240427
30110,동구,6,토요일,3,외국인(c),907.4900000000001,20240427
30140,중구,6,토요일,1,현지인(a),101990.0,20240427
30140,중구,6,토요일,2,외지인(b),181895.0,20240427
30140,중구,6,토요일,3,외국인(c),432.52000000000004,20240427
30170,서구,6,토요일,1,현지인(a),248867.5,20240427
30170,서구,6,토요일,2,외지인(b),244818.0,20240427
30170,서구,6,토요일,3,외국인(c),850.12,20240427
30200,유성구,6,토요일,1,현지인(a),216244.0,20240427
30200,유성구,6,토요일,2,외지인(b),230296.5,20240427
30200,유성구,6,토요일,3,외국인(c),1270.7799999999997,20240427
30230,대덕구,6,토요일,1,현지인(a),64799.0,20240427
30230,대덕구,6,토요일,2,외지인(b),101216.5,20240427
30230,대덕구,6,토요일,3,외국인(c),431.55000000000007,20240427
30110,동구,7,일요일,1,현지인(a),76783.0,20240428
30110,동구,7,일요일,2,외지인(b),131061.0,20240428
30110,동구,7,일요일,3,외국인(c),798.7100000000002,20240428
30140,중구,7,일요일,1,현지인(a),96845.0,20240428
30140,중구,7,일요일,2,외지인(b),144837.0,20240428
30140,중구,7,일요일,3,외국인(c),393.86999999999995,20240428
30170,서구,7,일요일,1,현지인(a),239263.5,20240428
30170,서구,7,일요일,2,외지인(b),191425.5,20240428
30170,서구,7,일요일,3,외국인(c),864.4899999999999,20240428
30200,유성구,7,일요일,1,현지인(a),209492.5,20240428
30200,유성구,7,일요일,2,외지인(b),183344.0,20240428
30200,유성구,7,일요일,3,외국인(c),1184.3199999999995,20240428
30230,대덕구,7,일요일,1,현지인(a),61964.0,20240428
30230,대덕구,7,일요일,2,외지인(b),81385.5,20240428
30230,대덕구,7,일요일,3,외국인(c),447.68999999999994,20240428
30110,동구,1,월요일,1,현지인(a),83251.0,20240429
30110,동구,1,월요일,2,외지인(b),91696.5,20240429
30110,동구,1,월요일,3,외국인(c),901.12,20240429
30140,중구,1,월요일,1,현지인(a),104569.5,20240429
30140,중구,1,월요일,2,외지인(b),105007.0,20240429
30140,중구,1,월요일,3,외국인(c),323.59999999999997,20240429
30170,서구,1,월요일,1,현지인(a),261992.5,20240429
30170,서구,1,월요일,2,외지인(b),150496.5,20240429
30170,서구,1,월요일,3,외국인(c),807.1699999999998,20240429
30200,유성구,1,월요일,1,현지인(a),239127.0,20240429
30200,유성구,1,월요일,2,외지인(b),144749.5,20240429
30200,유성구,1,월요일,3,외국인(c),1329.1199999999994,20240429
30230,대덕구,1,월요일,1,현지인(a),70063.0,20240429
30230,대덕구,1,월요일,2,외지인(b),66468.5,20240429
30230,대덕구,1,월요일,3,외국인(c),446.30999999999995,20240429
30110,동구,2,화요일,1,현지인(a),85470.0,20240430
30110,동구,2,화요일,2,외지인(b),104979.0,20240430
30110,동구,2,화요일,3,외국인(c),796.7900000000001,20240430
30140,중구,2,화요일,1,현지인(a),108195.5,20240430
30140,중구,2,화요일,2,외지인(b),128520.0,20240430
30140,중구,2,화요일,3,외국인(c),364.9799999999999,20240430
30170,서구,2,화요일,1,현지인(a),268884.0,20240430
30170,서구,2,화요일,2,외지인(b),169827.0,20240430
30170,서구,2,화요일,3,외국인(c),763.2700000000001,20240430
30200,유성구,2,화요일,1,현지인(a),245640.5,20240430
30200,유성구,2,화요일,2,외지인(b),162799.0,20240430
30200,유성구,2,화요일,3,외국인(c),1242.1099999999997,20240430
30230,대덕구,2,화요일,1,현지인(a),72180.5,20240430
30230,대덕구,2,화요일,2,외지인(b),74441.5,20240430
30230,대덕구,2,화요일,3,외국인(c),515.6399999999998,20240430
30110,동구,3,수요일,1,현지인(a),93751.0,20240501
30110,동구,3,수요일,2,외지인(b),103320.0,20240501
30110,동구,3,수요일,3,외국인(c),843.08,20240501
30140,중구,3,수요일,1,현지인(a),109476.5,20240501
30140,중구,3,수요일,2,외지인(b),132744.5,20240501
30140,중구,3,수요일,3,외국인(c),399.0100000000001,20240501
30170,서구,3,수요일,1,현지인(a),274533.0,20240501
30170,서구,3,수요일,2,외지인(b),164811.5,20240501
30170,서구,3,수요일,3,외국인(c),712.37,20240501
30200,유성구,3,수요일,1,현지인(a),249588.5,20240501
30200,유성구,3,수요일,2,외지인(b),144578.0,20240501
30200,유성구,3,수요일,3,외국인(c),1233.7200000000003,20240501
30230,대덕구,3,수요일,1,현지인(a),71673.0,20240501
30230,대덕구,3,수요일,2,외지인(b),69905.5,20240501
30230,대덕구,3,수요일,3,외국인(c),498.69999999999993,20240501
30110,동구,4,목요일,1,현지인(a),99375.5,20240502
30110,동구,4,목요일,2,외지인(b),91024.5,20240502
30110,동구,4,목요일,3,외국인(c),848.4000000000001,20240502
30140,중구,4,목요일,1,현지인(a),113690.5,20240502
30140,중구,4,목요일,2,외지인(b),107908.5,20240502
30140,중구,4,목요일,3,외국인(c),399.66999999999996,20240502
30170,서구,4,목요일,1,현지인(a),282019.5,20240502
30170,서구,4,목요일,2,외지인(b),138215.0,20240502
30170,서구,4,목요일,3,외국인(c),837.6,20240502
30200,유성구,4,목요일,1,현지인(a),263529.0,20240502
30200,유성구,4,목요일,2,외지인(b),130315.5,20240502
30200,유성구,4,목요일,3,외국인(c),1202.3700000000001,20240502
30230,대덕구,4,목요일,1,현지인(a),75551.0,20240502
30230,대덕구,4,목요일,2,외지인(b),61554.5,20240502
30230,대덕구,4,목요일,3,외국인(c),469.0599999999999,20240502
30110,동구,5,금요일,1,현지인(a),99263.5,20240503
30110,동구,5,금요일,2,외지인(b),120890.0,20240503
30110,동구,5,금요일,3,외국인(c),866.2300000000002,20240503
30140,중구,5,금요일,1,현지인(a),115328.5,20240503
30140,중구,5,금요일,2,외지인(b),126231.0,20240503
30140,중구,5,금요일,3,외국인(c),379.29,20240503
30170,서구,5,금요일,1,현지인(a),288015.0,20240503
30170,서구,5,금요일,2,외지인(b),173813.5,20240503
30170,서구,5,금요일,3,외국인(c),817.56,20240503
30200,유성구,5,금요일,1,현지인(a),263616.5,20240503
30200,유성구,5,금요일,2,외지인(b),169484.0,20240503
30200,유성구,5,금요일,3,외국인(c),1247.2900000000002,20240503
30230,대덕구,5,금요일,1,현지인(a),76293.0,20240503
30230,대덕구,5,금요일,2,외지인(b),74011.0,20240503
30230,대덕구,5,금요일,3,외국인(c),467.5400000000001,20240503
30110,동구,6,토요일,1,현지인(a),87314.5,20240504
30110,동구,6,토요일,2,외지인(b),163653.0,20240504
30110,동구,6,토요일,3,외국인(c),997.4800000000002,20240504
30140,중구,6,토요일,1,현지인(a),102025.0,20240504
30140,중구,6,토요일,2,외지인(b),177082.5,20240504
30140,중구,6,토요일,3,외국인(c),646.32,20240504
30170,서구,6,토요일,1,현지인(a),249144.0,20240504
30170,서구,6,토요일,2,외지인(b),236204.5,20240504
30170,서구,6,토요일,3,외국인(c),872.3299999999999,20240504
30200,유성구,6,토요일,1,현지인(a),217343.0,20240504
30200,유성구,6,토요일,2,외지인(b),239071.0,20240504
30200,유성구,6,토요일,3,외국인(c),1290.5700000000002,20240504
30230,대덕구,6,토요일,1,현지인(a),66661.0,20240504
30230,대덕구,6,토요일,2,외지인(b),110103.0,20240504
30230,대덕구,6,토요일,3,외국인(c),699.68,20240504
30110,동구,7,일요일,1,현지인(a),80633.0,20240505
30110,동구,7,일요일,2,외지인(b),149131.5,20240505
30110,동구,7,일요일,3,외국인(c),880.9300000000001,20240505
30140,중구,7,일요일,1,현지인(a),94741.5,20240505
30140,중구,7,일요일,2,외지인(b),158270.0,20240505
30140,중구,7,일요일,3,외국인(c),360.0700000000001,20240505
30170,서구,7,일요일,1,현지인(a),226765.0,20240505
30170,서구,7,일요일,2,외지인(b),214256.0,20240505
30170,서구,7,일요일,3,외국인(c),783.2799999999999,20240505
30200,유성구,7,일요일,1,현지인(a),195870.5,20240505
30200,유성구,7,일요일,2,외지인(b),202468.0,20240505
30200,유성구,7,일요일,3,외국인(c),991.8,20240505
30230,대덕구,7,일요일,1,현지인(a),60651.5,20240505
30230,대덕구,7,일요일,2,외지인(b),93355.5,20240505
30230,대덕구,7,일요일,3,외국인(c),461.81,20240505
30110,동구,1,월요일,1,현지인(a),85176.0,20240506
30110,동구,1,월요일,2,외지인(b),129605.0,20240506
30110,동구,1,월요일,3,외국인(c),756.0899999999998,20240506
30140,중구,1,월요일,1,현지인(a),98679.0,20240506
30140,중구,1,월요일,2,외지인(b),133084.0,20240506
30140,중구,1,월요일,3,외국인(c),299.40000000000003,20240506
30170,서구,1,월요일,1,현지인(a),239554.0,20240506
30170,서구,1,월요일,2,외지인(b),176585.5,20240506
30170,서구,1,월요일,3,외국인(c),720.96,20240506
30200,유성구,1,월요일,1,현지인(a),216184.5,20240506
30200,유성구,1,월요일,2,외지인(b),169372.0,20240506
30200,유성구,1,월요일,3,외국인(c),1059.36,20240506
30230,대덕구,1,월요일,1,현지인(a),64638.0,20240506
30230,대덕구,1,월요일,2,외지인(b),82187.0,20240506
30230,대덕구,1,월요일,3,외국인(c),363.70000000000005,20240506
30110,동구,2,화요일,1,현지인(a),98686.0,20240507
30110,동구,2,화요일,2,외지인(b),91910.0,20240507
30110,동구,2,화요일,3,외국인(c),691.85,20240507
30140,중구,2,화요일,1,현지인(a),110183.5,20240507
30140,중구,2,화요일,2,외지인(b),95700.5,20240507
30140,중구,2,화요일,3,외국인(c),314.46000000000004,20240507
30170,서구,2,화요일,1,현지인(a),277903.5,20240507
30170,서구,2,화요일,2,외지인(b),136825.5,20240507
30170,서구,2,화요일,3,외국인(c),755.6500000000001,20240507
30200,유성구,2,화요일,1,현지인(a),262122.0,20240507
30200,유성구,2,화요일,2,외지인(b),129010.0,20240507
30200,유성구,2,화요일,3,외국인(c),1143.8100000000004,20240507
30230,대덕구,2,화요일,1,현지인(a),75386.5,20240507
30230,대덕구,2,화요일,2,외지인(b),61894.0,20240507
30230,대덕구,2,화요일,3,외국인(c),377.67999999999995,20240507
30110,동구,3,수요일,1,현지인(a),101836.0,20240508
30110,동구,3,수요일,2,외지인(b),97006.0,20240508
30110,동구,3,수요일,3,외국인(c),709.9900000000001,20240508
30140,중구,3,수요일,1,현지인(a),114663.5,20240508
30140,중구,3,수요일,2,외지인(b),106865.5,20240508
30140,중구,3,수요일,3,외국인(c),337.29,20240508
30170,서구,3,수요일,1,현지인(a),289527.0,20240508
30170,서구,3,수요일,2,외지인(b),153734.0,20240508
30170,서구,3,수요일,3,외국인(c),813.66,20240508
30200,유성구,3,수요일,1,현지인(a),270077.5,20240508
30200,유성구,3,수요일,2,외지인(b),151637.5,20240508
30200,유성구,3,수요일,3,외국인(c),1242.79,20240508
30230,대덕구,3,수요일,1,현지인(a),77833.0,20240508
30230,대덕구,3,수요일,2,외지인(b),70402.5,20240508
30230,대덕구,3,수요일,3,외국인(c),446.99,20240508
30110,동구,4,목요일,1,현지인(a),100142.0,20240509
30110,동구,4,목요일,2,외지인(b),97415.5,20240509
30110,동구,4,목요일,3,외국인(c),709.0400000000001,20240509
30140,중구,4,목요일,1,현지인(a),111996.5,20240509
30140,중구,4,목요일,2,외지인(b),106015.0,20240509
30140,중구,4,목요일,3,외국인(c),385.0599999999999,20240509
30170,서구,4,목요일,1,현지인(a),283885.0,20240509
30170,서구,4,목요일,2,외지인(b),152372.5,20240509
30170,서구,4,목요일,3,외국인(c),707.5299999999997,20240509
30200,유성구,4,목요일,1,현지인(a),266266.0,20240509
30200,유성구,4,목요일,2,외지인(b),148501.5,20240509
30200,유성구,4,목요일,3,외국인(c),1160.1599999999999,20240509
30230,대덕구,4,목요일,1,현지인(a),76076.0,20240509
30230,대덕구,4,목요일,2,외지인(b),67329.5,20240509
30230,대덕구,4,목요일,3,외국인(c),438.84000000000003,20240509
30110,동구,5,금요일,1,현지인(a),101244.5,20240510
30110,동구,5,금요일,2,외지인(b),118023.5,20240510
30110,동구,5,금요일,3,외국인(c),780.4400000000002,20240510
30140,중구,5,금요일,1,현지인(a),115370.5,20240510
30140,중구,5,금요일,2,외지인(b),130165.0,20240510
30140,중구,5,금요일,3,외국인(c),480.94000000000005,20240510
30170,서구,5,금요일,1,현지인(a),288501.5,20240510
30170,서구,5,금요일,2,외지인(b),175350.0,20240510
30170,서구,5,금요일,3,외국인(c),791.8100000000002,20240510
30200,유성구,5,금요일,1,현지인(a),267855.0,20240510
30200,유성구,5,금요일,2,외지인(b),173089.0,20240510
30200,유성구,5,금요일,3,외국인(c),1258.53,20240510
30230,대덕구,5,금요일,1,현지인(a),78603.0,20240510
30230,대덕구,5,금요일,2,외지인(b),75365.5,20240510
30230,대덕구,5,금요일,3,외국인(c),462.95,20240510
30110,동구,6,토요일,1,현지인(a),90219.5,20240511
30110,동구,6,토요일,2,외지인(b),152736.5,20240511
30110,동구,6,토요일,3,외국인(c),753.3799999999999,20240511
30140,중구,6,토요일,1,현지인(a),103908.0,20240511
30140,중구,6,토요일,2,외지인(b),171391.5,20240511
30140,중구,6,토요일,3,외국인(c),404.64000000000004,20240511
30170,서구,6,토요일,1,현지인(a),256588.5,20240511
30170,서구,6,토요일,2,외지인(b),226702.0,20240511
30170,서구,6,토요일,3,외국인(c),741.4999999999998,20240511
30200,유성구,6,토요일,1,현지인(a),228301.5,20240511
30200,유성구,6,토요일,2,외지인(b),220115.0,20240511
30200,유성구,6,토요일,3,외국인(c),1101.2199999999998,20240511
30230,대덕구,6,토요일,1,현지인(a),68806.5,20240511
30230,대덕구,6,토요일,2,외지인(b),93929.5,20240511
30230,대덕구,6,토요일,3,외국인(c),378.09999999999997,20240511
30110,동구,7,일요일,1,현지인(a),86600.5,20240512
30110,동구,7,일요일,2,외지인(b),134015.0,20240512
30110,동구,7,일요일,3,외국인(c),756.2300000000001,20240512
30140,중구,7,일요일,1,현지인(a),101384.5,20240512
30140,중구,7,일요일,2,외지인(b),144784.5,20240512
30140,중구,7,일요일,3,외국인(c),368.9699999999999,20240512
30170,서구,7,일요일,1,현지인(a),250575.5,20240512
30170,서구,7,일요일,2,외지인(b),189311.5,20240512
30170,서구,7,일요일,3,외국인(c),828.2400000000001,20240512
30200,유성구,7,일요일,1,현지인(a),225907.5,20240512
30200,유성구,7,일요일,2,외지인(b),187572.0,20240512
30200,유성구,7,일요일,3,외국인(c),1089.86,20240512
30230,대덕구,7,일요일,1,현지인(a),65999.5,20240512
30230,대덕구,7,일요일,2,외지인(b),79719.5,20240512
30230,대덕구,7,일요일,3,외국인(c),413.4299999999999,20240512
30110,동구,1,월요일,1,현지인(a),100138.5,20240513
30110,동구,1,월요일,2,외지인(b),94188.5,20240513
30110,동구,1,월요일,3,외국인(c),748.1899999999999,20240513
30140,중구,1,월요일,1,현지인(a),112350.0,20240513
30140,중구,1,월요일,2,외지인(b),102375.0,20240513
30140,중구,1,월요일,3,외국인(c),344.4200000000001,20240513
30170,서구,1,월요일,1,현지인(a),283696.0,20240513
30170,서구,1,월요일,2,외지인(b),147836.5,20240513
30170,서구,1,월요일,3,외국인(c),702.37,20240513
30200,유성구,1,월요일,1,현지인(a),264085.5,20240513
30200,유성구,1,월요일,2,외지인(b),138845.0,20240513
30200,유성구,1,월요일,3,외국인(c),1103.8800000000003,20240513
30230,대덕구,1,월요일,1,현지인(a),76583.5,20240513
30230,대덕구,1,월요일,2,외지인(b),67028.5,20240513
30230,대덕구,1,월요일,3,외국인(c),463.08999999999986,20240513
30110,동구,2,화요일,1,현지인(a),101185.0,20240514
30110,동구,2,화요일,2,외지인(b),106526.0,20240514
30110,동구,2,화요일,3,외국인(c),747.7600000000002,20240514
30140,중구,2,화요일,1,현지인(a),114586.5,20240514
30140,중구,2,화요일,2,외지인(b),128394.0,20240514
30140,중구,2,화요일,3,외국인(c),405.68000000000006,20240514
30170,서구,2,화요일,1,현지인(a),287371.0,20240514
30170,서구,2,화요일,2,외지인(b),164892.0,20240514
30170,서구,2,화요일,3,외국인(c),718.1099999999999,20240514
30200,유성구,2,화요일,1,현지인(a),268971.5,20240514
30200,유성구,2,화요일,2,외지인(b),161822.5,20240514
30200,유성구,2,화요일,3,외국인(c),1183.38,20240514
30230,대덕구,2,화요일,1,현지인(a),78449.0,20240514
30230,대덕구,2,화요일,2,외지인(b),73209.5,20240514
30230,대덕구,2,화요일,3,외국인(c),520.9699999999999,20240514
30110,동구,3,수요일,1,현지인(a),88767.0,20240515
30110,동구,3,수요일,2,외지인(b),122997.0,20240515
30110,동구,3,수요일,3,외국인(c),691.6599999999999,20240515
30140,중구,3,수요일,1,현지인(a),101902.5,20240515
30140,중구,3,수요일,2,외지인(b),148179.5,20240515
30140,중구,3,수요일,3,외국인(c),392.28000000000003,20240515
30170,서구,3,수요일,1,현지인(a),250516.0,20240515
30170,서구,3,수요일,2,외지인(b),172455.5,20240515
30170,서구,3,수요일,3,외국인(c),711.8299999999998,20240515
30200,유성구,3,수요일,1,현지인(a),229957.0,20240515
30200,유성구,3,수요일,2,외지인(b),171290.0,20240515
30200,유성구,3,수요일,3,외국인(c),1112.9,20240515
30230,대덕구,3,수요일,1,현지인(a),67238.5,20240515
30230,대덕구,3,수요일,2,외지인(b),78837.5,20240515
30230,대덕구,3,수요일,3,외국인(c),399.55,20240515
30110,동구,4,목요일,1,현지인(a),99606.5,20240516
30110,동구,4,목요일,2,외지인(b),99998.5,20240516
30110,동구,4,목요일,3,외국인(c),722.6000000000004,20240516
30140,중구,4,목요일,1,현지인(a),111944.0,20240516
30140,중구,4,목요일,2,외지인(b),114163.0,20240516
30140,중구,4,목요일,3,외국인(c),417.38999999999993,20240516
30170,서구,4,목요일,1,현지인(a),281753.5,20240516
30170,서구,4,목요일,2,외지인(b),154420.0,20240516
30170,서구,4,목요일,3,외국인(c),809.1599999999997,20240516
30200,유성구,4,목요일,1,현지인(a),262486.0,20240516
30200,유성구,4,목요일,2,외지인(b),148914.5,20240516
30200,유성구,4,목요일,3,외국인(c),1192.7600000000002,20240516
30230,대덕구,4,목요일,1,현지인(a),76181.0,20240516
30230,대덕구,4,목요일,2,외지인(b),69177.5,20240516
30230,대덕구,4,목요일,3,외국인(c),418.0599999999999,20240516
30110,동구,5,금요일,1,현지인(a),100555.0,20240517
30110,동구,5,금요일,2,외지인(b),119311.5,20240517
30110,동구,5,금요일,3,외국인(c),733.1300000000001,20240517
30140,중구,5,금요일,1,현지인(a),113827.0,20240517
30140,중구,5,금요일,2,외지인(b),122202.5,20240517
30140,중구,5,금요일,3,외국인(c),402.2699999999999,20240517
30170,서구,5,금요일,1,현지인(a),287084.0,20240517
30170,서구,5,금요일,2,외지인(b),176095.5,20240517
30170,서구,5,금요일,3,외국인(c),742.2500000000001,20240517
30200,유성구,5,금요일,1,현지인(a),263203.5,20240517
30200,유성구,5,금요일,2,외지인(b),168595.0,20240517
30200,유성구,5,금요일,3,외국인(c),1125.26,20240517
30230,대덕구,5,금요일,1,현지인(a),77525.0,20240517
30230,대덕구,5,금요일,2,외지인(b),77301.0,20240517
30230,대덕구,5,금요일,3,외국인(c),424.3400000000001,20240517
30110,동구,6,토요일,1,현지인(a),89859.0,20240518
30110,동구,6,토요일,2,외지인(b),155498.0,20240518
30110,동구,6,토요일,3,외국인(c),760.6999999999997,20240518
30140,중구,6,토요일,1,현지인(a),103418.0,20240518
30140,중구,6,토요일,2,외지인(b),163723.0,20240518
30140,중구,6,토요일,3,외국인(c),411.45,20240518
30170,서구,6,토요일,1,현지인(a),256963.0,20240518
30170,서구,6,토요일,2,외지인(b),231497.0,20240518
30170,서구,6,토요일,3,외국인(c),749.0100000000001,20240518
30200,유성구,6,토요일,1,현지인(a),228389.0,20240518
30200,유성구,6,토요일,2,외지인(b),230464.5,20240518
30200,유성구,6,토요일,3,외국인(c),1080.3400000000004,20240518
30230,대덕구,6,토요일,1,현지인(a),68502.0,20240518
30230,대덕구,6,토요일,2,외지인(b),98490.0,20240518
30230,대덕구,6,토요일,3,외국인(c),414.08000000000004,20240518
30110,동구,7,일요일,1,현지인(a),87486.0,20240519
30110,동구,7,일요일,2,외지인(b),140273.0,20240519
30110,동구,7,일요일,3,외국인(c),801.3800000000001,20240519
30140,중구,7,일요일,1,현지인(a),100446.5,20240519
30140,중구,7,일요일,2,외지인(b),135807.0,20240519
30140,중구,7,일요일,3,외국인(c),354.87999999999994,20240519
30170,서구,7,일요일,1,현지인(a),248629.5,20240519
30170,서구,7,일요일,2,외지인(b),189738.5,20240519
30170,서구,7,일요일,3,외국인(c),730.8599999999999,20240519
30200,유성구,7,일요일,1,현지인(a),223968.5,20240519
30200,유성구,7,일요일,2,외지인(b),185311.0,20240519
30200,유성구,7,일요일,3,외국인(c),961.2,20240519
30230,대덕구,7,일요일,1,현지인(a),65446.5,20240519
30230,대덕구,7,일요일,2,외지인(b),81627.0,20240519
30230,대덕구,7,일요일,3,외국인(c),387.9099999999999,20240519
30110,동구,1,월요일,1,현지인(a),100271.5,20240520
30110,동구,1,월요일,2,외지인(b),97359.5,20240520
30110,동구,1,월요일,3,외국인(c),674.8900000000001,20240520
30140,중구,1,월요일,1,현지인(a),111667.5,20240520
30140,중구,1,월요일,2,외지인(b),105077.0,20240520
30140,중구,1,월요일,3,외국인(c),359.61,20240520
30170,서구,1,월요일,1,현지인(a),280514.5,20240520
30170,서구,1,월요일,2,외지인(b),145869.5,20240520
30170,서구,1,월요일,3,외국인(c),777.9499999999999,20240520
30200,유성구,1,월요일,1,현지인(a),261884.0,20240520
30200,유성구,1,월요일,2,외지인(b),140266.0,20240520
30200,유성구,1,월요일,3,외국인(c),1092.9,20240520
30230,대덕구,1,월요일,1,현지인(a),76170.5,20240520
30230,대덕구,1,월요일,2,외지인(b),68033.0,20240520
30230,대덕구,1,월요일,3,외국인(c),463.25999999999993,20240520
30110,동구,2,화요일,1,현지인(a),100331.0,20240521
30110,동구,2,화요일,2,외지인(b),97419.0,20240521
30110,동구,2,화요일,3,외국인(c),619.4000000000001,20240521
30140,중구,2,화요일,1,현지인(a),111328.0,20240521
30140,중구,2,화요일,2,외지인(b),113729.0,20240521
30140,중구,2,화요일,3,외국인(c),317.93999999999994,20240521
30170,서구,2,화요일,1,현지인(a),279888.0,20240521
30170,서구,2,화요일,2,외지인(b),152281.5,20240521
30170,서구,2,화요일,3,외국인(c),770.8000000000002,20240521
30200,유성구,2,화요일,1,현지인(a),264124.0,20240521
30200,유성구,2,화요일,2,외지인(b),150661.0,20240521
30200,유성구,2,화요일,3,외국인(c),1133.2400000000002,20240521
30230,대덕구,2,화요일,1,현지인(a),75642.0,20240521
30230,대덕구,2,화요일,2,외지인(b),67896.5,20240521
30230,대덕구,2,화요일,3,외국인(c),398.9600000000001,20240521
30110,동구,3,수요일,1,현지인(a),99564.5,20240522
30110,동구,3,수요일,2,외지인(b),102049.5,20240522
30110,동구,3,수요일,3,외국인(c),691.0,20240522
30140,중구,3,수요일,1,현지인(a),111657.0,20240522
30140,중구,3,수요일,2,외지인(b),114383.5,20240522
30140,중구,3,수요일,3,외국인(c),443.3600000000001,20240522
30170,서구,3,수요일,1,현지인(a),283531.5,20240522
30170,서구,3,수요일,2,외지인(b),158578.0,20240522
30170,서구,3,수요일,3,외국인(c),816.7699999999998,20240522
30200,유성구,3,수요일,1,현지인(a),264428.5,20240522
30200,유성구,3,수요일,2,외지인(b),152859.0,20240522
30200,유성구,3,수요일,3,외국인(c),1263.15,20240522
30230,대덕구,3,수요일,1,현지인(a),76265.0,20240522
30230,대덕구,3,수요일,2,외지인(b),71333.5,20240522
30230,대덕구,3,수요일,3,외국인(c),469.01,20240522
30110,동구,4,목요일,1,현지인(a),99260.0,20240523
30110,동구,4,목요일,2,외지인(b),107019.5,20240523
30110,동구,4,목요일,3,외국인(c),707.8899999999999,20240523
30140,중구,4,목요일,1,현지인(a),112182.0,20240523
30140,중구,4,목요일,2,외지인(b),117677.0,20240523
30140,중구,4,목요일,3,외국인(c),444.30999999999995,20240523
30170,서구,4,목요일,1,현지인(a),281760.5,20240523
30170,서구,4,목요일,2,외지인(b),157262.0,20240523
30170,서구,4,목요일,3,외국인(c),870.3199999999997,20240523
30200,유성구,4,목요일,1,현지인(a),263200.0,20240523
30200,유성구,4,목요일,2,외지인(b),155186.5,20240523
30200,유성구,4,목요일,3,외국인(c),1275.4800000000002,20240523
30230,대덕구,4,목요일,1,현지인(a),76412.0,20240523
30230,대덕구,4,목요일,2,외지인(b),74861.5,20240523
30230,대덕구,4,목요일,3,외국인(c),522.8399999999999,20240523
30110,동구,5,금요일,1,현지인(a),99774.5,20240524
30110,동구,5,금요일,2,외지인(b),123091.5,20240524
30110,동구,5,금요일,3,외국인(c),785.4499999999999,20240524
30140,중구,5,금요일,1,현지인(a),113144.5,20240524
30140,중구,5,금요일,2,외지인(b),127515.5,20240524
30140,중구,5,금요일,3,외국인(c),397.4899999999999,20240524
30170,서구,5,금요일,1,현지인(a),285712.0,20240524
30170,서구,5,금요일,2,외지인(b),180932.5,20240524
30170,서구,5,금요일,3,외국인(c),876.9200000000001,20240524
30200,유성구,5,금요일,1,현지인(a),263382.0,20240524
30200,유성구,5,금요일,2,외지인(b),175287.0,20240524
30200,유성구,5,금요일,3,외국인(c),1179.9599999999996,20240524
30230,대덕구,5,금요일,1,현지인(a),76986.0,20240524
30230,대덕구,5,금요일,2,외지인(b),83828.5,20240524
30230,대덕구,5,금요일,3,외국인(c),424.58000000000004,20240524
30110,동구,6,토요일,1,현지인(a),89351.5,20240525
30110,동구,6,토요일,2,외지인(b),160002.5,20240525
30110,동구,6,토요일,3,외국인(c),665.37,20240525
30140,중구,6,토요일,1,현지인(a),103512.5,20240525
30140,중구,6,토요일,2,외지인(b),169932.0,20240525
30140,중구,6,토요일,3,외국인(c),404.5299999999999,20240525
30170,서구,6,토요일,1,현지인(a),256739.0,20240525
30170,서구,6,토요일,2,외지인(b),237177.5,20240525
30170,서구,6,토요일,3,외국인(c),766.2699999999999,20240525
30200,유성구,6,토요일,1,현지인(a),227073.0,20240525
30200,유성구,6,토요일,2,외지인(b),227867.5,20240525
30200,유성구,6,토요일,3,외국인(c),1026.99,20240525
30230,대덕구,6,토요일,1,현지인(a),67714.5,20240525
30230,대덕구,6,토요일,2,외지인(b),96827.5,20240525
30230,대덕구,6,토요일,3,외국인(c),380.85999999999984,20240525
30110,동구,7,일요일,1,현지인(a),84927.5,20240526
30110,동구,7,일요일,2,외지인(b),132433.0,20240526
30110,동구,7,일요일,3,외국인(c),669.34,20240526
30140,중구,7,일요일,1,현지인(a),97905.5,20240526
30140,중구,7,일요일,2,외지인(b),130623.5,20240526
30140,중구,7,일요일,3,외국인(c),361.5299999999999,20240526
30170,서구,7,일요일,1,현지인(a),240873.5,20240526
30170,서구,7,일요일,2,외지인(b),187561.5,20240526
30170,서구,7,일요일,3,외국인(c),760.9,20240526
30200,유성구,7,일요일,1,현지인(a),217563.5,20240526
30200,유성구,7,일요일,2,외지인(b),180358.5,20240526
30200,유성구,7,일요일,3,외국인(c),968.0100000000001,20240526
30230,대덕구,7,일요일,1,현지인(a),64074.5,20240526
30230,대덕구,7,일요일,2,외지인(b),78820.0,20240526
30230,대덕구,7,일요일,3,외국인(c),334.78,20240526
30110,동구,1,월요일,1,현지인(a),99071.0,20240527
30110,동구,1,월요일,2,외지인(b),96820.5,20240527
30110,동구,1,월요일,3,외국인(c),751.27,20240527
30140,중구,1,월요일,1,현지인(a),111681.5,20240527
30140,중구,1,월요일,2,외지인(b),105385.0,20240527
30140,중구,1,월요일,3,외국인(c),371.82,20240527
30170,서구,1,월요일,1,현지인(a),280273.0,20240527
30170,서구,1,월요일,2,외지인(b),153769.0,20240527
30170,서구,1,월요일,3,외국인(c),788.4899999999998,20240527
30200,유성구,1,월요일,1,현지인(a),262965.5,20240527
30200,유성구,1,월요일,2,외지인(b),150783.5,20240527
30200,유성구,1,월요일,3,외국인(c),1073.29,20240527
30230,대덕구,1,월요일,1,현지인(a),75876.5,20240527
30230,대덕구,1,월요일,2,외지인(b),67669.0,20240527
30230,대덕구,1,월요일,3,외국인(c),399.71,20240527
30110,동구,2,화요일,1,현지인(a),99687.0,20240528
30110,동구,2,화요일,2,외지인(b),99484.0,20240528
30110,동구,2,화요일,3,외국인(c),646.6200000000001,20240528
30140,중구,2,화요일,1,현지인(a),112325.5,20240528
30140,중구,2,화요일,2,외지인(b),116560.5,20240528
30140,중구,2,화요일,3,외국인(c),402.71999999999997,20240528
30170,서구,2,화요일,1,현지인(a),281372.0,20240528
30170,서구,2,화요일,2,외지인(b),155781.5,20240528
30170,서구,2,화요일,3,외국인(c),768.3299999999997,20240528
30200,유성구,2,화요일,1,현지인(a),264351.5,20240528
30200,유성구,2,화요일,2,외지인(b),160184.5,20240528
30200,유성구,2,화요일,3,외국인(c),1229.5,20240528
30230,대덕구,2,화요일,1,현지인(a),77406.0,20240528
30230,대덕구,2,화요일,2,외지인(b),70584.5,20240528
30230,대덕구,2,화요일,3,외국인(c),449.41999999999996,20240528
30110,동구,3,수요일,1,현지인(a),99323.0,20240529
30110,동구,3,수요일,2,외지인(b),100828.0,20240529
30110,동구,3,수요일,3,외국인(c),621.7899999999997,20240529
30140,중구,3,수요일,1,현지인(a),111944.0,20240529
30140,중구,3,수요일,2,외지인(b),117820.5,20240529
30140,중구,3,수요일,3,외국인(c),361.30999999999995,20240529
30170,서구,3,수요일,1,현지인(a),283794.0,20240529
30170,서구,3,수요일,2,외지인(b),162522.5,20240529
30170,서구,3,수요일,3,외국인(c),755.05,20240529
30200,유성구,3,수요일,1,현지인(a),264880.0,20240529
30200,유성구,3,수요일,2,외지인(b),168087.5,20240529
30200,유성구,3,수요일,3,외국인(c),1265.63,20240529
30230,대덕구,3,수요일,1,현지인(a),76139.0,20240529
30230,대덕구,3,수요일,2,외지인(b),71018.5,20240529
30230,대덕구,3,수요일,3,외국인(c),400.44,20240529
30110,동구,4,목요일,1,현지인(a),98245.0,20240530
30110,동구,4,목요일,2,외지인(b),102091.5,20240530
30110,동구,4,목요일,3,외국인(c),747.3400000000001,20240530
30140,중구,4,목요일,1,현지인(a),111898.5,20240530
30140,중구,4,목요일,2,외지인(b),116410.0,20240530
30140,중구,4,목요일,3,외국인(c),515.8999999999999,20240530
30170,서구,4,목요일,1,현지인(a),281270.5,20240530
30170,서구,4,목요일,2,외지인(b),162260.0,20240530
30170,서구,4,목요일,3,외국인(c),743.1899999999998,20240530
30200,유성구,4,목요일,1,현지인(a),262402.0,20240530
30200,유성구,4,목요일,2,외지인(b),164584.0,20240530
30200,유성구,4,목요일,3,외국인(c),1196.2099999999998,20240530
30230,대덕구,4,목요일,1,현지인(a),75614.0,20240530
30230,대덕구,4,목요일,2,외지인(b),70822.5,20240530
30230,대덕구,4,목요일,3,외국인(c),423.97,20240530
30110,동구,5,금요일,1,현지인(a),98875.0,20240531
30110,동구,5,금요일,2,외지인(b),123144.0,20240531
30110,동구,5,금요일,3,외국인(c),629.9399999999999,20240531
30140,중구,5,금요일,1,현지인(a),112994.0,20240531
30140,중구,5,금요일,2,외지인(b),125181.0,20240531
30140,중구,5,금요일,3,외국인(c),489.0199999999999,20240531
30170,서구,5,금요일,1,현지인(a),285719.0,20240531
30170,서구,5,금요일,2,외지인(b),184380.0,20240531
30170,서구,5,금요일,3,외국인(c),790.6800000000001,20240531
30200,유성구,5,금요일,1,현지인(a),263074.0,20240531
30200,유성구,5,금요일,2,외지인(b),181898.5,20240531
30200,유성구,5,금요일,3,외국인(c),1282.1799999999996,20240531
30230,대덕구,5,금요일,1,현지인(a),76671.0,20240531
30230,대덕구,5,금요일,2,외지인(b),77588.0,20240531
30230,대덕구,5,금요일,3,외국인(c),469.3599999999999,20240531
30110,동구,6,토요일,1,현지인(a),88826.5,20240601
30110,동구,6,토요일,2,외지인(b),142058.0,20240601
30110,동구,6,토요일,3,외국인(c),573.9899999999998,20240601
30140,중구,6,토요일,1,현지인(a),106970.5,20240601
30140,중구,6,토요일,2,외지인(b),151896.5,20240601
30140,중구,6,토요일,3,외국인(c),354.1000000000001,20240601
30170,서구,6,토요일,1,현지인(a),260081.5,20240601
30170,서구,6,토요일,2,외지인(b),212814.0,20240601
30170,서구,6,토요일,3,외국인(c),736.7699999999999,20240601
30200,유성구,6,토요일,1,현지인(a),232445.5,20240601
30200,유성구,6,토요일,2,외지인(b),217371.0,20240601
30200,유성구,6,토요일,3,외국인(c),1060.0500000000002,20240601
30230,대덕구,6,토요일,1,현지인(a),68869.5,20240601
30230,대덕구,6,토요일,2,외지인(b),86327.5,20240601
30230,대덕구,6,토요일,3,외국인(c),420.51000000000005,20240601
30110,동구,7,일요일,1,현지인(a),86362.5,20240602
30110,동구,7,일요일,2,외지인(b),122916.5,20240602
30110,동구,7,일요일,3,외국인(c),601.7199999999999,20240602
30140,중구,7,일요일,1,현지인(a),104251.0,20240602
30140,중구,7,일요일,2,외지인(b),130683.0,20240602
30140,중구,7,일요일,3,외국인(c),332.41,20240602
30170,서구,7,일요일,1,현지인(a),250915.0,20240602
30170,서구,7,일요일,2,외지인(b),174709.5,20240602
30170,서구,7,일요일,3,외국인(c),656.44,20240602
30200,유성구,7,일요일,1,현지인(a),227633.0,20240602
30200,유성구,7,일요일,2,외지인(b),180166.0,20240602
30200,유성구,7,일요일,3,외국인(c),1032.0499999999997,20240602
30230,대덕구,7,일요일,1,현지인(a),65835.0,20240602
30230,대덕구,7,일요일,2,외지인(b),73510.5,20240602
30230,대덕구,7,일요일,3,외국인(c),403.66,20240602
30110,동구,1,월요일,1,현지인(a),99974.0,20240603
30110,동구,1,월요일,2,외지인(b),83888.0,20240603
30110,동구,1,월요일,3,외국인(c),579.16,20240603
30140,중구,1,월요일,1,현지인(a),115409.0,20240603
30140,중구,1,월요일,2,외지인(b),90730.5,20240603
30140,중구,1,월요일,3,외국인(c),344.67999999999995,20240603
30170,서구,1,월요일,1,현지인(a),286779.5,20240603
30170,서구,1,월요일,2,외지인(b),130427.5,20240603
30170,서구,1,월요일,3,외국인(c),682.79,20240603
30200,유성구,1,월요일,1,현지인(a),268324.0,20240603
30200,유성구,1,월요일,2,외지인(b),130168.5,20240603
30200,유성구,1,월요일,3,외국인(c),1258.8599999999994,20240603
30230,대덕구,1,월요일,1,현지인(a),76671.0,20240603
30230,대덕구,1,월요일,2,외지인(b),59370.5,20240603
30230,대덕구,1,월요일,3,외국인(c),441.5200000000001,20240603
30110,동구,2,화요일,1,현지인(a),100387.0,20240604
30110,동구,2,화요일,2,외지인(b),86586.5,20240604
30110,동구,2,화요일,3,외국인(c),488.9199999999999,20240604
30140,중구,2,화요일,1,현지인(a),115871.0,20240604
30140,중구,2,화요일,2,외지인(b),95119.5,20240604
30140,중구,2,화요일,3,외국인(c),395.25,20240604
30170,서구,2,화요일,1,현지인(a),287112.0,20240604
30170,서구,2,화요일,2,외지인(b),137154.5,20240604
30170,서구,2,화요일,3,외국인(c),680.6099999999998,20240604
30200,유성구,2,화요일,1,현지인(a),270882.5,20240604
30200,유성구,2,화요일,2,외지인(b),139818.0,20240604
30200,유성구,2,화요일,3,외국인(c),1148.41,20240604
30230,대덕구,2,화요일,1,현지인(a),76755.0,20240604
30230,대덕구,2,화요일,2,외지인(b),60725.0,20240604
30230,대덕구,2,화요일,3,외국인(c),371.47000000000014,20240604
30110,동구,3,수요일,1,현지인(a),101720.5,20240605
30110,동구,3,수요일,2,외지인(b),100219.0,20240605
30110,동구,3,수요일,3,외국인(c),580.41,20240605
30140,중구,3,수요일,1,현지인(a),117498.5,20240605
30140,중구,3,수요일,2,외지인(b),105308.0,20240605
30140,중구,3,수요일,3,외국인(c),368.61999999999995,20240605
30170,서구,3,수요일,1,현지인(a),293954.5,20240605
30170,서구,3,수요일,2,외지인(b),154024.5,20240605
30170,서구,3,수요일,3,외국인(c),757.6999999999998,20240605
30200,유성구,3,수요일,1,현지인(a),274515.5,20240605
30200,유성구,3,수요일,2,외지인(b),154511.0,20240605
30200,유성구,3,수요일,3,외국인(c),1242.2999999999997,20240605
30230,대덕구,3,수요일,1,현지인(a),77749.0,20240605
30230,대덕구,3,수요일,2,외지인(b),65789.5,20240605
30230,대덕구,3,수요일,3,외국인(c),465.83000000000004,20240605
30110,동구,4,목요일,1,현지인(a),88021.5,20240606
30110,동구,4,목요일,2,외지인(b),122437.0,20240606
30110,동구,4,목요일,3,외국인(c),546.93,20240606
30140,중구,4,목요일,1,현지인(a),103649.0,20240606
30140,중구,4,목요일,2,외지인(b),133308.0,20240606
30140,중구,4,목요일,3,외국인(c),390.4,20240606
30170,서구,4,목요일,1,현지인(a),250302.5,20240606
30170,서구,4,목요일,2,외지인(b),169011.5,20240606
30170,서구,4,목요일,3,외국인(c),689.4100000000002,20240606
30200,유성구,4,목요일,1,현지인(a),230104.0,20240606
30200,유성구,4,목요일,2,외지인(b),193172.0,20240606
30200,유성구,4,목요일,3,외국인(c),1141.0699999999997,20240606
30230,대덕구,4,목요일,1,현지인(a),67042.5,20240606
30230,대덕구,4,목요일,2,외지인(b),78018.5,20240606
30230,대덕구,4,목요일,3,외국인(c),398.23000000000013,20240606
30110,동구,5,금요일,1,현지인(a),96327.0,20240607
30110,동구,5,금요일,2,외지인(b),113288.0,20240607
30110,동구,5,금요일,3,외국인(c),622.7599999999999,20240607
30140,중구,5,금요일,1,현지인(a),114614.5,20240607
30140,중구,5,금요일,2,외지인(b),136111.5,20240607
30140,중구,5,금요일,3,외국인(c),442.50000000000006,20240607
30170,서구,5,금요일,1,현지인(a),277620.0,20240607
30170,서구,5,금요일,2,외지인(b),174846.0,20240607
30170,서구,5,금요일,3,외국인(c),754.3199999999999,20240607
30200,유성구,5,금요일,1,현지인(a),253169.0,20240607
30200,유성구,5,금요일,2,외지인(b),167713.0,20240607
30200,유성구,5,금요일,3,외국인(c),1045.2299999999998,20240607
30230,대덕구,5,금요일,1,현지인(a),73755.5,20240607
30230,대덕구,5,금요일,2,외지인(b),70514.5,20240607
30230,대덕구,5,금요일,3,외국인(c),393.53,20240607
30110,동구,6,토요일,1,현지인(a),87307.5,20240608
30110,동구,6,토요일,2,외지인(b),139853.0,20240608
30110,동구,6,토요일,3,외국인(c),627.9199999999997,20240608
30140,중구,6,토요일,1,현지인(a),104744.5,20240608
30140,중구,6,토요일,2,외지인(b),161010.5,20240608
30140,중구,6,토요일,3,외국인(c),409.36000000000007,20240608
30170,서구,6,토요일,1,현지인(a),251688.5,20240608
30170,서구,6,토요일,2,외지인(b),208383.0,20240608
30170,서구,6,토요일,3,외국인(c),648.6799999999998,20240608
30200,유성구,6,토요일,1,현지인(a),223471.5,20240608
30200,유성구,6,토요일,2,외지인(b),200137.0,20240608
30200,유성구,6,토요일,3,외국인(c),1039.5399999999997,20240608
30230,대덕구,6,토요일,1,현지인(a),66468.5,20240608
30230,대덕구,6,토요일,2,외지인(b),85512.0,20240608
30230,대덕구,6,토요일,3,외국인(c),391.3900000000001,20240608
30110,동구,7,일요일,1,현지인(a),86103.5,20240609
30110,동구,7,일요일,2,외지인(b),123256.0,20240609
30110,동구,7,일요일,3,외국인(c),537.5099999999999,20240609
30140,중구,7,일요일,1,현지인(a),102567.5,20240609
30140,중구,7,일요일,2,외지인(b),128978.5,20240609
30140,중구,7,일요일,3,외국인(c),364.27,20240609
30170,서구,7,일요일,1,현지인(a),249319.0,20240609
30170,서구,7,일요일,2,외지인(b),168084.0,20240609
30170,서구,7,일요일,3,외국인(c),661.5099999999999,20240609
30200,유성구,7,일요일,1,현지인(a),226625.0,20240609
30200,유성구,7,일요일,2,외지인(b),166278.0,20240609
30200,유성구,7,일요일,3,외국인(c),961.5999999999998,20240609
30230,대덕구,7,일요일,1,현지인(a),65362.5,20240609
30230,대덕구,7,일요일,2,외지인(b),74970.0,20240609
30230,대덕구,7,일요일,3,외국인(c),399.99,20240609
30110,동구,1,월요일,1,현지인(a),100065.0,20240610
30110,동구,1,월요일,2,외지인(b),88952.5,20240610
30110,동구,1,월요일,3,외국인(c),563.1700000000001,20240610
30140,중구,1,월요일,1,현지인(a),116098.5,20240610
30140,중구,1,월요일,2,외지인(b),95872.0,20240610
30140,중구,1,월요일,3,외국인(c),381.46,20240610
30170,서구,1,월요일,1,현지인(a),286415.5,20240610
30170,서구,1,월요일,2,외지인(b),139142.5,20240610
30170,서구,1,월요일,3,외국인(c),660.6899999999999,20240610
30200,유성구,1,월요일,1,현지인(a),266987.0,20240610
30200,유성구,1,월요일,2,외지인(b),134424.5,20240610
30200,유성구,1,월요일,3,외국인(c),1020.62,20240610
30230,대덕구,1,월요일,1,현지인(a),76058.5,20240610
30230,대덕구,1,월요일,2,외지인(b),62261.5,20240610
30230,대덕구,1,월요일,3,외국인(c),406.21999999999997,20240610
30110,동구,2,화요일,1,현지인(a),99484.0,20240611
30110,동구,2,화요일,2,외지인(b),89313.0,20240611
30110,동구,2,화요일,3,외국인(c),610.4,20240611
30140,중구,2,화요일,1,현지인(a),114677.5,20240611
30140,중구,2,화요일,2,외지인(b),96677.0,20240611
30140,중구,2,화요일,3,외국인(c),380.2100000000001,20240611
30170,서구,2,화요일,1,현지인(a),287847.0,20240611
30170,서구,2,화요일,2,외지인(b),147248.5,20240611
30170,서구,2,화요일,3,외국인(c),746.03,20240611
30200,유성구,2,화요일,1,현지인(a),267715.0,20240611
30200,유성구,2,화요일,2,외지인(b),139513.5,20240611
30200,유성구,2,화요일,3,외국인(c),1182.3100000000002,20240611
30230,대덕구,2,화요일,1,현지인(a),77035.0,20240611
30230,대덕구,2,화요일,2,외지인(b),63787.5,20240611
30230,대덕구,2,화요일,3,외국인(c),473.72999999999996,20240611
30110,동구,3,수요일,1,현지인(a),100114.0,20240612
30110,동구,3,수요일,2,외지인(b),89778.5,20240612
30110,동구,3,수요일,3,외국인(c),543.5999999999999,20240612
30140,중구,3,수요일,1,현지인(a),115654.0,20240612
30140,중구,3,수요일,2,외지인(b),99428.0,20240612
30140,중구,3,수요일,3,외국인(c),351.06999999999994,20240612
30170,서구,3,수요일,1,현지인(a),289744.0,20240612
30170,서구,3,수요일,2,외지인(b),146191.5,20240612
30170,서구,3,수요일,3,외국인(c),705.3799999999999,20240612
30200,유성구,3,수요일,1,현지인(a),269248.0,20240612
30200,유성구,3,수요일,2,외지인(b),142271.5,20240612
30200,유성구,3,수요일,3,외국인(c),1339.7600000000002,20240612
30230,대덕구,3,수요일,1,현지인(a),76534.5,20240612
30230,대덕구,3,수요일,2,외지인(b),63336.0,20240612
30230,대덕구,3,수요일,3,외국인(c),462.2,20240612
30110,동구,4,목요일,1,현지인(a),99981.0,20240613
30110,동구,4,목요일,2,외지인(b),92144.5,20240613
30110,동구,4,목요일,3,외국인(c),563.49,20240613
30140,중구,4,목요일,1,현지인(a),115391.5,20240613
30140,중구,4,목요일,2,외지인(b),100723.0,20240613
30140,중구,4,목요일,3,외국인(c),482.4699999999999,20240613
30170,서구,4,목요일,1,현지인(a),286191.5,20240613
30170,서구,4,목요일,2,외지인(b),148690.5,20240613
30170,서구,4,목요일,3,외국인(c),824.5499999999998,20240613
30200,유성구,4,목요일,1,현지인(a),268513.0,20240613
30200,유성구,4,목요일,2,외지인(b),146384.0,20240613
30200,유성구,4,목요일,3,외국인(c),1270.9400000000003,20240613
30230,대덕구,4,목요일,1,현지인(a),76433.0,20240613
30230,대덕구,4,목요일,2,외지인(b),64830.5,20240613
30230,대덕구,4,목요일,3,외국인(c),426.80999999999995,20240613
30110,동구,5,금요일,1,현지인(a),100117.5,20240614
30110,동구,5,금요일,2,외지인(b),108944.5,20240614
30110,동구,5,금요일,3,외국인(c),534.37,20240614
30140,중구,5,금요일,1,현지인(a),117299.0,20240614
30140,중구,5,금요일,2,외지인(b),120988.0,20240614
30140,중구,5,금요일,3,외국인(c),484.45000000000005,20240614
30170,서구,5,금요일,1,현지인(a),289859.5,20240614
30170,서구,5,금요일,2,외지인(b),166722.5,20240614
30170,서구,5,금요일,3,외국인(c),759.9599999999997,20240614
30200,유성구,5,금요일,1,현지인(a),268159.5,20240614
30200,유성구,5,금요일,2,외지인(b),162862.0,20240614
30200,유성구,5,금요일,3,외국인(c),1238.4399999999996,20240614
30230,대덕구,5,금요일,1,현지인(a),76916.0,20240614
30230,대덕구,5,금요일,2,외지인(b),70378.0,20240614
30230,대덕구,5,금요일,3,외국인(c),394.96,20240614
30110,동구,6,토요일,1,현지인(a),89442.5,20240615
30110,동구,6,토요일,2,외지인(b),146919.5,20240615
30110,동구,6,토요일,3,외국인(c),573.7299999999999,20240615
30140,중구,6,토요일,1,현지인(a),106911.0,20240615
30140,중구,6,토요일,2,외지인(b),165049.5,20240615
30140,중구,6,토요일,3,외국인(c),387.22,20240615
30170,서구,6,토요일,1,현지인(a),257659.5,20240615
30170,서구,6,토요일,2,외지인(b),218179.5,20240615
30170,서구,6,토요일,3,외국인(c),774.5899999999998,20240615
30200,유성구,6,토요일,1,현지인(a),228823.0,20240615
30200,유성구,6,토요일,2,외지인(b),205110.5,20240615
30200,유성구,6,토요일,3,외국인(c),1047.7199999999998,20240615
30230,대덕구,6,토요일,1,현지인(a),67760.0,20240615
30230,대덕구,6,토요일,2,외지인(b),88987.5,20240615
30230,대덕구,6,토요일,3,외국인(c),403.95,20240615
30110,동구,7,일요일,1,현지인(a),87251.5,20240616
30110,동구,7,일요일,2,외지인(b),128425.5,20240616
30110,동구,7,일요일,3,외국인(c),573.9,20240616
30140,중구,7,일요일,1,현지인(a),103740.0,20240616
30140,중구,7,일요일,2,외지인(b),138866.0,20240616
30140,중구,7,일요일,3,외국인(c),358.46000000000004,20240616
30170,서구,7,일요일,1,현지인(a),251111.0,20240616
30170,서구,7,일요일,2,외지인(b),177807.0,20240616
30170,서구,7,일요일,3,외국인(c),828.3599999999999,20240616
30200,유성구,7,일요일,1,현지인(a),225067.5,20240616
30200,유성구,7,일요일,2,외지인(b),170670.5,20240616
30200,유성구,7,일요일,3,외국인(c),1097.6299999999999,20240616
30230,대덕구,7,일요일,1,현지인(a),65649.5,20240616
30230,대덕구,7,일요일,2,외지인(b),77231.0,20240616
30230,대덕구,7,일요일,3,외국인(c),404.9100000000001,20240616
30110,동구,1,월요일,1,현지인(a),99956.5,20240617
30110,동구,1,월요일,2,외지인(b),92662.5,20240617
30110,동구,1,월요일,3,외국인(c),635.1900000000002,20240617
30140,중구,1,월요일,1,현지인(a),115692.5,20240617
30140,중구,1,월요일,2,외지인(b),100796.5,20240617
30140,중구,1,월요일,3,외국인(c),427.14000000000016,20240617
30170,서구,1,월요일,1,현지인(a),284774.0,20240617
30170,서구,1,월요일,2,외지인(b),145411.0,20240617
30170,서구,1,월요일,3,외국인(c),757.4799999999998,20240617
30200,유성구,1,월요일,1,현지인(a),262993.5,20240617
30200,유성구,1,월요일,2,외지인(b),142723.0,20240617
30200,유성구,1,월요일,3,외국인(c),1265.1099999999997,20240617
30230,대덕구,1,월요일,1,현지인(a),75960.5,20240617
30230,대덕구,1,월요일,2,외지인(b),65397.5,20240617
30230,대덕구,1,월요일,3,외국인(c),507.21999999999997,20240617
30110,동구,2,화요일,1,현지인(a),98126.0,20240618
30110,동구,2,화요일,2,외지인(b),92172.5,20240618
30110,동구,2,화요일,3,외국인(c),588.14,20240618
30140,중구,2,화요일,1,현지인(a),114782.5,20240618
30140,중구,2,화요일,2,외지인(b),100250.5,20240618
30140,중구,2,화요일,3,외국인(c),447.06,20240618
30170,서구,2,화요일,1,현지인(a),286090.0,20240618
30170,서구,2,화요일,2,외지인(b),151420.5,20240618
30170,서구,2,화요일,3,외국인(c),717.96,20240618
30200,유성구,2,화요일,1,현지인(a),264323.5,20240618
30200,유성구,2,화요일,2,외지인(b),148771.0,20240618
30200,유성구,2,화요일,3,외국인(c),1323.5599999999997,20240618
30230,대덕구,2,화요일,1,현지인(a),76051.5,20240618
30230,대덕구,2,화요일,2,외지인(b),66346.0,20240618
30230,대덕구,2,화요일,3,외국인(c),470.71,20240618
30110,동구,3,수요일,1,현지인(a),97867.0,20240619
30110,동구,3,수요일,2,외지인(b),94342.5,20240619
30110,동구,3,수요일,3,외국인(c),641.8399999999998,20240619
30140,중구,3,수요일,1,현지인(a),116588.5,20240619
30140,중구,3,수요일,2,외지인(b),105091.0,20240619
30140,중구,3,수요일,3,외국인(c),374.8299999999999,20240619
30170,서구,3,수요일,1,현지인(a),288211.0,20240619
30170,서구,3,수요일,2,외지인(b),154297.5,20240619
30170,서구,3,수요일,3,외국인(c),772.8199999999999,20240619
30200,유성구,3,수요일,1,현지인(a),264803.0,20240619
30200,유성구,3,수요일,2,외지인(b),153520.5,20240619
30200,유성구,3,수요일,3,외국인(c),1254.97,20240619
30230,대덕구,3,수요일,1,현지인(a),76569.5,20240619
30230,대덕구,3,수요일,2,외지인(b),67791.5,20240619
30230,대덕구,3,수요일,3,외국인(c),474.2099999999999,20240619
30110,동구,4,목요일,1,현지인(a),97170.5,20240620
30110,동구,4,목요일,2,외지인(b),99256.5,20240620
30110,동구,4,목요일,3,외국인(c),570.05,20240620
30140,중구,4,목요일,1,현지인(a),117064.5,20240620
30140,중구,4,목요일,2,외지인(b),110670.0,20240620
30140,중구,4,목요일,3,외국인(c),415.2799999999999,20240620
30170,서구,4,목요일,1,현지인(a),287413.0,20240620
30170,서구,4,목요일,2,외지인(b),158336.5,20240620
30170,서구,4,목요일,3,외국인(c),838.65,20240620
30200,유성구,4,목요일,1,현지인(a),265258.0,20240620
30200,유성구,4,목요일,2,외지인(b),153608.0,20240620
30200,유성구,4,목요일,3,외국인(c),1241.82,20240620
30230,대덕구,4,목요일,1,현지인(a),75796.0,20240620
30230,대덕구,4,목요일,2,외지인(b),70686.0,20240620
30230,대덕구,4,목요일,3,외국인(c),491.24,20240620
30110,동구,5,금요일,1,현지인(a),97674.5,20240621
30110,동구,5,금요일,2,외지인(b),115783.5,20240621
30110,동구,5,금요일,3,외국인(c),677.0700000000002,20240621
30140,중구,5,금요일,1,현지인(a),117967.5,20240621
30140,중구,5,금요일,2,외지인(b),123634.0,20240621
30140,중구,5,금요일,3,외국인(c),422.31000000000006,20240621
30170,서구,5,금요일,1,현지인(a),289254.0,20240621
30170,서구,5,금요일,2,외지인(b),177516.5,20240621
30170,서구,5,금요일,3,외국인(c),915.6,20240621
30200,유성구,5,금요일,1,현지인(a),263770.5,20240621
30200,유성구,5,금요일,2,외지인(b),171965.5,20240621
30200,유성구,5,금요일,3,외국인(c),1125.7300000000002,20240621
30230,대덕구,5,금요일,1,현지인(a),76492.5,20240621
30230,대덕구,5,금요일,2,외지인(b),73937.5,20240621
30230,대덕구,5,금요일,3,외국인(c),423.58000000000004,20240621
30110,동구,6,토요일,1,현지인(a),85753.5,20240622
30110,동구,6,토요일,2,외지인(b),140801.5,20240622
30110,동구,6,토요일,3,외국인(c),628.1699999999996,20240622
30140,중구,6,토요일,1,현지인(a),104898.5,20240622
30140,중구,6,토요일,2,외지인(b),150090.5,20240622
30140,중구,6,토요일,3,외국인(c),320.98999999999984,20240622
30170,서구,6,토요일,1,현지인(a),251835.5,20240622
30170,서구,6,토요일,2,외지인(b),219705.5,20240622
30170,서구,6,토요일,3,외국인(c),841.3199999999998,20240622
30200,유성구,6,토요일,1,현지인(a),220965.5,20240622
30200,유성구,6,토요일,2,외지인(b),204788.5,20240622
30200,유성구,6,토요일,3,외국인(c),1023.3799999999998,20240622
30230,대덕구,6,토요일,1,현지인(a),66643.5,20240622
30230,대덕구,6,토요일,2,외지인(b),87832.5,20240622
30230,대덕구,6,토요일,3,외국인(c),397.86,20240622
30110,동구,7,일요일,1,현지인(a),83898.5,20240623
30110,동구,7,일요일,2,외지인(b),120655.5,20240623
30110,동구,7,일요일,3,외국인(c),635.3399999999998,20240623
30140,중구,7,일요일,1,현지인(a),103589.5,20240623
30140,중구,7,일요일,2,외지인(b),128632.0,20240623
30140,중구,7,일요일,3,외국인(c),317.24000000000007,20240623
30170,서구,7,일요일,1,현지인(a),247114.0,20240623
30170,서구,7,일요일,2,외지인(b),179987.5,20240623
30170,서구,7,일요일,3,외국인(c),856.0999999999999,20240623
30200,유성구,7,일요일,1,현지인(a),220608.5,20240623
30200,유성구,7,일요일,2,외지인(b),170128.0,20240623
30200,유성구,7,일요일,3,외국인(c),1039.23,20240623
30230,대덕구,7,일요일,1,현지인(a),65593.5,20240623
30230,대덕구,7,일요일,2,외지인(b),77612.5,20240623
30230,대덕구,7,일요일,3,외국인(c),402.31999999999994,20240623
30110,동구,1,월요일,1,현지인(a),94839.5,20240624
30110,동구,1,월요일,2,외지인(b),97048.0,20240624
30110,동구,1,월요일,3,외국인(c),693.37,20240624
30140,중구,1,월요일,1,현지인(a),115384.5,20240624
30140,중구,1,월요일,2,외지인(b),106480.5,20240624
30140,중구,1,월요일,3,외국인(c),395.37,20240624
30170,서구,1,월요일,1,현지인(a),281624.0,20240624
30170,서구,1,월요일,2,외지인(b),156051.0,20240624
30170,서구,1,월요일,3,외국인(c),877.6999999999996,20240624
30200,유성구,1,월요일,1,현지인(a),257250.0,20240624
30200,유성구,1,월요일,2,외지인(b),148088.5,20240624
30200,유성구,1,월요일,3,외국인(c),1357.9899999999996,20240624
30230,대덕구,1,월요일,1,현지인(a),76702.5,20240624
30230,대덕구,1,월요일,2,외지인(b),67945.5,20240624
30230,대덕구,1,월요일,3,외국인(c),440.61000000000007,20240624
30110,동구,2,화요일,1,현지인(a),95102.0,20240625
30110,동구,2,화요일,2,외지인(b),101437.0,20240625
30110,동구,2,화요일,3,외국인(c),732.3700000000001,20240625
30140,중구,2,화요일,1,현지인(a),117351.5,20240625
30140,중구,2,화요일,2,외지인(b),120428.0,20240625
30140,중구,2,화요일,3,외국인(c),506.4200000000001,20240625
30170,서구,2,화요일,1,현지인(a),284333.0,20240625
30170,서구,2,화요일,2,외지인(b),160891.5,20240625
30170,서구,2,화요일,3,외국인(c),1022.8499999999998,20240625
30200,유성구,2,화요일,1,현지인(a),260361.5,20240625
30200,유성구,2,화요일,2,외지인(b),157146.5,20240625
30200,유성구,2,화요일,3,외국인(c),1435.5999999999992,20240625
30230,대덕구,2,화요일,1,현지인(a),76443.5,20240625
30230,대덕구,2,화요일,2,외지인(b),71330.0,20240625
30230,대덕구,2,화요일,3,외국인(c),503.73999999999995,20240625
30110,동구,3,수요일,1,현지인(a),95392.5,20240626
30110,동구,3,수요일,2,외지인(b),101328.5,20240626
30110,동구,3,수요일,3,외국인(c),638.0099999999999,20240626
30140,중구,3,수요일,1,현지인(a),116900.0,20240626
30140,중구,3,수요일,2,외지인(b),120256.5,20240626
30140,중구,3,수요일,3,외국인(c),486.83,20240626
30170,서구,3,수요일,1,현지인(a),284214.0,20240626
30170,서구,3,수요일,2,외지인(b),166978.0,20240626
30170,서구,3,수요일,3,외국인(c),818.9300000000002,20240626
30200,유성구,3,수요일,1,현지인(a),259595.0,20240626
30200,유성구,3,수요일,2,외지인(b),158956.0,20240626
30200,유성구,3,수요일,3,외국인(c),1336.8599999999997,20240626
30230,대덕구,3,수요일,1,현지인(a),76328.0,20240626
30230,대덕구,3,수요일,2,외지인(b),72450.0,20240626
30230,대덕구,3,수요일,3,외국인(c),525.8799999999999,20240626
30110,동구,4,목요일,1,현지인(a),94629.5,20240627
30110,동구,4,목요일,2,외지인(b),102938.5,20240627
30110,동구,4,목요일,3,외국인(c),646.0399999999998,20240627
30140,중구,4,목요일,1,현지인(a),117152.0,20240627
30140,중구,4,목요일,2,외지인(b),122167.5,20240627
30140,중구,4,목요일,3,외국인(c),394.6100000000001,20240627
30170,서구,4,목요일,1,현지인(a),282726.5,20240627
30170,서구,4,목요일,2,외지인(b),167779.5,20240627
30170,서구,4,목요일,3,외국인(c),882.8399999999998,20240627
30200,유성구,4,목요일,1,현지인(a),258751.5,20240627
30200,유성구,4,목요일,2,외지인(b),161567.0,20240627
30200,유성구,4,목요일,3,외국인(c),1360.72,20240627
30230,대덕구,4,목요일,1,현지인(a),75978.0,20240627
30230,대덕구,4,목요일,2,외지인(b),74151.0,20240627
30230,대덕구,4,목요일,3,외국인(c),511.2500000000001,20240627
30110,동구,5,금요일,1,현지인(a),94769.5,20240628
30110,동구,5,금요일,2,외지인(b),118240.5,20240628
30110,동구,5,금요일,3,외국인(c),639.2200000000001,20240628
30140,중구,5,금요일,1,현지인(a),117274.5,20240628
30140,중구,5,금요일,2,외지인(b),127739.5,20240628
30140,중구,5,금요일,3,외국인(c),427.0600000000001,20240628
30170,서구,5,금요일,1,현지인(a),286230.0,20240628
30170,서구,5,금요일,2,외지인(b),184418.5,20240628
30170,서구,5,금요일,3,외국인(c),884.27,20240628
30200,유성구,5,금요일,1,현지인(a),259409.5,20240628
30200,유성구,5,금요일,2,외지인(b),176060.5,20240628
30200,유성구,5,금요일,3,외국인(c),1190.73,20240628
30230,대덕구,5,금요일,1,현지인(a),76324.5,20240628
30230,대덕구,5,금요일,2,외지인(b),77721.0,20240628
30230,대덕구,5,금요일,3,외국인(c),463.15,20240628
30110,동구,6,토요일,1,현지인(a),85305.5,20240629
30110,동구,6,토요일,2,외지인(b),144018.0,20240629
30110,동구,6,토요일,3,외국인(c),581.89,20240629
30140,중구,6,토요일,1,현지인(a),105105.0,20240629
30140,중구,6,토요일,2,외지인(b),151371.5,20240629
30140,중구,6,토요일,3,외국인(c),396.56,20240629
30170,서구,6,토요일,1,현지인(a),250467.0,20240629
30170,서구,6,토요일,2,외지인(b),221861.5,20240629
30170,서구,6,토요일,3,외국인(c),830.1300000000001,20240629
30200,유성구,6,토요일,1,현지인(a),221637.5,20240629
30200,유성구,6,토요일,2,외지인(b),217469.0,20240629
30200,유성구,6,토요일,3,외국인(c),1042.9399999999998,20240629
30230,대덕구,6,토요일,1,현지인(a),66832.5,20240629
30230,대덕구,6,토요일,2,외지인(b),94444.0,20240629
30230,대덕구,6,토요일,3,외국인(c),436.92999999999995,20240629
30110,동구,7,일요일,1,현지인(a),81935.0,20240630
30110,동구,7,일요일,2,외지인(b),115304.0,20240630
30110,동구,7,일요일,3,외국인(c),691.5400000000001,20240630
30140,중구,7,일요일,1,현지인(a),101636.5,20240630
30140,중구,7,일요일,2,외지인(b),122332.0,20240630
30140,중구,7,일요일,3,외국인(c),377.0700000000001,20240630
30170,서구,7,일요일,1,현지인(a),242732.0,20240630
30170,서구,7,일요일,2,외지인(b),177215.5,20240630
30170,서구,7,일요일,3,외국인(c),759.6299999999999,20240630
30200,유성구,7,일요일,1,현지인(a),215267.5,20240630
30200,유성구,7,일요일,2,외지인(b),161434.0,20240630
30200,유성구,7,일요일,3,외국인(c),1089.82,20240630
30230,대덕구,7,일요일,1,현지인(a),63339.5,20240630
30230,대덕구,7,일요일,2,외지인(b),71130.5,20240630
30230,대덕구,7,일요일,3,외국인(c),398.55000000000007,20240630
30110,동구,1,월요일,1,현지인(a),91367.5,20240701
30110,동구,1,월요일,2,외지인(b),83832.0,20240701
30110,동구,1,월요일,3,외국인(c),585.4300000000001,20240701
30140,중구,1,월요일,1,현지인(a),114530.5,20240701
30140,중구,1,월요일,2,외지인(b),95665.5,20240701
30140,중구,1,월요일,3,외국인(c),372.9200000000001,20240701
30170,서구,1,월요일,1,현지인(a),278313.0,20240701
30170,서구,1,월요일,2,외지인(b),131355.0,20240701
30170,서구,1,월요일,3,외국인(c),878.59,20240701
30200,유성구,1,월요일,1,현지인(a),257593.0,20240701
30200,유성구,1,월요일,2,외지인(b),125135.5,20240701
30200,유성구,1,월요일,3,외국인(c),1273.5199999999998,20240701
30230,대덕구,1,월요일,1,현지인(a),74529.0,20240701
30230,대덕구,1,월요일,2,외지인(b),59787.0,20240701
30230,대덕구,1,월요일,3,외국인(c),456.59,20240701
30110,동구,2,화요일,1,현지인(a),88781.0,20240702
30110,동구,2,화요일,2,외지인(b),79089.5,20240702
30110,동구,2,화요일,3,외국인(c),614.24,20240702
30140,중구,2,화요일,1,현지인(a),112591.5,20240702
30140,중구,2,화요일,2,외지인(b),95427.5,20240702
30140,중구,2,화요일,3,외국인(c),373.50999999999993,20240702
30170,서구,2,화요일,1,현지인(a),274330.0,20240702
30170,서구,2,화요일,2,외지인(b),130088.0,20240702
30170,서구,2,화요일,3,외국인(c),908.9699999999999,20240702
30200,유성구,2,화요일,1,현지인(a),254114.0,20240702
30200,유성구,2,화요일,2,외지인(b),122734.5,20240702
30200,유성구,2,화요일,3,외국인(c),1377.6799999999998,20240702
30230,대덕구,2,화요일,1,현지인(a),73363.5,20240702
30230,대덕구,2,화요일,2,외지인(b),55485.5,20240702
30230,대덕구,2,화요일,3,외국인(c),410.72,20240702
30110,동구,3,수요일,1,현지인(a),90076.0,20240703
30110,동구,3,수요일,2,외지인(b),85442.0,20240703
30110,동구,3,수요일,3,외국인(c),538.25,20240703
30140,중구,3,수요일,1,현지인(a),115283.0,20240703
30140,중구,3,수요일,2,외지인(b),105696.5,20240703
30140,중구,3,수요일,3,외국인(c),395.77,20240703
30170,서구,3,수요일,1,현지인(a),281592.5,20240703
30170,서구,3,수요일,2,외지인(b),140077.0,20240703
30170,서구,3,수요일,3,외국인(c),846.5000000000002,20240703
30200,유성구,3,수요일,1,현지인(a),258961.5,20240703
30200,유성구,3,수요일,2,외지인(b),135369.5,20240703
30200,유성구,3,수요일,3,외국인(c),1348.8200000000002,20240703
30230,대덕구,3,수요일,1,현지인(a),74469.5,20240703
30230,대덕구,3,수요일,2,외지인(b),62174.0,20240703
30230,대덕구,3,수요일,3,외국인(c),436.75000000000006,20240703
30110,동구,4,목요일,1,현지인(a),90051.5,20240704
30110,동구,4,목요일,2,외지인(b),89890.5,20240704
30110,동구,4,목요일,3,외국인(c),597.4300000000001,20240704
30140,중구,4,목요일,1,현지인(a),114355.5,20240704
30140,중구,4,목요일,2,외지인(b),109364.5,20240704
30140,중구,4,목요일,3,외국인(c),352.2999999999999,20240704
30170,서구,4,목요일,1,현지인(a),278967.5,20240704
30170,서구,4,목요일,2,외지인(b),146139.0,20240704
30170,서구,4,목요일,3,외국인(c),837.4499999999999,20240704
30200,유성구,4,목요일,1,현지인(a),259381.5,20240704
30200,유성구,4,목요일,2,외지인(b),143881.5,20240704
30200,유성구,4,목요일,3,외국인(c),1151.2700000000002,20240704
30230,대덕구,4,목요일,1,현지인(a),74522.0,20240704
30230,대덕구,4,목요일,2,외지인(b),62625.5,20240704
30230,대덕구,4,목요일,3,외국인(c),463.88,20240704
30110,동구,5,금요일,1,현지인(a),92792.0,20240705
30110,동구,5,금요일,2,외지인(b),110183.5,20240705
30110,동구,5,금요일,3,외국인(c),648.54,20240705
30140,중구,5,금요일,1,현지인(a),117001.5,20240705
30140,중구,5,금요일,2,외지인(b),119336.0,20240705
30140,중구,5,금요일,3,외국인(c),439.0899999999999,20240705
30170,서구,5,금요일,1,현지인(a),284504.5,20240705
30170,서구,5,금요일,2,외지인(b),167293.0,20240705
30170,서구,5,금요일,3,외국인(c),892.7200000000003,20240705
30200,유성구,5,금요일,1,현지인(a),261089.5,20240705
30200,유성구,5,금요일,2,외지인(b),158728.5,20240705
30200,유성구,5,금요일,3,외국인(c),1147.56,20240705
30230,대덕구,5,금요일,1,현지인(a),75418.0,20240705
30230,대덕구,5,금요일,2,외지인(b),68733.0,20240705
30230,대덕구,5,금요일,3,외국인(c),455.5399999999999,20240705
30110,동구,6,토요일,1,현지인(a),84028.0,20240706
30110,동구,6,토요일,2,외지인(b),141365.0,20240706
30110,동구,6,토요일,3,외국인(c),670.29,20240706
30140,중구,6,토요일,1,현지인(a),106053.5,20240706
30140,중구,6,토요일,2,외지인(b),159281.5,20240706
30140,중구,6,토요일,3,외국인(c),384.96999999999997,20240706
30170,서구,6,토요일,1,현지인(a),252598.5,20240706
30170,서구,6,토요일,2,외지인(b),214875.5,20240706
30170,서구,6,토요일,3,외국인(c),821.7600000000002,20240706
30200,유성구,6,토요일,1,현지인(a),222663.0,20240706
30200,유성구,6,토요일,2,외지인(b),201355.0,20240706
30200,유성구,6,토요일,3,외국인(c),1069.25,20240706
30230,대덕구,6,토요일,1,현지인(a),66381.0,20240706
30230,대덕구,6,토요일,2,외지인(b),89684.0,20240706
30230,대덕구,6,토요일,3,외국인(c),468.8999999999999,20240706
30110,동구,7,일요일,1,현지인(a),77864.5,20240707
30110,동구,7,일요일,2,외지인(b),110068.0,20240707
30110,동구,7,일요일,3,외국인(c),654.8199999999998,20240707
30140,중구,7,일요일,1,현지인(a),99123.5,20240707
30140,중구,7,일요일,2,외지인(b),118384.0,20240707
30140,중구,7,일요일,3,외국인(c),305.2399999999999,20240707
30170,서구,7,일요일,1,현지인(a),237426.0,20240707
30170,서구,7,일요일,2,외지인(b),162732.5,20240707
30170,서구,7,일요일,3,외국인(c),766.8200000000004,20240707
30200,유성구,7,일요일,1,현지인(a),213486.0,20240707
30200,유성구,7,일요일,2,외지인(b),155988.0,20240707
30200,유성구,7,일요일,3,외국인(c),971.1299999999999,20240707
30230,대덕구,7,일요일,1,현지인(a),61607.0,20240707
30230,대덕구,7,일요일,2,외지인(b),63248.5,20240707
30230,대덕구,7,일요일,3,외국인(c),427.3,20240707
30110,동구,1,월요일,1,현지인(a),86737.0,20240708
30110,동구,1,월요일,2,외지인(b),80916.5,20240708
30110,동구,1,월요일,3,외국인(c),590.6899999999999,20240708
30140,중구,1,월요일,1,현지인(a),110246.5,20240708
30140,중구,1,월요일,2,외지인(b),90447.0,20240708
30140,중구,1,월요일,3,외국인(c),296.44999999999993,20240708
30170,서구,1,월요일,1,현지인(a),268152.5,20240708
30170,서구,1,월요일,2,외지인(b),130795.0,20240708
30170,서구,1,월요일,3,외국인(c),820.9200000000002,20240708
30200,유성구,1,월요일,1,현지인(a),248643.5,20240708
30200,유성구,1,월요일,2,외지인(b),121397.5,20240708
30200,유성구,1,월요일,3,외국인(c),1171.0900000000001,20240708
30230,대덕구,1,월요일,1,현지인(a),71547.0,20240708
30230,대덕구,1,월요일,2,외지인(b),57652.0,20240708
30230,대덕구,1,월요일,3,외국인(c),418.35,20240708
30110,동구,2,화요일,1,현지인(a),88557.0,20240709
30110,동구,2,화요일,2,외지인(b),85900.5,20240709
30110,동구,2,화요일,3,외국인(c),616.6499999999999,20240709
30140,중구,2,화요일,1,현지인(a),112262.5,20240709
30140,중구,2,화요일,2,외지인(b),98885.5,20240709
30140,중구,2,화요일,3,외국인(c),316.2099999999999,20240709
30170,서구,2,화요일,1,현지인(a),272790.0,20240709
30170,서구,2,화요일,2,외지인(b),139776.0,20240709
30170,서구,2,화요일,3,외국인(c),925.3200000000002,20240709
30200,유성구,2,화요일,1,현지인(a),254597.0,20240709
30200,유성구,2,화요일,2,외지인(b),134669.5,20240709
30200,유성구,2,화요일,3,외국인(c),1331.0800000000004,20240709
30230,대덕구,2,화요일,1,현지인(a),73755.5,20240709
30230,대덕구,2,화요일,2,외지인(b),60564.0,20240709
30230,대덕구,2,화요일,3,외국인(c),494.13,20240709
30110,동구,3,수요일,1,현지인(a),90594.0,20240710
30110,동구,3,수요일,2,외지인(b),87909.5,20240710
30110,동구,3,수요일,3,외국인(c),634.2399999999999,20240710
30140,중구,3,수요일,1,현지인(a),114264.5,20240710
30140,중구,3,수요일,2,외지인(b),99564.5,20240710
30140,중구,3,수요일,3,외국인(c),474.13000000000005,20240710
30170,서구,3,수요일,1,현지인(a),282184.0,20240710
30170,서구,3,수요일,2,외지인(b),145936.0,20240710
30170,서구,3,수요일,3,외국인(c),943.4100000000002,20240710
30200,유성구,3,수요일,1,현지인(a),259066.5,20240710
30200,유성구,3,수요일,2,외지인(b),140759.5,20240710
30200,유성구,3,수요일,3,외국인(c),1318.6099999999997,20240710
30230,대덕구,3,수요일,1,현지인(a),74935.0,20240710
30230,대덕구,3,수요일,2,외지인(b),62611.5,20240710
30230,대덕구,3,수요일,3,외국인(c),511.64000000000004,20240710
30110,동구,4,목요일,1,현지인(a),90055.0,20240711
30110,동구,4,목요일,2,외지인(b),92736.0,20240711
30110,동구,4,목요일,3,외국인(c),670.0000000000002,20240711
30140,중구,4,목요일,1,현지인(a),114016.0,20240711
30140,중구,4,목요일,2,외지인(b),105892.5,20240711
30140,중구,4,목요일,3,외국인(c),468.3000000000001,20240711
30170,서구,4,목요일,1,현지인(a),279408.5,20240711
30170,서구,4,목요일,2,외지인(b),150748.5,20240711
30170,서구,4,목요일,3,외국인(c),959.72,20240711
30200,유성구,4,목요일,1,현지인(a),257782.0,20240711
30200,유성구,4,목요일,2,외지인(b),147955.5,20240711
30200,유성구,4,목요일,3,외국인(c),1373.4800000000002,20240711
30230,대덕구,4,목요일,1,현지인(a),73920.0,20240711
30230,대덕구,4,목요일,2,외지인(b),65607.5,20240711
30230,대덕구,4,목요일,3,외국인(c),494.14000000000004,20240711
30110,동구,5,금요일,1,현지인(a),90121.5,20240712
30110,동구,5,금요일,2,외지인(b),110799.5,20240712
30110,동구,5,금요일,3,외국인(c),646.3100000000001,20240712
30140,중구,5,금요일,1,현지인(a),114705.5,20240712
30140,중구,5,금요일,2,외지인(b),126780.5,20240712
30140,중구,5,금요일,3,외국인(c),443.9,20240712
30170,서구,5,금요일,1,현지인(a),280378.0,20240712
30170,서구,5,금요일,2,외지인(b),167758.5,20240712
30170,서구,5,금요일,3,외국인(c),893.6600000000002,20240712
30200,유성구,5,금요일,1,현지인(a),255664.5,20240712
30200,유성구,5,금요일,2,외지인(b),160366.5,20240712
30200,유성구,5,금요일,3,외국인(c),1295.4,20240712
30230,대덕구,5,금요일,1,현지인(a),74245.5,20240712
30230,대덕구,5,금요일,2,외지인(b),70388.5,20240712
30230,대덕구,5,금요일,3,외국인(c),493.9,20240712
30110,동구,6,토요일,1,현지인(a),83160.0,20240713
30110,동구,6,토요일,2,외지인(b),151522.0,20240713
30110,동구,6,토요일,3,외국인(c),663.39,20240713
30140,중구,6,토요일,1,현지인(a),105724.5,20240713
30140,중구,6,토요일,2,외지인(b),169984.5,20240713
30140,중구,6,토요일,3,외국인(c),488.22999999999996,20240713
30170,서구,6,토요일,1,현지인(a),252962.5,20240713
30170,서구,6,토요일,2,외지인(b),225729.0,20240713
30170,서구,6,토요일,3,외국인(c),920.2600000000003,20240713
30200,유성구,6,토요일,1,현지인(a),222806.5,20240713
30200,유성구,6,토요일,2,외지인(b),212387.0,20240713
30200,유성구,6,토요일,3,외국인(c),1115.1,20240713
30230,대덕구,6,토요일,1,현지인(a),66433.5,20240713
30230,대덕구,6,토요일,2,외지인(b),91885.5,20240713
30230,대덕구,6,토요일,3,외국인(c),459.50999999999993,20240713
30110,동구,7,일요일,1,현지인(a),79971.5,20240714
30110,동구,7,일요일,2,외지인(b),121653.0,20240714
30110,동구,7,일요일,3,외국인(c),580.9200000000001,20240714
30140,중구,7,일요일,1,현지인(a),100880.5,20240714
30140,중구,7,일요일,2,외지인(b),136360.0,20240714
30140,중구,7,일요일,3,외국인(c),412.9100000000001,20240714
30170,서구,7,일요일,1,현지인(a),241643.5,20240714
30170,서구,7,일요일,2,외지인(b),173999.0,20240714
30170,서구,7,일요일,3,외국인(c),979.9000000000001,20240714
30200,유성구,7,일요일,1,현지인(a),217682.5,20240714
30200,유성구,7,일요일,2,외지인(b),171370.5,20240714
30200,유성구,7,일요일,3,외국인(c),1129.88,20240714
30230,대덕구,7,일요일,1,현지인(a),64323.0,20240714
30230,대덕구,7,일요일,2,외지인(b),77374.5,20240714
30230,대덕구,7,일요일,3,외국인(c),419.87,20240714
30110,동구,1,월요일,1,현지인(a),89666.5,20240715
30110,동구,1,월요일,2,외지인(b),93870.0,20240715
30110,동구,1,월요일,3,외국인(c),596.0699999999999,20240715
30140,중구,1,월요일,1,현지인(a),114075.5,20240715
30140,중구,1,월요일,2,외지인(b),107331.0,20240715
30140,중구,1,월요일,3,외국인(c),394.9199999999999,20240715
30170,서구,1,월요일,1,현지인(a),275845.5,20240715
30170,서구,1,월요일,2,외지인(b),149086.0,20240715
30170,서구,1,월요일,3,외국인(c),968.9400000000003,20240715
30200,유성구,1,월요일,1,현지인(a),254471.0,20240715
30200,유성구,1,월요일,2,외지인(b),145428.5,20240715
30200,유성구,1,월요일,3,외국인(c),1327.6000000000001,20240715
30230,대덕구,1,월요일,1,현지인(a),73871.0,20240715
30230,대덕구,1,월요일,2,외지인(b),64883.0,20240715
30230,대덕구,1,월요일,3,외국인(c),473.88000000000005,20240715
30110,동구,2,화요일,1,현지인(a),87195.5,20240716
30110,동구,2,화요일,2,외지인(b),88508.0,20240716
30110,동구,2,화요일,3,외국인(c),651.7200000000003,20240716
30140,중구,2,화요일,1,현지인(a),111377.0,20240716
30140,중구,2,화요일,2,외지인(b),101853.5,20240716
30140,중구,2,화요일,3,외국인(c),463.7900000000001,20240716
30170,서구,2,화요일,1,현지인(a),271260.5,20240716
30170,서구,2,화요일,2,외지인(b),146139.0,20240716
30170,서구,2,화요일,3,외국인(c),1082.74,20240716
30200,유성구,2,화요일,1,현지인(a),251496.0,20240716
30200,유성구,2,화요일,2,외지인(b),139657.0,20240716
30200,유성구,2,화요일,3,외국인(c),1441.38,20240716
30230,대덕구,2,화요일,1,현지인(a),72639.0,20240716
30230,대덕구,2,화요일,2,외지인(b),61099.5,20240716
30230,대덕구,2,화요일,3,외국인(c),463.61,20240716
30110,동구,3,수요일,1,현지인(a),89421.5,20240717
30110,동구,3,수요일,2,외지인(b),91714.0,20240717
30110,동구,3,수요일,3,외국인(c),534.85,20240717
30140,중구,3,수요일,1,현지인(a),113914.5,20240717
30140,중구,3,수요일,2,외지인(b),106421.0,20240717
30140,중구,3,수요일,3,외국인(c),505.7100000000001,20240717
30170,서구,3,수요일,1,현지인(a),280185.5,20240717
30170,서구,3,수요일,2,외지인(b),155358.0,20240717
30170,서구,3,수요일,3,외국인(c),974.2600000000003,20240717
30200,유성구,3,수요일,1,현지인(a),256854.5,20240717
30200,유성구,3,수요일,2,외지인(b),146580.0,20240717
30200,유성구,3,수요일,3,외국인(c),1431.8099999999997,20240717
30230,대덕구,3,수요일,1,현지인(a),74529.0,20240717
30230,대덕구,3,수요일,2,외지인(b),64729.0,20240717
30230,대덕구,3,수요일,3,외국인(c),495.0999999999999,20240717
30110,동구,4,목요일,1,현지인(a),87157.0,20240718
30110,동구,4,목요일,2,외지인(b),89155.5,20240718
30110,동구,4,목요일,3,외국인(c),582.69,20240718
30140,중구,4,목요일,1,현지인(a),111016.5,20240718
30140,중구,4,목요일,2,외지인(b),100243.5,20240718
30140,중구,4,목요일,3,외국인(c),406.63999999999993,20240718
30170,서구,4,목요일,1,현지인(a),271596.5,20240718
30170,서구,4,목요일,2,외지인(b),149135.0,20240718
30170,서구,4,목요일,3,외국인(c),982.4300000000001,20240718
30200,유성구,4,목요일,1,현지인(a),250271.0,20240718
30200,유성구,4,목요일,2,외지인(b),142779.0,20240718
30200,유성구,4,목요일,3,외국인(c),1380.14,20240718
30230,대덕구,4,목요일,1,현지인(a),72614.5,20240718
30230,대덕구,4,목요일,2,외지인(b),62125.0,20240718
30230,대덕구,4,목요일,3,외국인(c),582.2200000000001,20240718
30110,동구,5,금요일,1,현지인(a),89778.5,20240719
30110,동구,5,금요일,2,외지인(b),113207.5,20240719
30110,동구,5,금요일,3,외국인(c),674.07,20240719
30140,중구,5,금요일,1,현지인(a),115948.0,20240719
30140,중구,5,금요일,2,외지인(b),132531.0,20240719
30140,중구,5,금요일,3,외국인(c),430.45,20240719
30170,서구,5,금요일,1,현지인(a),283038.0,20240719
30170,서구,5,금요일,2,외지인(b),179462.5,20240719
30170,서구,5,금요일,3,외국인(c),935.7700000000002,20240719
30200,유성구,5,금요일,1,현지인(a),257712.0,20240719
30200,유성구,5,금요일,2,외지인(b),170807.0,20240719
30200,유성구,5,금요일,3,외국인(c),1366.3700000000001,20240719
30230,대덕구,5,금요일,1,현지인(a),74536.0,20240719
30230,대덕구,5,금요일,2,외지인(b),72625.0,20240719
30230,대덕구,5,금요일,3,외국인(c),543.9399999999999,20240719
30110,동구,6,토요일,1,현지인(a),81620.0,20240720
30110,동구,6,토요일,2,외지인(b),138624.5,20240720
30110,동구,6,토요일,3,외국인(c),680.5800000000002,20240720
30140,중구,6,토요일,1,현지인(a),104573.0,20240720
30140,중구,6,토요일,2,외지인(b),163135.0,20240720
30140,중구,6,토요일,3,외국인(c),454.13000000000005,20240720
30170,서구,6,토요일,1,현지인(a),250215.0,20240720
30170,서구,6,토요일,2,외지인(b),217119.0,20240720
30170,서구,6,토요일,3,외국인(c),967.2900000000002,20240720
30200,유성구,6,토요일,1,현지인(a),219642.5,20240720
30200,유성구,6,토요일,2,외지인(b),205684.5,20240720
30200,유성구,6,토요일,3,외국인(c),1361.21,20240720
30230,대덕구,6,토요일,1,현지인(a),65576.0,20240720
30230,대덕구,6,토요일,2,외지인(b),83821.5,20240720
30230,대덕구,6,토요일,3,외국인(c),499.11,20240720
30110,동구,7,일요일,1,현지인(a),80003.0,20240721
30110,동구,7,일요일,2,외지인(b),124537.0,20240721
30110,동구,7,일요일,3,외국인(c),631.2500000000003,20240721
30140,중구,7,일요일,1,현지인(a),100982.0,20240721
30140,중구,7,일요일,2,외지인(b),141050.0,20240721
30140,중구,7,일요일,3,외국인(c),418.4199999999999,20240721
30170,서구,7,일요일,1,현지인(a),241766.0,20240721
30170,서구,7,일요일,2,외지인(b),178465.0,20240721
30170,서구,7,일요일,3,외국인(c),853.6599999999999,20240721
30200,유성구,7,일요일,1,현지인(a),216993.0,20240721
30200,유성구,7,일요일,2,외지인(b),177597.0,20240721
30200,유성구,7,일요일,3,외국인(c),1326.45,20240721
30230,대덕구,7,일요일,1,현지인(a),62891.5,20240721
30230,대덕구,7,일요일,2,외지인(b),73426.5,20240721
30230,대덕구,7,일요일,3,외국인(c),497.76000000000005,20240721
30110,동구,1,월요일,1,현지인(a),88018.0,20240722
30110,동구,1,월요일,2,외지인(b),96117.0,20240722
30110,동구,1,월요일,3,외국인(c),544.13,20240722
30140,중구,1,월요일,1,현지인(a),111695.5,20240722
30140,중구,1,월요일,2,외지인(b),110460.0,20240722
30140,중구,1,월요일,3,외국인(c),334.71000000000004,20240722
30170,서구,1,월요일,1,현지인(a),272002.5,20240722
30170,서구,1,월요일,2,외지인(b),156663.5,20240722
30170,서구,1,월요일,3,외국인(c),881.0400000000001,20240722
30200,유성구,1,월요일,1,현지인(a),249998.0,20240722
30200,유성구,1,월요일,2,외지인(b),147920.5,20240722
30200,유성구,1,월요일,3,외국인(c),1449.15,20240722
30230,대덕구,1,월요일,1,현지인(a),72548.0,20240722
30230,대덕구,1,월요일,2,외지인(b),65796.5,20240722
30230,대덕구,1,월요일,3,외국인(c),531.12,20240722
30110,동구,2,화요일,1,현지인(a),86982.0,20240723
30110,동구,2,화요일,2,외지인(b),97933.5,20240723
30110,동구,2,화요일,3,외국인(c),598.3100000000001,20240723
30140,중구,2,화요일,1,현지인(a),111268.5,20240723
30140,중구,2,화요일,2,외지인(b),118933.5,20240723
30140,중구,2,화요일,3,외국인(c),385.34,20240723
30170,서구,2,화요일,1,현지인(a),270634.0,20240723
30170,서구,2,화요일,2,외지인(b),157510.5,20240723
30170,서구,2,화요일,3,외국인(c),948.65,20240723
30200,유성구,2,화요일,1,현지인(a),249935.0,20240723
30200,유성구,2,화요일,2,외지인(b),152852.0,20240723
30200,유성구,2,화요일,3,외국인(c),1457.9,20240723
30230,대덕구,2,화요일,1,현지인(a),72313.5,20240723
30230,대덕구,2,화요일,2,외지인(b),66433.5,20240723
30230,대덕구,2,화요일,3,외국인(c),531.68,20240723
30110,동구,3,수요일,1,현지인(a),86919.0,20240724
30110,동구,3,수요일,2,외지인(b),100478.0,20240724
30110,동구,3,수요일,3,외국인(c),526.64,20240724
30140,중구,3,수요일,1,현지인(a),112087.5,20240724
30140,중구,3,수요일,2,외지인(b),122370.5,20240724
30140,중구,3,수요일,3,외국인(c),360.7900000000001,20240724
30170,서구,3,수요일,1,현지인(a),274718.5,20240724
30170,서구,3,수요일,2,외지인(b),166411.0,20240724
30170,서구,3,수요일,3,외국인(c),864.7700000000002,20240724
30200,유성구,3,수요일,1,현지인(a),251177.5,20240724
30200,유성구,3,수요일,2,외지인(b),158084.5,20240724
30200,유성구,3,수요일,3,외국인(c),1324.75,20240724
30230,대덕구,3,수요일,1,현지인(a),72404.5,20240724
30230,대덕구,3,수요일,2,외지인(b),68883.5,20240724
30230,대덕구,3,수요일,3,외국인(c),549.99,20240724
30110,동구,4,목요일,1,현지인(a),86803.5,20240725
30110,동구,4,목요일,2,외지인(b),106410.5,20240725
30110,동구,4,목요일,3,외국인(c),606.1299999999999,20240725
30140,중구,4,목요일,1,현지인(a),112640.5,20240725
30140,중구,4,목요일,2,외지인(b),124866.0,20240725
30140,중구,4,목요일,3,외국인(c),379.4099999999999,20240725
30170,서구,4,목요일,1,현지인(a),273133.0,20240725
30170,서구,4,목요일,2,외지인(b),170789.5,20240725
30170,서구,4,목요일,3,외국인(c),908.4400000000003,20240725
30200,유성구,4,목요일,1,현지인(a),251790.0,20240725
30200,유성구,4,목요일,2,외지인(b),167293.0,20240725
30200,유성구,4,목요일,3,외국인(c),1285.6499999999999,20240725
30230,대덕구,4,목요일,1,현지인(a),72628.5,20240725
30230,대덕구,4,목요일,2,외지인(b),72565.5,20240725
30230,대덕구,4,목요일,3,외국인(c),513.51,20240725
30110,동구,5,금요일,1,현지인(a),87419.5,20240726
30110,동구,5,금요일,2,외지인(b),119129.5,20240726
30110,동구,5,금요일,3,외국인(c),592.1999999999999,20240726
30140,중구,5,금요일,1,현지인(a),112787.5,20240726
30140,중구,5,금요일,2,외지인(b),128464.0,20240726
30140,중구,5,금요일,3,외국인(c),423.86,20240726
30170,서구,5,금요일,1,현지인(a),273728.0,20240726
30170,서구,5,금요일,2,외지인(b),190193.5,20240726
30170,서구,5,금요일,3,외국인(c),874.69,20240726
30200,유성구,5,금요일,1,현지인(a),250379.5,20240726
30200,유성구,5,금요일,2,외지인(b),181331.5,20240726
30200,유성구,5,금요일,3,외국인(c),1284.5899999999997,20240726
30230,대덕구,5,금요일,1,현지인(a),72786.0,20240726
30230,대덕구,5,금요일,2,외지인(b),77399.0,20240726
30230,대덕구,5,금요일,3,외국인(c),530.0799999999999,20240726
30110,동구,6,토요일,1,현지인(a),81245.5,20240727
30110,동구,6,토요일,2,외지인(b),142884.0,20240727
30110,동구,6,토요일,3,외국인(c),626.0400000000002,20240727
30140,중구,6,토요일,1,현지인(a),101657.5,20240727
30140,중구,6,토요일,2,외지인(b),157451.0,20240727
30140,중구,6,토요일,3,외국인(c),476.6700000000001,20240727
30170,서구,6,토요일,1,현지인(a),247009.0,20240727
30170,서구,6,토요일,2,외지인(b),238875.0,20240727
30170,서구,6,토요일,3,외국인(c),802.94,20240727
30200,유성구,6,토요일,1,현지인(a),217108.5,20240727
30200,유성구,6,토요일,2,외지인(b),215442.5,20240727
30200,유성구,6,토요일,3,외국인(c),1118.4300000000003,20240727
30230,대덕구,6,토요일,1,현지인(a),64764.0,20240727
30230,대덕구,6,토요일,2,외지인(b),91539.0,20240727
30230,대덕구,6,토요일,3,외국인(c),458.38999999999993,20240727
30110,동구,7,일요일,1,현지인(a),77430.5,20240728
30110,동구,7,일요일,2,외지인(b),128219.0,20240728
30110,동구,7,일요일,3,외국인(c),777.45,20240728
30140,중구,7,일요일,1,현지인(a),97667.5,20240728
30140,중구,7,일요일,2,외지인(b),132839.0,20240728
30140,중구,7,일요일,3,외국인(c),468.91999999999996,20240728
30170,서구,7,일요일,1,현지인(a),235627.0,20240728
30170,서구,7,일요일,2,외지인(b),199948.0,20240728
30170,서구,7,일요일,3,외국인(c),1213.8899999999996,20240728
30200,유성구,7,일요일,1,현지인(a),210861.0,20240728
30200,유성구,7,일요일,2,외지인(b),194911.5,20240728
30200,유성구,7,일요일,3,외국인(c),1154.8,20240728
30230,대덕구,7,일요일,1,현지인(a),61225.5,20240728
30230,대덕구,7,일요일,2,외지인(b),81074.0,20240728
30230,대덕구,7,일요일,3,외국인(c),463.6099999999999,20240728
30110,동구,1,월요일,1,현지인(a),85837.5,20240729
30110,동구,1,월요일,2,외지인(b),109361.0,20240729
30110,동구,1,월요일,3,외국인(c),580.9400000000002,20240729
30140,중구,1,월요일,1,현지인(a),108682.0,20240729
30140,중구,1,월요일,2,외지인(b),126136.5,20240729
30140,중구,1,월요일,3,외국인(c),362.52000000000004,20240729
30170,서구,1,월요일,1,현지인(a),262468.5,20240729
30170,서구,1,월요일,2,외지인(b),178710.0,20240729
30170,서구,1,월요일,3,외국인(c),900.68,20240729
30200,유성구,1,월요일,1,현지인(a),241304.0,20240729
30200,유성구,1,월요일,2,외지인(b),168819.0,20240729
30200,유성구,1,월요일,3,외국인(c),1238.9399999999998,20240729
30230,대덕구,1,월요일,1,현지인(a),69153.0,20240729
30230,대덕구,1,월요일,2,외지인(b),75449.5,20240729
30230,대덕구,1,월요일,3,외국인(c),500.79999999999995,20240729
30110,동구,2,화요일,1,현지인(a),85365.0,20240730
30110,동구,2,화요일,2,외지인(b),108503.5,20240730
30110,동구,2,화요일,3,외국인(c),567.38,20240730
30140,중구,2,화요일,1,현지인(a),108776.5,20240730
30140,중구,2,화요일,2,외지인(b),124582.5,20240730
30140,중구,2,화요일,3,외국인(c),378.41,20240730
30170,서구,2,화요일,1,현지인(a),262643.5,20240730
30170,서구,2,화요일,2,외지인(b),177026.5,20240730
30170,서구,2,화요일,3,외국인(c),866.1200000000001,20240730
30200,유성구,2,화요일,1,현지인(a),242413.5,20240730
30200,유성구,2,화요일,2,외지인(b),170961.0,20240730
30200,유성구,2,화요일,3,외국인(c),1210.4900000000005,20240730
30230,대덕구,2,화요일,1,현지인(a),69797.0,20240730
30230,대덕구,2,화요일,2,외지인(b),76436.5,20240730
30230,대덕구,2,화요일,3,외국인(c),470.6699999999999,20240730
30110,동구,3,수요일,1,현지인(a),85421.0,20240731
30110,동구,3,수요일,2,외지인(b),111398.0,20240731
30110,동구,3,수요일,3,외국인(c),528.5,20240731
30140,중구,3,수요일,1,현지인(a),109147.5,20240731
30140,중구,3,수요일,2,외지인(b),127053.5,20240731
30140,중구,3,수요일,3,외국인(c),362.0800000000001,20240731
30170,서구,3,수요일,1,현지인(a),266000.0,20240731
30170,서구,3,수요일,2,외지인(b),184425.5,20240731
30170,서구,3,수요일,3,외국인(c),900.0900000000001,20240731
30200,유성구,3,수요일,1,현지인(a),242175.5,20240731
30200,유성구,3,수요일,2,외지인(b),172767.0,20240731
30200,유성구,3,수요일,3,외국인(c),1123.8600000000004,20240731
30230,대덕구,3,수요일,1,현지인(a),70290.5,20240731
30230,대덕구,3,수요일,2,외지인(b),76408.5,20240731
30230,대덕구,3,수요일,3,외국인(c),537.9399999999999,20240731
30110,동구,4,목요일,1,현지인(a),84276.5,20240801
30110,동구,4,목요일,2,외지인(b),99932.0,20240801
30110,동구,4,목요일,3,외국인(c),694.2500000000001,20240801
30140,중구,4,목요일,1,현지인(a),105497.0,20240801
30140,중구,4,목요일,2,외지인(b),108895.5,20240801
30140,중구,4,목요일,3,외국인(c),416.1099999999999,20240801
30170,서구,4,목요일,1,현지인(a),260004.5,20240801
30170,서구,4,목요일,2,외지인(b),150745.0,20240801
30170,서구,4,목요일,3,외국인(c),1143.1000000000001,20240801
30200,유성구,4,목요일,1,현지인(a),236922.0,20240801
30200,유성구,4,목요일,2,외지인(b),144389.0,20240801
30200,유성구,4,목요일,3,외국인(c),1599.1699999999996,20240801
30230,대덕구,4,목요일,1,현지인(a),67777.5,20240801
30230,대덕구,4,목요일,2,외지인(b),62268.5,20240801
30230,대덕구,4,목요일,3,외국인(c),575.1499999999999,20240801
30110,동구,5,금요일,1,현지인(a),83153.0,20240802
30110,동구,5,금요일,2,외지인(b),114978.5,20240802
30110,동구,5,금요일,3,외국인(c),742.72,20240802
30140,중구,5,금요일,1,현지인(a),106281.0,20240802
30140,중구,5,금요일,2,외지인(b),131393.5,20240802
30140,중구,5,금요일,3,외국인(c),448.84000000000003,20240802
30170,서구,5,금요일,1,현지인(a),260806.0,20240802
30170,서구,5,금요일,2,외지인(b),169526.0,20240802
30170,서구,5,금요일,3,외국인(c),1133.36,20240802
30200,유성구,5,금요일,1,현지인(a),235588.5,20240802
30200,유성구,5,금요일,2,외지인(b),159330.5,20240802
30200,유성구,5,금요일,3,외국인(c),1595.9300000000003,20240802
30230,대덕구,5,금요일,1,현지인(a),67354.0,20240802
30230,대덕구,5,금요일,2,외지인(b),70154.0,20240802
30230,대덕구,5,금요일,3,외국인(c),558.3,20240802
30110,동구,6,토요일,1,현지인(a),77934.5,20240803
30110,동구,6,토요일,2,외지인(b),138876.5,20240803
30110,동구,6,토요일,3,외국인(c),806.01,20240803
30140,중구,6,토요일,1,현지인(a),98150.5,20240803
30140,중구,6,토요일,2,외지인(b),153527.5,20240803
30140,중구,6,토요일,3,외국인(c),483.1500000000001,20240803
30170,서구,6,토요일,1,현지인(a),237692.0,20240803
30170,서구,6,토요일,2,외지인(b),203941.5,20240803
30170,서구,6,토요일,3,외국인(c),1032.6100000000001,20240803
30200,유성구,6,토요일,1,현지인(a),208222.0,20240803
30200,유성구,6,토요일,2,외지인(b),191985.5,20240803
30200,유성구,6,토요일,3,외국인(c),1320.2000000000003,20240803
30230,대덕구,6,토요일,1,현지인(a),61092.5,20240803
30230,대덕구,6,토요일,2,외지인(b),83601.0,20240803
30230,대덕구,6,토요일,3,외국인(c),485.3099999999999,20240803
30110,동구,7,일요일,1,현지인(a),75722.5,20240804
30110,동구,7,일요일,2,외지인(b),118174.0,20240804
30110,동구,7,일요일,3,외국인(c),689.4100000000001,20240804
30140,중구,7,일요일,1,현지인(a),95340.0,20240804
30140,중구,7,일요일,2,외지인(b),125475.0,20240804
30140,중구,7,일요일,3,외국인(c),447.04,20240804
30170,서구,7,일요일,1,현지인(a),230758.5,20240804
30170,서구,7,일요일,2,외지인(b),164349.5,20240804
30170,서구,7,일요일,3,외국인(c),1157.3600000000001,20240804
30200,유성구,7,일요일,1,현지인(a),206538.5,20240804
30200,유성구,7,일요일,2,외지인(b),153601.0,20240804
30200,유성구,7,일요일,3,외국인(c),1538.4699999999998,20240804
30230,대덕구,7,일요일,1,현지인(a),59521.0,20240804
30230,대덕구,7,일요일,2,외지인(b),69583.5,20240804
30230,대덕구,7,일요일,3,외국인(c),463.31999999999994,20240804
30110,동구,1,월요일,1,현지인(a),84654.5,20240805
30110,동구,1,월요일,2,외지인(b),90268.5,20240805
30110,동구,1,월요일,3,외국인(c),667.9599999999997,20240805
30140,중구,1,월요일,1,현지인(a),105465.5,20240805
30140,중구,1,월요일,2,외지인(b),99204.0,20240805
30140,중구,1,월요일,3,외국인(c),425.27,20240805
30170,서구,1,월요일,1,현지인(a),260501.5,20240805
30170,서구,1,월요일,2,외지인(b),140871.5,20240805
30170,서구,1,월요일,3,외국인(c),1064.2800000000002,20240805
30200,유성구,1,월요일,1,현지인(a),237023.5,20240805
30200,유성구,1,월요일,2,외지인(b),126206.5,20240805
30200,유성구,1,월요일,3,외국인(c),1064.4099999999999,20240805
30230,대덕구,1,월요일,1,현지인(a),69660.5,20240805
30230,대덕구,1,월요일,2,외지인(b),60389.0,20240805
30230,대덕구,1,월요일,3,외국인(c),469.61,20240805
30110,동구,2,화요일,1,현지인(a),84493.5,20240806
30110,동구,2,화요일,2,외지인(b),88158.0,20240806
30110,동구,2,화요일,3,외국인(c),677.3599999999998,20240806
30140,중구,2,화요일,1,현지인(a),106141.0,20240806
30140,중구,2,화요일,2,외지인(b),102980.5,20240806
30140,중구,2,화요일,3,외국인(c),401.51000000000005,20240806
30170,서구,2,화요일,1,현지인(a),264792.5,20240806
30170,서구,2,화요일,2,외지인(b),146156.5,20240806
30170,서구,2,화요일,3,외국인(c),1109.4699999999998,20240806
30200,유성구,2,화요일,1,현지인(a),243344.5,20240806
30200,유성구,2,화요일,2,외지인(b),133070.0,20240806
30200,유성구,2,화요일,3,외국인(c),1050.2199999999998,20240806
30230,대덕구,2,화요일,1,현지인(a),69944.0,20240806
30230,대덕구,2,화요일,2,외지인(b),62492.5,20240806
30230,대덕구,2,화요일,3,외국인(c),626.79,20240806
30110,동구,3,수요일,1,현지인(a),84609.0,20240807
30110,동구,3,수요일,2,외지인(b),90688.5,20240807
30110,동구,3,수요일,3,외국인(c),677.4499999999999,20240807
30140,중구,3,수요일,1,현지인(a),105857.5,20240807
30140,중구,3,수요일,2,외지인(b),102039.0,20240807
30140,중구,3,수요일,3,외국인(c),493.71,20240807
30170,서구,3,수요일,1,현지인(a),266427.0,20240807
30170,서구,3,수요일,2,외지인(b),147868.0,20240807
30170,서구,3,수요일,3,외국인(c),1265.31,20240807
30200,유성구,3,수요일,1,현지인(a),242924.5,20240807
30200,유성구,3,수요일,2,외지인(b),135478.0,20240807
30200,유성구,3,수요일,3,외국인(c),1263.7399999999998,20240807
30230,대덕구,3,수요일,1,현지인(a),70472.5,20240807
30230,대덕구,3,수요일,2,외지인(b),61540.5,20240807
30230,대덕구,3,수요일,3,외국인(c),489.4800000000001,20240807
30110,동구,4,목요일,1,현지인(a),84878.5,20240808
30110,동구,4,목요일,2,외지인(b),94815.0,20240808
30110,동구,4,목요일,3,외국인(c),779.8299999999999,20240808
30140,중구,4,목요일,1,현지인(a),106004.5,20240808
30140,중구,4,목요일,2,외지인(b),105143.5,20240808
30140,중구,4,목요일,3,외국인(c),573.3199999999999,20240808
30170,서구,4,목요일,1,현지인(a),266157.5,20240808
30170,서구,4,목요일,2,외지인(b),150290.0,20240808
30170,서구,4,목요일,3,외국인(c),1316.7399999999998,20240808
30200,유성구,4,목요일,1,현지인(a),243729.5,20240808
30200,유성구,4,목요일,2,외지인(b),143192.0,20240808
30200,유성구,4,목요일,3,외국인(c),1347.8000000000004,20240808
30230,대덕구,4,목요일,1,현지인(a),69510.0,20240808
30230,대덕구,4,목요일,2,외지인(b),62989.5,20240808
30230,대덕구,4,목요일,3,외국인(c),577.62,20240808
30110,동구,5,금요일,1,현지인(a),86240.0,20240809
30110,동구,5,금요일,2,외지인(b),122801.0,20240809
30110,동구,5,금요일,3,외국인(c),911.0799999999999,20240809
30140,중구,5,금요일,1,현지인(a),110281.5,20240809
30140,중구,5,금요일,2,외지인(b),145159.0,20240809
30140,중구,5,금요일,3,외국인(c),704.5499999999998,20240809
30170,서구,5,금요일,1,현지인(a),267851.5,20240809
30170,서구,5,금요일,2,외지인(b),167471.5,20240809
30170,서구,5,금요일,3,외국인(c),1402.8600000000001,20240809
30200,유성구,5,금요일,1,현지인(a),245010.5,20240809
30200,유성구,5,금요일,2,외지인(b),161168.0,20240809
30200,유성구,5,금요일,3,외국인(c),1313.1899999999998,20240809
30230,대덕구,5,금요일,1,현지인(a),70791.0,20240809
30230,대덕구,5,금요일,2,외지인(b),69870.5,20240809
30230,대덕구,5,금요일,3,외국인(c),530.33,20240809
30110,동구,6,토요일,1,현지인(a),80314.5,20240810
30110,동구,6,토요일,2,외지인(b),154364.0,20240810
30110,동구,6,토요일,3,외국인(c),894.48,20240810
30140,중구,6,토요일,1,현지인(a),102816.0,20240810
30140,중구,6,토요일,2,외지인(b),198418.5,20240810
30140,중구,6,토요일,3,외국인(c),666.84,20240810
30170,서구,6,토요일,1,현지인(a),244268.5,20240810
30170,서구,6,토요일,2,외지인(b),216783.0,20240810
30170,서구,6,토요일,3,외국인(c),1310.1100000000006,20240810
30200,유성구,6,토요일,1,현지인(a),213573.5,20240810
30200,유성구,6,토요일,2,외지인(b),196742.0,20240810
30200,유성구,6,토요일,3,외국인(c),1252.19,20240810
30230,대덕구,6,토요일,1,현지인(a),62965.0,20240810
30230,대덕구,6,토요일,2,외지인(b),83181.0,20240810
30230,대덕구,6,토요일,3,외국인(c),443.46000000000004,20240810
30110,동구,7,일요일,1,현지인(a),77563.5,20240811
30110,동구,7,일요일,2,외지인(b),126934.5,20240811
30110,동구,7,일요일,3,외국인(c),835.99,20240811
30140,중구,7,일요일,1,현지인(a),97419.0,20240811
30140,중구,7,일요일,2,외지인(b),151914.0,20240811
30140,중구,7,일요일,3,외국인(c),500.25000000000006,20240811
30170,서구,7,일요일,1,현지인(a),232151.5,20240811
30170,서구,7,일요일,2,외지인(b),171178.0,20240811
30170,서구,7,일요일,3,외국인(c),970.75,20240811
30200,유성구,7,일요일,1,현지인(a),209097.0,20240811
30200,유성구,7,일요일,2,외지인(b),160681.5,20240811
30200,유성구,7,일요일,3,외국인(c),1247.65,20240811
30230,대덕구,7,일요일,1,현지인(a),60697.0,20240811
30230,대덕구,7,일요일,2,외지인(b),71365.0,20240811
30230,대덕구,7,일요일,3,외국인(c),477.26,20240811
30110,동구,1,월요일,1,현지인(a),85519.0,20240812
30110,동구,1,월요일,2,외지인(b),99270.5,20240812
30110,동구,1,월요일,3,외국인(c),647.19,20240812
30140,중구,1,월요일,1,현지인(a),106806.0,20240812
30140,중구,1,월요일,2,외지인(b),115573.5,20240812
30140,중구,1,월요일,3,외국인(c),452.25000000000006,20240812
30170,서구,1,월요일,1,현지인(a),264852.0,20240812
30170,서구,1,월요일,2,외지인(b),147682.5,20240812
30170,서구,1,월요일,3,외국인(c),971.9099999999999,20240812
30200,유성구,1,월요일,1,현지인(a),240271.5,20240812
30200,유성구,1,월요일,2,외지인(b),136857.0,20240812
30200,유성구,1,월요일,3,외국인(c),1270.85,20240812
30230,대덕구,1,월요일,1,현지인(a),69314.0,20240812
30230,대덕구,1,월요일,2,외지인(b),61852.0,20240812
30230,대덕구,1,월요일,3,외국인(c),472.3399999999999,20240812
30110,동구,2,화요일,1,현지인(a),85459.5,20240813
30110,동구,2,화요일,2,외지인(b),101584.0,20240813
30110,동구,2,화요일,3,외국인(c),655.9999999999998,20240813
30140,중구,2,화요일,1,현지인(a),107457.0,20240813
30140,중구,2,화요일,2,외지인(b),126773.5,20240813
30140,중구,2,화요일,3,외국인(c),465.34999999999997,20240813
30170,서구,2,화요일,1,현지인(a),264267.5,20240813
30170,서구,2,화요일,2,외지인(b),153419.0,20240813
30170,서구,2,화요일,3,외국인(c),914.61,20240813
30200,유성구,2,화요일,1,현지인(a),242161.5,20240813
30200,유성구,2,화요일,2,외지인(b),147098.0,20240813
30200,유성구,2,화요일,3,외국인(c),1306.22,20240813
30230,대덕구,2,화요일,1,현지인(a),69545.0,20240813
30230,대덕구,2,화요일,2,외지인(b),66178.0,20240813
30230,대덕구,2,화요일,3,외국인(c),448.46,20240813
30110,동구,3,수요일,1,현지인(a),86880.5,20240814
30110,동구,3,수요일,2,외지인(b),114275.0,20240814
30110,동구,3,수요일,3,외국인(c),729.4599999999999,20240814
30140,중구,3,수요일,1,현지인(a),109907.0,20240814
30140,중구,3,수요일,2,외지인(b),143360.0,20240814
30140,중구,3,수요일,3,외국인(c),574.8100000000001,20240814
30170,서구,3,수요일,1,현지인(a),271295.5,20240814
30170,서구,3,수요일,2,외지인(b),168308.0,20240814
30170,서구,3,수요일,3,외국인(c),835.6199999999999,20240814
30200,유성구,3,수요일,1,현지인(a),247093.0,20240814
30200,유성구,3,수요일,2,외지인(b),160639.5,20240814
30200,유성구,3,수요일,3,외국인(c),1238.62,20240814
30230,대덕구,3,수요일,1,현지인(a),71249.5,20240814
30230,대덕구,3,수요일,2,외지인(b),70378.0,20240814
30230,대덕구,3,수요일,3,외국인(c),449.81000000000006,20240814
30110,동구,4,목요일,1,현지인(a),78792.0,20240815
30110,동구,4,목요일,2,외지인(b),126766.5,20240815
30110,동구,4,목요일,3,외국인(c),770.1299999999998,20240815
30140,중구,4,목요일,1,현지인(a),98241.5,20240815
30140,중구,4,목요일,2,외지인(b),156240.0,20240815
30140,중구,4,목요일,3,외국인(c),395.44,20240815
30170,서구,4,목요일,1,현지인(a),234762.5,20240815
30170,서구,4,목요일,2,외지인(b),173862.5,20240815
30170,서구,4,목요일,3,외국인(c),789.0699999999998,20240815
30200,유성구,4,목요일,1,현지인(a),211907.5,20240815
30200,유성구,4,목요일,2,외지인(b),170114.0,20240815
30200,유성구,4,목요일,3,외국인(c),991.94,20240815
30230,대덕구,4,목요일,1,현지인(a),62027.0,20240815
30230,대덕구,4,목요일,2,외지인(b),75582.5,20240815
30230,대덕구,4,목요일,3,외국인(c),428.77000000000004,20240815
30110,동구,5,금요일,1,현지인(a),84658.0,20240816
30110,동구,5,금요일,2,외지인(b),119864.5,20240816
30110,동구,5,금요일,3,외국인(c),661.3899999999999,20240816
30140,중구,5,금요일,1,현지인(a),107047.5,20240816
30140,중구,5,금요일,2,외지인(b),138782.0,20240816
30140,중구,5,금요일,3,외국인(c),412.80999999999995,20240816
30170,서구,5,금요일,1,현지인(a),260109.5,20240816
30170,서구,5,금요일,2,외지인(b),176690.5,20240816
30170,서구,5,금요일,3,외국인(c),1003.4499999999999,20240816
30200,유성구,5,금요일,1,현지인(a),231637.0,20240816
30200,유성구,5,금요일,2,외지인(b),160993.0,20240816
30200,유성구,5,금요일,3,외국인(c),1005.5099999999998,20240816
30230,대덕구,5,금요일,1,현지인(a),68257.0,20240816
30230,대덕구,5,금요일,2,외지인(b),71197.0,20240816
30230,대덕구,5,금요일,3,외국인(c),415.28000000000003,20240816
30110,동구,6,토요일,1,현지인(a),78158.5,20240817
30110,동구,6,토요일,2,외지인(b),141239.0,20240817
30110,동구,6,토요일,3,외국인(c),702.5299999999999,20240817
30140,중구,6,토요일,1,현지인(a),98679.0,20240817
30140,중구,6,토요일,2,외지인(b),157566.5,20240817
30140,중구,6,토요일,3,외국인(c),379.33,20240817
30170,서구,6,토요일,1,현지인(a),238836.5,20240817
30170,서구,6,토요일,2,외지인(b),209884.5,20240817
30170,서구,6,토요일,3,외국인(c),968.0700000000002,20240817
30200,유성구,6,토요일,1,현지인(a),209086.5,20240817
30200,유성구,6,토요일,2,외지인(b),207340.0,20240817
30200,유성구,6,토요일,3,외국인(c),1018.5100000000001,20240817
30230,대덕구,6,토요일,1,현지인(a),62118.0,20240817
30230,대덕구,6,토요일,2,외지인(b),85946.0,20240817
30230,대덕구,6,토요일,3,외국인(c),441.11999999999995,20240817
30110,동구,7,일요일,1,현지인(a),77483.0,20240818
30110,동구,7,일요일,2,외지인(b),127928.5,20240818
30110,동구,7,일요일,3,외국인(c),618.19,20240818
30140,중구,7,일요일,1,현지인(a),96313.0,20240818
30140,중구,7,일요일,2,외지인(b),123263.0,20240818
30140,중구,7,일요일,3,외국인(c),350.82,20240818
30170,서구,7,일요일,1,현지인(a),232799.0,20240818
30170,서구,7,일요일,2,외지인(b),171066.0,20240818
30170,서구,7,일요일,3,외국인(c),1050.3300000000002,20240818
30200,유성구,7,일요일,1,현지인(a),208365.5,20240818
30200,유성구,7,일요일,2,외지인(b),165872.0,20240818
30200,유성구,7,일요일,3,외국인(c),1107.15,20240818
30230,대덕구,7,일요일,1,현지인(a),60641.0,20240818
30230,대덕구,7,일요일,2,외지인(b),71575.0,20240818
30230,대덕구,7,일요일,3,외국인(c),493.4800000000001,20240818
30110,동구,1,월요일,1,현지인(a),87440.5,20240819
30110,동구,1,월요일,2,외지인(b),99053.5,20240819
30110,동구,1,월요일,3,외국인(c),724.22,20240819
30140,중구,1,월요일,1,현지인(a),108703.0,20240819
30140,중구,1,월요일,2,외지인(b),104135.5,20240819
30140,중구,1,월요일,3,외국인(c),349.95,20240819
30170,서구,1,월요일,1,현지인(a),266374.5,20240819
30170,서구,1,월요일,2,외지인(b),145365.5,20240819
30170,서구,1,월요일,3,외국인(c),1054.72,20240819
30200,유성구,1,월요일,1,현지인(a),241388.0,20240819
30200,유성구,1,월요일,2,외지인(b),135299.5,20240819
30200,유성구,1,월요일,3,외국인(c),1326.7299999999998,20240819
30230,대덕구,1,월요일,1,현지인(a),70896.0,20240819
30230,대덕구,1,월요일,2,외지인(b),63087.5,20240819
30230,대덕구,1,월요일,3,외국인(c),427.58,20240819
30110,동구,2,화요일,1,현지인(a),87741.5,20240820
30110,동구,2,화요일,2,외지인(b),96078.5,20240820
30110,동구,2,화요일,3,외국인(c),709.9200000000001,20240820
30140,중구,2,화요일,1,현지인(a),108213.0,20240820
30140,중구,2,화요일,2,외지인(b),103841.5,20240820
30140,중구,2,화요일,3,외국인(c),398.6000000000001,20240820
30170,서구,2,화요일,1,현지인(a),266931.0,20240820
30170,서구,2,화요일,2,외지인(b),151231.5,20240820
30170,서구,2,화요일,3,외국인(c),858.4800000000001,20240820
30200,유성구,2,화요일,1,현지인(a),242578.0,20240820
30200,유성구,2,화요일,2,외지인(b),138012.0,20240820
30200,유성구,2,화요일,3,외국인(c),1293.6699999999998,20240820
30230,대덕구,2,화요일,1,현지인(a),71305.5,20240820
30230,대덕구,2,화요일,2,외지인(b),64148.0,20240820
30230,대덕구,2,화요일,3,외국인(c),498.62999999999994,20240820
30110,동구,3,수요일,1,현지인(a),87342.5,20240821
30110,동구,3,수요일,2,외지인(b),94188.5,20240821
30110,동구,3,수요일,3,외국인(c),663.4099999999999,20240821
30140,중구,3,수요일,1,현지인(a),108804.5,20240821
30140,중구,3,수요일,2,외지인(b),102091.5,20240821
30140,중구,3,수요일,3,외국인(c),369.3399999999999,20240821
30170,서구,3,수요일,1,현지인(a),270469.5,20240821
30170,서구,3,수요일,2,외지인(b),149908.5,20240821
30170,서구,3,수요일,3,외국인(c),1024.23,20240821
30200,유성구,3,수요일,1,현지인(a),243946.5,20240821
30200,유성구,3,수요일,2,외지인(b),137364.5,20240821
30200,유성구,3,수요일,3,외국인(c),1355.9900000000005,20240821
30230,대덕구,3,수요일,1,현지인(a),71655.5,20240821
30230,대덕구,3,수요일,2,외지인(b),62660.5,20240821
30230,대덕구,3,수요일,3,외국인(c),519.5100000000001,20240821
30110,동구,4,목요일,1,현지인(a),87248.0,20240822
30110,동구,4,목요일,2,외지인(b),99354.5,20240822
30110,동구,4,목요일,3,외국인(c),907.7700000000001,20240822
30140,중구,4,목요일,1,현지인(a),109343.5,20240822
30140,중구,4,목요일,2,외지인(b),107170.0,20240822
30140,중구,4,목요일,3,외국인(c),425.8399999999999,20240822
30170,서구,4,목요일,1,현지인(a),270480.0,20240822
30170,서구,4,목요일,2,외지인(b),152869.5,20240822
30170,서구,4,목요일,3,외국인(c),1042.58,20240822
30200,유성구,4,목요일,1,현지인(a),244251.0,20240822
30200,유성구,4,목요일,2,외지인(b),142464.0,20240822
30200,유성구,4,목요일,3,외국인(c),1351.9499999999998,20240822
30230,대덕구,4,목요일,1,현지인(a),71991.5,20240822
30230,대덕구,4,목요일,2,외지인(b),65513.0,20240822
30230,대덕구,4,목요일,3,외국인(c),559.0200000000002,20240822
30110,동구,5,금요일,1,현지인(a),88830.0,20240823
30110,동구,5,금요일,2,외지인(b),121982.0,20240823
30110,동구,5,금요일,3,외국인(c),943.5100000000001,20240823
30140,중구,5,금요일,1,현지인(a),111485.5,20240823
30140,중구,5,금요일,2,외지인(b),121726.5,20240823
30140,중구,5,금요일,3,외국인(c),424.9700000000001,20240823
30170,서구,5,금요일,1,현지인(a),277634.0,20240823
30170,서구,5,금요일,2,외지인(b),178080.0,20240823
30170,서구,5,금요일,3,외국인(c),1120.7899999999997,20240823
30200,유성구,5,금요일,1,현지인(a),248566.5,20240823
30200,유성구,5,금요일,2,외지인(b),166418.0,20240823
30200,유성구,5,금요일,3,외국인(c),1397.8399999999997,20240823
30230,대덕구,5,금요일,1,현지인(a),73108.0,20240823
30230,대덕구,5,금요일,2,외지인(b),73542.0,20240823
30230,대덕구,5,금요일,3,외국인(c),602.8200000000002,20240823
30110,동구,6,토요일,1,현지인(a),81322.5,20240824
30110,동구,6,토요일,2,외지인(b),152309.5,20240824
30110,동구,6,토요일,3,외국인(c),934.9499999999999,20240824
30140,중구,6,토요일,1,현지인(a),102000.5,20240824
30140,중구,6,토요일,2,외지인(b),159614.0,20240824
30140,중구,6,토요일,3,외국인(c),460.09999999999997,20240824
30170,서구,6,토요일,1,현지인(a),249095.0,20240824
30170,서구,6,토요일,2,외지인(b),226915.5,20240824
30170,서구,6,토요일,3,외국인(c),881.98,20240824
30200,유성구,6,토요일,1,현지인(a),216979.0,20240824
30200,유성구,6,토요일,2,외지인(b),210133.0,20240824
30200,유성구,6,토요일,3,외국인(c),1080.7,20240824
30230,대덕구,6,토요일,1,현지인(a),64351.0,20240824
30230,대덕구,6,토요일,2,외지인(b),91112.0,20240824
30230,대덕구,6,토요일,3,외국인(c),437.15000000000003,20240824
30110,동구,7,일요일,1,현지인(a),78407.0,20240825
30110,동구,7,일요일,2,외지인(b),129370.5,20240825
30110,동구,7,일요일,3,외국인(c),900.0500000000001,20240825
30140,중구,7,일요일,1,현지인(a),97188.0,20240825
30140,중구,7,일요일,2,외지인(b),127337.0,20240825
30140,중구,7,일요일,3,외국인(c),453.78,20240825
30170,서구,7,일요일,1,현지인(a),236988.5,20240825
30170,서구,7,일요일,2,외지인(b),181723.5,20240825
30170,서구,7,일요일,3,외국인(c),838.28,20240825
30200,유성구,7,일요일,1,현지인(a),210595.0,20240825
30200,유성구,7,일요일,2,외지인(b),172469.5,20240825
30200,유성구,7,일요일,3,외국인(c),1056.78,20240825
30230,대덕구,7,일요일,1,현지인(a),61309.5,20240825
30230,대덕구,7,일요일,2,외지인(b),77595.0,20240825
30230,대덕구,7,일요일,3,외국인(c),437.48999999999995,20240825
30110,동구,1,월요일,1,현지인(a),88644.5,20240826
30110,동구,1,월요일,2,외지인(b),102452.0,20240826
30110,동구,1,월요일,3,외국인(c),860.2399999999999,20240826
30140,중구,1,월요일,1,현지인(a),109672.5,20240826
30140,중구,1,월요일,2,외지인(b),107747.5,20240826
30140,중구,1,월요일,3,외국인(c),399.4200000000001,20240826
30170,서구,1,월요일,1,현지인(a),270042.5,20240826
30170,서구,1,월요일,2,외지인(b),156544.5,20240826
30170,서구,1,월요일,3,외국인(c),805.4499999999998,20240826
30200,유성구,1,월요일,1,현지인(a),242543.0,20240826
30200,유성구,1,월요일,2,외지인(b),141074.5,20240826
30200,유성구,1,월요일,3,외국인(c),1262.9699999999998,20240826
30230,대덕구,1,월요일,1,현지인(a),71190.0,20240826
30230,대덕구,1,월요일,2,외지인(b),65817.5,20240826
30230,대덕구,1,월요일,3,외국인(c),468.01000000000005,20240826
30110,동구,2,화요일,1,현지인(a),88788.0,20240827
30110,동구,2,화요일,2,외지인(b),104188.0,20240827
30110,동구,2,화요일,3,외국인(c),989.6699999999997,20240827
30140,중구,2,화요일,1,현지인(a),108965.5,20240827
30140,중구,2,화요일,2,외지인(b),109067.0,20240827
30140,중구,2,화요일,3,외국인(c),477.24,20240827
30170,서구,2,화요일,1,현지인(a),268975.0,20240827
30170,서구,2,화요일,2,외지인(b),157762.5,20240827
30170,서구,2,화요일,3,외국인(c),914.3899999999999,20240827
30200,유성구,2,화요일,1,현지인(a),244216.0,20240827
30200,유성구,2,화요일,2,외지인(b),147374.5,20240827
30200,유성구,2,화요일,3,외국인(c),1377.8100000000002,20240827
30230,대덕구,2,화요일,1,현지인(a),71214.5,20240827
30230,대덕구,2,화요일,2,외지인(b),68432.0,20240827
30230,대덕구,2,화요일,3,외국인(c),614.41,20240827
30110,동구,3,수요일,1,현지인(a),89509.0,20240828
30110,동구,3,수요일,2,외지인(b),106655.5,20240828
30110,동구,3,수요일,3,외국인(c),1025.28,20240828
30140,중구,3,수요일,1,현지인(a),110845.0,20240828
30140,중구,3,수요일,2,외지인(b),112318.5,20240828
30140,중구,3,수요일,3,외국인(c),390.12000000000006,20240828
30170,서구,3,수요일,1,현지인(a),274218.0,20240828
30170,서구,3,수요일,2,외지인(b),163558.5,20240828
30170,서구,3,수요일,3,외국인(c),937.4499999999998,20240828
30200,유성구,3,수요일,1,현지인(a),247289.0,20240828
30200,유성구,3,수요일,2,외지인(b),154010.5,20240828
30200,유성구,3,수요일,3,외국인(c),1434.1600000000003,20240828
30230,대덕구,3,수요일,1,현지인(a),72100.0,20240828
30230,대덕구,3,수요일,2,외지인(b),68572.0,20240828
30230,대덕구,3,수요일,3,외국인(c),667.8900000000002,20240828
30110,동구,4,목요일,1,현지인(a),89334.0,20240829
30110,동구,4,목요일,2,외지인(b),110358.5,20240829
30110,동구,4,목요일,3,외국인(c),1063.1999999999998,20240829
30140,중구,4,목요일,1,현지인(a),110064.5,20240829
30140,중구,4,목요일,2,외지인(b),114999.5,20240829
30140,중구,4,목요일,3,외국인(c),462.5600000000002,20240829
30170,서구,4,목요일,1,현지인(a),271768.0,20240829
30170,서구,4,목요일,2,외지인(b),163502.5,20240829
30170,서구,4,목요일,3,외국인(c),981.1199999999998,20240829
30200,유성구,4,목요일,1,현지인(a),245896.0,20240829
30200,유성구,4,목요일,2,외지인(b),157234.0,20240829
30200,유성구,4,목요일,3,외국인(c),1463.75,20240829
30230,대덕구,4,목요일,1,현지인(a),71585.5,20240829
30230,대덕구,4,목요일,2,외지인(b),72481.5,20240829
30230,대덕구,4,목요일,3,외국인(c),630.1800000000001,20240829
30110,동구,5,금요일,1,현지인(a),90384.0,20240830
30110,동구,5,금요일,2,외지인(b),126899.5,20240830
30110,동구,5,금요일,3,외국인(c),1118.5900000000001,20240830
30140,중구,5,금요일,1,현지인(a),112021.0,20240830
30140,중구,5,금요일,2,외지인(b),127221.5,20240830
30140,중구,5,금요일,3,외국인(c),507.29999999999995,20240830
30170,서구,5,금요일,1,현지인(a),277105.5,20240830
30170,서구,5,금요일,2,외지인(b),180855.5,20240830
30170,서구,5,금요일,3,외국인(c),976.9799999999998,20240830
30200,유성구,5,금요일,1,현지인(a),249063.5,20240830
30200,유성구,5,금요일,2,외지인(b),174646.5,20240830
30200,유성구,5,금요일,3,외국인(c),1325.8699999999994,20240830
30230,대덕구,5,금요일,1,현지인(a),72926.0,20240830
30230,대덕구,5,금요일,2,외지인(b),77238.0,20240830
30230,대덕구,5,금요일,3,외국인(c),524.1400000000001,20240830
30110,동구,6,토요일,1,현지인(a),83440.0,20240831
30110,동구,6,토요일,2,외지인(b),164122.0,20240831
30110,동구,6,토요일,3,외국인(c),1147.3000000000002,20240831
30140,중구,6,토요일,1,현지인(a),102935.0,20240831
30140,중구,6,토요일,2,외지인(b),175686.0,20240831
30140,중구,6,토요일,3,외국인(c),492.54,20240831
30170,서구,6,토요일,1,현지인(a),249893.0,20240831
30170,서구,6,토요일,2,외지인(b),234290.0,20240831
30170,서구,6,토요일,3,외국인(c),918.8399999999999,20240831
30200,유성구,6,토요일,1,현지인(a),218445.5,20240831
30200,유성구,6,토요일,2,외지인(b),226870.0,20240831
30200,유성구,6,토요일,3,외국인(c),1221.46,20240831
30230,대덕구,6,토요일,1,현지인(a),64998.5,20240831
30230,대덕구,6,토요일,2,외지인(b),99435.0,20240831
30230,대덕구,6,토요일,3,외국인(c),508.27000000000004,20240831
30110,동구,7,일요일,1,현지인(a),82323.5,20240901
30110,동구,7,일요일,2,외지인(b),132713.0,20240901
30110,동구,7,일요일,3,외국인(c),1214.52,20240901
30140,중구,7,일요일,1,현지인(a),103173.0,20240901
30140,중구,7,일요일,2,외지인(b),127743.0,20240901
30140,중구,7,일요일,3,외국인(c),481.11999999999995,20240901
30170,서구,7,일요일,1,현지인(a),241206.0,20240901
30170,서구,7,일요일,2,외지인(b),174303.5,20240901
30170,서구,7,일요일,3,외국인(c),874.39,20240901
30200,유성구,7,일요일,1,현지인(a),219313.5,20240901
30200,유성구,7,일요일,2,외지인(b),180442.5,20240901
30200,유성구,7,일요일,3,외국인(c),1306.8700000000001,20240901
30230,대덕구,7,일요일,1,현지인(a),62937.0,20240901
30230,대덕구,7,일요일,2,외지인(b),74217.5,20240901
30230,대덕구,7,일요일,3,외국인(c),491.5800000000001,20240901
30110,동구,1,월요일,1,현지인(a),95182.5,20240902
30110,동구,1,월요일,2,외지인(b),100233.0,20240902
30110,동구,1,월요일,3,외국인(c),1117.75,20240902
30140,중구,1,월요일,1,현지인(a),116889.5,20240902
30140,중구,1,월요일,2,외지인(b),94986.5,20240902
30140,중구,1,월요일,3,외국인(c),406.64,20240902
30170,서구,1,월요일,1,현지인(a),278299.0,20240902
30170,서구,1,월요일,2,외지인(b),140889.0,20240902
30170,서구,1,월요일,3,외국인(c),955.7799999999999,20240902
30200,유성구,1,월요일,1,현지인(a),259161.0,20240902
30200,유성구,1,월요일,2,외지인(b),144193.0,20240902
30200,유성구,1,월요일,3,외국인(c),1514.79,20240902
30230,대덕구,1,월요일,1,현지인(a),74014.5,20240902
30230,대덕구,1,월요일,2,외지인(b),66605.0,20240902
30230,대덕구,1,월요일,3,외국인(c),553.76,20240902
30110,동구,2,화요일,1,현지인(a),94300.5,20240903
30110,동구,2,화요일,2,외지인(b),105731.5,20240903
30110,동구,2,화요일,3,외국인(c),1039.0699999999997,20240903
30140,중구,2,화요일,1,현지인(a),116819.5,20240903
30140,중구,2,화요일,2,외지인(b),109224.5,20240903
30140,중구,2,화요일,3,외국인(c),480.4599999999999,20240903
30170,서구,2,화요일,1,현지인(a),278778.5,20240903
30170,서구,2,화요일,2,외지인(b),147896.0,20240903
30170,서구,2,화요일,3,외국인(c),947.47,20240903
30200,유성구,2,화요일,1,현지인(a),260760.5,20240903
30200,유성구,2,화요일,2,외지인(b),152792.5,20240903
30200,유성구,2,화요일,3,외국인(c),1800.2100000000003,20240903
30230,대덕구,2,화요일,1,현지인(a),74308.5,20240903
30230,대덕구,2,화요일,2,외지인(b),69499.5,20240903
30230,대덕구,2,화요일,3,외국인(c),564.9699999999999,20240903
30110,동구,3,수요일,1,현지인(a),95014.5,20240904
30110,동구,3,수요일,2,외지인(b),107625.0,20240904
30110,동구,3,수요일,3,외국인(c),1127.53,20240904
30140,중구,3,수요일,1,현지인(a),116805.5,20240904
30140,중구,3,수요일,2,외지인(b),101951.5,20240904
30140,중구,3,수요일,3,외국인(c),418.44000000000005,20240904
30170,서구,3,수요일,1,현지인(a),279863.5,20240904
30170,서구,3,수요일,2,외지인(b),153730.5,20240904
30170,서구,3,수요일,3,외국인(c),925.9599999999998,20240904
30200,유성구,3,수요일,1,현지인(a),262055.5,20240904
30200,유성구,3,수요일,2,외지인(b),162379.0,20240904
30200,유성구,3,수요일,3,외국인(c),1812.9000000000003,20240904
30230,대덕구,3,수요일,1,현지인(a),74396.0,20240904
30230,대덕구,3,수요일,2,외지인(b),70346.5,20240904
30230,대덕구,3,수요일,3,외국인(c),590.7499999999999,20240904
30110,동구,4,목요일,1,현지인(a),94577.0,20240905
30110,동구,4,목요일,2,외지인(b),109151.0,20240905
30110,동구,4,목요일,3,외국인(c),1125.3600000000001,20240905
30140,중구,4,목요일,1,현지인(a),116665.5,20240905
30140,중구,4,목요일,2,외지인(b),103019.0,20240905
30140,중구,4,목요일,3,외국인(c),443.71,20240905
30170,서구,4,목요일,1,현지인(a),277763.5,20240905
30170,서구,4,목요일,2,외지인(b),151942.0,20240905
30170,서구,4,목요일,3,외국인(c),851.01,20240905
30200,유성구,4,목요일,1,현지인(a),259756.0,20240905
30200,유성구,4,목요일,2,외지인(b),158098.5,20240905
30200,유성구,4,목요일,3,외국인(c),1593.6800000000003,20240905
30230,대덕구,4,목요일,1,현지인(a),73885.0,20240905
30230,대덕구,4,목요일,2,외지인(b),71295.0,20240905
30230,대덕구,4,목요일,3,외국인(c),549.91,20240905
30110,동구,5,금요일,1,현지인(a),95200.0,20240906
30110,동구,5,금요일,2,외지인(b),124873.0,20240906
30110,동구,5,금요일,3,외국인(c),1197.58,20240906
30140,중구,5,금요일,1,현지인(a),118244.0,20240906
30140,중구,5,금요일,2,외지인(b),115738.0,20240906
30140,중구,5,금요일,3,외국인(c),489.81,20240906
30170,서구,5,금요일,1,현지인(a),280465.5,20240906
30170,서구,5,금요일,2,외지인(b),166453.0,20240906
30170,서구,5,금요일,3,외국인(c),974.85,20240906
30200,유성구,5,금요일,1,현지인(a),260778.0,20240906
30200,유성구,5,금요일,2,외지인(b),169102.5,20240906
30200,유성구,5,금요일,3,외국인(c),1588.45,20240906
30230,대덕구,5,금요일,1,현지인(a),74676.0,20240906
30230,대덕구,5,금요일,2,외지인(b),73920.0,20240906
30230,대덕구,5,금요일,3,외국인(c),537.6400000000001,20240906
30110,동구,6,토요일,1,현지인(a),86383.5,20240907
30110,동구,6,토요일,2,외지인(b),158273.5,20240907
30110,동구,6,토요일,3,외국인(c),1249.0099999999998,20240907
30140,중구,6,토요일,1,현지인(a),107625.0,20240907
30140,중구,6,토요일,2,외지인(b),165315.5,20240907
30140,중구,6,토요일,3,외국인(c),571.82,20240907
30170,서구,6,토요일,1,현지인(a),254425.5,20240907
30170,서구,6,토요일,2,외지인(b),227559.5,20240907
30170,서구,6,토요일,3,외국인(c),996.0599999999997,20240907
30200,유성구,6,토요일,1,현지인(a),225620.5,20240907
30200,유성구,6,토요일,2,외지인(b),224696.5,20240907
30200,유성구,6,토요일,3,외국인(c),1425.43,20240907
30230,대덕구,6,토요일,1,현지인(a),66202.5,20240907
30230,대덕구,6,토요일,2,외지인(b),93194.5,20240907
30230,대덕구,6,토요일,3,외국인(c),537.14,20240907
30110,동구,7,일요일,1,현지인(a),83261.5,20240908
30110,동구,7,일요일,2,외지인(b),136104.5,20240908
30110,동구,7,일요일,3,외국인(c),1242.0500000000002,20240908
30140,중구,7,일요일,1,현지인(a),103295.5,20240908
30140,중구,7,일요일,2,외지인(b),128229.5,20240908
30140,중구,7,일요일,3,외국인(c),870.7399999999999,20240908
30170,서구,7,일요일,1,현지인(a),242119.5,20240908
30170,서구,7,일요일,2,외지인(b),185454.5,20240908
30170,서구,7,일요일,3,외국인(c),1001.1999999999998,20240908
30200,유성구,7,일요일,1,현지인(a),220839.5,20240908
30200,유성구,7,일요일,2,외지인(b),184698.5,20240908
30200,유성구,7,일요일,3,외국인(c),1379.64,20240908
30230,대덕구,7,일요일,1,현지인(a),63574.0,20240908
30230,대덕구,7,일요일,2,외지인(b),80836.0,20240908
30230,대덕구,7,일요일,3,외국인(c),572.1800000000002,20240908
30110,동구,1,월요일,1,현지인(a),95056.5,20240909
30110,동구,1,월요일,2,외지인(b),107135.0,20240909
30110,동구,1,월요일,3,외국인(c),1024.79,20240909
30140,중구,1,월요일,1,현지인(a),116480.0,20240909
30140,중구,1,월요일,2,외지인(b),102504.5,20240909
30140,중구,1,월요일,3,외국인(c),352.29999999999995,20240909
30170,서구,1,월요일,1,현지인(a),277438.0,20240909
30170,서구,1,월요일,2,외지인(b),153209.0,20240909
30170,서구,1,월요일,3,외국인(c),818.7699999999999,20240909
30200,유성구,1,월요일,1,현지인(a),258671.0,20240909
30200,유성구,1,월요일,2,외지인(b),157577.0,20240909
30200,유성구,1,월요일,3,외국인(c),1412.58,20240909
30230,대덕구,1,월요일,1,현지인(a),74917.5,20240909
30230,대덕구,1,월요일,2,외지인(b),71834.0,20240909
30230,대덕구,1,월요일,3,외국인(c),439.12,20240909
30110,동구,2,화요일,1,현지인(a),94850.0,20240910
30110,동구,2,화요일,2,외지인(b),111895.0,20240910
30110,동구,2,화요일,3,외국인(c),1136.5100000000002,20240910
30140,중구,2,화요일,1,현지인(a),116984.0,20240910
30140,중구,2,화요일,2,외지인(b),107877.0,20240910
30140,중구,2,화요일,3,외국인(c),465.14000000000004,20240910
30170,서구,2,화요일,1,현지인(a),278264.0,20240910
30170,서구,2,화요일,2,외지인(b),158448.5,20240910
30170,서구,2,화요일,3,외국인(c),916.7299999999999,20240910
30200,유성구,2,화요일,1,현지인(a),259815.5,20240910
30200,유성구,2,화요일,2,외지인(b),165602.5,20240910
30200,유성구,2,화요일,3,외국인(c),1549.66,20240910
30230,대덕구,2,화요일,1,현지인(a),74553.5,20240910
30230,대덕구,2,화요일,2,외지인(b),75698.0,20240910
30230,대덕구,2,화요일,3,외국인(c),550.18,20240910
30110,동구,3,수요일,1,현지인(a),94437.0,20240911
30110,동구,3,수요일,2,외지인(b),112560.0,20240911
30110,동구,3,수요일,3,외국인(c),1201.16,20240911
30140,중구,3,수요일,1,현지인(a),116693.5,20240911
30140,중구,3,수요일,2,외지인(b),114152.5,20240911
30140,중구,3,수요일,3,외국인(c),411.23999999999995,20240911
30170,서구,3,수요일,1,현지인(a),278033.0,20240911
30170,서구,3,수요일,2,외지인(b),158935.0,20240911
30170,서구,3,수요일,3,외국인(c),890.3099999999997,20240911
30200,유성구,3,수요일,1,현지인(a),259598.5,20240911
30200,유성구,3,수요일,2,외지인(b),169358.0,20240911
30200,유성구,3,수요일,3,외국인(c),1688.9800000000005,20240911
30230,대덕구,3,수요일,1,현지인(a),74203.5,20240911
30230,대덕구,3,수요일,2,외지인(b),78050.0,20240911
30230,대덕구,3,수요일,3,외국인(c),534.11,20240911
30110,동구,4,목요일,1,현지인(a),94983.0,20240912
30110,동구,4,목요일,2,외지인(b),117908.0,20240912
30110,동구,4,목요일,3,외국인(c),1131.8900000000003,20240912
30140,중구,4,목요일,1,현지인(a),117852.0,20240912
30140,중구,4,목요일,2,외지인(b),122615.5,20240912
30140,중구,4,목요일,3,외국인(c),515.3499999999999,20240912
30170,서구,4,목요일,1,현지인(a),279898.5,20240912
30170,서구,4,목요일,2,외지인(b),163289.0,20240912
30170,서구,4,목요일,3,외국인(c),873.09,20240912
30200,유성구,4,목요일,1,현지인(a),261681.0,20240912
30200,유성구,4,목요일,2,외지인(b),170604.0,20240912
30200,유성구,4,목요일,3,외국인(c),1595.89,20240912
30230,대덕구,4,목요일,1,현지인(a),74494.0,20240912
30230,대덕구,4,목요일,2,외지인(b),76643.0,20240912
30230,대덕구,4,목요일,3,외국인(c),474.15,20240912
30110,동구,5,금요일,1,현지인(a),97457.5,20240913
30110,동구,5,금요일,2,외지인(b),132023.5,20240913
30110,동구,5,금요일,3,외국인(c),1210.7599999999998,20240913
30140,중구,5,금요일,1,현지인(a),121201.5,20240913
30140,중구,5,금요일,2,외지인(b),126969.5,20240913
30140,중구,5,금요일,3,외국인(c),526.4299999999998,20240913
30170,서구,5,금요일,1,현지인(a),289075.5,20240913
30170,서구,5,금요일,2,외지인(b),182000.0,20240913
30170,서구,5,금요일,3,외국인(c),983.7899999999998,20240913
30200,유성구,5,금요일,1,현지인(a),262150.0,20240913
30200,유성구,5,금요일,2,외지인(b),174590.5,20240913
30200,유성구,5,금요일,3,외국인(c),1603.68,20240913
30230,대덕구,5,금요일,1,현지인(a),76930.0,20240913
30230,대덕구,5,금요일,2,외지인(b),83513.5,20240913
30230,대덕구,5,금요일,3,외국인(c),561.6400000000001,20240913
30110,동구,6,토요일,1,현지인(a),85830.5,20240914
30110,동구,6,토요일,2,외지인(b),151767.0,20240914
30110,동구,6,토요일,3,외국인(c),1229.1,20240914
30140,중구,6,토요일,1,현지인(a),108433.5,20240914
30140,중구,6,토요일,2,외지인(b),161315.0,20240914
30140,중구,6,토요일,3,외국인(c),545.76,20240914
30170,서구,6,토요일,1,현지인(a),249921.0,20240914
30170,서구,6,토요일,2,외지인(b),215110.0,20240914
30170,서구,6,토요일,3,외국인(c),1099.54,20240914
30200,유성구,6,토요일,1,현지인(a),213003.0,20240914
30200,유성구,6,토요일,2,외지인(b),197925.0,20240914
30200,유성구,6,토요일,3,외국인(c),1327.5700000000004,20240914
30230,대덕구,6,토요일,1,현지인(a),66171.0,20240914
30230,대덕구,6,토요일,2,외지인(b),99848.0,20240914
30230,대덕구,6,토요일,3,외국인(c),529.8199999999999,20240914
30110,동구,7,일요일,1,현지인(a),78666.0,20240915
30110,동구,7,일요일,2,외지인(b),154675.5,20240915
30110,동구,7,일요일,3,외국인(c),1204.6299999999997,20240915
30140,중구,7,일요일,1,현지인(a),100250.5,20240915
30140,중구,7,일요일,2,외지인(b),165963.0,20240915
30140,중구,7,일요일,3,외국인(c),553.4999999999999,20240915
30170,서구,7,일요일,1,현지인(a),225169.0,20240915
30170,서구,7,일요일,2,외지인(b),216478.5,20240915
30170,서구,7,일요일,3,외국인(c),950.2699999999999,20240915
30200,유성구,7,일요일,1,현지인(a),188170.5,20240915
30200,유성구,7,일요일,2,외지인(b),198047.5,20240915
30200,유성구,7,일요일,3,외국인(c),1227.01,20240915
30230,대덕구,7,일요일,1,현지인(a),60550.0,20240915
30230,대덕구,7,일요일,2,외지인(b),104898.5,20240915
30230,대덕구,7,일요일,3,외국인(c),459.12999999999994,20240915
30110,동구,1,월요일,1,현지인(a),71011.5,20240916
30110,동구,1,월요일,2,외지인(b),165256.0,20240916
30110,동구,1,월요일,3,외국인(c),1178.9299999999998,20240916
30140,중구,1,월요일,1,현지인(a),91126.0,20240916
30140,중구,1,월요일,2,외지인(b),169288.0,20240916
30140,중구,1,월요일,3,외국인(c),536.3199999999998,20240916
30170,서구,1,월요일,1,현지인(a),194624.5,20240916
30170,서구,1,월요일,2,외지인(b),207385.5,20240916
30170,서구,1,월요일,3,외국인(c),841.79,20240916
30200,유성구,1,월요일,1,현지인(a),160951.0,20240916
30200,유성구,1,월요일,2,외지인(b),192794.0,20240916
30200,유성구,1,월요일,3,외국인(c),1104.97,20240916
30230,대덕구,1,월요일,1,현지인(a),54365.5,20240916
30230,대덕구,1,월요일,2,외지인(b),114156.0,20240916
30230,대덕구,1,월요일,3,외국인(c),459.21000000000004,20240916
30110,동구,2,화요일,1,현지인(a),70759.5,20240917
30110,동구,2,화요일,2,외지인(b),206584.0,20240917
30110,동구,2,화요일,3,외국인(c),1446.2399999999996,20240917
30140,중구,2,화요일,1,현지인(a),88032.0,20240917
30140,중구,2,화요일,2,외지인(b),175220.5,20240917
30140,중구,2,화요일,3,외국인(c),503.56999999999994,20240917
30170,서구,2,화요일,1,현지인(a),194488.0,20240917
30170,서구,2,화요일,2,외지인(b),218988.0,20240917
30170,서구,2,화요일,3,외국인(c),956.46,20240917
30200,유성구,2,화요일,1,현지인(a),163338.0,20240917
30200,유성구,2,화요일,2,외지인(b),213314.5,20240917
30200,유성구,2,화요일,3,외국인(c),1154.53,20240917
30230,대덕구,2,화요일,1,현지인(a),53004.0,20240917
30230,대덕구,2,화요일,2,외지인(b),112427.0,20240917
30230,대덕구,2,화요일,3,외국인(c),623.7100000000003,20240917
30110,동구,3,수요일,1,현지인(a),78141.0,20240918
30110,동구,3,수요일,2,외지인(b),142418.5,20240918
30110,동구,3,수요일,3,외국인(c),1203.83,20240918
30140,중구,3,수요일,1,현지인(a),96173.0,20240918
30140,중구,3,수요일,2,외지인(b),123931.5,20240918
30140,중구,3,수요일,3,외국인(c),467.34999999999997,20240918
30170,서구,3,수요일,1,현지인(a),222754.0,20240918
30170,서구,3,수요일,2,외지인(b),168143.5,20240918
30170,서구,3,수요일,3,외국인(c),898.2499999999998,20240918
30200,유성구,3,수요일,1,현지인(a),199307.5,20240918
30200,유성구,3,수요일,2,외지인(b),161234.5,20240918
30200,유성구,3,수요일,3,외국인(c),1240.57,20240918
30230,대덕구,3,수요일,1,현지인(a),59006.5,20240918
30230,대덕구,3,수요일,2,외지인(b),84476.0,20240918
30230,대덕구,3,수요일,3,외국인(c),487.7699999999999,20240918
30110,동구,4,목요일,1,현지인(a),93922.5,20240919
30110,동구,4,목요일,2,외지인(b),107187.5,20240919
30110,동구,4,목요일,3,외국인(c),1114.2300000000002,20240919
30140,중구,4,목요일,1,현지인(a),115570.0,20240919
30140,중구,4,목요일,2,외지인(b),105427.0,20240919
30140,중구,4,목요일,3,외국인(c),543.59,20240919
30170,서구,4,목요일,1,현지인(a),272762.0,20240919
30170,서구,4,목요일,2,외지인(b),153954.5,20240919
30170,서구,4,목요일,3,외국인(c),904.3299999999999,20240919
30200,유성구,4,목요일,1,현지인(a),252269.5,20240919
30200,유성구,4,목요일,2,외지인(b),149401.0,20240919
30200,유성구,4,목요일,3,외국인(c),1275.0500000000002,20240919
30230,대덕구,4,목요일,1,현지인(a),72289.0,20240919
30230,대덕구,4,목요일,2,외지인(b),69027.0,20240919
30230,대덕구,4,목요일,3,외국인(c),449.7,20240919
30110,동구,5,금요일,1,현지인(a),92396.5,20240920
30110,동구,5,금요일,2,외지인(b),112409.5,20240920
30110,동구,5,금요일,3,외국인(c),1185.3899999999999,20240920
30140,중구,5,금요일,1,현지인(a),115388.0,20240920
30140,중구,5,금요일,2,외지인(b),110334.0,20240920
30140,중구,5,금요일,3,외국인(c),545.0099999999999,20240920
30170,서구,5,금요일,1,현지인(a),275201.5,20240920
30170,서구,5,금요일,2,외지인(b),163604.0,20240920
30170,서구,5,금요일,3,외국인(c),982.44,20240920
30200,유성구,5,금요일,1,현지인(a),253799.0,20240920
30200,유성구,5,금요일,2,외지인(b),156576.0,20240920
30200,유성구,5,금요일,3,외국인(c),1436.1499999999999,20240920
30230,대덕구,5,금요일,1,현지인(a),72593.5,20240920
30230,대덕구,5,금요일,2,외지인(b),70927.5,20240920
30230,대덕구,5,금요일,3,외국인(c),522.77,20240920
30110,동구,6,토요일,1,현지인(a),84091.0,20240921
30110,동구,6,토요일,2,외지인(b),134193.5,20240921
30110,동구,6,토요일,3,외국인(c),1262.4300000000003,20240921
30140,중구,6,토요일,1,현지인(a),105910.0,20240921
30140,중구,6,토요일,2,외지인(b),132723.5,20240921
30140,중구,6,토요일,3,외국인(c),566.7100000000002,20240921
30170,서구,6,토요일,1,현지인(a),248913.0,20240921
30170,서구,6,토요일,2,외지인(b),189707.0,20240921
30170,서구,6,토요일,3,외국인(c),971.92,20240921
30200,유성구,6,토요일,1,현지인(a),221399.5,20240921
30200,유성구,6,토요일,2,외지인(b),177226.0,20240921
30200,유성구,6,토요일,3,외국인(c),1439.9899999999998,20240921
30230,대덕구,6,토요일,1,현지인(a),64214.5,20240921
30230,대덕구,6,토요일,2,외지인(b),77952.0,20240921
30230,대덕구,6,토요일,3,외국인(c),443.64,20240921
30110,동구,7,일요일,1,현지인(a),83674.5,20240922
30110,동구,7,일요일,2,외지인(b),132583.5,20240922
30110,동구,7,일요일,3,외국인(c),1192.99,20240922
30140,중구,7,일요일,1,현지인(a),104275.5,20240922
30140,중구,7,일요일,2,외지인(b),133847.0,20240922
30140,중구,7,일요일,3,외국인(c),514.56,20240922
30170,서구,7,일요일,1,현지인(a),243897.5,20240922
30170,서구,7,일요일,2,외지인(b),170068.5,20240922
30170,서구,7,일요일,3,외국인(c),1013.37,20240922
30200,유성구,7,일요일,1,현지인(a),222554.5,20240922
30200,유성구,7,일요일,2,외지인(b),187330.5,20240922
30200,유성구,7,일요일,3,외국인(c),1623.98,20240922
30230,대덕구,7,일요일,1,현지인(a),63784.0,20240922
30230,대덕구,7,일요일,2,외지인(b),78904.0,20240922
30230,대덕구,7,일요일,3,외국인(c),467.90000000000003,20240922
30110,동구,1,월요일,1,현지인(a),94472.0,20240923
30110,동구,1,월요일,2,외지인(b),114926.0,20240923
30110,동구,1,월요일,3,외국인(c),1158.77,20240923
30140,중구,1,월요일,1,현지인(a),116711.0,20240923
30140,중구,1,월요일,2,외지인(b),114852.5,20240923
30140,중구,1,월요일,3,외국인(c),461.96,20240923
30170,서구,1,월요일,1,현지인(a),276724.0,20240923
30170,서구,1,월요일,2,외지인(b),162680.0,20240923
30170,서구,1,월요일,3,외국인(c),948.3700000000001,20240923
30200,유성구,1,월요일,1,현지인(a),259483.0,20240923
30200,유성구,1,월요일,2,외지인(b),162519.0,20240923
30200,유성구,1,월요일,3,외국인(c),1719.68,20240923
30230,대덕구,1,월요일,1,현지인(a),73923.5,20240923
30230,대덕구,1,월요일,2,외지인(b),75785.5,20240923
30230,대덕구,1,월요일,3,외국인(c),542.21,20240923
30110,동구,2,화요일,1,현지인(a),94139.5,20240924
30110,동구,2,화요일,2,외지인(b),116480.0,20240924
30110,동구,2,화요일,3,외국인(c),1114.25,20240924
30140,중구,2,화요일,1,현지인(a),116417.0,20240924
30140,중구,2,화요일,2,외지인(b),111153.0,20240924
30140,중구,2,화요일,3,외국인(c),529.77,20240924
30170,서구,2,화요일,1,현지인(a),276003.0,20240924
30170,서구,2,화요일,2,외지인(b),165585.0,20240924
30170,서구,2,화요일,3,외국인(c),1020.04,20240924
30200,유성구,2,화요일,1,현지인(a),260736.0,20240924
30200,유성구,2,화요일,2,외지인(b),175829.5,20240924
30200,유성구,2,화요일,3,외국인(c),1799.8999999999999,20240924
30230,대덕구,2,화요일,1,현지인(a),74154.5,20240924
30230,대덕구,2,화요일,2,외지인(b),77742.0,20240924
30230,대덕구,2,화요일,3,외국인(c),597.85,20240924
30110,동구,3,수요일,1,현지인(a),95032.0,20240925
30110,동구,3,수요일,2,외지인(b),118723.5,20240925
30110,동구,3,수요일,3,외국인(c),1099.4,20240925
30140,중구,3,수요일,1,현지인(a),118464.5,20240925
30140,중구,3,수요일,2,외지인(b),117400.5,20240925
30140,중구,3,수요일,3,외국인(c),469.36000000000007,20240925
30170,서구,3,수요일,1,현지인(a),279961.5,20240925
30170,서구,3,수요일,2,외지인(b),170975.0,20240925
30170,서구,3,수요일,3,외국인(c),989.92,20240925
30200,유성구,3,수요일,1,현지인(a),259164.5,20240925
30200,유성구,3,수요일,2,외지인(b),176781.5,20240925
30200,유성구,3,수요일,3,외국인(c),1761.2,20240925
30230,대덕구,3,수요일,1,현지인(a),75225.5,20240925
30230,대덕구,3,수요일,2,외지인(b),78851.5,20240925
30230,대덕구,3,수요일,3,외국인(c),589.17,20240925
30110,동구,4,목요일,1,현지인(a),94489.5,20240926
30110,동구,4,목요일,2,외지인(b),121292.5,20240926
30110,동구,4,목요일,3,외국인(c),1191.0700000000006,20240926
30140,중구,4,목요일,1,현지인(a),117642.0,20240926
30140,중구,4,목요일,2,외지인(b),119374.5,20240926
30140,중구,4,목요일,3,외국인(c),540.1999999999999,20240926
30170,서구,4,목요일,1,현지인(a),277242.0,20240926
30170,서구,4,목요일,2,외지인(b),174807.5,20240926
30170,서구,4,목요일,3,외국인(c),1078.57,20240926
30200,유성구,4,목요일,1,현지인(a),259773.5,20240926
30200,유성구,4,목요일,2,외지인(b),179189.5,20240926
30200,유성구,4,목요일,3,외국인(c),1723.8900000000003,20240926
30230,대덕구,4,목요일,1,현지인(a),74214.0,20240926
30230,대덕구,4,목요일,2,외지인(b),80619.0,20240926
30230,대덕구,4,목요일,3,외국인(c),569.7700000000002,20240926
30110,동구,5,금요일,1,현지인(a),95634.0,20240927
30110,동구,5,금요일,2,외지인(b),138575.5,20240927
30110,동구,5,금요일,3,외국인(c),1217.61,20240927
30140,중구,5,금요일,1,현지인(a),119574.0,20240927
30140,중구,5,금요일,2,외지인(b),144823.0,20240927
30140,중구,5,금요일,3,외국인(c),639.4599999999999,20240927
30170,서구,5,금요일,1,현지인(a),281991.5,20240927
30170,서구,5,금요일,2,외지인(b),188930.0,20240927
30170,서구,5,금요일,3,외국인(c),1075.23,20240927
30200,유성구,5,금요일,1,현지인(a),261782.5,20240927
30200,유성구,5,금요일,2,외지인(b),197865.5,20240927
30200,유성구,5,금요일,3,외국인(c),1670.7800000000002,20240927
30230,대덕구,5,금요일,1,현지인(a),75834.5,20240927
30230,대덕구,5,금요일,2,외지인(b),85823.5,20240927
30230,대덕구,5,금요일,3,외국인(c),594.89,20240927
30110,동구,6,토요일,1,현지인(a),87990.0,20240928
30110,동구,6,토요일,2,외지인(b),193760.0,20240928
30110,동구,6,토요일,3,외국인(c),1289.0900000000004,20240928
30140,중구,6,토요일,1,현지인(a),110054.0,20240928
30140,중구,6,토요일,2,외지인(b),192570.0,20240928
30140,중구,6,토요일,3,외국인(c),633.4000000000001,20240928
30170,서구,6,토요일,1,현지인(a),252504.0,20240928
30170,서구,6,토요일,2,외지인(b),234661.0,20240928
30170,서구,6,토요일,3,외국인(c),1038.31,20240928
30200,유성구,6,토요일,1,현지인(a),225592.5,20240928
30200,유성구,6,토요일,2,외지인(b),223422.5,20240928
30200,유성구,6,토요일,3,외국인(c),1474.9599999999998,20240928
30230,대덕구,6,토요일,1,현지인(a),67119.5,20240928
30230,대덕구,6,토요일,2,외지인(b),100481.5,20240928
30230,대덕구,6,토요일,3,외국인(c),478.93000000000006,20240928
30110,동구,7,일요일,1,현지인(a),84224.0,20240929
30110,동구,7,일요일,2,외지인(b),158942.0,20240929
30110,동구,7,일요일,3,외국인(c),1281.47,20240929
30140,중구,7,일요일,1,현지인(a),105973.0,20240929
30140,중구,7,일요일,2,외지인(b),156443.0,20240929
30140,중구,7,일요일,3,외국인(c),576.8600000000001,20240929
30170,서구,7,일요일,1,현지인(a),240922.5,20240929
30170,서구,7,일요일,2,외지인(b),187638.5,20240929
30170,서구,7,일요일,3,외국인(c),1007.22,20240929
30200,유성구,7,일요일,1,현지인(a),220356.5,20240929
30200,유성구,7,일요일,2,외지인(b),194362.0,20240929
30200,유성구,7,일요일,3,외국인(c),1476.7900000000002,20240929
30230,대덕구,7,일요일,1,현지인(a),63913.5,20240929
30230,대덕구,7,일요일,2,외지인(b),86341.5,20240929
30230,대덕구,7,일요일,3,외국인(c),443.37,20240929
30110,동구,1,월요일,1,현지인(a),95312.0,20240930
30110,동구,1,월요일,2,외지인(b),124852.0,20240930
30110,동구,1,월요일,3,외국인(c),1149.4200000000005,20240930
30140,중구,1,월요일,1,현지인(a),118429.5,20240930
30140,중구,1,월요일,2,외지인(b),123035.5,20240930
30140,중구,1,월요일,3,외국인(c),446.28,20240930
30170,서구,1,월요일,1,현지인(a),277767.0,20240930
30170,서구,1,월요일,2,외지인(b),174107.5,20240930
30170,서구,1,월요일,3,외국인(c),1073.22,20240930
30200,유성구,1,월요일,1,현지인(a),257887.0,20240930
30200,유성구,1,월요일,2,외지인(b),175010.5,20240930
30200,유성구,1,월요일,3,외국인(c),1543.05,20240930
30230,대덕구,1,월요일,1,현지인(a),74455.5,20240930
30230,대덕구,1,월요일,2,외지인(b),82229.0,20240930
30230,대덕구,1,월요일,3,외국인(c),465.43000000000006,20240930
30110,동구,2,화요일,1,현지인(a),89677.0,20241001
30110,동구,2,화요일,2,외지인(b),100607.5,20241001
30110,동구,2,화요일,3,외국인(c),1222.1899999999998,20241001
30140,중구,2,화요일,1,현지인(a),112588.0,20241001
30140,중구,2,화요일,2,외지인(b),116410.0,20241001
30140,중구,2,화요일,3,외국인(c),562.8299999999999,20241001
30170,서구,2,화요일,1,현지인(a),253281.0,20241001
30170,서구,2,화요일,2,외지인(b),145621.0,20241001
30170,서구,2,화요일,3,외국인(c),1128.2599999999993,20241001
30200,유성구,2,화요일,1,현지인(a),230384.0,20241001
30200,유성구,2,화요일,2,외지인(b),141753.5,20241001
30200,유성구,2,화요일,3,외국인(c),1829.2800000000007,20241001
30230,대덕구,2,화요일,1,현지인(a),71904.0,20241001
30230,대덕구,2,화요일,2,외지인(b),69867.0,20241001
30230,대덕구,2,화요일,3,외국인(c),523.4,20241001
30110,동구,3,수요일,1,현지인(a),98721.0,20241002
30110,동구,3,수요일,2,외지인(b),103845.0,20241002
30110,동구,3,수요일,3,외국인(c),1275.18,20241002
30140,중구,3,수요일,1,현지인(a),123651.5,20241002
30140,중구,3,수요일,2,외지인(b),115629.5,20241002
30140,중구,3,수요일,3,외국인(c),550.9300000000001,20241002
30170,서구,3,수요일,1,현지인(a),283087.0,20241002
30170,서구,3,수요일,2,외지인(b),152232.5,20241002
30170,서구,3,수요일,3,외국인(c),1223.0999999999997,20241002
30200,유성구,3,수요일,1,현지인(a),259528.5,20241002
30200,유성구,3,수요일,2,외지인(b),151245.5,20241002
30200,유성구,3,수요일,3,외국인(c),2064.7799999999997,20241002
30230,대덕구,3,수요일,1,현지인(a),80724.0,20241002
30230,대덕구,3,수요일,2,외지인(b),68372.5,20241002
30230,대덕구,3,수요일,3,외국인(c),533.1700000000001,20241002
30110,동구,4,목요일,1,현지인(a),86292.5,20241003
30110,동구,4,목요일,2,외지인(b),116200.0,20241003
30110,동구,4,목요일,3,외국인(c),1427.6499999999999,20241003
30140,중구,4,목요일,1,현지인(a),107656.5,20241003
30140,중구,4,목요일,2,외지인(b),123886.0,20241003
30140,중구,4,목요일,3,외국인(c),573.18,20241003
30170,서구,4,목요일,1,현지인(a),239589.0,20241003
30170,서구,4,목요일,2,외지인(b),152218.5,20241003
30170,서구,4,목요일,3,외국인(c),1238.2700000000002,20241003
30200,유성구,4,목요일,1,현지인(a),219593.5,20241003
30200,유성구,4,목요일,2,외지인(b),162904.0,20241003
30200,유성구,4,목요일,3,외국인(c),1984.6899999999996,20241003
30230,대덕구,4,목요일,1,현지인(a),68988.5,20241003
30230,대덕구,4,목요일,2,외지인(b),78526.0,20241003
30230,대덕구,4,목요일,3,외국인(c),543.5,20241003
30110,동구,5,금요일,1,현지인(a),98147.0,20241004
30110,동구,5,금요일,2,외지인(b),125398.0,20241004
30110,동구,5,금요일,3,외국인(c),1515.5799999999997,20241004
30140,중구,5,금요일,1,현지인(a),122349.5,20241004
30140,중구,5,금요일,2,외지인(b),133189.0,20241004
30140,중구,5,금요일,3,외국인(c),672.4499999999999,20241004
30170,서구,5,금요일,1,현지인(a),276115.0,20241004
30170,서구,5,금요일,2,외지인(b),169298.5,20241004
30170,서구,5,금요일,3,외국인(c),1258.4599999999996,20241004
30200,유성구,5,금요일,1,현지인(a),247593.5,20241004
30200,유성구,5,금요일,2,외지인(b),165889.5,20241004
30200,유성구,5,금요일,3,외국인(c),1839.8500000000001,20241004
30230,대덕구,5,금요일,1,현지인(a),78925.0,20241004
30230,대덕구,5,금요일,2,외지인(b),76062.0,20241004
30230,대덕구,5,금요일,3,외국인(c),618.52,20241004
30110,동구,6,토요일,1,현지인(a),89540.5,20241005
30110,동구,6,토요일,2,외지인(b),151921.0,20241005
30110,동구,6,토요일,3,외국인(c),1384.1800000000003,20241005
30140,중구,6,토요일,1,현지인(a),111860.0,20241005
30140,중구,6,토요일,2,외지인(b),158952.5,20241005
30140,중구,6,토요일,3,외국인(c),668.1099999999999,20241005
30170,서구,6,토요일,1,현지인(a),251681.5,20241005
30170,서구,6,토요일,2,외지인(b),207077.5,20241005
30170,서구,6,토요일,3,외국인(c),1132.17,20241005
30200,유성구,6,토요일,1,현지인(a),218991.5,20241005
30200,유성구,6,토요일,2,외지인(b),206633.0,20241005
30200,유성구,6,토요일,3,외국인(c),1603.0500000000002,20241005
30230,대덕구,6,토요일,1,현지인(a),71354.5,20241005
30230,대덕구,6,토요일,2,외지인(b),95655.0,20241005
30230,대덕구,6,토요일,3,외국인(c),594.7299999999999,20241005
30110,동구,7,일요일,1,현지인(a),86793.0,20241006
30110,동구,7,일요일,2,외지인(b),127106.0,20241006
30110,동구,7,일요일,3,외국인(c),1386.1599999999999,20241006
30140,중구,7,일요일,1,현지인(a),107593.5,20241006
30140,중구,7,일요일,2,외지인(b),123945.5,20241006
30140,중구,7,일요일,3,외국인(c),591.57,20241006
30170,서구,7,일요일,1,현지인(a),239711.5,20241006
30170,서구,7,일요일,2,외지인(b),154801.5,20241006
30170,서구,7,일요일,3,외국인(c),1086.9499999999998,20241006
30200,유성구,7,일요일,1,현지인(a),217157.5,20241006
30200,유성구,7,일요일,2,외지인(b),162935.5,20241006
30200,유성구,7,일요일,3,외국인(c),1470.3799999999997,20241006
30230,대덕구,7,일요일,1,현지인(a),67284.0,20241006
30230,대덕구,7,일요일,2,외지인(b),75698.0,20241006
30230,대덕구,7,일요일,3,외국인(c),535.2400000000001,20241006
30110,동구,1,월요일,1,현지인(a),98059.5,20241007
30110,동구,1,월요일,2,외지인(b),92176.0,20241007
30110,동구,1,월요일,3,외국인(c),1263.85,20241007
30140,중구,1,월요일,1,현지인(a),122045.0,20241007
30140,중구,1,월요일,2,외지인(b),99883.0,20241007
30140,중구,1,월요일,3,외국인(c),468.62999999999994,20241007
30170,서구,1,월요일,1,현지인(a),277623.5,20241007
30170,서구,1,월요일,2,외지인(b),138078.5,20241007
30170,서구,1,월요일,3,외국인(c),1000.3999999999997,20241007
30200,유성구,1,월요일,1,현지인(a),256063.5,20241007
30200,유성구,1,월요일,2,외지인(b),133070.0,20241007
30200,유성구,1,월요일,3,외국인(c),1547.9899999999998,20241007
30230,대덕구,1,월요일,1,현지인(a),79107.0,20241007
30230,대덕구,1,월요일,2,외지인(b),64547.0,20241007
30230,대덕구,1,월요일,3,외국인(c),543.28,20241007
30110,동구,2,화요일,1,현지인(a),98511.0,20241008
30110,동구,2,화요일,2,외지인(b),104006.0,20241008
30110,동구,2,화요일,3,외국인(c),1220.32,20241008
30140,중구,2,화요일,1,현지인(a),123357.5,20241008
30140,중구,2,화요일,2,외지인(b),116007.5,20241008
30140,중구,2,화요일,3,외국인(c),475.8,20241008
30170,서구,2,화요일,1,현지인(a),281781.5,20241008
30170,서구,2,화요일,2,외지인(b),157122.0,20241008
30170,서구,2,화요일,3,외국인(c),1007.8000000000001,20241008
30200,유성구,2,화요일,1,현지인(a),261173.5,20241008
30200,유성구,2,화요일,2,외지인(b),154056.0,20241008
30200,유성구,2,화요일,3,외국인(c),1745.61,20241008
30230,대덕구,2,화요일,1,현지인(a),80615.5,20241008
30230,대덕구,2,화요일,2,외지인(b),72814.0,20241008
30230,대덕구,2,화요일,3,외국인(c),530.0500000000001,20241008
30110,동구,3,수요일,1,현지인(a),89579.0,20241009
30110,동구,3,수요일,2,외지인(b),117901.0,20241009
30110,동구,3,수요일,3,외국인(c),1205.0800000000002,20241009
30140,중구,3,수요일,1,현지인(a),112570.5,20241009
30140,중구,3,수요일,2,외지인(b),129689.0,20241009
30140,중구,3,수요일,3,외국인(c),504.5,20241009
30170,서구,3,수요일,1,현지인(a),250894.0,20241009
30170,서구,3,수요일,2,외지인(b),158336.5,20241009
30170,서구,3,수요일,3,외국인(c),948.6999999999998,20241009
30200,유성구,3,수요일,1,현지인(a),230275.5,20241009
30200,유성구,3,수요일,2,외지인(b),164430.0,20241009
30200,유성구,3,수요일,3,외국인(c),1616.3199999999997,20241009
30230,대덕구,3,수요일,1,현지인(a),72215.5,20241009
30230,대덕구,3,수요일,2,외지인(b),80902.5,20241009
30230,대덕구,3,수요일,3,외국인(c),526.58,20241009
30110,동구,4,목요일,1,현지인(a),97853.0,20241010
30110,동구,4,목요일,2,외지인(b),99802.5,20241010
30110,동구,4,목요일,3,외국인(c),1215.4999999999995,20241010
30140,중구,4,목요일,1,현지인(a),122017.0,20241010
30140,중구,4,목요일,2,외지인(b),106575.0,20241010
30140,중구,4,목요일,3,외국인(c),481.68,20241010
30170,서구,4,목요일,1,현지인(a),278589.5,20241010
30170,서구,4,목요일,2,외지인(b),148393.0,20241010
30170,서구,4,목요일,3,외국인(c),998.8599999999998,20241010
30200,유성구,4,목요일,1,현지인(a),257467.0,20241010
30200,유성구,4,목요일,2,외지인(b),146006.0,20241010
30200,유성구,4,목요일,3,외국인(c),1735.1300000000008,20241010
30230,대덕구,4,목요일,1,현지인(a),79537.5,20241010
30230,대덕구,4,목요일,2,외지인(b),68593.0,20241010
30230,대덕구,4,목요일,3,외국인(c),604.53,20241010
30110,동구,5,금요일,1,현지인(a),99319.5,20241011
30110,동구,5,금요일,2,외지인(b),119472.5,20241011
30110,동구,5,금요일,3,외국인(c),1269.34,20241011
30140,중구,5,금요일,1,현지인(a),125170.5,20241011
30140,중구,5,금요일,2,외지인(b),126175.0,20241011
30140,중구,5,금요일,3,외국인(c),543.4699999999998,20241011
30170,서구,5,금요일,1,현지인(a),286618.5,20241011
30170,서구,5,금요일,2,외지인(b),170915.5,20241011
30170,서구,5,금요일,3,외국인(c),1102.2299999999998,20241011
30200,유성구,5,금요일,1,현지인(a),260529.5,20241011
30200,유성구,5,금요일,2,외지인(b),170110.5,20241011
30200,유성구,5,금요일,3,외국인(c),1655.5400000000009,20241011
30230,대덕구,5,금요일,1,현지인(a),80402.0,20241011
30230,대덕구,5,금요일,2,외지인(b),74844.0,20241011
30230,대덕구,5,금요일,3,외국인(c),573.56,20241011
30110,동구,6,토요일,1,현지인(a),89859.0,20241012
30110,동구,6,토요일,2,외지인(b),157685.5,20241012
30110,동구,6,토요일,3,외국인(c),1224.7599999999998,20241012
30140,중구,6,토요일,1,현지인(a),114079.0,20241012
30140,중구,6,토요일,2,외지인(b),170338.0,20241012
30140,중구,6,토요일,3,외국인(c),521.5400000000001,20241012
30170,서구,6,토요일,1,현지인(a),256224.5,20241012
30170,서구,6,토요일,2,외지인(b),224640.5,20241012
30170,서구,6,토요일,3,외국인(c),1076.0800000000002,20241012
30200,유성구,6,토요일,1,현지인(a),228504.5,20241012
30200,유성구,6,토요일,2,외지인(b),248076.5,20241012
30200,유성구,6,토요일,3,외국인(c),1472.3799999999997,20241012
30230,대덕구,6,토요일,1,현지인(a),71865.5,20241012
30230,대덕구,6,토요일,2,외지인(b),99214.5,20241012
30230,대덕구,6,토요일,3,외국인(c),473.46000000000004,20241012
30110,동구,7,일요일,1,현지인(a),86415.0,20241013
30110,동구,7,일요일,2,외지인(b),128803.5,20241013
30110,동구,7,일요일,3,외국인(c),1264.0099999999995,20241013
30140,중구,7,일요일,1,현지인(a),108857.0,20241013
30140,중구,7,일요일,2,외지인(b),131957.0,20241013
30140,중구,7,일요일,3,외국인(c),561.9300000000001,20241013
30170,서구,7,일요일,1,현지인(a),244653.5,20241013
30170,서구,7,일요일,2,외지인(b),173187.0,20241013
30170,서구,7,일요일,3,외국인(c),1005.8599999999997,20241013
30200,유성구,7,일요일,1,현지인(a),220174.5,20241013
30200,유성구,7,일요일,2,외지인(b),172147.5,20241013
30200,유성구,7,일요일,3,외국인(c),1520.1399999999999,20241013
30230,대덕구,7,일요일,1,현지인(a),67945.5,20241013
30230,대덕구,7,일요일,2,외지인(b),83881.0,20241013
30230,대덕구,7,일요일,3,외국인(c),517.6500000000001,20241013
30110,동구,1,월요일,1,현지인(a),95494.0,20241014
30110,동구,1,월요일,2,외지인(b),92606.5,20241014
30110,동구,1,월요일,3,외국인(c),1154.2399999999996,20241014
30140,중구,1,월요일,1,현지인(a),120067.5,20241014
30140,중구,1,월요일,2,외지인(b),99176.0,20241014
30140,중구,1,월요일,3,외국인(c),450.75000000000006,20241014
30170,서구,1,월요일,1,현지인(a),271442.5,20241014
30170,서구,1,월요일,2,외지인(b),138859.0,20241014
30170,서구,1,월요일,3,외국인(c),993.2600000000001,20241014
30200,유성구,1,월요일,1,현지인(a),252063.0,20241014
30200,유성구,1,월요일,2,외지인(b),136139.5,20241014
30200,유성구,1,월요일,3,외국인(c),1677.6799999999998,20241014
30230,대덕구,1,월요일,1,현지인(a),78025.5,20241014
30230,대덕구,1,월요일,2,외지인(b),65247.0,20241014
30230,대덕구,1,월요일,3,외국인(c),625.03,20241014
30110,동구,2,화요일,1,현지인(a),95221.0,20241015
30110,동구,2,화요일,2,외지인(b),95102.0,20241015
30110,동구,2,화요일,3,외국인(c),1108.07,20241015
30140,중구,2,화요일,1,현지인(a),120130.5,20241015
30140,중구,2,화요일,2,외지인(b),106981.0,20241015
30140,중구,2,화요일,3,외국인(c),509.6500000000001,20241015
30170,서구,2,화요일,1,현지인(a),274739.5,20241015
30170,서구,2,화요일,2,외지인(b),146030.5,20241015
30170,서구,2,화요일,3,외국인(c),1029.6800000000003,20241015
30200,유성구,2,화요일,1,현지인(a),257813.5,20241015
30200,유성구,2,화요일,2,외지인(b),145778.5,20241015
30200,유성구,2,화요일,3,외국인(c),1926.6999999999998,20241015
30230,대덕구,2,화요일,1,현지인(a),78536.5,20241015
30230,대덕구,2,화요일,2,외지인(b),67557.0,20241015
30230,대덕구,2,화요일,3,외국인(c),682.5000000000001,20241015
30110,동구,3,수요일,1,현지인(a),97265.0,20241016
30110,동구,3,수요일,2,외지인(b),100443.0,20241016
30110,동구,3,수요일,3,외국인(c),1171.31,20241016
30140,중구,3,수요일,1,현지인(a),121271.5,20241016
30140,중구,3,수요일,2,외지인(b),110040.0,20241016
30140,중구,3,수요일,3,외국인(c),457.17,20241016
30170,서구,3,수요일,1,현지인(a),279625.5,20241016
30170,서구,3,수요일,2,외지인(b),152621.0,20241016
30170,서구,3,수요일,3,외국인(c),1020.7499999999999,20241016
30200,유성구,3,수요일,1,현지인(a),259273.0,20241016
30200,유성구,3,수요일,2,외지인(b),154416.5,20241016
30200,유성구,3,수요일,3,외국인(c),2099.0799999999995,20241016
30230,대덕구,3,수요일,1,현지인(a),79789.5,20241016
30230,대덕구,3,수요일,2,외지인(b),70717.5,20241016
30230,대덕구,3,수요일,3,외국인(c),661.61,20241016
30110,동구,4,목요일,1,현지인(a),97398.0,20241017
30110,동구,4,목요일,2,외지인(b),103624.5,20241017
30110,동구,4,목요일,3,외국인(c),1198.1099999999997,20241017
30140,중구,4,목요일,1,현지인(a),122024.0,20241017
30140,중구,4,목요일,2,외지인(b),112798.0,20241017
30140,중구,4,목요일,3,외국인(c),610.4100000000001,20241017
30170,서구,4,목요일,1,현지인(a),279296.5,20241017
30170,서구,4,목요일,2,외지인(b),154238.0,20241017
30170,서구,4,목요일,3,외국인(c),1022.5400000000001,20241017
30200,유성구,4,목요일,1,현지인(a),257211.5,20241017
30200,유성구,4,목요일,2,외지인(b),160478.5,20241017
30200,유성구,4,목요일,3,외국인(c),1995.7199999999993,20241017
30230,대덕구,4,목요일,1,현지인(a),79516.5,20241017
30230,대덕구,4,목요일,2,외지인(b),71732.5,20241017
30230,대덕구,4,목요일,3,외국인(c),677.3199999999999,20241017
30110,동구,5,금요일,1,현지인(a),96138.0,20241018
30110,동구,5,금요일,2,외지인(b),117572.0,20241018
30110,동구,5,금요일,3,외국인(c),1220.0000000000002,20241018
30140,중구,5,금요일,1,현지인(a),121289.0,20241018
30140,중구,5,금요일,2,외지인(b),119654.5,20241018
30140,중구,5,금요일,3,외국인(c),489.60999999999996,20241018
30170,서구,5,금요일,1,현지인(a),275933.0,20241018
30170,서구,5,금요일,2,외지인(b),164258.5,20241018
30170,서구,5,금요일,3,외국인(c),936.22,20241018
30200,유성구,5,금요일,1,현지인(a),254880.5,20241018
30200,유성구,5,금요일,2,외지인(b),162788.5,20241018
30200,유성구,5,금요일,3,외국인(c),1630.2899999999997,20241018
30230,대덕구,5,금요일,1,현지인(a),78676.5,20241018
30230,대덕구,5,금요일,2,외지인(b),75288.5,20241018
30230,대덕구,5,금요일,3,외국인(c),538.3400000000003,20241018
30110,동구,6,토요일,1,현지인(a),89152.0,20241019
30110,동구,6,토요일,2,외지인(b),152628.0,20241019
30110,동구,6,토요일,3,외국인(c),1168.9099999999999,20241019
30140,중구,6,토요일,1,현지인(a),112199.5,20241019
30140,중구,6,토요일,2,외지인(b),161402.5,20241019
30140,중구,6,토요일,3,외국인(c),571.0899999999999,20241019
30170,서구,6,토요일,1,현지인(a),251951.0,20241019
30170,서구,6,토요일,2,외지인(b),222169.5,20241019
30170,서구,6,토요일,3,외국인(c),1185.6699999999998,20241019
30200,유성구,6,토요일,1,현지인(a),226870.0,20241019
30200,유성구,6,토요일,2,외지인(b),218967.0,20241019
30200,유성구,6,토요일,3,외국인(c),1591.6299999999994,20241019
30230,대덕구,6,토요일,1,현지인(a),70714.0,20241019
30230,대덕구,6,토요일,2,외지인(b),93604.0,20241019
30230,대덕구,6,토요일,3,외국인(c),617.1800000000001,20241019
30110,동구,7,일요일,1,현지인(a),86205.0,20241020
30110,동구,7,일요일,2,외지인(b),135471.0,20241020
30110,동구,7,일요일,3,외국인(c),1134.45,20241020
30140,중구,7,일요일,1,현지인(a),108510.5,20241020
30140,중구,7,일요일,2,외지인(b),138470.5,20241020
30140,중구,7,일요일,3,외국인(c),555.4899999999997,20241020
30170,서구,7,일요일,1,현지인(a),243873.0,20241020
30170,서구,7,일요일,2,외지인(b),181657.0,20241020
30170,서구,7,일요일,3,외국인(c),1108.7499999999998,20241020
30200,유성구,7,일요일,1,현지인(a),222782.0,20241020
30200,유성구,7,일요일,2,외지인(b),186728.5,20241020
30200,유성구,7,일요일,3,외국인(c),1515.8400000000001,20241020
30230,대덕구,7,일요일,1,현지인(a),67686.5,20241020
30230,대덕구,7,일요일,2,외지인(b),85442.0,20241020
30230,대덕구,7,일요일,3,외국인(c),497.5400000000001,20241020
30110,동구,1,월요일,1,현지인(a),97233.5,20241021
30110,동구,1,월요일,2,외지인(b),98458.5,20241021
30110,동구,1,월요일,3,외국인(c),1129.7799999999995,20241021
30140,중구,1,월요일,1,현지인(a),120928.5,20241021
30140,중구,1,월요일,2,외지인(b),107870.0,20241021
30140,중구,1,월요일,3,외국인(c),504.6400000000001,20241021
30170,서구,1,월요일,1,현지인(a),275331.0,20241021
30170,서구,1,월요일,2,외지인(b),151007.5,20241021
30170,서구,1,월요일,3,외국인(c),1082.0599999999997,20241021
30200,유성구,1,월요일,1,현지인(a),255451.0,20241021
30200,유성구,1,월요일,2,외지인(b),150157.0,20241021
30200,유성구,1,월요일,3,외국인(c),1620.17,20241021
30230,대덕구,1,월요일,1,현지인(a),78676.5,20241021
30230,대덕구,1,월요일,2,외지인(b),70766.5,20241021
30230,대덕구,1,월요일,3,외국인(c),575.8100000000002,20241021
30110,동구,2,화요일,1,현지인(a),94031.0,20241022
30110,동구,2,화요일,2,외지인(b),95123.0,20241022
30110,동구,2,화요일,3,외국인(c),1106.98,20241022
30140,중구,2,화요일,1,현지인(a),118303.5,20241022
30140,중구,2,화요일,2,외지인(b),105269.5,20241022
30140,중구,2,화요일,3,외국인(c),438.05,20241022
30170,서구,2,화요일,1,현지인(a),270539.5,20241022
30170,서구,2,화요일,2,외지인(b),149436.0,20241022
30170,서구,2,화요일,3,외국인(c),1014.6100000000001,20241022
30200,유성구,2,화요일,1,현지인(a),252731.5,20241022
30200,유성구,2,화요일,2,외지인(b),146513.5,20241022
30200,유성구,2,화요일,3,외국인(c),1731.5799999999997,20241022
30230,대덕구,2,화요일,1,현지인(a),77595.0,20241022
30230,대덕구,2,화요일,2,외지인(b),67693.5,20241022
30230,대덕구,2,화요일,3,외국인(c),626.3399999999998,20241022
30110,동구,3,수요일,1,현지인(a),97125.0,20241023
30110,동구,3,수요일,2,외지인(b),103026.0,20241023
30110,동구,3,수요일,3,외국인(c),1203.0,20241023
30140,중구,3,수요일,1,현지인(a),121236.5,20241023
30140,중구,3,수요일,2,외지인(b),112224.0,20241023
30140,중구,3,수요일,3,외국인(c),459.35,20241023
30170,서구,3,수요일,1,현지인(a),278701.5,20241023
30170,서구,3,수요일,2,외지인(b),158459.0,20241023
30170,서구,3,수요일,3,외국인(c),1195.7400000000002,20241023
30200,유성구,3,수요일,1,현지인(a),257915.0,20241023
30200,유성구,3,수요일,2,외지인(b),158441.5,20241023
30200,유성구,3,수요일,3,외국인(c),1889.6999999999998,20241023
30230,대덕구,3,수요일,1,현지인(a),79464.0,20241023
30230,대덕구,3,수요일,2,외지인(b),73073.0,20241023
30230,대덕구,3,수요일,3,외국인(c),635.3900000000002,20241023
30110,동구,4,목요일,1,현지인(a),96705.0,20241024
30110,동구,4,목요일,2,외지인(b),105056.0,20241024
30110,동구,4,목요일,3,외국인(c),1254.9299999999998,20241024
30140,중구,4,목요일,1,현지인(a),121030.0,20241024
30140,중구,4,목요일,2,외지인(b),114338.0,20241024
30140,중구,4,목요일,3,외국인(c),573.0400000000002,20241024
30170,서구,4,목요일,1,현지인(a),276090.5,20241024
30170,서구,4,목요일,2,외지인(b),161133.0,20241024
30170,서구,4,목요일,3,외국인(c),1376.5,20241024
30200,유성구,4,목요일,1,현지인(a),256977.0,20241024
30200,유성구,4,목요일,2,외지인(b),167464.5,20241024
30200,유성구,4,목요일,3,외국인(c),2064.54,20241024
30230,대덕구,4,목요일,1,현지인(a),78816.5,20241024
30230,대덕구,4,목요일,2,외지인(b),73559.5,20241024
30230,대덕구,4,목요일,3,외국인(c),721.97,20241024
30110,동구,5,금요일,1,현지인(a),97597.5,20241025
30110,동구,5,금요일,2,외지인(b),126815.5,20241025
30110,동구,5,금요일,3,외국인(c),1179.4199999999996,20241025
30140,중구,5,금요일,1,현지인(a),123025.0,20241025
30140,중구,5,금요일,2,외지인(b),132009.5,20241025
30140,중구,5,금요일,3,외국인(c),626.4300000000001,20241025
30170,서구,5,금요일,1,현지인(a),281774.5,20241025
30170,서구,5,금요일,2,외지인(b),183697.5,20241025
30170,서구,5,금요일,3,외국인(c),1356.0200000000002,20241025
30200,유성구,5,금요일,1,현지인(a),258590.5,20241025
30200,유성구,5,금요일,2,외지인(b),183655.5,20241025
30200,유성구,5,금요일,3,외국인(c),2032.22,20241025
30230,대덕구,5,금요일,1,현지인(a),79499.0,20241025
30230,대덕구,5,금요일,2,외지인(b),79198.0,20241025
30230,대덕구,5,금요일,3,외국인(c),566.9099999999999,20241025
30110,동구,6,토요일,1,현지인(a),88627.0,20241026
30110,동구,6,토요일,2,외지인(b),164486.0,20241026
30110,동구,6,토요일,3,외국인(c),1298.5400000000004,20241026
30140,중구,6,토요일,1,현지인(a),112801.5,20241026
30140,중구,6,토요일,2,외지인(b),171734.5,20241026
30140,중구,6,토요일,3,외국인(c),636.7499999999999,20241026
30170,서구,6,토요일,1,현지인(a),252248.5,20241026
30170,서구,6,토요일,2,외지인(b),231045.5,20241026
30170,서구,6,토요일,3,외국인(c),1395.6300000000003,20241026
30200,유성구,6,토요일,1,현지인(a),225981.0,20241026
30200,유성구,6,토요일,2,외지인(b),233537.5,20241026
30200,유성구,6,토요일,3,외국인(c),1908.1199999999997,20241026
30230,대덕구,6,토요일,1,현지인(a),70892.5,20241026
30230,대덕구,6,토요일,2,외지인(b),105738.5,20241026
30230,대덕구,6,토요일,3,외국인(c),608.7900000000001,20241026
30110,동구,7,일요일,1,현지인(a),84724.5,20241027
30110,동구,7,일요일,2,외지인(b),140661.5,20241027
30110,동구,7,일요일,3,외국인(c),1228.8200000000002,20241027
30140,중구,7,일요일,1,현지인(a),106050.0,20241027
30140,중구,7,일요일,2,외지인(b),134886.5,20241027
30140,중구,7,일요일,3,외국인(c),533.13,20241027
30170,서구,7,일요일,1,현지인(a),237734.0,20241027
30170,서구,7,일요일,2,외지인(b),181930.0,20241027
30170,서구,7,일요일,3,외국인(c),1265.5900000000001,20241027
30200,유성구,7,일요일,1,현지인(a),219194.5,20241027
30200,유성구,7,일요일,2,외지인(b),198222.5,20241027
30200,유성구,7,일요일,3,외국인(c),1858.5100000000007,20241027
30230,대덕구,7,일요일,1,현지인(a),65821.0,20241027
30230,대덕구,7,일요일,2,외지인(b),88098.5,20241027
30230,대덕구,7,일요일,3,외국인(c),594.9300000000001,20241027
30110,동구,1,월요일,1,현지인(a),95200.0,20241028
30110,동구,1,월요일,2,외지인(b),100919.0,20241028
30110,동구,1,월요일,3,외국인(c),1198.1999999999998,20241028
30140,중구,1,월요일,1,현지인(a),119812.0,20241028
30140,중구,1,월요일,2,외지인(b),109417.0,20241028
30140,중구,1,월요일,3,외국인(c),448.6700000000001,20241028
30170,서구,1,월요일,1,현지인(a),273812.0,20241028
30170,서구,1,월요일,2,외지인(b),153972.0,20241028
30170,서구,1,월요일,3,외국인(c),1178.3300000000002,20241028
30200,유성구,1,월요일,1,현지인(a),255118.5,20241028
30200,유성구,1,월요일,2,외지인(b),156509.5,20241028
30200,유성구,1,월요일,3,외국인(c),1906.9599999999996,20241028
30230,대덕구,1,월요일,1,현지인(a),77934.5,20241028
30230,대덕구,1,월요일,2,외지인(b),71305.5,20241028
30230,대덕구,1,월요일,3,외국인(c),669.56,20241028
30110,동구,2,화요일,1,현지인(a),96974.5,20241029
30110,동구,2,화요일,2,외지인(b),103677.0,20241029
30110,동구,2,화요일,3,외국인(c),1353.2599999999995,20241029
30140,중구,2,화요일,1,현지인(a),119721.0,20241029
30140,중구,2,화요일,2,외지인(b),111737.5,20241029
30140,중구,2,화요일,3,외국인(c),577.73,20241029
30170,서구,2,화요일,1,현지인(a),274939.0,20241029
30170,서구,2,화요일,2,외지인(b),158907.0,20241029
30170,서구,2,화요일,3,외국인(c),1252.9099999999996,20241029
30200,유성구,2,화요일,1,현지인(a),258762.0,20241029
30200,유성구,2,화요일,2,외지인(b),169393.0,20241029
30200,유성구,2,화요일,3,외국인(c),1818.6500000000003,20241029
30230,대덕구,2,화요일,1,현지인(a),79208.5,20241029
30230,대덕구,2,화요일,2,외지인(b),74182.5,20241029
30230,대덕구,2,화요일,3,외국인(c),710.51,20241029
30110,동구,3,수요일,1,현지인(a),95865.0,20241030
30110,동구,3,수요일,2,외지인(b),103985.0,20241030
30110,동구,3,수요일,3,외국인(c),1258.3799999999994,20241030
30140,중구,3,수요일,1,현지인(a),120830.5,20241030
30140,중구,3,수요일,2,외지인(b),116333.0,20241030
30140,중구,3,수요일,3,외국인(c),511.10999999999996,20241030
30170,서구,3,수요일,1,현지인(a),277473.0,20241030
30170,서구,3,수요일,2,외지인(b),165970.0,20241030
30170,서구,3,수요일,3,외국인(c),1086.3300000000002,20241030
30200,유성구,3,수요일,1,현지인(a),258268.5,20241030
30200,유성구,3,수요일,2,외지인(b),171426.5,20241030
30200,유성구,3,수요일,3,외국인(c),1889.8900000000003,20241030
30230,대덕구,3,수요일,1,현지인(a),78820.0,20241030
30230,대덕구,3,수요일,2,외지인(b),77066.5,20241030
30230,대덕구,3,수요일,3,외국인(c),604.73,20241030
30110,동구,4,목요일,1,현지인(a),97041.0,20241031
30110,동구,4,목요일,2,외지인(b),109224.5,20241031
30110,동구,4,목요일,3,외국인(c),1184.3600000000001,20241031
30140,중구,4,목요일,1,현지인(a),121562.0,20241031
30140,중구,4,목요일,2,외지인(b),117428.5,20241031
30140,중구,4,목요일,3,외국인(c),522.3800000000001,20241031
30170,서구,4,목요일,1,현지인(a),277735.5,20241031
30170,서구,4,목요일,2,외지인(b),165109.0,20241031
30170,서구,4,목요일,3,외국인(c),1156.9300000000003,20241031
30200,유성구,4,목요일,1,현지인(a),259451.5,20241031
30200,유성구,4,목요일,2,외지인(b),173635.0,20241031
30200,유성구,4,목요일,3,외국인(c),1855.4899999999998,20241031
30230,대덕구,4,목요일,1,현지인(a),79044.0,20241031
30230,대덕구,4,목요일,2,외지인(b),77231.0,20241031
30230,대덕구,4,목요일,3,외국인(c),661.98,20241031
30110,동구,5,금요일,1,현지인(a),100457.0,20241101
30110,동구,5,금요일,2,외지인(b),114446.5,20241101
30110,동구,5,금요일,3,외국인(c),1134.6900000000003,20241101
30140,중구,5,금요일,1,현지인(a),128625.0,20241101
30140,중구,5,금요일,2,외지인(b),114614.5,20241101
30140,중구,5,금요일,3,외국인(c),510.31999999999994,20241101
30170,서구,5,금요일,1,현지인(a),283640.0,20241101
30170,서구,5,금요일,2,외지인(b),152264.0,20241101
30170,서구,5,금요일,3,외국인(c),1026.6999999999998,20241101
30200,유성구,5,금요일,1,현지인(a),264474.0,20241101
30200,유성구,5,금요일,2,외지인(b),152435.5,20241101
30200,유성구,5,금요일,3,외국인(c),1705.6999999999996,20241101
30230,대덕구,5,금요일,1,현지인(a),81830.0,20241101
30230,대덕구,5,금요일,2,외지인(b),71907.5,20241101
30230,대덕구,5,금요일,3,외국인(c),610.6399999999999,20241101
30110,동구,6,토요일,1,현지인(a),91875.0,20241102
30110,동구,6,토요일,2,외지인(b),164395.0,20241102
30110,동구,6,토요일,3,외국인(c),1123.54,20241102
30140,중구,6,토요일,1,현지인(a),118216.0,20241102
30140,중구,6,토요일,2,외지인(b),161357.0,20241102
30140,중구,6,토요일,3,외국인(c),467.3799999999999,20241102
30170,서구,6,토요일,1,현지인(a),257785.5,20241102
30170,서구,6,토요일,2,외지인(b),223314.0,20241102
30170,서구,6,토요일,3,외국인(c),1337.9299999999994,20241102
30200,유성구,6,토요일,1,현지인(a),233887.5,20241102
30200,유성구,6,토요일,2,외지인(b),226660.0,20241102
30200,유성구,6,토요일,3,외국인(c),1649.15,20241102
30230,대덕구,6,토요일,1,현지인(a),74112.5,20241102
30230,대덕구,6,토요일,2,외지인(b),99494.5,20241102
30230,대덕구,6,토요일,3,외국인(c),610.0300000000001,20241102
30110,동구,7,일요일,1,현지인(a),89617.5,20241103
30110,동구,7,일요일,2,외지인(b),142705.5,20241103
30110,동구,7,일요일,3,외국인(c),1213.1399999999999,20241103
30140,중구,7,일요일,1,현지인(a),114544.5,20241103
30140,중구,7,일요일,2,외지인(b),138992.0,20241103
30140,중구,7,일요일,3,외국인(c),578.7300000000001,20241103
30170,서구,7,일요일,1,현지인(a),249952.5,20241103
30170,서구,7,일요일,2,외지인(b),188426.0,20241103
30170,서구,7,일요일,3,외국인(c),1243.5900000000001,20241103
30200,유성구,7,일요일,1,현지인(a),231518.0,20241103
30200,유성구,7,일요일,2,외지인(b),195300.0,20241103
30200,유성구,7,일요일,3,외국인(c),1472.64,20241103
30230,대덕구,7,일요일,1,현지인(a),70378.0,20241103
30230,대덕구,7,일요일,2,외지인(b),86807.0,20241103
30230,대덕구,7,일요일,3,외국인(c),584.2399999999999,20241103
30110,동구,1,월요일,1,현지인(a),101300.5,20241104
30110,동구,1,월요일,2,외지인(b),88564.0,20241104
30110,동구,1,월요일,3,외국인(c),1083.3000000000002,20241104
30140,중구,1,월요일,1,현지인(a),127613.5,20241104
30140,중구,1,월요일,2,외지인(b),96236.0,20241104
30140,중구,1,월요일,3,외국인(c),438.67,20241104
30170,서구,1,월요일,1,현지인(a),280773.5,20241104
30170,서구,1,월요일,2,외지인(b),131288.5,20241104
30170,서구,1,월요일,3,외국인(c),1114.3,20241104
30200,유성구,1,월요일,1,현지인(a),266924.0,20241104
30200,유성구,1,월요일,2,외지인(b),134074.5,20241104
30200,유성구,1,월요일,3,외국인(c),1446.3999999999999,20241104
30230,대덕구,1,월요일,1,현지인(a),81676.0,20241104
30230,대덕구,1,월요일,2,외지인(b),61505.5,20241104
30230,대덕구,1,월요일,3,외국인(c),548.51,20241104
30110,동구,2,화요일,1,현지인(a),101423.0,20241105
30110,동구,2,화요일,2,외지인(b),90758.5,20241105
30110,동구,2,화요일,3,외국인(c),1019.6700000000001,20241105
30140,중구,2,화요일,1,현지인(a),126941.5,20241105
30140,중구,2,화요일,2,외지인(b),97482.0,20241105
30140,중구,2,화요일,3,외국인(c),498.21999999999997,20241105
30170,서구,2,화요일,1,현지인(a),280448.0,20241105
30170,서구,2,화요일,2,외지인(b),135828.0,20241105
30170,서구,2,화요일,3,외국인(c),1018.6600000000002,20241105
30200,유성구,2,화요일,1,현지인(a),267648.5,20241105
30200,유성구,2,화요일,2,외지인(b),143587.5,20241105
30200,유성구,2,화요일,3,외국인(c),1499.4800000000002,20241105
30230,대덕구,2,화요일,1,현지인(a),81938.5,20241105
30230,대덕구,2,화요일,2,외지인(b),64291.5,20241105
30230,대덕구,2,화요일,3,외국인(c),593.71,20241105
30110,동구,3,수요일,1,현지인(a),101150.0,20241106
30110,동구,3,수요일,2,외지인(b),89092.5,20241106
30110,동구,3,수요일,3,외국인(c),955.6200000000002,20241106
30140,중구,3,수요일,1,현지인(a),127393.0,20241106
30140,중구,3,수요일,2,외지인(b),100649.5,20241106
30140,중구,3,수요일,3,외국인(c),371.03,20241106
30170,서구,3,수요일,1,현지인(a),282408.0,20241106
30170,서구,3,수요일,2,외지인(b),141841.0,20241106
30170,서구,3,수요일,3,외국인(c),992.7500000000003,20241106
30200,유성구,3,수요일,1,현지인(a),266014.0,20241106
30200,유성구,3,수요일,2,외지인(b),145337.5,20241106
30200,유성구,3,수요일,3,외국인(c),1480.4800000000002,20241106
30230,대덕구,3,수요일,1,현지인(a),81991.0,20241106
30230,대덕구,3,수요일,2,외지인(b),65166.5,20241106
30230,대덕구,3,수요일,3,외국인(c),525.4300000000002,20241106
30110,동구,4,목요일,1,현지인(a),101129.0,20241107
30110,동구,4,목요일,2,외지인(b),97559.0,20241107
30110,동구,4,목요일,3,외국인(c),1020.1899999999998,20241107
30140,중구,4,목요일,1,현지인(a),127844.5,20241107
30140,중구,4,목요일,2,외지인(b),105591.5,20241107
30140,중구,4,목요일,3,외국인(c),434.2800000000001,20241107
30170,서구,4,목요일,1,현지인(a),280402.5,20241107
30170,서구,4,목요일,2,외지인(b),145071.5,20241107
30170,서구,4,목요일,3,외국인(c),1001.9,20241107
30200,유성구,4,목요일,1,현지인(a),265426.0,20241107
30200,유성구,4,목요일,2,외지인(b),146951.0,20241107
30200,유성구,4,목요일,3,외국인(c),1535.5699999999995,20241107
30230,대덕구,4,목요일,1,현지인(a),81308.5,20241107
30230,대덕구,4,목요일,2,외지인(b),66685.5,20241107
30230,대덕구,4,목요일,3,외국인(c),540.71,20241107
30110,동구,5,금요일,1,현지인(a),101188.5,20241108
30110,동구,5,금요일,2,외지인(b),119997.5,20241108
30110,동구,5,금요일,3,외국인(c),1123.1,20241108
30140,중구,5,금요일,1,현지인(a),130431.0,20241108
30140,중구,5,금요일,2,외지인(b),121929.5,20241108
30140,중구,5,금요일,3,외국인(c),547.7600000000002,20241108
30170,서구,5,금요일,1,현지인(a),285722.5,20241108
30170,서구,5,금요일,2,외지인(b),164374.0,20241108
30170,서구,5,금요일,3,외국인(c),1170.5000000000002,20241108
30200,유성구,5,금요일,1,현지인(a),266644.0,20241108
30200,유성구,5,금요일,2,외지인(b),170576.0,20241108
30200,유성구,5,금요일,3,외국인(c),1571.5700000000002,20241108
30230,대덕구,5,금요일,1,현지인(a),83244.0,20241108
30230,대덕구,5,금요일,2,외지인(b),79975.0,20241108
30230,대덕구,5,금요일,3,외국인(c),583.04,20241108
30110,동구,6,토요일,1,현지인(a),91133.0,20241109
30110,동구,6,토요일,2,외지인(b),166929.0,20241109
30110,동구,6,토요일,3,외국인(c),1055.0800000000002,20241109
30140,중구,6,토요일,1,현지인(a),117344.5,20241109
30140,중구,6,토요일,2,외지인(b),166586.0,20241109
30140,중구,6,토요일,3,외국인(c),495.9999999999999,20241109
30170,서구,6,토요일,1,현지인(a),253802.5,20241109
30170,서구,6,토요일,2,외지인(b),228585.0,20241109
30170,서구,6,토요일,3,외국인(c),1150.2099999999998,20241109
30200,유성구,6,토요일,1,현지인(a),231511.0,20241109
30200,유성구,6,토요일,2,외지인(b),232554.0,20241109
30200,유성구,6,토요일,3,외국인(c),1526.15,20241109
30230,대덕구,6,토요일,1,현지인(a),73164.0,20241109
30230,대덕구,6,토요일,2,외지인(b),98959.0,20241109
30230,대덕구,6,토요일,3,외국인(c),499.0600000000001,20241109
30110,동구,7,일요일,1,현지인(a),89351.5,20241110
30110,동구,7,일요일,2,외지인(b),140476.0,20241110
30110,동구,7,일요일,3,외국인(c),1021.4699999999998,20241110
30140,중구,7,일요일,1,현지인(a),113582.0,20241110
30140,중구,7,일요일,2,외지인(b),134596.0,20241110
30140,중구,7,일요일,3,외국인(c),468.02,20241110
30170,서구,7,일요일,1,현지인(a),244853.0,20241110
30170,서구,7,일요일,2,외지인(b),186077.5,20241110
30170,서구,7,일요일,3,외국인(c),1013.7000000000002,20241110
30200,유성구,7,일요일,1,현지인(a),229092.5,20241110
30200,유성구,7,일요일,2,외지인(b),196493.5,20241110
30200,유성구,7,일요일,3,외국인(c),1298.7299999999998,20241110
30230,대덕구,7,일요일,1,현지인(a),69818.0,20241110
30230,대덕구,7,일요일,2,외지인(b),88326.0,20241110
30230,대덕구,7,일요일,3,외국인(c),534.33,20241110
30110,동구,1,월요일,1,현지인(a),102046.0,20241111
30110,동구,1,월요일,2,외지인(b),96194.0,20241111
30110,동구,1,월요일,3,외국인(c),974.28,20241111
30140,중구,1,월요일,1,현지인(a),127515.5,20241111
30140,중구,1,월요일,2,외지인(b),101269.0,20241111
30140,중구,1,월요일,3,외국인(c),382.03,20241111
30170,서구,1,월요일,1,현지인(a),280717.5,20241111
30170,서구,1,월요일,2,외지인(b),142016.0,20241111
30170,서구,1,월요일,3,외국인(c),1015.51,20241111
30200,유성구,1,월요일,1,현지인(a),266574.0,20241111
30200,유성구,1,월요일,2,외지인(b),142124.5,20241111
30200,유성구,1,월요일,3,외국인(c),1452.1499999999996,20241111
30230,대덕구,1,월요일,1,현지인(a),81623.5,20241111
30230,대덕구,1,월요일,2,외지인(b),65044.0,20241111
30230,대덕구,1,월요일,3,외국인(c),556.64,20241111
30110,동구,2,화요일,1,현지인(a),101335.5,20241112
30110,동구,2,화요일,2,외지인(b),95704.0,20241112
30110,동구,2,화요일,3,외국인(c),929.2799999999997,20241112
30140,중구,2,화요일,1,현지인(a),127393.0,20241112
30140,중구,2,화요일,2,외지인(b),103519.5,20241112
30140,중구,2,화요일,3,외국인(c),410.0300000000001,20241112
30170,서구,2,화요일,1,현지인(a),281109.5,20241112
30170,서구,2,화요일,2,외지인(b),145799.5,20241112
30170,서구,2,화요일,3,외국인(c),1000.93,20241112
30200,유성구,2,화요일,1,현지인(a),267851.5,20241112
30200,유성구,2,화요일,2,외지인(b),147896.0,20241112
30200,유성구,2,화요일,3,외국인(c),1622.0999999999995,20241112
30230,대덕구,2,화요일,1,현지인(a),81889.5,20241112
30230,대덕구,2,화요일,2,외지인(b),70682.5,20241112
30230,대덕구,2,화요일,3,외국인(c),543.9800000000001,20241112
30110,동구,3,수요일,1,현지인(a),102700.5,20241113
30110,동구,3,수요일,2,외지인(b),97884.5,20241113
30110,동구,3,수요일,3,외국인(c),882.6700000000002,20241113
30140,중구,3,수요일,1,현지인(a),127977.5,20241113
30140,중구,3,수요일,2,외지인(b),107044.0,20241113
30140,중구,3,수요일,3,외국인(c),397.4299999999999,20241113
30170,서구,3,수요일,1,현지인(a),284126.5,20241113
30170,서구,3,수요일,2,외지인(b),151410.0,20241113
30170,서구,3,수요일,3,외국인(c),1190.9499999999996,20241113
30200,유성구,3,수요일,1,현지인(a),268943.5,20241113
30200,유성구,3,수요일,2,외지인(b),149061.5,20241113
30200,유성구,3,수요일,3,외국인(c),1572.7699999999995,20241113
30230,대덕구,3,수요일,1,현지인(a),82806.5,20241113
30230,대덕구,3,수요일,2,외지인(b),67945.5,20241113
30230,대덕구,3,수요일,3,외국인(c),570.3299999999999,20241113
30110,동구,4,목요일,1,현지인(a),100695.0,20241114
30110,동구,4,목요일,2,외지인(b),100061.5,20241114
30110,동구,4,목요일,3,외국인(c),898.4499999999999,20241114
30140,중구,4,목요일,1,현지인(a),125842.5,20241114
30140,중구,4,목요일,2,외지인(b),109504.5,20241114
30140,중구,4,목요일,3,외국인(c),456.59999999999997,20241114
30170,서구,4,목요일,1,현지인(a),278995.5,20241114
30170,서구,4,목요일,2,외지인(b),152519.5,20241114
30170,서구,4,목요일,3,외국인(c),908.4399999999998,20241114
30200,유성구,4,목요일,1,현지인(a),265576.5,20241114
30200,유성구,4,목요일,2,외지인(b),156492.0,20241114
30200,유성구,4,목요일,3,외국인(c),1533.1499999999996,20241114
30230,대덕구,4,목요일,1,현지인(a),81203.5,20241114
30230,대덕구,4,목요일,2,외지인(b),69618.5,20241114
30230,대덕구,4,목요일,3,외국인(c),509.43,20241114
30110,동구,5,금요일,1,현지인(a),100691.5,20241115
30110,동구,5,금요일,2,외지인(b),127981.0,20241115
30110,동구,5,금요일,3,외국인(c),870.8599999999999,20241115
30140,중구,5,금요일,1,현지인(a),129535.0,20241115
30140,중구,5,금요일,2,외지인(b),126567.0,20241115
30140,중구,5,금요일,3,외국인(c),406.64000000000004,20241115
30170,서구,5,금요일,1,현지인(a),282691.5,20241115
30170,서구,5,금요일,2,외지인(b),175990.5,20241115
30170,서구,5,금요일,3,외국인(c),1004.1600000000001,20241115
30200,유성구,5,금요일,1,현지인(a),264981.5,20241115
30200,유성구,5,금요일,2,외지인(b),172564.0,20241115
30200,유성구,5,금요일,3,외국인(c),1474.5900000000001,20241115
30230,대덕구,5,금요일,1,현지인(a),81945.5,20241115
30230,대덕구,5,금요일,2,외지인(b),77847.0,20241115
30230,대덕구,5,금요일,3,외국인(c),451.76000000000005,20241115
30110,동구,6,토요일,1,현지인(a),91770.0,20241116
30110,동구,6,토요일,2,외지인(b),172088.0,20241116
30110,동구,6,토요일,3,외국인(c),899.41,20241116
30140,중구,6,토요일,1,현지인(a),117715.5,20241116
30140,중구,6,토요일,2,외지인(b),171069.5,20241116
30140,중구,6,토요일,3,외국인(c),438.63,20241116
30170,서구,6,토요일,1,현지인(a),252945.0,20241116
30170,서구,6,토요일,2,외지인(b),234794.0,20241116
30170,서구,6,토요일,3,외국인(c),895.7400000000002,20241116
30200,유성구,6,토요일,1,현지인(a),229936.0,20241116
30200,유성구,6,토요일,2,외지인(b),230562.5,20241116
30200,유성구,6,토요일,3,외국인(c),1304.2800000000002,20241116
30230,대덕구,6,토요일,1,현지인(a),72387.0,20241116
30230,대덕구,6,토요일,2,외지인(b),102655.0,20241116
30230,대덕구,6,토요일,3,외국인(c),479.82999999999987,20241116
30110,동구,7,일요일,1,현지인(a),88189.5,20241117
30110,동구,7,일요일,2,외지인(b),146541.5,20241117
30110,동구,7,일요일,3,외국인(c),916.86,20241117
30140,중구,7,일요일,1,현지인(a),112983.5,20241117
30140,중구,7,일요일,2,외지인(b),142373.0,20241117
30140,중구,7,일요일,3,외국인(c),473.40999999999997,20241117
30170,서구,7,일요일,1,현지인(a),242207.0,20241117
30170,서구,7,일요일,2,외지인(b),189063.0,20241117
30170,서구,7,일요일,3,외국인(c),891.5900000000001,20241117
30200,유성구,7,일요일,1,현지인(a),224717.5,20241117
30200,유성구,7,일요일,2,외지인(b),185339.0,20241117
30200,유성구,7,일요일,3,외국인(c),1228.7500000000002,20241117
30230,대덕구,7,일요일,1,현지인(a),68327.0,20241117
30230,대덕구,7,일요일,2,외지인(b),84854.0,20241117
30230,대덕구,7,일요일,3,외국인(c),466.48999999999995,20241117
30110,동구,1,월요일,1,현지인(a),99522.5,20241118
30110,동구,1,월요일,2,외지인(b),97905.5,20241118
30110,동구,1,월요일,3,외국인(c),860.4399999999999,20241118
30140,중구,1,월요일,1,현지인(a),125433.0,20241118
30140,중구,1,월요일,2,외지인(b),104727.0,20241118
30140,중구,1,월요일,3,외국인(c),371.46000000000004,20241118
30170,서구,1,월요일,1,현지인(a),277137.0,20241118
30170,서구,1,월요일,2,외지인(b),148907.5,20241118
30170,서구,1,월요일,3,외국인(c),811.2,20241118
30200,유성구,1,월요일,1,현지인(a),262059.0,20241118
30200,유성구,1,월요일,2,외지인(b),143503.5,20241118
30200,유성구,1,월요일,3,외국인(c),1329.6100000000004,20241118
30230,대덕구,1,월요일,1,현지인(a),80290.0,20241118
30230,대덕구,1,월요일,2,외지인(b),67791.5,20241118
30230,대덕구,1,월요일,3,외국인(c),472.91999999999996,20241118
30110,동구,2,화요일,1,현지인(a),99960.0,20241119
30110,동구,2,화요일,2,외지인(b),96327.0,20241119
30110,동구,2,화요일,3,외국인(c),829.52,20241119
30140,중구,2,화요일,1,현지인(a),125240.5,20241119
30140,중구,2,화요일,2,외지인(b),107012.5,20241119
30140,중구,2,화요일,3,외국인(c),383.08000000000004,20241119
30170,서구,2,화요일,1,현지인(a),276573.5,20241119
30170,서구,2,화요일,2,외지인(b),148484.0,20241119
30170,서구,2,화요일,3,외국인(c),879.8000000000001,20241119
30200,유성구,2,화요일,1,현지인(a),264631.5,20241119
30200,유성구,2,화요일,2,외지인(b),153471.5,20241119
30200,유성구,2,화요일,3,외국인(c),1498.7600000000007,20241119
30230,대덕구,2,화요일,1,현지인(a),80661.0,20241119
30230,대덕구,2,화요일,2,외지인(b),67574.5,20241119
30230,대덕구,2,화요일,3,외국인(c),502.97000000000014,20241119
30110,동구,3,수요일,1,현지인(a),100467.5,20241120
30110,동구,3,수요일,2,외지인(b),100464.0,20241120
30110,동구,3,수요일,3,외국인(c),949.87,20241120
30140,중구,3,수요일,1,현지인(a),127351.0,20241120
30140,중구,3,수요일,2,외지인(b),110250.0,20241120
30140,중구,3,수요일,3,외국인(c),429.96000000000004,20241120
30170,서구,3,수요일,1,현지인(a),280273.0,20241120
30170,서구,3,수요일,2,외지인(b),153237.0,20241120
30170,서구,3,수요일,3,외국인(c),814.07,20241120
30200,유성구,3,수요일,1,현지인(a),264705.0,20241120
30200,유성구,3,수요일,2,외지인(b),151592.0,20241120
30200,유성구,3,수요일,3,외국인(c),1422.4900000000005,20241120
30230,대덕구,3,수요일,1,현지인(a),81788.0,20241120
30230,대덕구,3,수요일,2,외지인(b),70899.5,20241120
30230,대덕구,3,수요일,3,외국인(c),511.8,20241120
30110,동구,4,목요일,1,현지인(a),100047.5,20241121
30110,동구,4,목요일,2,외지인(b),102609.5,20241121
30110,동구,4,목요일,3,외국인(c),1005.98,20241121
30140,중구,4,목요일,1,현지인(a),127760.5,20241121
30140,중구,4,목요일,2,외지인(b),116672.5,20241121
30140,중구,4,목요일,3,외국인(c),413.6699999999999,20241121
30170,서구,4,목요일,1,현지인(a),279247.5,20241121
30170,서구,4,목요일,2,외지인(b),156429.0,20241121
30170,서구,4,목요일,3,외국인(c),918.09,20241121
30200,유성구,4,목요일,1,현지인(a),264019.0,20241121
30200,유성구,4,목요일,2,외지인(b),153807.5,20241121
30200,유성구,4,목요일,3,외국인(c),1365.69,20241121
30230,대덕구,4,목요일,1,현지인(a),80773.0,20241121
30230,대덕구,4,목요일,2,외지인(b),71466.5,20241121
30230,대덕구,4,목요일,3,외국인(c),566.28,20241121
30110,동구,5,금요일,1,현지인(a),99974.0,20241122
30110,동구,5,금요일,2,외지인(b),125160.0,20241122
30110,동구,5,금요일,3,외국인(c),987.1700000000001,20241122
30140,중구,5,금요일,1,현지인(a),128642.5,20241122
30140,중구,5,금요일,2,외지인(b),126675.5,20241122
30140,중구,5,금요일,3,외국인(c),531.1300000000001,20241122
30170,서구,5,금요일,1,현지인(a),282208.5,20241122
30170,서구,5,금요일,2,외지인(b),180642.0,20241122
30170,서구,5,금요일,3,외국인(c),984.0699999999998,20241122
30200,유성구,5,금요일,1,현지인(a),263977.0,20241122
30200,유성구,5,금요일,2,외지인(b),178237.5,20241122
30200,유성구,5,금요일,3,외국인(c),1402.1,20241122
30230,대덕구,5,금요일,1,현지인(a),80755.5,20241122
30230,대덕구,5,금요일,2,외지인(b),78466.5,20241122
30230,대덕구,5,금요일,3,외국인(c),502.86,20241122
30110,동구,6,토요일,1,현지인(a),89890.5,20241123
30110,동구,6,토요일,2,외지인(b),165081.0,20241123
30110,동구,6,토요일,3,외국인(c),855.62,20241123
30140,중구,6,토요일,1,현지인(a),117449.5,20241123
30140,중구,6,토요일,2,외지인(b),169904.0,20241123
30140,중구,6,토요일,3,외국인(c),497.5299999999999,20241123
30170,서구,6,토요일,1,현지인(a),250561.5,20241123
30170,서구,6,토요일,2,외지인(b),237223.0,20241123
30170,서구,6,토요일,3,외국인(c),991.0999999999998,20241123
30200,유성구,6,토요일,1,현지인(a),227122.0,20241123
30200,유성구,6,토요일,2,외지인(b),228616.5,20241123
30200,유성구,6,토요일,3,외국인(c),1176.88,20241123
30230,대덕구,6,토요일,1,현지인(a),71473.5,20241123
30230,대덕구,6,토요일,2,외지인(b),101265.5,20241123
30230,대덕구,6,토요일,3,외국인(c),493.94,20241123
30110,동구,7,일요일,1,현지인(a),88315.5,20241124
30110,동구,7,일요일,2,외지인(b),144361.0,20241124
30110,동구,7,일요일,3,외국인(c),890.9799999999998,20241124
30140,중구,7,일요일,1,현지인(a),113148.0,20241124
30140,중구,7,일요일,2,외지인(b),138593.0,20241124
30140,중구,7,일요일,3,외국인(c),451.95999999999987,20241124
30170,서구,7,일요일,1,현지인(a),243418.0,20241124
30170,서구,7,일요일,2,외지인(b),194848.5,20241124
30170,서구,7,일요일,3,외국인(c),871.1999999999999,20241124
30200,유성구,7,일요일,1,현지인(a),225886.5,20241124
30200,유성구,7,일요일,2,외지인(b),196490.0,20241124
30200,유성구,7,일요일,3,외국인(c),1131.66,20241124
30230,대덕구,7,일요일,1,현지인(a),68519.5,20241124
30230,대덕구,7,일요일,2,외지인(b),87668.0,20241124
30230,대덕구,7,일요일,3,외국인(c),531.6999999999999,20241124
30110,동구,1,월요일,1,현지인(a),100033.5,20241125
30110,동구,1,월요일,2,외지인(b),101531.5,20241125
30110,동구,1,월요일,3,외국인(c),818.46,20241125
30140,중구,1,월요일,1,현지인(a),126833.0,20241125
30140,중구,1,월요일,2,외지인(b),109921.0,20241125
30140,중구,1,월요일,3,외국인(c),385.38999999999993,20241125
30170,서구,1,월요일,1,현지인(a),279688.5,20241125
30170,서구,1,월요일,2,외지인(b),154563.5,20241125
30170,서구,1,월요일,3,외국인(c),806.8399999999999,20241125
30200,유성구,1,월요일,1,현지인(a),262804.5,20241125
30200,유성구,1,월요일,2,외지인(b),149943.5,20241125
30200,유성구,1,월요일,3,외국인(c),1200.7899999999995,20241125
30230,대덕구,1,월요일,1,현지인(a),80675.0,20241125
30230,대덕구,1,월요일,2,외지인(b),70105.0,20241125
30230,대덕구,1,월요일,3,외국인(c),544.3900000000001,20241125
30110,동구,2,화요일,1,현지인(a),98532.0,20241126
30110,동구,2,화요일,2,외지인(b),95970.0,20241126
30110,동구,2,화요일,3,외국인(c),799.31,20241126
30140,중구,2,화요일,1,현지인(a),124579.0,20241126
30140,중구,2,화요일,2,외지인(b),106365.0,20241126
30140,중구,2,화요일,3,외국인(c),420.75000000000006,20241126
30170,서구,2,화요일,1,현지인(a),274809.5,20241126
30170,서구,2,화요일,2,외지인(b),148778.0,20241126
30170,서구,2,화요일,3,외국인(c),806.79,20241126
30200,유성구,2,화요일,1,현지인(a),260935.5,20241126
30200,유성구,2,화요일,2,외지인(b),145005.0,20241126
30200,유성구,2,화요일,3,외국인(c),1199.3200000000002,20241126
30230,대덕구,2,화요일,1,현지인(a),79362.5,20241126
30230,대덕구,2,화요일,2,외지인(b),68551.0,20241126
30230,대덕구,2,화요일,3,외국인(c),519.4500000000002,20241126
30110,동구,3,수요일,1,현지인(a),99585.5,20241127
30110,동구,3,수요일,2,외지인(b),98549.5,20241127
30110,동구,3,수요일,3,외국인(c),819.7400000000001,20241127
30140,중구,3,수요일,1,현지인(a),125468.0,20241127
30140,중구,3,수요일,2,외지인(b),106599.5,20241127
30140,중구,3,수요일,3,외국인(c),372.93000000000006,20241127
30170,서구,3,수요일,1,현지인(a),275051.0,20241127
30170,서구,3,수요일,2,외지인(b),150230.5,20241127
30170,서구,3,수요일,3,외국인(c),731.9899999999999,20241127
30200,유성구,3,수요일,1,현지인(a),260218.0,20241127
30200,유성구,3,수요일,2,외지인(b),144389.0,20241127
30200,유성구,3,수요일,3,외국인(c),1113.38,20241127
30230,대덕구,3,수요일,1,현지인(a),79978.5,20241127
30230,대덕구,3,수요일,2,외지인(b),66801.0,20241127
30230,대덕구,3,수요일,3,외국인(c),553.4499999999999,20241127
30110,동구,4,목요일,1,현지인(a),98570.5,20241128
30110,동구,4,목요일,2,외지인(b),102126.5,20241128
30110,동구,4,목요일,3,외국인(c),817.5999999999999,20241128
30140,중구,4,목요일,1,현지인(a),125160.0,20241128
30140,중구,4,목요일,2,외지인(b),108493.0,20241128
30140,중구,4,목요일,3,외국인(c),358.14000000000004,20241128
30170,서구,4,목요일,1,현지인(a),273724.5,20241128
30170,서구,4,목요일,2,외지인(b),151417.0,20241128
30170,서구,4,목요일,3,외국인(c),721.1900000000002,20241128
30200,유성구,4,목요일,1,현지인(a),260358.0,20241128
30200,유성구,4,목요일,2,외지인(b),150780.0,20241128
30200,유성구,4,목요일,3,외국인(c),1155.6799999999998,20241128
30230,대덕구,4,목요일,1,현지인(a),79625.0,20241128
30230,대덕구,4,목요일,2,외지인(b),67756.5,20241128
30230,대덕구,4,목요일,3,외국인(c),605.85,20241128
30110,동구,5,금요일,1,현지인(a),99102.5,20241129
30110,동구,5,금요일,2,외지인(b),124050.5,20241129
30110,동구,5,금요일,3,외국인(c),769.8099999999998,20241129
30140,중구,5,금요일,1,현지인(a),128107.0,20241129
30140,중구,5,금요일,2,외지인(b),129367.0,20241129
30140,중구,5,금요일,3,외국인(c),364.59000000000003,20241129
30170,서구,5,금요일,1,현지인(a),279706.0,20241129
30170,서구,5,금요일,2,외지인(b),173659.5,20241129
30170,서구,5,금요일,3,외국인(c),763.7199999999999,20241129
30200,유성구,5,금요일,1,현지인(a),262685.5,20241129
30200,유성구,5,금요일,2,외지인(b),170835.0,20241129
30200,유성구,5,금요일,3,외국인(c),1080.6999999999998,20241129
30230,대덕구,5,금요일,1,현지인(a),80017.0,20241129
30230,대덕구,5,금요일,2,외지인(b),78309.0,20241129
30230,대덕구,5,금요일,3,외국인(c),552.87,20241129
30110,동구,6,토요일,1,현지인(a),90156.5,20241130
30110,동구,6,토요일,2,외지인(b),161000.0,20241130
30110,동구,6,토요일,3,외국인(c),750.02,20241130
30140,중구,6,토요일,1,현지인(a),118639.5,20241130
30140,중구,6,토요일,2,외지인(b),172193.0,20241130
30140,중구,6,토요일,3,외국인(c),394.8999999999999,20241130
30170,서구,6,토요일,1,현지인(a),252287.0,20241130
30170,서구,6,토요일,2,외지인(b),229561.5,20241130
30170,서구,6,토요일,3,외국인(c),781.8500000000001,20241130
30200,유성구,6,토요일,1,현지인(a),226516.5,20241130
30200,유성구,6,토요일,2,외지인(b),217994.0,20241130
30200,유성구,6,토요일,3,외국인(c),984.8599999999998,20241130
30230,대덕구,6,토요일,1,현지인(a),71631.0,20241130
30230,대덕구,6,토요일,2,외지인(b),101965.5,20241130
30230,대덕구,6,토요일,3,외국인(c),475.95,20241130
30110,동구,7,일요일,1,현지인(a),87853.5,20241201
30110,동구,7,일요일,2,외지인(b),127603.0,20241201
30110,동구,7,일요일,3,외국인(c),678.7300000000001,20241201
30140,중구,7,일요일,1,현지인(a),113851.5,20241201
30140,중구,7,일요일,2,외지인(b),133787.5,20241201
30140,중구,7,일요일,3,외국인(c),427.2800000000001,20241201
30170,서구,7,일요일,1,현지인(a),248031.0,20241201
30170,서구,7,일요일,2,외지인(b),169645.0,20241201
30170,서구,7,일요일,3,외국인(c),707.0199999999999,20241201
30200,유성구,7,일요일,1,현지인(a),226744.0,20241201
30200,유성구,7,일요일,2,외지인(b),166358.5,20241201
30200,유성구,7,일요일,3,외국인(c),985.7099999999998,20241201
30230,대덕구,7,일요일,1,현지인(a),69797.0,20241201
30230,대덕구,7,일요일,2,외지인(b),80643.5,20241201
30230,대덕구,7,일요일,3,외국인(c),457.81000000000006,20241201
30110,동구,1,월요일,1,현지인(a),100611.0,20241202
30110,동구,1,월요일,2,외지인(b),90027.0,20241202
30110,동구,1,월요일,3,외국인(c),661.8799999999998,20241202
30140,중구,1,월요일,1,현지인(a),126885.5,20241202
30140,중구,1,월요일,2,외지인(b),93226.0,20241202
30140,중구,1,월요일,3,외국인(c),349.13,20241202
30170,서구,1,월요일,1,현지인(a),282842.0,20241202
30170,서구,1,월요일,2,외지인(b),131652.5,20241202
30170,서구,1,월요일,3,외국인(c),735.7099999999999,20241202
30200,유성구,1,월요일,1,현지인(a),267158.5,20241202
30200,유성구,1,월요일,2,외지인(b),124477.5,20241202
30200,유성구,1,월요일,3,외국인(c),1146.4199999999996,20241202
30230,대덕구,1,월요일,1,현지인(a),81609.5,20241202
30230,대덕구,1,월요일,2,외지인(b),61155.5,20241202
30230,대덕구,1,월요일,3,외국인(c),530.62,20241202
30110,동구,2,화요일,1,현지인(a),99949.5,20241203
30110,동구,2,화요일,2,외지인(b),87248.0,20241203
30110,동구,2,화요일,3,외국인(c),627.53,20241203
30140,중구,2,화요일,1,현지인(a),126154.0,20241203
30140,중구,2,화요일,2,외지인(b),96050.5,20241203
30140,중구,2,화요일,3,외국인(c),382.28000000000003,20241203
30170,서구,2,화요일,1,현지인(a),281438.5,20241203
30170,서구,2,화요일,2,외지인(b),131936.0,20241203
30170,서구,2,화요일,3,외국인(c),812.8800000000001,20241203
30200,유성구,2,화요일,1,현지인(a),267172.5,20241203
30200,유성구,2,화요일,2,외지인(b),132569.5,20241203
30200,유성구,2,화요일,3,외국인(c),1109.9299999999998,20241203
30230,대덕구,2,화요일,1,현지인(a),81025.0,20241203
30230,대덕구,2,화요일,2,외지인(b),60672.5,20241203
30230,대덕구,2,화요일,3,외국인(c),515.0,20241203
30110,동구,3,수요일,1,현지인(a),99795.5,20241204
30110,동구,3,수요일,2,외지인(b),86800.0,20241204
30110,동구,3,수요일,3,외국인(c),608.5399999999997,20241204
30140,중구,3,수요일,1,현지인(a),125769.0,20241204
30140,중구,3,수요일,2,외지인(b),96309.5,20241204
30140,중구,3,수요일,3,외국인(c),378.7200000000001,20241204
30170,서구,3,수요일,1,현지인(a),281585.5,20241204
30170,서구,3,수요일,2,외지인(b),132569.5,20241204
30170,서구,3,수요일,3,외국인(c),788.3799999999999,20241204
30200,유성구,3,수요일,1,현지인(a),267680.0,20241204
30200,유성구,3,수요일,2,외지인(b),131050.5,20241204
30200,유성구,3,수요일,3,외국인(c),1137.1200000000001,20241204
30230,대덕구,3,수요일,1,현지인(a),81130.0,20241204
30230,대덕구,3,수요일,2,외지인(b),60322.5,20241204
30230,대덕구,3,수요일,3,외국인(c),485.17999999999995,20241204
30110,동구,4,목요일,1,현지인(a),99529.5,20241205
30110,동구,4,목요일,2,외지인(b),92165.5,20241205
30110,동구,4,목요일,3,외국인(c),592.7100000000002,20241205
30140,중구,4,목요일,1,현지인(a),125450.5,20241205
30140,중구,4,목요일,2,외지인(b),98721.0,20241205
30140,중구,4,목요일,3,외국인(c),353.95000000000005,20241205
30170,서구,4,목요일,1,현지인(a),280553.0,20241205
30170,서구,4,목요일,2,외지인(b),137627.0,20241205
30170,서구,4,목요일,3,외국인(c),760.3599999999999,20241205
30200,유성구,4,목요일,1,현지인(a),266322.0,20241205
30200,유성구,4,목요일,2,외지인(b),137196.5,20241205
30200,유성구,4,목요일,3,외국인(c),1027.8899999999999,20241205
30230,대덕구,4,목요일,1,현지인(a),80664.5,20241205
30230,대덕구,4,목요일,2,외지인(b),63115.5,20241205
30230,대덕구,4,목요일,3,외국인(c),457.49999999999994,20241205
30110,동구,5,금요일,1,현지인(a),98819.0,20241206
30110,동구,5,금요일,2,외지인(b),107488.5,20241206
30110,동구,5,금요일,3,외국인(c),588.4899999999999,20241206
30140,중구,5,금요일,1,현지인(a),127638.0,20241206
30140,중구,5,금요일,2,외지인(b),112822.5,20241206
30140,중구,5,금요일,3,외국인(c),353.24,20241206
30170,서구,5,금요일,1,현지인(a),283766.0,20241206
30170,서구,5,금요일,2,외지인(b),159544.0,20241206
30170,서구,5,금요일,3,외국인(c),736.1099999999999,20241206
30200,유성구,5,금요일,1,현지인(a),269850.0,20241206
30200,유성구,5,금요일,2,외지인(b),159757.5,20241206
30200,유성구,5,금요일,3,외국인(c),1110.6499999999996,20241206
30230,대덕구,5,금요일,1,현지인(a),81917.5,20241206
30230,대덕구,5,금요일,2,외지인(b),72506.0,20241206
30230,대덕구,5,금요일,3,외국인(c),466.42,20241206
30110,동구,6,토요일,1,현지인(a),88627.0,20241207
30110,동구,6,토요일,2,외지인(b),145012.0,20241207
30110,동구,6,토요일,3,외국인(c),597.0699999999997,20241207
30140,중구,6,토요일,1,현지인(a),116469.5,20241207
30140,중구,6,토요일,2,외지인(b),158210.5,20241207
30140,중구,6,토요일,3,외국인(c),348.61,20241207
30170,서구,6,토요일,1,현지인(a),251170.5,20241207
30170,서구,6,토요일,2,외지인(b),213738.0,20241207
30170,서구,6,토요일,3,외국인(c),740.1899999999999,20241207
30200,유성구,6,토요일,1,현지인(a),228546.5,20241207
30200,유성구,6,토요일,2,외지인(b),210287.0,20241207
30200,유성구,6,토요일,3,외국인(c),949.5400000000002,20241207
30230,대덕구,6,토요일,1,현지인(a),71564.5,20241207
30230,대덕구,6,토요일,2,외지인(b),93180.5,20241207
30230,대덕구,6,토요일,3,외국인(c),388.39,20241207
30110,동구,7,일요일,1,현지인(a),85939.0,20241208
30110,동구,7,일요일,2,외지인(b),124449.5,20241208
30110,동구,7,일요일,3,외국인(c),590.98,20241208
30140,중구,7,일요일,1,현지인(a),111608.0,20241208
30140,중구,7,일요일,2,외지인(b),124404.0,20241208
30140,중구,7,일요일,3,외국인(c),340.4200000000001,20241208
30170,서구,7,일요일,1,현지인(a),242879.0,20241208
30170,서구,7,일요일,2,외지인(b),168777.0,20241208
30170,서구,7,일요일,3,외국인(c),654.22,20241208
30200,유성구,7,일요일,1,현지인(a),225267.0,20241208
30200,유성구,7,일요일,2,외지인(b),171440.5,20241208
30200,유성구,7,일요일,3,외국인(c),925.3299999999998,20241208
30230,대덕구,7,일요일,1,현지인(a),68568.5,20241208
30230,대덕구,7,일요일,2,외지인(b),78981.0,20241208
30230,대덕구,7,일요일,3,외국인(c),429.4400000000001,20241208
30110,동구,1,월요일,1,현지인(a),98518.0,20241209
30110,동구,1,월요일,2,외지인(b),90195.0,20241209
30110,동구,1,월요일,3,외국인(c),494.75000000000006,20241209
30140,중구,1,월요일,1,현지인(a),125366.5,20241209
30140,중구,1,월요일,2,외지인(b),98679.0,20241209
30140,중구,1,월요일,3,외국인(c),319.2000000000001,20241209
30170,서구,1,월요일,1,현지인(a),278729.5,20241209
30170,서구,1,월요일,2,외지인(b),136447.5,20241209
30170,서구,1,월요일,3,외국인(c),624.0400000000001,20241209
30200,유성구,1,월요일,1,현지인(a),265762.0,20241209
30200,유성구,1,월요일,2,외지인(b),131148.5,20241209
30200,유성구,1,월요일,3,외국인(c),995.6499999999996,20241209
30230,대덕구,1,월요일,1,현지인(a),80167.5,20241209
30230,대덕구,1,월요일,2,외지인(b),62513.5,20241209
30230,대덕구,1,월요일,3,외국인(c),447.1700000000002,20241209
30110,동구,2,화요일,1,현지인(a),99508.5,20241210
30110,동구,2,화요일,2,외지인(b),93982.0,20241210
30110,동구,2,화요일,3,외국인(c),494.5299999999999,20241210
30140,중구,2,화요일,1,현지인(a),125265.0,20241210
30140,중구,2,화요일,2,외지인(b),101780.0,20241210
30140,중구,2,화요일,3,외국인(c),367.3500000000001,20241210
30170,서구,2,화요일,1,현지인(a),280850.5,20241210
30170,서구,2,화요일,2,외지인(b),141613.5,20241210
30170,서구,2,화요일,3,외국인(c),766.4999999999998,20241210
30200,유성구,2,화요일,1,현지인(a),267652.0,20241210
30200,유성구,2,화요일,2,외지인(b),137228.0,20241210
30200,유성구,2,화요일,3,외국인(c),1111.7299999999998,20241210
30230,대덕구,2,화요일,1,현지인(a),81004.0,20241210
30230,대덕구,2,화요일,2,외지인(b),64683.5,20241210
30230,대덕구,2,화요일,3,외국인(c),437.37999999999994,20241210
30110,동구,3,수요일,1,현지인(a),98910.0,20241211
30110,동구,3,수요일,2,외지인(b),90853.0,20241211
30110,동구,3,수요일,3,외국인(c),512.1800000000001,20241211
30140,중구,3,수요일,1,현지인(a),126101.5,20241211
30140,중구,3,수요일,2,외지인(b),104338.5,20241211
30140,중구,3,수요일,3,외국인(c),461.21999999999997,20241211
30170,서구,3,수요일,1,현지인(a),282205.0,20241211
30170,서구,3,수요일,2,외지인(b),147322.0,20241211
30170,서구,3,수요일,3,외국인(c),836.8599999999999,20241211
30200,유성구,3,수요일,1,현지인(a),268716.0,20241211
30200,유성구,3,수요일,2,외지인(b),139310.5,20241211
30200,유성구,3,수요일,3,외국인(c),1139.3899999999999,20241211
30230,대덕구,3,수요일,1,현지인(a),80976.0,20241211
30230,대덕구,3,수요일,2,외지인(b),63343.0,20241211
30230,대덕구,3,수요일,3,외국인(c),473.2299999999999,20241211
30110,동구,4,목요일,1,현지인(a),98476.0,20241212
30110,동구,4,목요일,2,외지인(b),96313.0,20241212
30110,동구,4,목요일,3,외국인(c),536.25,20241212
30140,중구,4,목요일,1,현지인(a),125359.5,20241212
30140,중구,4,목요일,2,외지인(b),108461.5,20241212
30140,중구,4,목요일,3,외국인(c),511.9000000000001,20241212
30170,서구,4,목요일,1,현지인(a),279552.0,20241212
30170,서구,4,목요일,2,외지인(b),149544.5,20241212
30170,서구,4,목요일,3,외국인(c),849.0299999999999,20241212
30200,유성구,4,목요일,1,현지인(a),268107.0,20241212
30200,유성구,4,목요일,2,외지인(b),144448.5,20241212
30200,유성구,4,목요일,3,외국인(c),1108.2099999999998,20241212
30230,대덕구,4,목요일,1,현지인(a),80108.0,20241212
30230,대덕구,4,목요일,2,외지인(b),66223.5,20241212
30230,대덕구,4,목요일,3,외국인(c),518.2700000000001,20241212
30110,동구,5,금요일,1,현지인(a),98203.0,20241213
30110,동구,5,금요일,2,외지인(b),113848.0,20241213
30110,동구,5,금요일,3,외국인(c),542.3500000000001,20241213
30140,중구,5,금요일,1,현지인(a),126882.0,20241213
30140,중구,5,금요일,2,외지인(b),119343.0,20241213
30140,중구,5,금요일,3,외국인(c),451.2699999999999,20241213
30170,서구,5,금요일,1,현지인(a),282110.5,20241213
30170,서구,5,금요일,2,외지인(b),170240.0,20241213
30170,서구,5,금요일,3,외국인(c),899.1500000000001,20241213
30200,유성구,5,금요일,1,현지인(a),267533.0,20241213
30200,유성구,5,금요일,2,외지인(b),161731.5,20241213
30200,유성구,5,금요일,3,외국인(c),1087.4999999999995,20241213
30230,대덕구,5,금요일,1,현지인(a),80500.0,20241213
30230,대덕구,5,금요일,2,외지인(b),73139.5,20241213
30230,대덕구,5,금요일,3,외국인(c),512.82,20241213
30110,동구,6,토요일,1,현지인(a),88480.0,20241214
30110,동구,6,토요일,2,외지인(b),154507.5,20241214
30110,동구,6,토요일,3,외국인(c),517.83,20241214
30140,중구,6,토요일,1,현지인(a),115657.5,20241214
30140,중구,6,토요일,2,외지인(b),166274.5,20241214
30140,중구,6,토요일,3,외국인(c),397.94000000000005,20241214
30170,서구,6,토요일,1,현지인(a),251979.0,20241214
30170,서구,6,토요일,2,외지인(b),224672.0,20241214
30170,서구,6,토요일,3,외국인(c),712.7500000000001,20241214
30200,유성구,6,토요일,1,현지인(a),233016.0,20241214
30200,유성구,6,토요일,2,외지인(b),216314.0,20241214
30200,유성구,6,토요일,3,외국인(c),870.4400000000002,20241214
30230,대덕구,6,토요일,1,현지인(a),71900.5,20241214
30230,대덕구,6,토요일,2,외지인(b),96701.5,20241214
30230,대덕구,6,토요일,3,외국인(c),427.63,20241214
30110,동구,7,일요일,1,현지인(a),84539.0,20241215
30110,동구,7,일요일,2,외지인(b),126280.0,20241215
30110,동구,7,일요일,3,외국인(c),527.5,20241215
30140,중구,7,일요일,1,현지인(a),110929.0,20241215
30140,중구,7,일요일,2,외지인(b),132436.5,20241215
30140,중구,7,일요일,3,외국인(c),348.7300000000001,20241215
30170,서구,7,일요일,1,현지인(a),238864.5,20241215
30170,서구,7,일요일,2,외지인(b),169263.5,20241215
30170,서구,7,일요일,3,외국인(c),681.57,20241215
30200,유성구,7,일요일,1,현지인(a),224542.5,20241215
30200,유성구,7,일요일,2,외지인(b),167079.5,20241215
30200,유성구,7,일요일,3,외국인(c),863.01,20241215
30230,대덕구,7,일요일,1,현지인(a),67242.0,20241215
30230,대덕구,7,일요일,2,외지인(b),77231.0,20241215
30230,대덕구,7,일요일,3,외국인(c),433.29,20241215
30110,동구,1,월요일,1,현지인(a),96470.5,20241216
30110,동구,1,월요일,2,외지인(b),94545.5,20241216
30110,동구,1,월요일,3,외국인(c),504.3399999999999,20241216
30140,중구,1,월요일,1,현지인(a),124351.5,20241216
30140,중구,1,월요일,2,외지인(b),104184.5,20241216
30140,중구,1,월요일,3,외국인(c),365.66,20241216
30170,서구,1,월요일,1,현지인(a),275922.5,20241216
30170,서구,1,월요일,2,외지인(b),146170.5,20241216
30170,서구,1,월요일,3,외국인(c),730.8200000000002,20241216
30200,유성구,1,월요일,1,현지인(a),263249.0,20241216
30200,유성구,1,월요일,2,외지인(b),138817.0,20241216
30200,유성구,1,월요일,3,외국인(c),988.0799999999998,20241216
30230,대덕구,1,월요일,1,현지인(a),79863.0,20241216
30230,대덕구,1,월요일,2,외지인(b),65093.0,20241216
30230,대덕구,1,월요일,3,외국인(c),447.89000000000004,20241216
30110,동구,2,화요일,1,현지인(a),96187.0,20241217
30110,동구,2,화요일,2,외지인(b),97912.5,20241217
30110,동구,2,화요일,3,외국인(c),630.6899999999999,20241217
30140,중구,2,화요일,1,현지인(a),124281.5,20241217
30140,중구,2,화요일,2,외지인(b),106456.0,20241217
30140,중구,2,화요일,3,외국인(c),369.39000000000004,20241217
30170,서구,2,화요일,1,현지인(a),276678.5,20241217
30170,서구,2,화요일,2,외지인(b),150549.0,20241217
30170,서구,2,화요일,3,외국인(c),770.23,20241217
30200,유성구,2,화요일,1,현지인(a),267221.5,20241217
30200,유성구,2,화요일,2,외지인(b),148823.5,20241217
30200,유성구,2,화요일,3,외국인(c),1040.6199999999997,20241217
30230,대덕구,2,화요일,1,현지인(a),80412.5,20241217
30230,대덕구,2,화요일,2,외지인(b),66626.0,20241217
30230,대덕구,2,화요일,3,외국인(c),564.15,20241217
30110,동구,3,수요일,1,현지인(a),96831.0,20241218
30110,동구,3,수요일,2,외지인(b),96491.5,20241218
30110,동구,3,수요일,3,외국인(c),583.53,20241218
30140,중구,3,수요일,1,현지인(a),124638.5,20241218
30140,중구,3,수요일,2,외지인(b),108976.0,20241218
30140,중구,3,수요일,3,외국인(c),328.76000000000005,20241218
30170,서구,3,수요일,1,현지인(a),279457.5,20241218
30170,서구,3,수요일,2,외지인(b),155004.5,20241218
30170,서구,3,수요일,3,외국인(c),824.8099999999998,20241218
30200,유성구,3,수요일,1,현지인(a),267788.5,20241218
30200,유성구,3,수요일,2,외지인(b),148351.0,20241218
30200,유성구,3,수요일,3,외국인(c),1091.08,20241218
30230,대덕구,3,수요일,1,현지인(a),80426.5,20241218
30230,대덕구,3,수요일,2,외지인(b),67616.5,20241218
30230,대덕구,3,수요일,3,외국인(c),486.35999999999996,20241218
30110,동구,4,목요일,1,현지인(a),96043.5,20241219
30110,동구,4,목요일,2,외지인(b),102746.0,20241219
30110,동구,4,목요일,3,외국인(c),674.2300000000002,20241219
30140,중구,4,목요일,1,현지인(a),124852.0,20241219
30140,중구,4,목요일,2,외지인(b),114716.0,20241219
30140,중구,4,목요일,3,외국인(c),439.91000000000014,20241219
30170,서구,4,목요일,1,현지인(a),277438.0,20241219
30170,서구,4,목요일,2,외지인(b),160191.5,20241219
30170,서구,4,목요일,3,외국인(c),809.06,20241219
30200,유성구,4,목요일,1,현지인(a),268079.0,20241219
30200,유성구,4,목요일,2,외지인(b),157657.5,20241219
30200,유성구,4,목요일,3,외국인(c),990.6199999999995,20241219
30230,대덕구,4,목요일,1,현지인(a),80115.0,20241219
30230,대덕구,4,목요일,2,외지인(b),69100.5,20241219
30230,대덕구,4,목요일,3,외국인(c),523.13,20241219
30110,동구,5,금요일,1,현지인(a),97426.0,20241220
30110,동구,5,금요일,2,외지인(b),122230.5,20241220
30110,동구,5,금요일,3,외국인(c),641.9099999999999,20241220
30140,중구,5,금요일,1,현지인(a),127253.0,20241220
30140,중구,5,금요일,2,외지인(b),130347.0,20241220
30140,중구,5,금요일,3,외국인(c),401.88999999999993,20241220
30170,서구,5,금요일,1,현지인(a),280465.5,20241220
30170,서구,5,금요일,2,외지인(b),181041.0,20241220
30170,서구,5,금요일,3,외국인(c),781.08,20241220
30200,유성구,5,금요일,1,현지인(a),267011.5,20241220
30200,유성구,5,금요일,2,외지인(b),175262.5,20241220
30200,유성구,5,금요일,3,외국인(c),962.8899999999998,20241220
30230,대덕구,5,금요일,1,현지인(a),81228.0,20241220
30230,대덕구,5,금요일,2,외지인(b),76489.0,20241220
30230,대덕구,5,금요일,3,외국인(c),478.1199999999999,20241220
30110,동구,6,토요일,1,현지인(a),87594.5,20241221
30110,동구,6,토요일,2,외지인(b),160524.0,20241221
30110,동구,6,토요일,3,외국인(c),708.83,20241221
30140,중구,6,토요일,1,현지인(a),114460.5,20241221
30140,중구,6,토요일,2,외지인(b),169473.5,20241221
30140,중구,6,토요일,3,외국인(c),429.19999999999976,20241221
30170,서구,6,토요일,1,현지인(a),250211.5,20241221
30170,서구,6,토요일,2,외지인(b),226233.0,20241221
30170,서구,6,토요일,3,외국인(c),907.7999999999997,20241221
30200,유성구,6,토요일,1,현지인(a),226880.5,20241221
30200,유성구,6,토요일,2,외지인(b),215831.0,20241221
30200,유성구,6,토요일,3,외국인(c),866.08,20241221
30230,대덕구,6,토요일,1,현지인(a),70507.5,20241221
30230,대덕구,6,토요일,2,외지인(b),96922.0,20241221
30230,대덕구,6,토요일,3,외국인(c),628.3699999999999,20241221
30110,동구,7,일요일,1,현지인(a),83377.0,20241222
30110,동구,7,일요일,2,외지인(b),129514.0,20241222
30110,동구,7,일요일,3,외국인(c),611.89,20241222
30140,중구,7,일요일,1,현지인(a),110488.0,20241222
30140,중구,7,일요일,2,외지인(b),133773.5,20241222
30140,중구,7,일요일,3,외국인(c),361.23999999999995,20241222
30170,서구,7,일요일,1,현지인(a),240936.5,20241222
30170,서구,7,일요일,2,외지인(b),180908.0,20241222
30170,서구,7,일요일,3,외국인(c),713.74,20241222
30200,유성구,7,일요일,1,현지인(a),221021.5,20241222
30200,유성구,7,일요일,2,외지인(b),178006.5,20241222
30200,유성구,7,일요일,3,외국인(c),954.4999999999997,20241222
30230,대덕구,7,일요일,1,현지인(a),67665.5,20241222
30230,대덕구,7,일요일,2,외지인(b),81749.5,20241222
30230,대덕구,7,일요일,3,외국인(c),461.76,20241222
30110,동구,1,월요일,1,현지인(a),92879.5,20241223
30110,동구,1,월요일,2,외지인(b),104853.0,20241223
30110,동구,1,월요일,3,외국인(c),533.41,20241223
30140,중구,1,월요일,1,현지인(a),124491.5,20241223
30140,중구,1,월요일,2,외지인(b),121005.5,20241223
30140,중구,1,월요일,3,외국인(c),398.19,20241223
30170,서구,1,월요일,1,현지인(a),275128.0,20241223
30170,서구,1,월요일,2,외지인(b),165760.0,20241223
30170,서구,1,월요일,3,외국인(c),690.27,20241223
30200,유성구,1,월요일,1,현지인(a),258272.0,20241223
30200,유성구,1,월요일,2,외지인(b),154129.5,20241223
30200,유성구,1,월요일,3,외국인(c),1021.9999999999998,20241223
30230,대덕구,1,월요일,1,현지인(a),79180.5,20241223
30230,대덕구,1,월요일,2,외지인(b),69965.0,20241223
30230,대덕구,1,월요일,3,외국인(c),563.5100000000001,20241223
30110,동구,2,화요일,1,현지인(a),94374.0,20241224
30110,동구,2,화요일,2,외지인(b),114212.0,20241224
30110,동구,2,화요일,3,외국인(c),575.3599999999999,20241224
30140,중구,2,화요일,1,현지인(a),128149.0,20241224
30140,중구,2,화요일,2,외지인(b),139237.0,20241224
30140,중구,2,화요일,3,외국인(c),403.88000000000005,20241224
30170,서구,2,화요일,1,현지인(a),280917.0,20241224
30170,서구,2,화요일,2,외지인(b),184264.5,20241224
30170,서구,2,화요일,3,외국인(c),691.1799999999998,20241224
30200,유성구,2,화요일,1,현지인(a),262458.0,20241224
30200,유성구,2,화요일,2,외지인(b),170901.5,20241224
30200,유성구,2,화요일,3,외국인(c),1004.4900000000001,20241224
30230,대덕구,2,화요일,1,현지인(a),81312.0,20241224
30230,대덕구,2,화요일,2,외지인(b),78445.5,20241224
30230,대덕구,2,화요일,3,외국인(c),593.0100000000001,20241224
30110,동구,3,수요일,1,현지인(a),86219.0,20241225
30110,동구,3,수요일,2,외지인(b),129202.5,20241225
30110,동구,3,수요일,3,외국인(c),589.5299999999999,20241225
30140,중구,3,수요일,1,현지인(a),114632.0,20241225
30140,중구,3,수요일,2,외지인(b),162550.5,20241225
30140,중구,3,수요일,3,외국인(c),414.90999999999997,20241225
30170,서구,3,수요일,1,현지인(a),250442.5,20241225
30170,서구,3,수요일,2,외지인(b),196913.5,20241225
30170,서구,3,수요일,3,외국인(c),736.51,20241225
30200,유성구,3,수요일,1,현지인(a),228277.0,20241225
30200,유성구,3,수요일,2,외지인(b),190466.5,20241225
30200,유성구,3,수요일,3,외국인(c),979.2300000000001,20241225
30230,대덕구,3,수요일,1,현지인(a),70833.0,20241225
30230,대덕구,3,수요일,2,외지인(b),86793.0,20241225
30230,대덕구,3,수요일,3,외국인(c),555.5000000000001,20241225
30110,동구,4,목요일,1,현지인(a),91906.5,20241226
30110,동구,4,목요일,2,외지인(b),105987.0,20241226
30110,동구,4,목요일,3,외국인(c),607.1299999999999,20241226
30140,중구,4,목요일,1,현지인(a),123910.5,20241226
30140,중구,4,목요일,2,외지인(b),120557.5,20241226
30140,중구,4,목요일,3,외국인(c),491.83999999999986,20241226
30170,서구,4,목요일,1,현지인(a),270294.5,20241226
30170,서구,4,목요일,2,외지인(b),168437.5,20241226
30170,서구,4,목요일,3,외국인(c),785.5899999999999,20241226
30200,유성구,4,목요일,1,현지인(a),252325.5,20241226
30200,유성구,4,목요일,2,외지인(b),156373.0,20241226
30200,유성구,4,목요일,3,외국인(c),1070.2299999999998,20241226
30230,대덕구,4,목요일,1,현지인(a),78158.5,20241226
30230,대덕구,4,목요일,2,외지인(b),71862.0,20241226
30230,대덕구,4,목요일,3,외국인(c),559.3200000000002,20241226
30110,동구,5,금요일,1,현지인(a),92701.0,20241227
30110,동구,5,금요일,2,외지인(b),120074.5,20241227
30110,동구,5,금요일,3,외국인(c),675.9400000000003,20241227
30140,중구,5,금요일,1,현지인(a),124841.5,20241227
30140,중구,5,금요일,2,외지인(b),130452.0,20241227
30140,중구,5,금요일,3,외국인(c),503.63,20241227
30170,서구,5,금요일,1,현지인(a),272254.5,20241227
30170,서구,5,금요일,2,외지인(b),181699.0,20241227
30170,서구,5,금요일,3,외국인(c),779.1100000000001,20241227
30200,유성구,5,금요일,1,현지인(a),252609.0,20241227
30200,유성구,5,금요일,2,외지인(b),166316.5,20241227
30200,유성구,5,금요일,3,외국인(c),1000.4499999999998,20241227
30230,대덕구,5,금요일,1,현지인(a),79754.5,20241227
30230,대덕구,5,금요일,2,외지인(b),78970.5,20241227
30230,대덕구,5,금요일,3,외국인(c),531.38,20241227
30110,동구,6,토요일,1,현지인(a),84098.0,20241228
30110,동구,6,토요일,2,외지인(b),146664.0,20241228
30110,동구,6,토요일,3,외국인(c),635.9700000000003,20241228
30140,중구,6,토요일,1,현지인(a),113421.0,20241228
30140,중구,6,토요일,2,외지인(b),157045.0,20241228
30140,중구,6,토요일,3,외국인(c),511.10000000000014,20241228
30170,서구,6,토요일,1,현지인(a),245105.0,20241228
30170,서구,6,토요일,2,외지인(b),216664.0,20241228
30170,서구,6,토요일,3,외국인(c),837.6499999999997,20241228
30200,유성구,6,토요일,1,현지인(a),218935.5,20241228
30200,유성구,6,토요일,2,외지인(b),205572.5,20241228
30200,유성구,6,토요일,3,외국인(c),1093.19,20241228
30230,대덕구,6,토요일,1,현지인(a),70381.5,20241228
30230,대덕구,6,토요일,2,외지인(b),91315.0,20241228
30230,대덕구,6,토요일,3,외국인(c),508.4699999999999,20241228
30110,동구,7,일요일,1,현지인(a),81357.5,20241229
30110,동구,7,일요일,2,외지인(b),127169.0,20241229
30110,동구,7,일요일,3,외국인(c),633.3600000000001,20241229
30140,중구,7,일요일,1,현지인(a),109735.5,20241229
30140,중구,7,일요일,2,외지인(b),137396.0,20241229
30140,중구,7,일요일,3,외국인(c),457.32000000000005,20241229
30170,서구,7,일요일,1,현지인(a),233971.5,20241229
30170,서구,7,일요일,2,외지인(b),182353.5,20241229
30170,서구,7,일요일,3,외국인(c),829.7399999999999,20241229
30200,유성구,7,일요일,1,현지인(a),212618.0,20241229
30200,유성구,7,일요일,2,외지인(b),176627.5,20241229
30200,유성구,7,일요일,3,외국인(c),1067.5400000000004,20241229
30230,대덕구,7,일요일,1,현지인(a),66605.0,20241229
30230,대덕구,7,일요일,2,외지인(b),75446.0,20241229
30230,대덕구,7,일요일,3,외국인(c),522.8,20241229
30110,동구,1,월요일,1,현지인(a),91437.5,20241230
30110,동구,1,월요일,2,외지인(b),108850.0,20241230
30110,동구,1,월요일,3,외국인(c),580.62,20241230
30140,중구,1,월요일,1,현지인(a),123277.0,20241230
30140,중구,1,월요일,2,외지인(b),123882.5,20241230
30140,중구,1,월요일,3,외국인(c),438.44000000000005,20241230
30170,서구,1,월요일,1,현지인(a),268310.0,20241230
30170,서구,1,월요일,2,외지인(b),171983.0,20241230
30170,서구,1,월요일,3,외국인(c),882.77,20241230
30200,유성구,1,월요일,1,현지인(a),244643.0,20241230
30200,유성구,1,월요일,2,외지인(b),155977.5,20241230
30200,유성구,1,월요일,3,외국인(c),1040.8799999999997,20241230
30230,대덕구,1,월요일,1,현지인(a),77819.0,20241230
30230,대덕구,1,월요일,2,외지인(b),74039.0,20241230
30230,대덕구,1,월요일,3,외국인(c),622.7,20241230
30110,동구,2,화요일,1,현지인(a),93299.5,20241231
30110,동구,2,화요일,2,외지인(b),121982.0,20241231
30110,동구,2,화요일,3,외국인(c),565.93,20241231
30140,중구,2,화요일,1,현지인(a),126161.0,20241231
30140,중구,2,화요일,2,외지인(b),140969.5,20241231
30140,중구,2,화요일,3,외국인(c),452.90000000000003,20241231
30170,서구,2,화요일,1,현지인(a),275660.0,20241231
30170,서구,2,화요일,2,외지인(b),193487.0,20241231
30170,서구,2,화요일,3,외국인(c),782.72,20241231
30200,유성구,2,화요일,1,현지인(a),248248.0,20241231
30200,유성구,2,화요일,2,외지인(b),168871.5,20241231
30200,유성구,2,화요일,3,외국인(c),928.4000000000001,20241231
30230,대덕구,2,화요일,1,현지인(a),79754.5,20241231
30230,대덕구,2,화요일,2,외지인(b),81679.5,20241231
30230,대덕구,2,화요일,3,외국인(c),509.87000000000006,20241231
30110,동구,3,수요일,1,현지인(a),80265.5,20250101
30110,동구,3,수요일,2,외지인(b),110904.5,20250101
30110,동구,3,수요일,3,외국인(c),567.18,20250101
30140,중구,3,수요일,1,현지인(a),109893.0,20250101
30140,중구,3,수요일,2,외지인(b),113081.5,20250101
30140,중구,3,수요일,3,외국인(c),440.1099999999999,20250101
30170,서구,3,수요일,1,현지인(a),233786.0,20250101
30170,서구,3,수요일,2,외지인(b),141435.0,20250101
30170,서구,3,수요일,3,외국인(c),801.53,20250101
30200,유성구,3,수요일,1,현지인(a),213167.5,20250101
30200,유성구,3,수요일,2,외지인(b),140192.5,20250101
30200,유성구,3,수요일,3,외국인(c),930.8299999999999,20250101
30230,대덕구,3,수요일,1,현지인(a),67333.0,20250101
30230,대덕구,3,수요일,2,외지인(b),74455.5,20250101
30230,대덕구,3,수요일,3,외국인(c),476.5600000000001,20250101
30110,동구,4,목요일,1,현지인(a),89040.0,20250102
30110,동구,4,목요일,2,외지인(b),82680.5,20250102
30110,동구,4,목요일,3,외국인(c),531.27,20250102
30140,중구,4,목요일,1,현지인(a),124292.0,20250102
30140,중구,4,목요일,2,외지인(b),95921.0,20250102
30140,중구,4,목요일,3,외국인(c),465.09,20250102
30170,서구,4,목요일,1,현지인(a),272160.0,20250102
30170,서구,4,목요일,2,외지인(b),132779.5,20250102
30170,서구,4,목요일,3,외국인(c),857.8800000000005,20250102
30200,유성구,4,목요일,1,현지인(a),255181.5,20250102
30200,유성구,4,목요일,2,외지인(b),124187.0,20250102
30200,유성구,4,목요일,3,외국인(c),939.1,20250102
30230,대덕구,4,목요일,1,현지인(a),78302.0,20250102
30230,대덕구,4,목요일,2,외지인(b),56626.5,20250102
30230,대덕구,4,목요일,3,외국인(c),479.88,20250102
30110,동구,5,금요일,1,현지인(a),89663.0,20250103
30110,동구,5,금요일,2,외지인(b),97583.5,20250103
30110,동구,5,금요일,3,외국인(c),486.7100000000001,20250103
30140,중구,5,금요일,1,현지인(a),125079.5,20250103
30140,중구,5,금요일,2,외지인(b),107079.0,20250103
30140,중구,5,금요일,3,외국인(c),400.53000000000003,20250103
30170,서구,5,금요일,1,현지인(a),274256.5,20250103
30170,서구,5,금요일,2,외지인(b),150633.0,20250103
30170,서구,5,금요일,3,외국인(c),702.5600000000002,20250103
30200,유성구,5,금요일,1,현지인(a),257887.0,20250103
30200,유성구,5,금요일,2,외지인(b),141480.5,20250103
30200,유성구,5,금요일,3,외국인(c),942.7399999999998,20250103
30230,대덕구,5,금요일,1,현지인(a),79037.0,20250103
30230,대덕구,5,금요일,2,외지인(b),65702.0,20250103
30230,대덕구,5,금요일,3,외국인(c),441.76000000000005,20250103
30110,동구,6,토요일,1,현지인(a),83870.5,20250104
30110,동구,6,토요일,2,외지인(b),127988.0,20250104
30110,동구,6,토요일,3,외국인(c),581.7000000000002,20250104
30140,중구,6,토요일,1,현지인(a),115951.5,20250104
30140,중구,6,토요일,2,외지인(b),141942.5,20250104
30140,중구,6,토요일,3,외국인(c),421.66,20250104
30170,서구,6,토요일,1,현지인(a),249987.5,20250104
30170,서구,6,토요일,2,외지인(b),195716.5,20250104
30170,서구,6,토요일,3,외국인(c),755.1299999999999,20250104
30200,유성구,6,토요일,1,현지인(a),223664.0,20250104
30200,유성구,6,토요일,2,외지인(b),180187.0,20250104
30200,유성구,6,토요일,3,외국인(c),933.7400000000001,20250104
30230,대덕구,6,토요일,1,현지인(a),71106.0,20250104
30230,대덕구,6,토요일,2,외지인(b),80724.0,20250104
30230,대덕구,6,토요일,3,외국인(c),471.17,20250104
30110,동구,7,일요일,1,현지인(a),79124.5,20250105
30110,동구,7,일요일,2,외지인(b),105458.5,20250105
30110,동구,7,일요일,3,외국인(c),481.0899999999999,20250105
30140,중구,7,일요일,1,현지인(a),109298.0,20250105
30140,중구,7,일요일,2,외지인(b),109319.0,20250105
30140,중구,7,일요일,3,외국인(c),340.3699999999999,20250105
30170,서구,7,일요일,1,현지인(a),235315.5,20250105
30170,서구,7,일요일,2,외지인(b),145386.5,20250105
30170,서구,7,일요일,3,외국인(c),641.0400000000001,20250105
30200,유성구,7,일요일,1,현지인(a),214228.0,20250105
30200,유성구,7,일요일,2,외지인(b),135460.5,20250105
30200,유성구,7,일요일,3,외국인(c),820.67,20250105
30230,대덕구,7,일요일,1,현지인(a),65656.5,20250105
30230,대덕구,7,일요일,2,외지인(b),61040.0,20250105
30230,대덕구,7,일요일,3,외국인(c),438.67999999999995,20250105
30110,동구,1,월요일,1,현지인(a),89176.5,20250106
30110,동구,1,월요일,2,외지인(b),83688.5,20250106
30110,동구,1,월요일,3,외국인(c),476.00999999999993,20250106
30140,중구,1,월요일,1,현지인(a),123795.0,20250106
30140,중구,1,월요일,2,외지인(b),96614.0,20250106
30140,중구,1,월요일,3,외국인(c),338.63999999999993,20250106
30170,서구,1,월요일,1,현지인(a),270434.5,20250106
30170,서구,1,월요일,2,외지인(b),135261.0,20250106
30170,서구,1,월요일,3,외국인(c),758.99,20250106
30200,유성구,1,월요일,1,현지인(a),256046.0,20250106
30200,유성구,1,월요일,2,외지인(b),124617.5,20250106
30200,유성구,1,월요일,3,외국인(c),947.9500000000002,20250106
30230,대덕구,1,월요일,1,현지인(a),77273.0,20250106
30230,대덕구,1,월요일,2,외지인(b),59283.0,20250106
30230,대덕구,1,월요일,3,외국인(c),467.2999999999999,20250106
30110,동구,2,화요일,1,현지인(a),88354.0,20250107
30110,동구,2,화요일,2,외지인(b),87636.5,20250107
30110,동구,2,화요일,3,외국인(c),536.76,20250107
30140,중구,2,화요일,1,현지인(a),123651.5,20250107
30140,중구,2,화요일,2,외지인(b),99697.5,20250107
30140,중구,2,화요일,3,외국인(c),415.54,20250107
30170,서구,2,화요일,1,현지인(a),271404.0,20250107
30170,서구,2,화요일,2,외지인(b),140248.5,20250107
30170,서구,2,화요일,3,외국인(c),733.2499999999999,20250107
30200,유성구,2,화요일,1,현지인(a),256032.0,20250107
30200,유성구,2,화요일,2,외지인(b),131124.0,20250107
30200,유성구,2,화요일,3,외국인(c),1054.79,20250107
30230,대덕구,2,화요일,1,현지인(a),77892.5,20250107
30230,대덕구,2,화요일,2,외지인(b),61547.5,20250107
30230,대덕구,2,화요일,3,외국인(c),462.61,20250107
30110,동구,3,수요일,1,현지인(a),87734.5,20250108
30110,동구,3,수요일,2,외지인(b),86114.0,20250108
30110,동구,3,수요일,3,외국인(c),427.3199999999999,20250108
30140,중구,3,수요일,1,현지인(a),122402.0,20250108
30140,중구,3,수요일,2,외지인(b),95427.5,20250108
30140,중구,3,수요일,3,외국인(c),344.12999999999994,20250108
30170,서구,3,수요일,1,현지인(a),270529.0,20250108
30170,서구,3,수요일,2,외지인(b),137917.5,20250108
30170,서구,3,수요일,3,외국인(c),634.5400000000001,20250108
30200,유성구,3,수요일,1,현지인(a),254964.5,20250108
30200,유성구,3,수요일,2,외지인(b),128068.5,20250108
30200,유성구,3,수요일,3,외국인(c),914.64,20250108
30230,대덕구,3,수요일,1,현지인(a),77402.5,20250108
30230,대덕구,3,수요일,2,외지인(b),60242.0,20250108
30230,대덕구,3,수요일,3,외국인(c),366.37,20250108
30110,동구,4,목요일,1,현지인(a),86492.0,20250109
30110,동구,4,목요일,2,외지인(b),85228.5,20250109
30110,동구,4,목요일,3,외국인(c),467.25,20250109
30140,중구,4,목요일,1,현지인(a),121320.5,20250109
30140,중구,4,목요일,2,외지인(b),97783.0,20250109
30140,중구,4,목요일,3,외국인(c),390.08,20250109
30170,서구,4,목요일,1,현지인(a),266290.5,20250109
30170,서구,4,목요일,2,외지인(b),137679.5,20250109
30170,서구,4,목요일,3,외국인(c),697.66,20250109
30200,유성구,4,목요일,1,현지인(a),252385.0,20250109
30200,유성구,4,목요일,2,외지인(b),129671.5,20250109
30200,유성구,4,목요일,3,외국인(c),963.8700000000001,20250109
30230,대덕구,4,목요일,1,현지인(a),76002.5,20250109
30230,대덕구,4,목요일,2,외지인(b),58436.0,20250109
30230,대덕구,4,목요일,3,외국인(c),406.01,20250109
30110,동구,5,금요일,1,현지인(a),89183.5,20250110
30110,동구,5,금요일,2,외지인(b),106599.5,20250110
30110,동구,5,금요일,3,외국인(c),489.4799999999999,20250110
30140,중구,5,금요일,1,현지인(a),124288.5,20250110
30140,중구,5,금요일,2,외지인(b),114408.0,20250110
30140,중구,5,금요일,3,외국인(c),367.60999999999996,20250110
30170,서구,5,금요일,1,현지인(a),273343.0,20250110
30170,서구,5,금요일,2,외지인(b),158998.0,20250110
30170,서구,5,금요일,3,외국인(c),755.28,20250110
30200,유성구,5,금요일,1,현지인(a),257166.0,20250110
30200,유성구,5,금요일,2,외지인(b),146821.5,20250110
30200,유성구,5,금요일,3,외국인(c),939.5100000000002,20250110
30230,대덕구,5,금요일,1,현지인(a),78865.5,20250110
30230,대덕구,5,금요일,2,외지인(b),67448.5,20250110
30230,대덕구,5,금요일,3,외국인(c),435.09000000000003,20250110
30110,동구,6,토요일,1,현지인(a),83860.0,20250111
30110,동구,6,토요일,2,외지인(b),140784.0,20250111
30110,동구,6,토요일,3,외국인(c),542.64,20250111
30140,중구,6,토요일,1,현지인(a),114247.0,20250111
30140,중구,6,토요일,2,외지인(b),154990.5,20250111
30140,중구,6,토요일,3,외국인(c),366.71999999999997,20250111
30170,서구,6,토요일,1,현지인(a),249179.0,20250111
30170,서구,6,토요일,2,외지인(b),212023.0,20250111
30170,서구,6,토요일,3,외국인(c),747.1599999999997,20250111
30200,유성구,6,토요일,1,현지인(a),222897.5,20250111
30200,유성구,6,토요일,2,외지인(b),193560.5,20250111
30200,유성구,6,토요일,3,외국인(c),922.9499999999999,20250111
30230,대덕구,6,토요일,1,현지인(a),70108.5,20250111
30230,대덕구,6,토요일,2,외지인(b),85354.5,20250111
30230,대덕구,6,토요일,3,외국인(c),400.5199999999999,20250111
30110,동구,7,일요일,1,현지인(a),80538.5,20250112
30110,동구,7,일요일,2,외지인(b),120858.5,20250112
30110,동구,7,일요일,3,외국인(c),556.69,20250112
30140,중구,7,일요일,1,현지인(a),110106.5,20250112
30140,중구,7,일요일,2,외지인(b),122741.5,20250112
30140,중구,7,일요일,3,외국인(c),375.19000000000005,20250112
30170,서구,7,일요일,1,현지인(a),238070.0,20250112
30170,서구,7,일요일,2,외지인(b),162176.0,20250112
30170,서구,7,일요일,3,외국인(c),654.1899999999999,20250112
30200,유성구,7,일요일,1,현지인(a),217238.0,20250112
30200,유성구,7,일요일,2,외지인(b),156625.0,20250112
30200,유성구,7,일요일,3,외국인(c),839.65,20250112
30230,대덕구,7,일요일,1,현지인(a),66458.0,20250112
30230,대덕구,7,일요일,2,외지인(b),71253.0,20250112
30230,대덕구,7,일요일,3,외국인(c),394.5299999999999,20250112
30110,동구,1,월요일,1,현지인(a),88917.5,20250113
30110,동구,1,월요일,2,외지인(b),94241.0,20250113
30110,동구,1,월요일,3,외국인(c),549.13,20250113
30140,중구,1,월요일,1,현지인(a),123434.5,20250113
30140,중구,1,월요일,2,외지인(b),106683.5,20250113
30140,중구,1,월요일,3,외국인(c),349.2300000000001,20250113
30170,서구,1,월요일,1,현지인(a),271323.5,20250113
30170,서구,1,월요일,2,외지인(b),151084.5,20250113
30170,서구,1,월요일,3,외국인(c),658.9099999999997,20250113
30200,유성구,1,월요일,1,현지인(a),253592.5,20250113
30200,유성구,1,월요일,2,외지인(b),133980.0,20250113
30200,유성구,1,월요일,3,외국인(c),993.66,20250113
30230,대덕구,1,월요일,1,현지인(a),77938.0,20250113
30230,대덕구,1,월요일,2,외지인(b),63966.0,20250113
30230,대덕구,1,월요일,3,외국인(c),480.74,20250113
30110,동구,2,화요일,1,현지인(a),88021.5,20250114
30110,동구,2,화요일,2,외지인(b),96572.0,20250114
30110,동구,2,화요일,3,외국인(c),585.3399999999999,20250114
30140,중구,2,화요일,1,현지인(a),123221.0,20250114
30140,중구,2,화요일,2,외지인(b),112945.0,20250114
30140,중구,2,화요일,3,외국인(c),460.9699999999999,20250114
30170,서구,2,화요일,1,현지인(a),271327.0,20250114
30170,서구,2,화요일,2,외지인(b),156061.5,20250114
30170,서구,2,화요일,3,외국인(c),756.0600000000002,20250114
30200,유성구,2,화요일,1,현지인(a),255286.5,20250114
30200,유성구,2,화요일,2,외지인(b),145449.5,20250114
30200,유성구,2,화요일,3,외국인(c),1477.0400000000006,20250114
30230,대덕구,2,화요일,1,현지인(a),77808.5,20250114
30230,대덕구,2,화요일,2,외지인(b),65530.5,20250114
30230,대덕구,2,화요일,3,외국인(c),565.2999999999998,20250114
30110,동구,3,수요일,1,현지인(a),87948.0,20250115
30110,동구,3,수요일,2,외지인(b),96946.5,20250115
30110,동구,3,수요일,3,외국인(c),550.6899999999999,20250115
30140,중구,3,수요일,1,현지인(a),122402.0,20250115
30140,중구,3,수요일,2,외지인(b),110771.5,20250115
30140,중구,3,수요일,3,외국인(c),388.91999999999996,20250115
30170,서구,3,수요일,1,현지인(a),271134.5,20250115
30170,서구,3,수요일,2,외지인(b),156359.0,20250115
30170,서구,3,수요일,3,외국인(c),694.62,20250115
30200,유성구,3,수요일,1,현지인(a),255188.5,20250115
30200,유성구,3,수요일,2,외지인(b),145761.0,20250115
30200,유성구,3,수요일,3,외국인(c),1147.6200000000008,20250115
30230,대덕구,3,수요일,1,현지인(a),77455.0,20250115
30230,대덕구,3,수요일,2,외지인(b),64568.0,20250115
30230,대덕구,3,수요일,3,외국인(c),465.0699999999999,20250115
30110,동구,4,목요일,1,현지인(a),88196.5,20250116
30110,동구,4,목요일,2,외지인(b),98889.0,20250116
30110,동구,4,목요일,3,외국인(c),512.93,20250116
30140,중구,4,목요일,1,현지인(a),121919.0,20250116
30140,중구,4,목요일,2,외지인(b),111776.0,20250116
30140,중구,4,목요일,3,외국인(c),395.78,20250116
30170,서구,4,목요일,1,현지인(a),271404.0,20250116
30170,서구,4,목요일,2,외지인(b),157290.0,20250116
30170,서구,4,목요일,3,외국인(c),757.4200000000003,20250116
30200,유성구,4,목요일,1,현지인(a),255594.5,20250116
30200,유성구,4,목요일,2,외지인(b),149768.5,20250116
30200,유성구,4,목요일,3,외국인(c),1155.5200000000002,20250116
30230,대덕구,4,목요일,1,현지인(a),77612.5,20250116
30230,대덕구,4,목요일,2,외지인(b),67312.0,20250116
30230,대덕구,4,목요일,3,외국인(c),457.5999999999999,20250116
30110,동구,5,금요일,1,현지인(a),89670.0,20250117
30110,동구,5,금요일,2,외지인(b),117400.5,20250117
30110,동구,5,금요일,3,외국인(c),452.9399999999998,20250117
30140,중구,5,금요일,1,현지인(a),125268.5,20250117
30140,중구,5,금요일,2,외지인(b),124957.0,20250117
30140,중구,5,금요일,3,외국인(c),371.86000000000007,20250117
30170,서구,5,금요일,1,현지인(a),276440.5,20250117
30170,서구,5,금요일,2,외지인(b),175756.0,20250117
30170,서구,5,금요일,3,외국인(c),698.7399999999998,20250117
30200,유성구,5,금요일,1,현지인(a),256767.0,20250117
30200,유성구,5,금요일,2,외지인(b),166218.5,20250117
30200,유성구,5,금요일,3,외국인(c),976.5499999999998,20250117
30230,대덕구,5,금요일,1,현지인(a),79275.0,20250117
30230,대덕구,5,금요일,2,외지인(b),73895.5,20250117
30230,대덕구,5,금요일,3,외국인(c),410.90000000000003,20250117
30110,동구,6,토요일,1,현지인(a),84822.5,20250118
30110,동구,6,토요일,2,외지인(b),157874.5,20250118
30110,동구,6,토요일,3,외국인(c),632.61,20250118
30140,중구,6,토요일,1,현지인(a),115325.0,20250118
30140,중구,6,토요일,2,외지인(b),167356.0,20250118
30140,중구,6,토요일,3,외국인(c),450.8199999999999,20250118
30170,서구,6,토요일,1,현지인(a),250992.0,20250118
30170,서구,6,토요일,2,외지인(b),223832.0,20250118
30170,서구,6,토요일,3,외국인(c),786.3800000000001,20250118
30200,유성구,6,토요일,1,현지인(a),224035.0,20250118
30200,유성구,6,토요일,2,외지인(b),212219.0,20250118
30200,유성구,6,토요일,3,외국인(c),926.4399999999999,20250118
30230,대덕구,6,토요일,1,현지인(a),70959.0,20250118
30230,대덕구,6,토요일,2,외지인(b),91577.5,20250118
30230,대덕구,6,토요일,3,외국인(c),430.21000000000004,20250118
30110,동구,7,일요일,1,현지인(a),80531.5,20250119
30110,동구,7,일요일,2,외지인(b),124743.5,20250119
30110,동구,7,일요일,3,외국인(c),583.6,20250119
30140,중구,7,일요일,1,현지인(a),110670.0,20250119
30140,중구,7,일요일,2,외지인(b),133833.0,20250119
30140,중구,7,일요일,3,외국인(c),393.25,20250119
30170,서구,7,일요일,1,현지인(a),239424.5,20250119
30170,서구,7,일요일,2,외지인(b),168948.5,20250119
30170,서구,7,일요일,3,외국인(c),707.9099999999999,20250119
30200,유성구,7,일요일,1,현지인(a),218858.5,20250119
30200,유성구,7,일요일,2,외지인(b),172865.0,20250119
30200,유성구,7,일요일,3,외국인(c),1003.0500000000003,20250119
30230,대덕구,7,일요일,1,현지인(a),67350.5,20250119
30230,대덕구,7,일요일,2,외지인(b),72996.0,20250119
30230,대덕구,7,일요일,3,외국인(c),425.81,20250119
30110,동구,1,월요일,1,현지인(a),88536.0,20250120
30110,동구,1,월요일,2,외지인(b),99368.5,20250120
30110,동구,1,월요일,3,외국인(c),519.5799999999999,20250120
30140,중구,1,월요일,1,현지인(a),122381.0,20250120
30140,중구,1,월요일,2,외지인(b),111055.0,20250120
30140,중구,1,월요일,3,외국인(c),468.96999999999997,20250120
30170,서구,1,월요일,1,현지인(a),269857.0,20250120
30170,서구,1,월요일,2,외지인(b),156261.0,20250120
30170,서구,1,월요일,3,외국인(c),662.75,20250120
30200,유성구,1,월요일,1,현지인(a),251930.0,20250120
30200,유성구,1,월요일,2,외지인(b),144676.0,20250120
30200,유성구,1,월요일,3,외국인(c),1057.97,20250120
30230,대덕구,1,월요일,1,현지인(a),77931.0,20250120
30230,대덕구,1,월요일,2,외지인(b),67942.0,20250120
30230,대덕구,1,월요일,3,외국인(c),410.77000000000004,20250120
30110,동구,2,화요일,1,현지인(a),88312.0,20250121
30110,동구,2,화요일,2,외지인(b),101962.0,20250121
30110,동구,2,화요일,3,외국인(c),515.4399999999999,20250121
30140,중구,2,화요일,1,현지인(a),122633.0,20250121
30140,중구,2,화요일,2,외지인(b),113953.0,20250121
30140,중구,2,화요일,3,외국인(c),465.90999999999997,20250121
30170,서구,2,화요일,1,현지인(a),271054.0,20250121
30170,서구,2,화요일,2,외지인(b),161847.0,20250121
30170,서구,2,화요일,3,외국인(c),663.51,20250121
30200,유성구,2,화요일,1,현지인(a),254250.5,20250121
30200,유성구,2,화요일,2,외지인(b),150528.0,20250121
30200,유성구,2,화요일,3,외국인(c),1087.2099999999998,20250121
30230,대덕구,2,화요일,1,현지인(a),78207.5,20250121
30230,대덕구,2,화요일,2,외지인(b),69856.5,20250121
30230,대덕구,2,화요일,3,외국인(c),459.8599999999999,20250121
30110,동구,3,수요일,1,현지인(a),88301.5,20250122
30110,동구,3,수요일,2,외지인(b),100446.5,20250122
30110,동구,3,수요일,3,외국인(c),513.1099999999999,20250122
30140,중구,3,수요일,1,현지인(a),123301.5,20250122
30140,중구,3,수요일,2,외지인(b),116452.0,20250122
30140,중구,3,수요일,3,외국인(c),432.99999999999994,20250122
30170,서구,3,수요일,1,현지인(a),273161.0,20250122
30170,서구,3,수요일,2,외지인(b),165469.5,20250122
30170,서구,3,수요일,3,외국인(c),624.8100000000002,20250122
30200,유성구,3,수요일,1,현지인(a),254779.0,20250122
30200,유성구,3,수요일,2,외지인(b),155711.5,20250122
30200,유성구,3,수요일,3,외국인(c),1005.3099999999997,20250122
30230,대덕구,3,수요일,1,현지인(a),78382.5,20250122
30230,대덕구,3,수요일,2,외지인(b),72908.5,20250122
30230,대덕구,3,수요일,3,외국인(c),373.59999999999997,20250122
30110,동구,4,목요일,1,현지인(a),88921.0,20250123
30110,동구,4,목요일,2,외지인(b),107156.0,20250123
30110,동구,4,목요일,3,외국인(c),566.9099999999999,20250123
30140,중구,4,목요일,1,현지인(a),124883.5,20250123
30140,중구,4,목요일,2,외지인(b),122087.0,20250123
30140,중구,4,목요일,3,외국인(c),390.43,20250123
30170,서구,4,목요일,1,현지인(a),275051.0,20250123
30170,서구,4,목요일,2,외지인(b),167818.0,20250123
30170,서구,4,목요일,3,외국인(c),644.18,20250123
30200,유성구,4,목요일,1,현지인(a),256224.5,20250123
30200,유성구,4,목요일,2,외지인(b),158200.0,20250123
30200,유성구,4,목요일,3,외국인(c),1002.72,20250123
30230,대덕구,4,목요일,1,현지인(a),78813.0,20250123
30230,대덕구,4,목요일,2,외지인(b),72779.0,20250123
30230,대덕구,4,목요일,3,외국인(c),405.13999999999993,20250123
30110,동구,5,금요일,1,현지인(a),91080.5,20250124
30110,동구,5,금요일,2,외지인(b),120428.0,20250124
30110,동구,5,금요일,3,외국인(c),537.65,20250124
30140,중구,5,금요일,1,현지인(a),128033.5,20250124
30140,중구,5,금요일,2,외지인(b),133728.0,20250124
30140,중구,5,금요일,3,외국인(c),404.9099999999998,20250124
30170,서구,5,금요일,1,현지인(a),281008.0,20250124
30170,서구,5,금요일,2,외지인(b),186539.5,20250124
30170,서구,5,금요일,3,외국인(c),640.5599999999996,20250124
30200,유성구,5,금요일,1,현지인(a),259329.0,20250124
30200,유성구,5,금요일,2,외지인(b),170005.5,20250124
30200,유성구,5,금요일,3,외국인(c),1028.1999999999998,20250124
30230,대덕구,5,금요일,1,현지인(a),80846.5,20250124
30230,대덕구,5,금요일,2,외지인(b),79866.5,20250124
30230,대덕구,5,금요일,3,외국인(c),452.2999999999999,20250124
30110,동구,6,토요일,1,현지인(a),83779.5,20250125
30110,동구,6,토요일,2,외지인(b),146562.5,20250125
30110,동구,6,토요일,3,외국인(c),558.08,20250125
30140,중구,6,토요일,1,현지인(a),116756.5,20250125
30140,중구,6,토요일,2,외지인(b),160429.5,20250125
30140,중구,6,토요일,3,외국인(c),406.91,20250125
30170,서구,6,토요일,1,현지인(a),252595.0,20250125
30170,서구,6,토요일,2,외지인(b),218274.0,20250125
30170,서구,6,토요일,3,외국인(c),635.1299999999999,20250125
30200,유성구,6,토요일,1,현지인(a),219030.0,20250125
30200,유성구,6,토요일,2,외지인(b),198222.5,20250125
30200,유성구,6,토요일,3,외국인(c),900.72,20250125
30230,대덕구,6,토요일,1,현지인(a),71501.5,20250125
30230,대덕구,6,토요일,2,외지인(b),94430.0,20250125
30230,대덕구,6,토요일,3,외국인(c),458.2300000000001,20250125
30110,동구,7,일요일,1,현지인(a),78851.5,20250126
30110,동구,7,일요일,2,외지인(b),143416.0,20250126
30110,동구,7,일요일,3,외국인(c),553.88,20250126
30140,중구,7,일요일,1,현지인(a),108727.5,20250126
30140,중구,7,일요일,2,외지인(b),158837.0,20250126
30140,중구,7,일요일,3,외국인(c),486.17999999999995,20250126
30170,서구,7,일요일,1,현지인(a),231493.5,20250126
30170,서구,7,일요일,2,외지인(b),201334.0,20250126
30170,서구,7,일요일,3,외국인(c),683.4099999999999,20250126
30200,유성구,7,일요일,1,현지인(a),200210.5,20250126
30200,유성구,7,일요일,2,외지인(b),194033.0,20250126
30200,유성구,7,일요일,3,외국인(c),792.8199999999998,20250126
30230,대덕구,7,일요일,1,현지인(a),66059.0,20250126
30230,대덕구,7,일요일,2,외지인(b),90254.5,20250126
30230,대덕구,7,일요일,3,외국인(c),411.51000000000005,20250126
30110,동구,1,월요일,1,현지인(a),76195.0,20250127
30110,동구,1,월요일,2,외지인(b),146335.0,20250127
30110,동구,1,월요일,3,외국인(c),611.5699999999999,20250127
30140,중구,1,월요일,1,현지인(a),107894.5,20250127
30140,중구,1,월요일,2,외지인(b),163698.5,20250127
30140,중구,1,월요일,3,외국인(c),417.72,20250127
30170,서구,1,월요일,1,현지인(a),222421.5,20250127
30170,서구,1,월요일,2,외지인(b),207749.5,20250127
30170,서구,1,월요일,3,외국인(c),689.1299999999999,20250127
30200,유성구,1,월요일,1,현지인(a),188632.5,20250127
30200,유성구,1,월요일,2,외지인(b),181128.5,20250127
30200,유성구,1,월요일,3,외국인(c),777.3900000000001,20250127
30230,대덕구,1,월요일,1,현지인(a),65002.0,20250127
30230,대덕구,1,월요일,2,외지인(b),92638.0,20250127
30230,대덕구,1,월요일,3,외국인(c),422.13000000000005,20250127
30110,동구,2,화요일,1,현지인(a),68880.0,20250128
30110,동구,2,화요일,2,외지인(b),151035.5,20250128
30110,동구,2,화요일,3,외국인(c),595.03,20250128
30140,중구,2,화요일,1,현지인(a),95914.0,20250128
30140,중구,2,화요일,2,외지인(b),145873.0,20250128
30140,중구,2,화요일,3,외국인(c),393.98999999999995,20250128
30170,서구,2,화요일,1,현지인(a),190155.0,20250128
30170,서구,2,화요일,2,외지인(b),177758.0,20250128
30170,서구,2,화요일,3,외국인(c),614.7699999999999,20250128
30200,유성구,2,화요일,1,현지인(a),160569.5,20250128
30200,유성구,2,화요일,2,외지인(b),154829.5,20250128
30200,유성구,2,화요일,3,외국인(c),613.14,20250128
30230,대덕구,2,화요일,1,현지인(a),57652.0,20250128
30230,대덕구,2,화요일,2,외지인(b),92953.0,20250128
30230,대덕구,2,화요일,3,외국인(c),366.09,20250128
30110,동구,3,수요일,1,현지인(a),68642.0,20250129
30110,동구,3,수요일,2,외지인(b),191712.5,20250129
30110,동구,3,수요일,3,외국인(c),628.1300000000001,20250129
30140,중구,3,수요일,1,현지인(a),94531.5,20250129
30140,중구,3,수요일,2,외지인(b),170285.5,20250129
30140,중구,3,수요일,3,외국인(c),381.31,20250129
30170,서구,3,수요일,1,현지인(a),188219.5,20250129
30170,서구,3,수요일,2,외지인(b),207221.0,20250129
30170,서구,3,수요일,3,외국인(c),649.2599999999999,20250129
30200,유성구,3,수요일,1,현지인(a),157794.0,20250129
30200,유성구,3,수요일,2,외지인(b),180365.5,20250129
30200,유성구,3,수요일,3,외국인(c),657.3900000000001,20250129
30230,대덕구,3,수요일,1,현지인(a),56826.0,20250129
30230,대덕구,3,수요일,2,외지인(b),116837.0,20250129
30230,대덕구,3,수요일,3,외국인(c),421.52000000000004,20250129
30110,동구,4,목요일,1,현지인(a),73713.5,20250130
30110,동구,4,목요일,2,외지인(b),146657.0,20250130
30110,동구,4,목요일,3,외국인(c),613.1299999999999,20250130
30140,중구,4,목요일,1,현지인(a),102259.5,20250130
30140,중구,4,목요일,2,외지인(b),144711.0,20250130
30140,중구,4,목요일,3,외국인(c),418.56000000000006,20250130
30170,서구,4,목요일,1,현지인(a),212366.0,20250130
30170,서구,4,목요일,2,외지인(b),180274.5,20250130
30170,서구,4,목요일,3,외국인(c),694.5999999999999,20250130
30200,유성구,4,목요일,1,현지인(a),186644.5,20250130
30200,유성구,4,목요일,2,외지인(b),167597.5,20250130
30200,유성구,4,목요일,3,외국인(c),731.3200000000002,20250130
30230,대덕구,4,목요일,1,현지인(a),60739.0,20250130
30230,대덕구,4,목요일,2,외지인(b),85823.5,20250130
30230,대덕구,4,목요일,3,외국인(c),437.5999999999999,20250130
30110,동구,5,금요일,1,현지인(a),85218.0,20250131
30110,동구,5,금요일,2,외지인(b),119847.0,20250131
30110,동구,5,금요일,3,외국인(c),604.35,20250131
30140,중구,5,금요일,1,현지인(a),120914.5,20250131
30140,중구,5,금요일,2,외지인(b),136034.5,20250131
30140,중구,5,금요일,3,외국인(c),468.62000000000006,20250131
30170,서구,5,금요일,1,현지인(a),264145.0,20250131
30170,서구,5,금요일,2,외지인(b),189560.0,20250131
30170,서구,5,금요일,3,외국인(c),767.0499999999998,20250131
30200,유성구,5,금요일,1,현지인(a),230205.5,20250131
30200,유성구,5,금요일,2,외지인(b),158550.0,20250131
30200,유성구,5,금요일,3,외국인(c),780.9600000000002,20250131
30230,대덕구,5,금요일,1,현지인(a),74021.5,20250131
30230,대덕구,5,금요일,2,외지인(b),73818.5,20250131
30230,대덕구,5,금요일,3,외국인(c),385.7099999999999,20250131
30110,동구,6,토요일,1,현지인(a),83933.5,20250201
30110,동구,6,토요일,2,외지인(b),120085.0,20250201
30110,동구,6,토요일,3,외국인(c),539.2899999999998,20250201
30140,중구,6,토요일,1,현지인(a),113855.0,20250201
30140,중구,6,토요일,2,외지인(b),133199.5,20250201
30140,중구,6,토요일,3,외국인(c),388.7600000000001,20250201
30170,서구,6,토요일,1,현지인(a),248080.0,20250201
30170,서구,6,토요일,2,외지인(b),174128.5,20250201
30170,서구,6,토요일,3,외국인(c),663.98,20250201
30200,유성구,6,토요일,1,현지인(a),215694.5,20250201
30200,유성구,6,토요일,2,외지인(b),155347.5,20250201
30200,유성구,6,토요일,3,외국인(c),719.04,20250201
30230,대덕구,6,토요일,1,현지인(a),70532.0,20250201
30230,대덕구,6,토요일,2,외지인(b),70059.5,20250201
30230,대덕구,6,토요일,3,외국인(c),391.8100000000001,20250201
30110,동구,7,일요일,1,현지인(a),82820.5,20250202
30110,동구,7,일요일,2,외지인(b),108573.5,20250202
30110,동구,7,일요일,3,외국인(c),468.6699999999999,20250202
30140,중구,7,일요일,1,현지인(a),111839.0,20250202
30140,중구,7,일요일,2,외지인(b),114509.5,20250202
30140,중구,7,일요일,3,외국인(c),375.1599999999999,20250202
30170,서구,7,일요일,1,현지인(a),242032.0,20250202
30170,서구,7,일요일,2,외지인(b),142950.5,20250202
30170,서구,7,일요일,3,외국인(c),681.8499999999999,20250202
30200,유성구,7,일요일,1,현지인(a),218127.0,20250202
30200,유성구,7,일요일,2,외지인(b),135894.5,20250202
30200,유성구,7,일요일,3,외국인(c),676.3800000000002,20250202
30230,대덕구,7,일요일,1,현지인(a),68743.5,20250202
30230,대덕구,7,일요일,2,외지인(b),61551.0,20250202
30230,대덕구,7,일요일,3,외국인(c),325.99000000000007,20250202
30110,동구,1,월요일,1,현지인(a),90485.5,20250203
30110,동구,1,월요일,2,외지인(b),90471.5,20250203
30110,동구,1,월요일,3,외국인(c),453.06,20250203
30140,중구,1,월요일,1,현지인(a),123340.0,20250203
30140,중구,1,월요일,2,외지인(b),100807.0,20250203
30140,중구,1,월요일,3,외국인(c),395.72999999999985,20250203
30170,서구,1,월요일,1,현지인(a),273252.0,20250203
30170,서구,1,월요일,2,외지인(b),140112.0,20250203
30170,서구,1,월요일,3,외국인(c),659.0600000000002,20250203
30200,유성구,1,월요일,1,현지인(a),251933.5,20250203
30200,유성구,1,월요일,2,외지인(b),124187.0,20250203
30200,유성구,1,월요일,3,외국인(c),803.38,20250203
30230,대덕구,1,월요일,1,현지인(a),79173.5,20250203
30230,대덕구,1,월요일,2,외지인(b),58551.5,20250203
30230,대덕구,1,월요일,3,외국인(c),362.5,20250203
30110,동구,2,화요일,1,현지인(a),89141.5,20250204
30110,동구,2,화요일,2,외지인(b),90783.0,20250204
30110,동구,2,화요일,3,외국인(c),437.23999999999995,20250204
30140,중구,2,화요일,1,현지인(a),121849.0,20250204
30140,중구,2,화요일,2,외지인(b),100376.5,20250204
30140,중구,2,화요일,3,외국인(c),375.27,20250204
30170,서구,2,화요일,1,현지인(a),269990.0,20250204
30170,서구,2,화요일,2,외지인(b),138218.5,20250204
30170,서구,2,화요일,3,외국인(c),615.9900000000001,20250204
30200,유성구,2,화요일,1,현지인(a),250617.5,20250204
30200,유성구,2,화요일,2,외지인(b),128712.5,20250204
30200,유성구,2,화요일,3,외국인(c),875.29,20250204
30230,대덕구,2,화요일,1,현지인(a),78232.0,20250204
30230,대덕구,2,화요일,2,외지인(b),59878.0,20250204
30230,대덕구,2,화요일,3,외국인(c),394.90000000000003,20250204
30110,동구,3,수요일,1,현지인(a),89775.0,20250205
30110,동구,3,수요일,2,외지인(b),90160.0,20250205
30110,동구,3,수요일,3,외국인(c),495.86999999999995,20250205
30140,중구,3,수요일,1,현지인(a),122045.0,20250205
30140,중구,3,수요일,2,외지인(b),101794.0,20250205
30140,중구,3,수요일,3,외국인(c),370.27,20250205
30170,서구,3,수요일,1,현지인(a),272198.5,20250205
30170,서구,3,수요일,2,외지인(b),141722.0,20250205
30170,서구,3,수요일,3,외국인(c),655.6200000000001,20250205
30200,유성구,3,수요일,1,현지인(a),252073.5,20250205
30200,유성구,3,수요일,2,외지인(b),131075.0,20250205
30200,유성구,3,수요일,3,외국인(c),989.9000000000002,20250205
30230,대덕구,3,수요일,1,현지인(a),78823.5,20250205
30230,대덕구,3,수요일,2,외지인(b),62034.0,20250205
30230,대덕구,3,수요일,3,외국인(c),392.29,20250205
30110,동구,4,목요일,1,현지인(a),89635.0,20250206
30110,동구,4,목요일,2,외지인(b),95854.5,20250206
30110,동구,4,목요일,3,외국인(c),467.41999999999996,20250206
30140,중구,4,목요일,1,현지인(a),122633.0,20250206
30140,중구,4,목요일,2,외지인(b),103670.0,20250206
30140,중구,4,목요일,3,외국인(c),408.16,20250206
30170,서구,4,목요일,1,현지인(a),270735.5,20250206
30170,서구,4,목요일,2,외지인(b),147325.5,20250206
30170,서구,4,목요일,3,외국인(c),720.04,20250206
30200,유성구,4,목요일,1,현지인(a),252371.0,20250206
30200,유성구,4,목요일,2,외지인(b),138782.0,20250206
30200,유성구,4,목요일,3,외국인(c),936.0599999999998,20250206
30230,대덕구,4,목요일,1,현지인(a),78781.5,20250206
30230,대덕구,4,목요일,2,외지인(b),63679.0,20250206
30230,대덕구,4,목요일,3,외국인(c),402.0200000000001,20250206
30110,동구,5,금요일,1,현지인(a),88074.0,20250207
30110,동구,5,금요일,2,외지인(b),106218.0,20250207
30110,동구,5,금요일,3,외국인(c),543.4899999999999,20250207
30140,중구,5,금요일,1,현지인(a),120575.0,20250207
30140,중구,5,금요일,2,외지인(b),102189.5,20250207
30140,중구,5,금요일,3,외국인(c),413.29999999999995,20250207
30170,서구,5,금요일,1,현지인(a),268306.5,20250207
30170,서구,5,금요일,2,외지인(b),142705.5,20250207
30170,서구,5,금요일,3,외국인(c),678.46,20250207
30200,유성구,5,금요일,1,현지인(a),248552.5,20250207
30200,유성구,5,금요일,2,외지인(b),136346.0,20250207
30200,유성구,5,금요일,3,외국인(c),846.9400000000002,20250207
30230,대덕구,5,금요일,1,현지인(a),77672.0,20250207
30230,대덕구,5,금요일,2,외지인(b),59860.5,20250207
30230,대덕구,5,금요일,3,외국인(c),389.69000000000005,20250207
30110,동구,6,토요일,1,현지인(a),84710.5,20250208
30110,동구,6,토요일,2,외지인(b),148046.5,20250208
30110,동구,6,토요일,3,외국인(c),483.53,20250208
30140,중구,6,토요일,1,현지인(a),114324.0,20250208
30140,중구,6,토요일,2,외지인(b),147826.0,20250208
30140,중구,6,토요일,3,외국인(c),431.16,20250208
30170,서구,6,토요일,1,현지인(a),248808.0,20250208
30170,서구,6,토요일,2,외지인(b),200228.0,20250208
30170,서구,6,토요일,3,외국인(c),661.5899999999999,20250208
30200,유성구,6,토요일,1,현지인(a),223279.0,20250208
30200,유성구,6,토요일,2,외지인(b),192223.5,20250208
30200,유성구,6,토요일,3,외국인(c),747.8299999999999,20250208
30230,대덕구,6,토요일,1,현지인(a),71078.0,20250208
30230,대덕구,6,토요일,2,외지인(b),80801.0,20250208
30230,대덕구,6,토요일,3,외국인(c),294.37,20250208
30110,동구,7,일요일,1,현지인(a),81973.5,20250209
30110,동구,7,일요일,2,외지인(b),120676.5,20250209
30110,동구,7,일요일,3,외국인(c),498.25999999999993,20250209
30140,중구,7,일요일,1,현지인(a),110015.5,20250209
30140,중구,7,일요일,2,외지인(b),120841.0,20250209
30140,중구,7,일요일,3,외국인(c),388.78000000000003,20250209
30170,서구,7,일요일,1,현지인(a),237671.0,20250209
30170,서구,7,일요일,2,외지인(b),155792.0,20250209
30170,서구,7,일요일,3,외국인(c),604.51,20250209
30200,유성구,7,일요일,1,현지인(a),218813.0,20250209
30200,유성구,7,일요일,2,외지인(b),164657.5,20250209
30200,유성구,7,일요일,3,외국인(c),744.9000000000003,20250209
30230,대덕구,7,일요일,1,현지인(a),67413.5,20250209
30230,대덕구,7,일요일,2,외지인(b),68547.5,20250209
30230,대덕구,7,일요일,3,외국인(c),303.96999999999997,20250209
30110,동구,1,월요일,1,현지인(a),90447.0,20250210
30110,동구,1,월요일,2,외지인(b),98423.5,20250210
30110,동구,1,월요일,3,외국인(c),477.35,20250210
30140,중구,1,월요일,1,현지인(a),123277.0,20250210
30140,중구,1,월요일,2,외지인(b),107800.0,20250210
30140,중구,1,월요일,3,외국인(c),345.3900000000001,20250210
30170,서구,1,월요일,1,현지인(a),270942.0,20250210
30170,서구,1,월요일,2,외지인(b),150503.5,20250210
30170,서구,1,월요일,3,외국인(c),602.8799999999999,20250210
30200,유성구,1,월요일,1,현지인(a),249672.5,20250210
30200,유성구,1,월요일,2,외지인(b),138211.5,20250210
30200,유성구,1,월요일,3,외국인(c),925.8399999999998,20250210
30230,대덕구,1,월요일,1,현지인(a),78624.0,20250210
30230,대덕구,1,월요일,2,외지인(b),65075.5,20250210
30230,대덕구,1,월요일,3,외국인(c),353.42,20250210
30110,동구,2,화요일,1,현지인(a),90755.0,20250211
30110,동구,2,화요일,2,외지인(b),102270.0,20250211
30110,동구,2,화요일,3,외국인(c),509.61000000000007,20250211
30140,중구,2,화요일,1,현지인(a),123956.0,20250211
30140,중구,2,화요일,2,외지인(b),114191.0,20250211
30140,중구,2,화요일,3,외국인(c),370.70000000000005,20250211
30170,서구,2,화요일,1,현지인(a),273115.5,20250211
30170,서구,2,화요일,2,외지인(b),158417.0,20250211
30170,서구,2,화요일,3,외국인(c),646.6099999999998,20250211
30200,유성구,2,화요일,1,현지인(a),254429.0,20250211
30200,유성구,2,화요일,2,외지인(b),151060.0,20250211
30200,유성구,2,화요일,3,외국인(c),1011.3699999999999,20250211
30230,대덕구,2,화요일,1,현지인(a),79863.0,20250211
30230,대덕구,2,화요일,2,외지인(b),67063.5,20250211
30230,대덕구,2,화요일,3,외국인(c),338.96999999999997,20250211
30110,동구,3,수요일,1,현지인(a),88123.0,20250212
30110,동구,3,수요일,2,외지인(b),94979.5,20250212
30110,동구,3,수요일,3,외국인(c),568.2499999999999,20250212
30140,중구,3,수요일,1,현지인(a),120116.5,20250212
30140,중구,3,수요일,2,외지인(b),103488.0,20250212
30140,중구,3,수요일,3,외국인(c),367.42999999999984,20250212
30170,서구,3,수요일,1,현지인(a),266115.5,20250212
30170,서구,3,수요일,2,외지인(b),145852.0,20250212
30170,서구,3,수요일,3,외국인(c),708.86,20250212
30200,유성구,3,수요일,1,현지인(a),248594.5,20250212
30200,유성구,3,수요일,2,외지인(b),135887.5,20250212
30200,유성구,3,수요일,3,외국인(c),910.88,20250212
30230,대덕구,3,수요일,1,현지인(a),77899.5,20250212
30230,대덕구,3,수요일,2,외지인(b),60161.5,20250212
30230,대덕구,3,수요일,3,외국인(c),342.21000000000004,20250212
30110,동구,4,목요일,1,현지인(a),90741.0,20250213
30110,동구,4,목요일,2,외지인(b),110236.0,20250213
30110,동구,4,목요일,3,외국인(c),517.76,20250213
30140,중구,4,목요일,1,현지인(a),123651.5,20250213
30140,중구,4,목요일,2,외지인(b),118366.5,20250213
30140,중구,4,목요일,3,외국인(c),385.9699999999999,20250213
30170,서구,4,목요일,1,현지인(a),272265.0,20250213
30170,서구,4,목요일,2,외지인(b),161108.5,20250213
30170,서구,4,목요일,3,외국인(c),826.3000000000001,20250213
30200,유성구,4,목요일,1,현지인(a),254180.5,20250213
30200,유성구,4,목요일,2,외지인(b),159726.0,20250213
30200,유성구,4,목요일,3,외국인(c),1056.4099999999999,20250213
30230,대덕구,4,목요일,1,현지인(a),79562.0,20250213
30230,대덕구,4,목요일,2,외지인(b),68834.5,20250213
30230,대덕구,4,목요일,3,외국인(c),424.5500000000001,20250213
30110,동구,5,금요일,1,현지인(a),92890.0,20250214
30110,동구,5,금요일,2,외지인(b),130585.0,20250214
30110,동구,5,금요일,3,외국인(c),561.6200000000001,20250214
30140,중구,5,금요일,1,현지인(a),126035.0,20250214
30140,중구,5,금요일,2,외지인(b),134190.0,20250214
30140,중구,5,금요일,3,외국인(c),430.43999999999994,20250214
30170,서구,5,금요일,1,현지인(a),276720.5,20250214
30170,서구,5,금요일,2,외지인(b),184646.0,20250214
30170,서구,5,금요일,3,외국인(c),792.0499999999998,20250214
30200,유성구,5,금요일,1,현지인(a),257715.5,20250214
30200,유성구,5,금요일,2,외지인(b),186424.0,20250214
30200,유성구,5,금요일,3,외국인(c),1103.37,20250214
30230,대덕구,5,금요일,1,현지인(a),81154.5,20250214
30230,대덕구,5,금요일,2,외지인(b),79663.5,20250214
30230,대덕구,5,금요일,3,외국인(c),395.13,20250214
30110,동구,6,토요일,1,현지인(a),85498.0,20250215
30110,동구,6,토요일,2,외지인(b),162907.5,20250215
30110,동구,6,토요일,3,외국인(c),597.03,20250215
30140,중구,6,토요일,1,현지인(a),115580.5,20250215
30140,중구,6,토요일,2,외지인(b),172448.5,20250215
30140,중구,6,토요일,3,외국인(c),393.59999999999997,20250215
30170,서구,6,토요일,1,현지인(a),249711.0,20250215
30170,서구,6,토요일,2,외지인(b),224301.0,20250215
30170,서구,6,토요일,3,외국인(c),796.9500000000002,20250215
30200,유성구,6,토요일,1,현지인(a),222834.5,20250215
30200,유성구,6,토요일,2,외지인(b),218239.0,20250215
30200,유성구,6,토요일,3,외국인(c),938.75,20250215
30230,대덕구,6,토요일,1,현지인(a),71361.5,20250215
30230,대덕구,6,토요일,2,외지인(b),92295.0,20250215
30230,대덕구,6,토요일,3,외국인(c),363.53999999999985,20250215
30110,동구,7,일요일,1,현지인(a),82593.0,20250216
30110,동구,7,일요일,2,외지인(b),137350.5,20250216
30110,동구,7,일요일,3,외국인(c),475.06,20250216
30140,중구,7,일요일,1,현지인(a),110953.5,20250216
30140,중구,7,일요일,2,외지인(b),142317.0,20250216
30140,중구,7,일요일,3,외국인(c),338.5,20250216
30170,서구,7,일요일,1,현지인(a),239081.5,20250216
30170,서구,7,일요일,2,외지인(b),181993.0,20250216
30170,서구,7,일요일,3,외국인(c),662.38,20250216
30200,유성구,7,일요일,1,현지인(a),218596.0,20250216
30200,유성구,7,일요일,2,외지인(b),184716.0,20250216
30200,유성구,7,일요일,3,외국인(c),772.0599999999997,20250216
30230,대덕구,7,일요일,1,현지인(a),67623.5,20250216
30230,대덕구,7,일요일,2,외지인(b),78778.0,20250216
30230,대덕구,7,일요일,3,외국인(c),361.2099999999999,20250216
30110,동구,1,월요일,1,현지인(a),90699.0,20250217
30110,동구,1,월요일,2,외지인(b),108237.5,20250217
30110,동구,1,월요일,3,외국인(c),429.6800000000001,20250217
30140,중구,1,월요일,1,현지인(a),121467.5,20250217
30140,중구,1,월요일,2,외지인(b),114887.5,20250217
30140,중구,1,월요일,3,외국인(c),343.85999999999996,20250217
30170,서구,1,월요일,1,현지인(a),270242.0,20250217
30170,서구,1,월요일,2,외지인(b),161129.5,20250217
30170,서구,1,월요일,3,외국인(c),692.89,20250217
30200,유성구,1,월요일,1,현지인(a),249063.5,20250217
30200,유성구,1,월요일,2,외지인(b),152281.5,20250217
30200,유성구,1,월요일,3,외국인(c),955.25,20250217
30230,대덕구,1,월요일,1,현지인(a),78540.0,20250217
30230,대덕구,1,월요일,2,외지인(b),70640.5,20250217
30230,대덕구,1,월요일,3,외국인(c),339.14000000000004,20250217
30110,동구,2,화요일,1,현지인(a),90629.0,20250218
30110,동구,2,화요일,2,외지인(b),109112.5,20250218
30110,동구,2,화요일,3,외국인(c),599.48,20250218
30140,중구,2,화요일,1,현지인(a),122328.5,20250218
30140,중구,2,화요일,2,외지인(b),117929.0,20250218
30140,중구,2,화요일,3,외국인(c),412.7599999999998,20250218
30170,서구,2,화요일,1,현지인(a),268327.5,20250218
30170,서구,2,화요일,2,외지인(b),169113.0,20250218
30170,서구,2,화요일,3,외국인(c),671.4599999999999,20250218
30200,유성구,2,화요일,1,현지인(a),250824.0,20250218
30200,유성구,2,화요일,2,외지인(b),161707.0,20250218
30200,유성구,2,화요일,3,외국인(c),1024.94,20250218
30230,대덕구,2,화요일,1,현지인(a),78806.0,20250218
30230,대덕구,2,화요일,2,외지인(b),71295.0,20250218
30230,대덕구,2,화요일,3,외국인(c),356.19,20250218
30110,동구,3,수요일,1,현지인(a),90930.0,20250219
30110,동구,3,수요일,2,외지인(b),112283.5,20250219
30110,동구,3,수요일,3,외국인(c),528.0200000000001,20250219
30140,중구,3,수요일,1,현지인(a),122286.5,20250219
30140,중구,3,수요일,2,외지인(b),117939.5,20250219
30140,중구,3,수요일,3,외국인(c),369.97,20250219
30170,서구,3,수요일,1,현지인(a),272051.5,20250219
30170,서구,3,수요일,2,외지인(b),169883.0,20250219
30170,서구,3,수요일,3,외국인(c),627.7699999999999,20250219
30200,유성구,3,수요일,1,현지인(a),252308.0,20250219
30200,유성구,3,수요일,2,외지인(b),162004.5,20250219
30200,유성구,3,수요일,3,외국인(c),1071.3600000000004,20250219
30230,대덕구,3,수요일,1,현지인(a),79184.0,20250219
30230,대덕구,3,수요일,2,외지인(b),72072.0,20250219
30230,대덕구,3,수요일,3,외국인(c),459.53999999999996,20250219
30110,동구,4,목요일,1,현지인(a),90314.0,20250220
30110,동구,4,목요일,2,외지인(b),114576.0,20250220
30110,동구,4,목요일,3,외국인(c),517.9300000000001,20250220
30140,중구,4,목요일,1,현지인(a),122461.5,20250220
30140,중구,4,목요일,2,외지인(b),123553.5,20250220
30140,중구,4,목요일,3,외국인(c),393.11999999999995,20250220
30170,서구,4,목요일,1,현지인(a),269773.0,20250220
30170,서구,4,목요일,2,외지인(b),174296.5,20250220
30170,서구,4,목요일,3,외국인(c),723.0699999999996,20250220
30200,유성구,4,목요일,1,현지인(a),252182.0,20250220
30200,유성구,4,목요일,2,외지인(b),168175.0,20250220
30200,유성구,4,목요일,3,외국인(c),1216.0800000000002,20250220
30230,대덕구,4,목요일,1,현지인(a),78893.5,20250220
30230,대덕구,4,목요일,2,외지인(b),74046.0,20250220
30230,대덕구,4,목요일,3,외국인(c),475.61999999999983,20250220
30110,동구,5,금요일,1,현지인(a),92977.5,20250221
30110,동구,5,금요일,2,외지인(b),132762.0,20250221
30110,동구,5,금요일,3,외국인(c),663.6899999999999,20250221
30140,중구,5,금요일,1,현지인(a),124495.0,20250221
30140,중구,5,금요일,2,외지인(b),133651.0,20250221
30140,중구,5,금요일,3,외국인(c),362.20999999999987,20250221
30170,서구,5,금요일,1,현지인(a),274585.5,20250221
30170,서구,5,금요일,2,외지인(b),186812.5,20250221
30170,서구,5,금요일,3,외국인(c),765.5800000000002,20250221
30200,유성구,5,금요일,1,현지인(a),254271.5,20250221
30200,유성구,5,금요일,2,외지인(b),180299.0,20250221
30200,유성구,5,금요일,3,외국인(c),1116.8500000000004,20250221
30230,대덕구,5,금요일,1,현지인(a),79443.0,20250221
30230,대덕구,5,금요일,2,외지인(b),79163.0,20250221
30230,대덕구,5,금요일,3,외국인(c),420.5399999999999,20250221
30110,동구,6,토요일,1,현지인(a),85421.0,20250222
30110,동구,6,토요일,2,외지인(b),167790.0,20250222
30110,동구,6,토요일,3,외국인(c),730.6100000000002,20250222
30140,중구,6,토요일,1,현지인(a),115563.0,20250222
30140,중구,6,토요일,2,외지인(b),180159.0,20250222
30140,중구,6,토요일,3,외국인(c),448.38000000000005,20250222
30170,서구,6,토요일,1,현지인(a),250306.0,20250222
30170,서구,6,토요일,2,외지인(b),257659.5,20250222
30170,서구,6,토요일,3,외국인(c),704.36,20250222
30200,유성구,6,토요일,1,현지인(a),221952.5,20250222
30200,유성구,6,토요일,2,외지인(b),229190.5,20250222
30200,유성구,6,토요일,3,외국인(c),1041.33,20250222
30230,대덕구,6,토요일,1,현지인(a),70941.5,20250222
30230,대덕구,6,토요일,2,외지인(b),95602.5,20250222
30230,대덕구,6,토요일,3,외국인(c),412.22999999999996,20250222
30110,동구,7,일요일,1,현지인(a),81301.5,20250223
30110,동구,7,일요일,2,외지인(b),139076.0,20250223
30110,동구,7,일요일,3,외국인(c),643.8500000000001,20250223
30140,중구,7,일요일,1,현지인(a),108293.5,20250223
30140,중구,7,일요일,2,외지인(b),136731.0,20250223
30140,중구,7,일요일,3,외국인(c),461.24999999999994,20250223
30170,서구,7,일요일,1,현지인(a),233366.0,20250223
30170,서구,7,일요일,2,외지인(b),179875.5,20250223
30170,서구,7,일요일,3,외국인(c),686.88,20250223
30200,유성구,7,일요일,1,현지인(a),216821.5,20250223
30200,유성구,7,일요일,2,외지인(b),200760.0,20250223
30200,유성구,7,일요일,3,외국인(c),1053.21,20250223
30230,대덕구,7,일요일,1,현지인(a),66146.5,20250223
30230,대덕구,7,일요일,2,외지인(b),78907.5,20250223
30230,대덕구,7,일요일,3,외국인(c),436.5,20250223
30110,동구,1,월요일,1,현지인(a),90170.5,20250224
30110,동구,1,월요일,2,외지인(b),114502.5,20250224
30110,동구,1,월요일,3,외국인(c),636.9100000000002,20250224
30140,중구,1,월요일,1,현지인(a),121422.0,20250224
30140,중구,1,월요일,2,외지인(b),123333.0,20250224
30140,중구,1,월요일,3,외국인(c),411.45,20250224
30170,서구,1,월요일,1,현지인(a),266689.5,20250224
30170,서구,1,월요일,2,외지인(b),172620.0,20250224
30170,서구,1,월요일,3,외국인(c),752.1899999999998,20250224
30200,유성구,1,월요일,1,현지인(a),249427.5,20250224
30200,유성구,1,월요일,2,외지인(b),165354.0,20250224
30200,유성구,1,월요일,3,외국인(c),1177.0400000000002,20250224
30230,대덕구,1,월요일,1,현지인(a),77994.0,20250224
30230,대덕구,1,월요일,2,외지인(b),73003.0,20250224
30230,대덕구,1,월요일,3,외국인(c),466.65,20250224
30110,동구,2,화요일,1,현지인(a),89719.0,20250225
30110,동구,2,화요일,2,외지인(b),119052.5,20250225
30110,동구,2,화요일,3,외국인(c),647.3300000000002,20250225
30140,중구,2,화요일,1,현지인(a),122101.0,20250225
30140,중구,2,화요일,2,외지인(b),127246.0,20250225
30140,중구,2,화요일,3,외국인(c),402.4000000000001,20250225
30170,서구,2,화요일,1,현지인(a),267655.5,20250225
30170,서구,2,화요일,2,외지인(b),175269.5,20250225
30170,서구,2,화요일,3,외국인(c),678.1400000000001,20250225
30200,유성구,2,화요일,1,현지인(a),253235.5,20250225
30200,유성구,2,화요일,2,외지인(b),176942.5,20250225
30200,유성구,2,화요일,3,외국인(c),1315.5600000000002,20250225
30230,대덕구,2,화요일,1,현지인(a),78505.0,20250225
30230,대덕구,2,화요일,2,외지인(b),74879.0,20250225
30230,대덕구,2,화요일,3,외국인(c),449.5700000000001,20250225
30110,동구,3,수요일,1,현지인(a),90576.5,20250226
30110,동구,3,수요일,2,외지인(b),118286.0,20250226
30110,동구,3,수요일,3,외국인(c),629.5700000000002,20250226
30140,중구,3,수요일,1,현지인(a),122535.0,20250226
30140,중구,3,수요일,2,외지인(b),127911.0,20250226
30140,중구,3,수요일,3,외국인(c),427.35,20250226
30170,서구,3,수요일,1,현지인(a),271834.5,20250226
30170,서구,3,수요일,2,외지인(b),178871.0,20250226
30170,서구,3,수요일,3,외국인(c),793.22,20250226
30200,유성구,3,수요일,1,현지인(a),251828.5,20250226
30200,유성구,3,수요일,2,외지인(b),172564.0,20250226
30200,유성구,3,수요일,3,외국인(c),1285.6599999999996,20250226
30230,대덕구,3,수요일,1,현지인(a),79261.0,20250226
30230,대덕구,3,수요일,2,외지인(b),76720.0,20250226
30230,대덕구,3,수요일,3,외국인(c),537.2400000000001,20250226
30110,동구,4,목요일,1,현지인(a),90832.0,20250227
30110,동구,4,목요일,2,외지인(b),126154.0,20250227
30110,동구,4,목요일,3,외국인(c),605.13,20250227
30140,중구,4,목요일,1,현지인(a),122346.0,20250227
30140,중구,4,목요일,2,외지인(b),133280.0,20250227
30140,중구,4,목요일,3,외국인(c),430.0300000000001,20250227
30170,서구,4,목요일,1,현지인(a),269164.0,20250227
30170,서구,4,목요일,2,외지인(b),182213.5,20250227
30170,서구,4,목요일,3,외국인(c),776.23,20250227
30200,유성구,4,목요일,1,현지인(a),251664.0,20250227
30200,유성구,4,목요일,2,외지인(b),179175.5,20250227
30200,유성구,4,목요일,3,외국인(c),1279.31,20250227
30230,대덕구,4,목요일,1,현지인(a),78578.5,20250227
30230,대덕구,4,목요일,2,외지인(b),79471.0,20250227
30230,대덕구,4,목요일,3,외국인(c),473.31,20250227
30110,동구,5,금요일,1,현지인(a),91875.0,20250228
30110,동구,5,금요일,2,외지인(b),147539.0,20250228
30110,동구,5,금요일,3,외국인(c),726.48,20250228
30140,중구,5,금요일,1,현지인(a),124446.0,20250228
30140,중구,5,금요일,2,외지인(b),150181.5,20250228
30140,중구,5,금요일,3,외국인(c),495.62,20250228
30170,서구,5,금요일,1,현지인(a),272751.5,20250228
30170,서구,5,금요일,2,외지인(b),202797.0,20250228
30170,서구,5,금요일,3,외국인(c),741.1800000000001,20250228
30200,유성구,5,금요일,1,현지인(a),251506.5,20250228
30200,유성구,5,금요일,2,외지인(b),193469.5,20250228
30200,유성구,5,금요일,3,외국인(c),1213.4299999999998,20250228
30230,대덕구,5,금요일,1,현지인(a),80265.5,20250228
30230,대덕구,5,금요일,2,외지인(b),86590.0,20250228
30230,대덕구,5,금요일,3,외국인(c),500.53999999999985,20250228
30110,동구,6,토요일,1,현지인(a),77476.0,20250301
30110,동구,6,토요일,2,외지인(b),158585.0,20250301
30110,동구,6,토요일,3,외국인(c),856.0199999999999,20250301
30140,중구,6,토요일,1,현지인(a),107254.0,20250301
30140,중구,6,토요일,2,외지인(b),171517.5,20250301
30140,중구,6,토요일,3,외국인(c),499.8600000000001,20250301
30170,서구,6,토요일,1,현지인(a),230632.5,20250301
30170,서구,6,토요일,2,외지인(b),210080.5,20250301
30170,서구,6,토요일,3,외국인(c),724.9399999999999,20250301
30200,유성구,6,토요일,1,현지인(a),207938.5,20250301
30200,유성구,6,토요일,2,외지인(b),214480.0,20250301
30200,유성구,6,토요일,3,외국인(c),1126.8399999999995,20250301
30230,대덕구,6,토요일,1,현지인(a),65642.5,20250301
30230,대덕구,6,토요일,2,외지인(b),93782.5,20250301
30230,대덕구,6,토요일,3,외국인(c),469.9,20250301
30110,동구,7,일요일,1,현지인(a),78088.5,20250302
30110,동구,7,일요일,2,외지인(b),156114.0,20250302
30110,동구,7,일요일,3,외국인(c),818.68,20250302
30140,중구,7,일요일,1,현지인(a),107051.0,20250302
30140,중구,7,일요일,2,외지인(b),164927.0,20250302
30140,중구,7,일요일,3,외국인(c),452.26,20250302
30170,서구,7,일요일,1,현지인(a),230097.0,20250302
30170,서구,7,일요일,2,외지인(b),205786.0,20250302
30170,서구,7,일요일,3,외국인(c),733.0899999999997,20250302
30200,유성구,7,일요일,1,현지인(a),208666.5,20250302
30200,유성구,7,일요일,2,외지인(b),222463.5,20250302
30200,유성구,7,일요일,3,외국인(c),989.65,20250302
30230,대덕구,7,일요일,1,현지인(a),64232.0,20250302
30230,대덕구,7,일요일,2,외지인(b),92144.5,20250302
30230,대덕구,7,일요일,3,외국인(c),498.16,20250302
30110,동구,1,월요일,1,현지인(a),79534.0,20250303
30110,동구,1,월요일,2,외지인(b),133304.5,20250303
30110,동구,1,월요일,3,외국인(c),814.3200000000002,20250303
30140,중구,1,월요일,1,현지인(a),109126.5,20250303
30140,중구,1,월요일,2,외지인(b),130168.5,20250303
30140,중구,1,월요일,3,외국인(c),398.18999999999994,20250303
30170,서구,1,월요일,1,현지인(a),233334.5,20250303
30170,서구,1,월요일,2,외지인(b),170019.5,20250303
30170,서구,1,월요일,3,외국인(c),630.0200000000001,20250303
30200,유성구,1,월요일,1,현지인(a),215743.5,20250303
30200,유성구,1,월요일,2,외지인(b),176571.5,20250303
30200,유성구,1,월요일,3,외국인(c),1085.6000000000001,20250303
30230,대덕구,1,월요일,1,현지인(a),65954.0,20250303
30230,대덕구,1,월요일,2,외지인(b),74081.0,20250303
30230,대덕구,1,월요일,3,외국인(c),436.53999999999996,20250303
30110,동구,2,화요일,1,현지인(a),86779.0,20250304
30110,동구,2,화요일,2,외지인(b),106463.0,20250304
30110,동구,2,화요일,3,외국인(c),701.0599999999998,20250304
30140,중구,2,화요일,1,현지인(a),119892.5,20250304
30140,중구,2,화요일,2,외지인(b),102809.0,20250304
30140,중구,2,화요일,3,외국인(c),428.42,20250304
30170,서구,2,화요일,1,현지인(a),263522.0,20250304
30170,서구,2,화요일,2,외지인(b),149107.0,20250304
30170,서구,2,화요일,3,외국인(c),605.5500000000001,20250304
30200,유성구,2,화요일,1,현지인(a),248941.0,20250304
30200,유성구,2,화요일,2,외지인(b),147994.0,20250304
30200,유성구,2,화요일,3,외국인(c),1184.9199999999998,20250304
30230,대덕구,2,화요일,1,현지인(a),75334.0,20250304
30230,대덕구,2,화요일,2,외지인(b),65667.0,20250304
30230,대덕구,2,화요일,3,외국인(c),441.43,20250304
30110,동구,3,수요일,1,현지인(a),87129.0,20250305
30110,동구,3,수요일,2,외지인(b),108829.0,20250305
30110,동구,3,수요일,3,외국인(c),702.3100000000003,20250305
30140,중구,3,수요일,1,현지인(a),121747.5,20250305
30140,중구,3,수요일,2,외지인(b),118618.5,20250305
30140,중구,3,수요일,3,외국인(c),421.27000000000004,20250305
30170,서구,3,수요일,1,현지인(a),265874.0,20250305
30170,서구,3,수요일,2,외지인(b),153083.0,20250305
30170,서구,3,수요일,3,외국인(c),650.3899999999999,20250305
30200,유성구,3,수요일,1,현지인(a),250796.0,20250305
30200,유성구,3,수요일,2,외지인(b),154560.0,20250305
30200,유성구,3,수요일,3,외국인(c),1284.1899999999991,20250305
30230,대덕구,3,수요일,1,현지인(a),75985.0,20250305
30230,대덕구,3,수요일,2,외지인(b),68554.5,20250305
30230,대덕구,3,수요일,3,외국인(c),469.78000000000003,20250305
30110,동구,4,목요일,1,현지인(a),87538.5,20250306
30110,동구,4,목요일,2,외지인(b),115423.0,20250306
30110,동구,4,목요일,3,외국인(c),824.1800000000001,20250306
30140,중구,4,목요일,1,현지인(a),121177.0,20250306
30140,중구,4,목요일,2,외지인(b),111261.5,20250306
30140,중구,4,목요일,3,외국인(c),474.1400000000001,20250306
30170,서구,4,목요일,1,현지인(a),266444.5,20250306
30170,서구,4,목요일,2,외지인(b),158795.0,20250306
30170,서구,4,목요일,3,외국인(c),788.92,20250306
30200,유성구,4,목요일,1,현지인(a),251202.0,20250306
30200,유성구,4,목요일,2,외지인(b),162960.0,20250306
30200,유성구,4,목요일,3,외국인(c),1314.3199999999997,20250306
30230,대덕구,4,목요일,1,현지인(a),76650.0,20250306
30230,대덕구,4,목요일,2,외지인(b),72975.0,20250306
30230,대덕구,4,목요일,3,외국인(c),573.2900000000001,20250306
30110,동구,5,금요일,1,현지인(a),89348.0,20250307
30110,동구,5,금요일,2,외지인(b),131302.5,20250307
30110,동구,5,금요일,3,외국인(c),831.5399999999998,20250307
30140,중구,5,금요일,1,현지인(a),124299.0,20250307
30140,중구,5,금요일,2,외지인(b),126493.5,20250307
30140,중구,5,금요일,3,외국인(c),451.4600000000001,20250307
30170,서구,5,금요일,1,현지인(a),273920.5,20250307
30170,서구,5,금요일,2,외지인(b),176722.0,20250307
30170,서구,5,금요일,3,외국인(c),700.3699999999999,20250307
30200,유성구,5,금요일,1,현지인(a),257106.5,20250307
30200,유성구,5,금요일,2,외지인(b),174891.5,20250307
30200,유성구,5,금요일,3,외국인(c),1221.63,20250307
30230,대덕구,5,금요일,1,현지인(a),78634.5,20250307
30230,대덕구,5,금요일,2,외지인(b),76450.5,20250307
30230,대덕구,5,금요일,3,외국인(c),553.6700000000001,20250307
30110,동구,6,토요일,1,현지인(a),82544.0,20250308
30110,동구,6,토요일,2,외지인(b),160531.0,20250308
30110,동구,6,토요일,3,외국인(c),775.7600000000001,20250308
30140,중구,6,토요일,1,현지인(a),114915.5,20250308
30140,중구,6,토요일,2,외지인(b),178122.0,20250308
30140,중구,6,토요일,3,외국인(c),459.74000000000007,20250308
30170,서구,6,토요일,1,현지인(a),249228.0,20250308
30170,서구,6,토요일,2,외지인(b),230037.5,20250308
30170,서구,6,토요일,3,외국인(c),744.75,20250308
30200,유성구,6,토요일,1,현지인(a),226772.0,20250308
30200,유성구,6,토요일,2,외지인(b),231752.5,20250308
30200,유성구,6,토요일,3,외국인(c),1091.44,20250308
30230,대덕구,6,토요일,1,현지인(a),70329.0,20250308
30230,대덕구,6,토요일,2,외지인(b),94689.0,20250308
30230,대덕구,6,토요일,3,외국인(c),471.52,20250308
30110,동구,7,일요일,1,현지인(a),80297.0,20250309
30110,동구,7,일요일,2,외지인(b),138733.0,20250309
30110,동구,7,일요일,3,외국인(c),801.31,20250309
30140,중구,7,일요일,1,현지인(a),111622.0,20250309
30140,중구,7,일요일,2,외지인(b),140987.0,20250309
30140,중구,7,일요일,3,외국인(c),422.9100000000001,20250309
30170,서구,7,일요일,1,현지인(a),239116.5,20250309
30170,서구,7,일요일,2,외지인(b),183134.0,20250309
30170,서구,7,일요일,3,외국인(c),675.7700000000001,20250309
30200,유성구,7,일요일,1,현지인(a),223387.5,20250309
30200,유성구,7,일요일,2,외지인(b),191037.0,20250309
30200,유성구,7,일요일,3,외국인(c),1086.4,20250309
30230,대덕구,7,일요일,1,현지인(a),67193.0,20250309
30230,대덕구,7,일요일,2,외지인(b),81641.0,20250309
30230,대덕구,7,일요일,3,외국인(c),452.7300000000001,20250309
30110,동구,1,월요일,1,현지인(a),88301.5,20250310
30110,동구,1,월요일,2,외지인(b),115136.0,20250310
30110,동구,1,월요일,3,외국인(c),782.6699999999998,20250310
30140,중구,1,월요일,1,현지인(a),120848.0,20250310
30140,중구,1,월요일,2,외지인(b),112038.5,20250310
30140,중구,1,월요일,3,외국인(c),409.6400000000001,20250310
30170,서구,1,월요일,1,현지인(a),265965.0,20250310
30170,서구,1,월요일,2,외지인(b),161889.0,20250310
30170,서구,1,월요일,3,외국인(c),711.4799999999999,20250310
30200,유성구,1,월요일,1,현지인(a),251387.5,20250310
30200,유성구,1,월요일,2,외지인(b),162396.5,20250310
30200,유성구,1,월요일,3,외국인(c),1165.85,20250310
30230,대덕구,1,월요일,1,현지인(a),76156.5,20250310
30230,대덕구,1,월요일,2,외지인(b),73097.5,20250310
30230,대덕구,1,월요일,3,외국인(c),530.9700000000001,20250310
30110,동구,2,화요일,1,현지인(a),87769.5,20250311
30110,동구,2,화요일,2,외지인(b),117141.5,20250311
30110,동구,2,화요일,3,외국인(c),876.1199999999999,20250311
30140,중구,2,화요일,1,현지인(a),120907.5,20250311
30140,중구,2,화요일,2,외지인(b),114250.5,20250311
30140,중구,2,화요일,3,외국인(c),435.2800000000001,20250311
30170,서구,2,화요일,1,현지인(a),266511.0,20250311
30170,서구,2,화요일,2,외지인(b),167919.5,20250311
30170,서구,2,화요일,3,외국인(c),694.9200000000001,20250311
30200,유성구,2,화요일,1,현지인(a),252353.5,20250311
30200,유성구,2,화요일,2,외지인(b),166134.5,20250311
30200,유성구,2,화요일,3,외국인(c),1306.9599999999996,20250311
30230,대덕구,2,화요일,1,현지인(a),76552.0,20250311
30230,대덕구,2,화요일,2,외지인(b),73668.0,20250311
30230,대덕구,2,화요일,3,외국인(c),525.3,20250311
30110,동구,3,수요일,1,현지인(a),87227.0,20250312
30110,동구,3,수요일,2,외지인(b),114775.5,20250312
30110,동구,3,수요일,3,외국인(c),774.1199999999999,20250312
30140,중구,3,수요일,1,현지인(a),120690.5,20250312
30140,중구,3,수요일,2,외지인(b),113057.0,20250312
30140,중구,3,수요일,3,외국인(c),518.75,20250312
30170,서구,3,수요일,1,현지인(a),267414.0,20250312
30170,서구,3,수요일,2,외지인(b),166236.0,20250312
30170,서구,3,수요일,3,외국인(c),728.81,20250312
30200,유성구,3,수요일,1,현지인(a),250988.5,20250312
30200,유성구,3,수요일,2,외지인(b),166617.5,20250312
30200,유성구,3,수요일,3,외국인(c),1313.6899999999998,20250312
30230,대덕구,3,수요일,1,현지인(a),76748.0,20250312
30230,대덕구,3,수요일,2,외지인(b),73314.5,20250312
30230,대덕구,3,수요일,3,외국인(c),575.0500000000001,20250312
30110,동구,4,목요일,1,현지인(a),86828.0,20250313
30110,동구,4,목요일,2,외지인(b),120410.5,20250313
30110,동구,4,목요일,3,외국인(c),819.7599999999999,20250313
30140,중구,4,목요일,1,현지인(a),120204.0,20250313
30140,중구,4,목요일,2,외지인(b),115906.0,20250313
30140,중구,4,목요일,3,외국인(c),492.66000000000014,20250313
30170,서구,4,목요일,1,현지인(a),265622.0,20250313
30170,서구,4,목요일,2,외지인(b),171160.5,20250313
30170,서구,4,목요일,3,외국인(c),734.81,20250313
30200,유성구,4,목요일,1,현지인(a),251149.5,20250313
30200,유성구,4,목요일,2,외지인(b),171528.0,20250313
30200,유성구,4,목요일,3,외국인(c),1199.3199999999995,20250313
30230,대덕구,4,목요일,1,현지인(a),75708.5,20250313
30230,대덕구,4,목요일,2,외지인(b),75355.0,20250313
30230,대덕구,4,목요일,3,외국인(c),563.01,20250313
30110,동구,5,금요일,1,현지인(a),88291.0,20250314
30110,동구,5,금요일,2,외지인(b),138085.5,20250314
30110,동구,5,금요일,3,외국인(c),929.76,20250314
30140,중구,5,금요일,1,현지인(a),123126.5,20250314
30140,중구,5,금요일,2,외지인(b),136241.0,20250314
30140,중구,5,금요일,3,외국인(c),509.71,20250314
30170,서구,5,금요일,1,현지인(a),272076.0,20250314
30170,서구,5,금요일,2,외지인(b),189507.5,20250314
30170,서구,5,금요일,3,외국인(c),838.81,20250314
30200,유성구,5,금요일,1,현지인(a),255255.0,20250314
30200,유성구,5,금요일,2,외지인(b),187733.0,20250314
30200,유성구,5,금요일,3,외국인(c),1195.5399999999997,20250314
30230,대덕구,5,금요일,1,현지인(a),77262.5,20250314
30230,대덕구,5,금요일,2,외지인(b),81588.5,20250314
30230,대덕구,5,금요일,3,외국인(c),557.9799999999999,20250314
30110,동구,6,토요일,1,현지인(a),80766.0,20250315
30110,동구,6,토요일,2,외지인(b),162890.0,20250315
30110,동구,6,토요일,3,외국인(c),974.4799999999999,20250315
30140,중구,6,토요일,1,현지인(a),111996.5,20250315
30140,중구,6,토요일,2,외지인(b),175693.0,20250315
30140,중구,6,토요일,3,외국인(c),480.02,20250315
30170,서구,6,토요일,1,현지인(a),244240.5,20250315
30170,서구,6,토요일,2,외지인(b),233110.5,20250315
30170,서구,6,토요일,3,외국인(c),904.3900000000002,20250315
30200,유성구,6,토요일,1,현지인(a),221868.5,20250315
30200,유성구,6,토요일,2,외지인(b),229869.5,20250315
30200,유성구,6,토요일,3,외국인(c),1140.59,20250315
30230,대덕구,6,토요일,1,현지인(a),68677.0,20250315
30230,대덕구,6,토요일,2,외지인(b),97811.0,20250315
30230,대덕구,6,토요일,3,외국인(c),546.5199999999999,20250315
30110,동구,7,일요일,1,현지인(a),76867.0,20250316
30110,동구,7,일요일,2,외지인(b),133654.5,20250316
30110,동구,7,일요일,3,외국인(c),997.89,20250316
30140,중구,7,일요일,1,현지인(a),106340.5,20250316
30140,중구,7,일요일,2,외지인(b),136395.0,20250316
30140,중구,7,일요일,3,외국인(c),523.8099999999998,20250316
30170,서구,7,일요일,1,현지인(a),231210.0,20250316
30170,서구,7,일요일,2,외지인(b),178024.0,20250316
30170,서구,7,일요일,3,외국인(c),933.4499999999997,20250316
30200,유성구,7,일요일,1,현지인(a),212527.0,20250316
30200,유성구,7,일요일,2,외지인(b),182066.5,20250316
30200,유성구,7,일요일,3,외국인(c),1221.1299999999999,20250316
30230,대덕구,7,일요일,1,현지인(a),64319.5,20250316
30230,대덕구,7,일요일,2,외지인(b),78039.5,20250316
30230,대덕구,7,일요일,3,외국인(c),508.42000000000013,20250316
30110,동구,1,월요일,1,현지인(a),86075.5,20250317
30110,동구,1,월요일,2,외지인(b),117708.5,20250317
30110,동구,1,월요일,3,외국인(c),1023.6999999999999,20250317
30140,중구,1,월요일,1,현지인(a),118356.0,20250317
30140,중구,1,월요일,2,외지인(b),119108.5,20250317
30140,중구,1,월요일,3,외국인(c),424.09,20250317
30170,서구,1,월요일,1,현지인(a),259980.0,20250317
30170,서구,1,월요일,2,외지인(b),164160.5,20250317
30170,서구,1,월요일,3,외국인(c),849.5499999999997,20250317
30200,유성구,1,월요일,1,현지인(a),244926.5,20250317
30200,유성구,1,월요일,2,외지인(b),157269.0,20250317
30200,유성구,1,월요일,3,외국인(c),1266.9099999999999,20250317
30230,대덕구,1,월요일,1,현지인(a),74364.5,20250317
30230,대덕구,1,월요일,2,외지인(b),72712.5,20250317
30230,대덕구,1,월요일,3,외국인(c),533.51,20250317
30110,동구,2,화요일,1,현지인(a),82971.0,20250318
30110,동구,2,화요일,2,외지인(b),111552.0,20250318
30110,동구,2,화요일,3,외국인(c),917.8700000000001,20250318
30140,중구,2,화요일,1,현지인(a),114765.0,20250318
30140,중구,2,화요일,2,외지인(b),106302.0,20250318
30140,중구,2,화요일,3,외국인(c),390.0199999999999,20250318
30170,서구,2,화요일,1,현지인(a),255006.5,20250318
30170,서구,2,화요일,2,외지인(b),157878.0,20250318
30170,서구,2,화요일,3,외국인(c),735.47,20250318
30200,유성구,2,화요일,1,현지인(a),241545.5,20250318
30200,유성구,2,화요일,2,외지인(b),157909.5,20250318
30200,유성구,2,화요일,3,외국인(c),1303.69,20250318
30230,대덕구,2,화요일,1,현지인(a),72642.5,20250318
30230,대덕구,2,화요일,2,외지인(b),70738.5,20250318
30230,대덕구,2,화요일,3,외국인(c),543.7700000000001,20250318
30110,동구,3,수요일,1,현지인(a),86058.0,20250319
30110,동구,3,수요일,2,외지인(b),116665.5,20250319
30110,동구,3,수요일,3,외국인(c),893.6299999999999,20250319
30140,중구,3,수요일,1,현지인(a),118216.0,20250319
30140,중구,3,수요일,2,외지인(b),113407.0,20250319
30140,중구,3,수요일,3,외국인(c),414.43000000000006,20250319
30170,서구,3,수요일,1,현지인(a),262969.0,20250319
30170,서구,3,수요일,2,외지인(b),170121.0,20250319
30170,서구,3,수요일,3,외국인(c),765.6800000000001,20250319
30200,유성구,3,수요일,1,현지인(a),247831.5,20250319
30200,유성구,3,수요일,2,외지인(b),169641.5,20250319
30200,유성구,3,수요일,3,외국인(c),1275.31,20250319
30230,대덕구,3,수요일,1,현지인(a),75838.0,20250319
30230,대덕구,3,수요일,2,외지인(b),74987.5,20250319
30230,대덕구,3,수요일,3,외국인(c),454.99999999999994,20250319
30110,동구,4,목요일,1,현지인(a),85599.5,20250320
30110,동구,4,목요일,2,외지인(b),122384.5,20250320
30110,동구,4,목요일,3,외국인(c),956.2299999999998,20250320
30140,중구,4,목요일,1,현지인(a),118674.5,20250320
30140,중구,4,목요일,2,외지인(b),118272.0,20250320
30140,중구,4,목요일,3,외국인(c),409.91999999999996,20250320
30170,서구,4,목요일,1,현지인(a),262342.5,20250320
30170,서구,4,목요일,2,외지인(b),172760.0,20250320
30170,서구,4,목요일,3,외국인(c),749.5999999999999,20250320
30200,유성구,4,목요일,1,현지인(a),246452.5,20250320
30200,유성구,4,목요일,2,외지인(b),174590.5,20250320
30200,유성구,4,목요일,3,외국인(c),1259.9999999999993,20250320
30230,대덕구,4,목요일,1,현지인(a),75299.0,20250320
30230,대덕구,4,목요일,2,외지인(b),77112.0,20250320
30230,대덕구,4,목요일,3,외국인(c),508.5800000000002,20250320
30110,동구,5,금요일,1,현지인(a),86555.0,20250321
30110,동구,5,금요일,2,외지인(b),138999.0,20250321
30110,동구,5,금요일,3,외국인(c),940.9199999999998,20250321
30140,중구,5,금요일,1,현지인(a),120470.0,20250321
30140,중구,5,금요일,2,외지인(b),130144.0,20250321
30140,중구,5,금요일,3,외국인(c),429.90999999999997,20250321
30170,서구,5,금요일,1,현지인(a),266238.0,20250321
30170,서구,5,금요일,2,외지인(b),187428.5,20250321
30170,서구,5,금요일,3,외국인(c),765.1300000000001,20250321
30200,유성구,5,금요일,1,현지인(a),248108.0,20250321
30200,유성구,5,금요일,2,외지인(b),182770.0,20250321
30200,유성구,5,금요일,3,외국인(c),1214.3299999999997,20250321
30230,대덕구,5,금요일,1,현지인(a),76884.5,20250321
30230,대덕구,5,금요일,2,외지인(b),85074.5,20250321
30230,대덕구,5,금요일,3,외국인(c),482.5100000000001,20250321
30110,동구,6,토요일,1,현지인(a),80276.0,20250322
30110,동구,6,토요일,2,외지인(b),170278.5,20250322
30110,동구,6,토요일,3,외국인(c),909.8499999999998,20250322
30140,중구,6,토요일,1,현지인(a),111678.0,20250322
30140,중구,6,토요일,2,외지인(b),176935.5,20250322
30140,중구,6,토요일,3,외국인(c),493.66999999999996,20250322
30170,서구,6,토요일,1,현지인(a),242252.5,20250322
30170,서구,6,토요일,2,외지인(b),236768.0,20250322
30170,서구,6,토요일,3,외국인(c),788.6199999999999,20250322
30200,유성구,6,토요일,1,현지인(a),219453.5,20250322
30200,유성구,6,토요일,2,외지인(b),229488.0,20250322
30200,유성구,6,토요일,3,외국인(c),1158.53,20250322
30230,대덕구,6,토요일,1,현지인(a),69468.0,20250322
30230,대덕구,6,토요일,2,외지인(b),102994.5,20250322
30230,대덕구,6,토요일,3,외국인(c),470.44,20250322
30110,동구,7,일요일,1,현지인(a),78407.0,20250323
30110,동구,7,일요일,2,외지인(b),145026.0,20250323
30110,동구,7,일요일,3,외국인(c),930.2500000000001,20250323
30140,중구,7,일요일,1,현지인(a),107754.5,20250323
30140,중구,7,일요일,2,외지인(b),141550.5,20250323
30140,중구,7,일요일,3,외국인(c),479.44,20250323
30170,서구,7,일요일,1,현지인(a),232480.5,20250323
30170,서구,7,일요일,2,외지인(b),185671.5,20250323
30170,서구,7,일요일,3,외국인(c),760.94,20250323
30200,유성구,7,일요일,1,현지인(a),215418.0,20250323
30200,유성구,7,일요일,2,외지인(b),193973.5,20250323
30200,유성구,7,일요일,3,외국인(c),1152.54,20250323
30230,대덕구,7,일요일,1,현지인(a),66535.0,20250323
30230,대덕구,7,일요일,2,외지인(b),87517.5,20250323
30230,대덕구,7,일요일,3,외국인(c),495.16,20250323
30110,동구,1,월요일,1,현지인(a),84756.0,20250324
30110,동구,1,월요일,2,외지인(b),115906.0,20250324
30110,동구,1,월요일,3,외국인(c),1023.92,20250324
30140,중구,1,월요일,1,현지인(a),116508.0,20250324
30140,중구,1,월요일,2,외지인(b),112119.0,20250324
30140,중구,1,월요일,3,외국인(c),390.63,20250324
30170,서구,1,월요일,1,현지인(a),257446.0,20250324
30170,서구,1,월요일,2,외지인(b),167394.5,20250324
30170,서구,1,월요일,3,외국인(c),770.7599999999998,20250324
30200,유성구,1,월요일,1,현지인(a),241360.0,20250324
30200,유성구,1,월요일,2,외지인(b),163831.5,20250324
30200,유성구,1,월요일,3,외국인(c),1398.4499999999994,20250324
30230,대덕구,1,월요일,1,현지인(a),74088.0,20250324
30230,대덕구,1,월요일,2,외지인(b),74851.0,20250324
30230,대덕구,1,월요일,3,외국인(c),485.69000000000005,20250324
30110,동구,2,화요일,1,현지인(a),83846.0,20250325
30110,동구,2,화요일,2,외지인(b),119374.5,20250325
30110,동구,2,화요일,3,외국인(c),837.7099999999999,20250325
30140,중구,2,화요일,1,현지인(a),116697.0,20250325
30140,중구,2,화요일,2,외지인(b),114782.5,20250325
30140,중구,2,화요일,3,외국인(c),468.09,20250325
30170,서구,2,화요일,1,현지인(a),256294.5,20250325
30170,서구,2,화요일,2,외지인(b),169442.0,20250325
30170,서구,2,화요일,3,외국인(c),826.3600000000001,20250325
30200,유성구,2,화요일,1,현지인(a),240814.0,20250325
30200,유성구,2,화요일,2,외지인(b),165508.0,20250325
30200,유성구,2,화요일,3,외국인(c),1649.6999999999998,20250325
30230,대덕구,2,화요일,1,현지인(a),74172.0,20250325
30230,대덕구,2,화요일,2,외지인(b),76653.5,20250325
30230,대덕구,2,화요일,3,외국인(c),591.56,20250325
30110,동구,3,수요일,1,현지인(a),84801.5,20250326
30110,동구,3,수요일,2,외지인(b),119528.5,20250326
30110,동구,3,수요일,3,외국인(c),914.5300000000002,20250326
30140,중구,3,수요일,1,현지인(a),117873.0,20250326
30140,중구,3,수요일,2,외지인(b),117460.0,20250326
30140,중구,3,수요일,3,외국인(c),453.14000000000004,20250326
30170,서구,3,수요일,1,현지인(a),260974.0,20250326
30170,서구,3,수요일,2,외지인(b),175784.0,20250326
30170,서구,3,수요일,3,외국인(c),983.76,20250326
30200,유성구,3,수요일,1,현지인(a),243551.0,20250326
30200,유성구,3,수요일,2,외지인(b),174380.5,20250326
30200,유성구,3,수요일,3,외국인(c),1637.83,20250326
30230,대덕구,3,수요일,1,현지인(a),74977.0,20250326
30230,대덕구,3,수요일,2,외지인(b),79110.5,20250326
30230,대덕구,3,수요일,3,외국인(c),500.46000000000015,20250326
30110,동구,4,목요일,1,현지인(a),83128.5,20250327
30110,동구,4,목요일,2,외지인(b),120827.0,20250327
30110,동구,4,목요일,3,외국인(c),882.0600000000001,20250327
30140,중구,4,목요일,1,현지인(a),115846.5,20250327
30140,중구,4,목요일,2,외지인(b),117449.5,20250327
30140,중구,4,목요일,3,외국인(c),686.5899999999999,20250327
30170,서구,4,목요일,1,현지인(a),255468.5,20250327
30170,서구,4,목요일,2,외지인(b),169792.0,20250327
30170,서구,4,목요일,3,외국인(c),826.64,20250327
30200,유성구,4,목요일,1,현지인(a),239809.5,20250327
30200,유성구,4,목요일,2,외지인(b),170523.5,20250327
30200,유성구,4,목요일,3,외국인(c),1657.0299999999997,20250327
30230,대덕구,4,목요일,1,현지인(a),73255.0,20250327
30230,대덕구,4,목요일,2,외지인(b),75796.0,20250327
30230,대덕구,4,목요일,3,외국인(c),550.36,20250327
30110,동구,5,금요일,1,현지인(a),85232.0,20250328
30110,동구,5,금요일,2,외지인(b),143556.0,20250328
30110,동구,5,금요일,3,외국인(c),945.9299999999998,20250328
30140,중구,5,금요일,1,현지인(a),119595.0,20250328
30140,중구,5,금요일,2,외지인(b),150608.5,20250328
30140,중구,5,금요일,3,외국인(c),508.20000000000005,20250328
30170,서구,5,금요일,1,현지인(a),262052.0,20250328
30170,서구,5,금요일,2,외지인(b),191523.5,20250328
30170,서구,5,금요일,3,외국인(c),837.6899999999996,20250328
30200,유성구,5,금요일,1,현지인(a),243824.0,20250328
30200,유성구,5,금요일,2,외지인(b),190008.0,20250328
30200,유성구,5,금요일,3,외국인(c),1270.1999999999998,20250328
30230,대덕구,5,금요일,1,현지인(a),75652.5,20250328
30230,대덕구,5,금요일,2,외지인(b),84056.0,20250328
30230,대덕구,5,금요일,3,외국인(c),496.73,20250328
30110,동구,6,토요일,1,현지인(a),77157.5,20250329
30110,동구,6,토요일,2,외지인(b),162977.5,20250329
30110,동구,6,토요일,3,외국인(c),893.5200000000002,20250329
30140,중구,6,토요일,1,현지인(a),108199.0,20250329
30140,중구,6,토요일,2,외지인(b),183043.0,20250329
30140,중구,6,토요일,3,외국인(c),473.17999999999995,20250329
30170,서구,6,토요일,1,현지인(a),234031.0,20250329
30170,서구,6,토요일,2,외지인(b),232949.5,20250329
30170,서구,6,토요일,3,외국인(c),863.3299999999998,20250329
30200,유성구,6,토요일,1,현지인(a),214056.5,20250329
30200,유성구,6,토요일,2,외지인(b),232148.0,20250329
30200,유성구,6,토요일,3,외국인(c),1197.3,20250329
30230,대덕구,6,토요일,1,현지인(a),66160.5,20250329
30230,대덕구,6,토요일,2,외지인(b),99351.0,20250329
30230,대덕구,6,토요일,3,외국인(c),496.06000000000023,20250329
30110,동구,7,일요일,1,현지인(a),76195.0,20250330
30110,동구,7,일요일,2,외지인(b),149513.0,20250330
30110,동구,7,일요일,3,외국인(c),977.1599999999995,20250330
30140,중구,7,일요일,1,현지인(a),105437.5,20250330
30140,중구,7,일요일,2,외지인(b),159421.5,20250330
30140,중구,7,일요일,3,외국인(c),488.80000000000007,20250330
30170,서구,7,일요일,1,현지인(a),226198.0,20250330
30170,서구,7,일요일,2,외지인(b),193158.0,20250330
30170,서구,7,일요일,3,외국인(c),802.33,20250330
30200,유성구,7,일요일,1,현지인(a),208719.0,20250330
30200,유성구,7,일요일,2,외지인(b),193371.5,20250330
30200,유성구,7,일요일,3,외국인(c),1140.1099999999997,20250330
30230,대덕구,7,일요일,1,현지인(a),63549.5,20250330
30230,대덕구,7,일요일,2,외지인(b),85407.0,20250330
30230,대덕구,7,일요일,3,외국인(c),518.75,20250330
30110,동구,1,월요일,1,현지인(a),83205.5,20250331
30110,동구,1,월요일,2,외지인(b),121411.5,20250331
30110,동구,1,월요일,3,외국인(c),1112.37,20250331
30140,중구,1,월요일,1,현지인(a),115076.5,20250331
30140,중구,1,월요일,2,외지인(b),112483.0,20250331
30140,중구,1,월요일,3,외국인(c),534.4,20250331
30170,서구,1,월요일,1,현지인(a),255475.5,20250331
30170,서구,1,월요일,2,외지인(b),169515.5,20250331
30170,서구,1,월요일,3,외국인(c),925.1900000000002,20250331
30200,유성구,1,월요일,1,현지인(a),237832.0,20250331
30200,유성구,1,월요일,2,외지인(b),166012.0,20250331
30200,유성구,1,월요일,3,외국인(c),1416.5399999999997,20250331
30230,대덕구,1,월요일,1,현지인(a),73094.0,20250331
30230,대덕구,1,월요일,2,외지인(b),76097.0,20250331
30230,대덕구,1,월요일,3,외국인(c),568.33,20250331
30110,동구,2,화요일,1,현지인(a),88707.5,20250401
30110,동구,2,화요일,2,외지인(b),82957.0,20250401
30110,동구,2,화요일,3,외국인(c),959.9300000000001,20250401
30140,중구,2,화요일,1,현지인(a),121240.0,20250401
30140,중구,2,화요일,2,외지인(b),90853.0,20250401
30140,중구,2,화요일,3,외국인(c),502.51,20250401
30170,서구,2,화요일,1,현지인(a),263651.5,20250401
30170,서구,2,화요일,2,외지인(b),122052.0,20250401
30170,서구,2,화요일,3,외국인(c),933.7299999999999,20250401
30200,유성구,2,화요일,1,현지인(a),253001.0,20250401
30200,유성구,2,화요일,2,외지인(b),126136.5,20250401
30200,유성구,2,화요일,3,외국인(c),1486.53,20250401
30230,대덕구,2,화요일,1,현지인(a),78036.0,20250401
30230,대덕구,2,화요일,2,외지인(b),57519.0,20250401
30230,대덕구,2,화요일,3,외국인(c),559.45,20250401
30110,동구,3,수요일,1,현지인(a),88049.5,20250402
30110,동구,3,수요일,2,외지인(b),84224.0,20250402
30110,동구,3,수요일,3,외국인(c),906.4599999999998,20250402
30140,중구,3,수요일,1,현지인(a),119693.0,20250402
30140,중구,3,수요일,2,외지인(b),103334.0,20250402
30140,중구,3,수요일,3,외국인(c),517.1200000000001,20250402
30170,서구,3,수요일,1,현지인(a),264505.5,20250402
30170,서구,3,수요일,2,외지인(b),126798.0,20250402
30170,서구,3,수요일,3,외국인(c),868.5399999999997,20250402
30200,유성구,3,수요일,1,현지인(a),249616.5,20250402
30200,유성구,3,수요일,2,외지인(b),125387.5,20250402
30200,유성구,3,수요일,3,외국인(c),1484.8600000000001,20250402
30230,대덕구,3,수요일,1,현지인(a),78732.5,20250402
30230,대덕구,3,수요일,2,외지인(b),57764.0,20250402
30230,대덕구,3,수요일,3,외국인(c),483.35,20250402
30110,동구,4,목요일,1,현지인(a),89372.5,20250403
30110,동구,4,목요일,2,외지인(b),93712.5,20250403
30110,동구,4,목요일,3,외국인(c),1044.4800000000002,20250403
30140,중구,4,목요일,1,현지인(a),120319.5,20250403
30140,중구,4,목요일,2,외지인(b),111251.0,20250403
30140,중구,4,목요일,3,외국인(c),495.26000000000016,20250403
30170,서구,4,목요일,1,현지인(a),262885.0,20250403
30170,서구,4,목요일,2,외지인(b),130585.0,20250403
30170,서구,4,목요일,3,외국인(c),905.0800000000003,20250403
30200,유성구,4,목요일,1,현지인(a),247415.0,20250403
30200,유성구,4,목요일,2,외지인(b),134396.5,20250403
30200,유성구,4,목요일,3,외국인(c),1449.2099999999996,20250403
30230,대덕구,4,목요일,1,현지인(a),77675.5,20250403
30230,대덕구,4,목요일,2,외지인(b),61173.0,20250403
30230,대덕구,4,목요일,3,외국인(c),582.2700000000001,20250403
30110,동구,5,금요일,1,현지인(a),90951.0,20250404
30110,동구,5,금요일,2,외지인(b),115671.5,20250404
30110,동구,5,금요일,3,외국인(c),1031.01,20250404
30140,중구,5,금요일,1,현지인(a),122514.0,20250404
30140,중구,5,금요일,2,외지인(b),117859.0,20250404
30140,중구,5,금요일,3,외국인(c),501.8800000000001,20250404
30170,서구,5,금요일,1,현지인(a),267036.0,20250404
30170,서구,5,금요일,2,외지인(b),154353.5,20250404
30170,서구,5,금요일,3,외국인(c),927.3000000000001,20250404
30200,유성구,5,금요일,1,현지인(a),251636.0,20250404
30200,유성구,5,금요일,2,외지인(b),157647.0,20250404
30200,유성구,5,금요일,3,외국인(c),1423.2200000000003,20250404
30230,대덕구,5,금요일,1,현지인(a),78522.5,20250404
30230,대덕구,5,금요일,2,외지인(b),68796.0,20250404
30230,대덕구,5,금요일,3,외국인(c),568.6800000000001,20250404
30110,동구,6,토요일,1,현지인(a),80514.0,20250405
30110,동구,6,토요일,2,외지인(b),144270.0,20250405
30110,동구,6,토요일,3,외국인(c),877.86,20250405
30140,중구,6,토요일,1,현지인(a),107537.5,20250405
30140,중구,6,토요일,2,외지인(b),147486.5,20250405
30140,중구,6,토요일,3,외국인(c),425.44000000000005,20250405
30170,서구,6,토요일,1,현지인(a),234293.5,20250405
30170,서구,6,토요일,2,외지인(b),204694.0,20250405
30170,서구,6,토요일,3,외국인(c),855.2899999999998,20250405
30200,유성구,6,토요일,1,현지인(a),212887.5,20250405
30200,유성구,6,토요일,2,외지인(b),207578.0,20250405
30200,유성구,6,토요일,3,외국인(c),1286.1999999999996,20250405
30230,대덕구,6,토요일,1,현지인(a),67144.0,20250405
30230,대덕구,6,토요일,2,외지인(b),85624.0,20250405
30230,대덕구,6,토요일,3,외국인(c),492.05999999999995,20250405
30110,동구,7,일요일,1,현지인(a),81672.5,20250406
30110,동구,7,일요일,2,외지인(b),149464.0,20250406
30110,동구,7,일요일,3,외국인(c),1007.8200000000002,20250406
30140,중구,7,일요일,1,현지인(a),108619.0,20250406
30140,중구,7,일요일,2,외지인(b),143783.5,20250406
30140,중구,7,일요일,3,외국인(c),476.56999999999994,20250406
30170,서구,7,일요일,1,현지인(a),232183.0,20250406
30170,서구,7,일요일,2,외지인(b),167160.0,20250406
30170,서구,7,일요일,3,외국인(c),858.6400000000002,20250406
30200,유성구,7,일요일,1,현지인(a),218599.5,20250406
30200,유성구,7,일요일,2,외지인(b),189427.0,20250406
30200,유성구,7,일요일,3,외국인(c),1357.6699999999998,20250406
30230,대덕구,7,일요일,1,현지인(a),67140.5,20250406
30230,대덕구,7,일요일,2,외지인(b),82824.0,20250406
30230,대덕구,7,일요일,3,외국인(c),565.5000000000001,20250406
30110,동구,1,월요일,1,현지인(a),89393.5,20250407
30110,동구,1,월요일,2,외지인(b),95627.0,20250407
30110,동구,1,월요일,3,외국인(c),972.38,20250407
30140,중구,1,월요일,1,현지인(a),119087.5,20250407
30140,중구,1,월요일,2,외지인(b),98028.0,20250407
30140,중구,1,월요일,3,외국인(c),486.53,20250407
30170,서구,1,월요일,1,현지인(a),259570.5,20250407
30170,서구,1,월요일,2,외지인(b),129227.0,20250407
30170,서구,1,월요일,3,외국인(c),807.7199999999999,20250407
30200,유성구,1,월요일,1,현지인(a),245934.5,20250407
30200,유성구,1,월요일,2,외지인(b),132930.0,20250407
30200,유성구,1,월요일,3,외국인(c),1535.99,20250407
30230,대덕구,1,월요일,1,현지인(a),76933.5,20250407
30230,대덕구,1,월요일,2,외지인(b),62286.0,20250407
30230,대덕구,1,월요일,3,외국인(c),589.1899999999999,20250407
30110,동구,2,화요일,1,현지인(a),88553.5,20250408
30110,동구,2,화요일,2,외지인(b),97671.0,20250408
30110,동구,2,화요일,3,외국인(c),912.74,20250408
30140,중구,2,화요일,1,현지인(a),118779.5,20250408
30140,중구,2,화요일,2,외지인(b),98689.5,20250408
30140,중구,2,화요일,3,외국인(c),421.30000000000007,20250408
30170,서구,2,화요일,1,현지인(a),260967.0,20250408
30170,서구,2,화요일,2,외지인(b),134106.0,20250408
30170,서구,2,화요일,3,외국인(c),811.2,20250408
30200,유성구,2,화요일,1,현지인(a),248860.5,20250408
30200,유성구,2,화요일,2,외지인(b),137903.5,20250408
30200,유성구,2,화요일,3,외국인(c),1620.6100000000001,20250408
30230,대덕구,2,화요일,1,현지인(a),77217.0,20250408
30230,대덕구,2,화요일,2,외지인(b),65971.5,20250408
30230,대덕구,2,화요일,3,외국인(c),544.7199999999999,20250408
30110,동구,3,수요일,1,현지인(a),88690.0,20250409
30110,동구,3,수요일,2,외지인(b),95637.5,20250409
30110,동구,3,수요일,3,외국인(c),966.5000000000001,20250409
30140,중구,3,수요일,1,현지인(a),118657.0,20250409
30140,중구,3,수요일,2,외지인(b),99407.0,20250409
30140,중구,3,수요일,3,외국인(c),372.42999999999995,20250409
30170,서구,3,수요일,1,현지인(a),261709.0,20250409
30170,서구,3,수요일,2,외지인(b),137126.5,20250409
30170,서구,3,수요일,3,외국인(c),849.6800000000002,20250409
30200,유성구,3,수요일,1,현지인(a),248500.0,20250409
30200,유성구,3,수요일,2,외지인(b),140521.5,20250409
30200,유성구,3,수요일,3,외국인(c),1730.2100000000005,20250409
30230,대덕구,3,수요일,1,현지인(a),76947.5,20250409
30230,대덕구,3,수요일,2,외지인(b),63161.0,20250409
30230,대덕구,3,수요일,3,외국인(c),595.7599999999999,20250409
30110,동구,4,목요일,1,현지인(a),88427.5,20250410
30110,동구,4,목요일,2,외지인(b),99788.5,20250410
30110,동구,4,목요일,3,외국인(c),990.1800000000002,20250410
30140,중구,4,목요일,1,현지인(a),119273.0,20250410
30140,중구,4,목요일,2,외지인(b),102749.5,20250410
30140,중구,4,목요일,3,외국인(c),487.0400000000001,20250410
30170,서구,4,목요일,1,현지인(a),261460.5,20250410
30170,서구,4,목요일,2,외지인(b),140969.5,20250410
30170,서구,4,목요일,3,외국인(c),889.45,20250410
30200,유성구,4,목요일,1,현지인(a),247779.0,20250410
30200,유성구,4,목요일,2,외지인(b),140808.5,20250410
30200,유성구,4,목요일,3,외국인(c),1679.07,20250410
30230,대덕구,4,목요일,1,현지인(a),76972.0,20250410
30230,대덕구,4,목요일,2,외지인(b),64106.0,20250410
30230,대덕구,4,목요일,3,외국인(c),524.6500000000001,20250410
30110,동구,5,금요일,1,현지인(a),92298.5,20250411
30110,동구,5,금요일,2,외지인(b),129496.5,20250411
30110,동구,5,금요일,3,외국인(c),936.0000000000001,20250411
30140,중구,5,금요일,1,현지인(a),125996.5,20250411
30140,중구,5,금요일,2,외지인(b),143269.0,20250411
30140,중구,5,금요일,3,외국인(c),496.84999999999985,20250411
30170,서구,5,금요일,1,현지인(a),274228.5,20250411
30170,서구,5,금요일,2,외지인(b),171192.0,20250411
30170,서구,5,금요일,3,외국인(c),880.33,20250411
30200,유성구,5,금요일,1,현지인(a),257306.0,20250411
30200,유성구,5,금요일,2,외지인(b),168560.0,20250411
30200,유성구,5,금요일,3,외국인(c),1543.4499999999998,20250411
30230,대덕구,5,금요일,1,현지인(a),80181.5,20250411
30230,대덕구,5,금요일,2,외지인(b),77479.5,20250411
30230,대덕구,5,금요일,3,외국인(c),507.92,20250411
30110,동구,6,토요일,1,현지인(a),85988.0,20250412
30110,동구,6,토요일,2,외지인(b),163758.0,20250412
30110,동구,6,토요일,3,외국인(c),987.3000000000001,20250412
30140,중구,6,토요일,1,현지인(a),114289.0,20250412
30140,중구,6,토요일,2,외지인(b),177751.0,20250412
30140,중구,6,토요일,3,외국인(c),470.35,20250412
30170,서구,6,토요일,1,현지인(a),246473.5,20250412
30170,서구,6,토요일,2,외지인(b),226586.5,20250412
30170,서구,6,토요일,3,외국인(c),887.91,20250412
30200,유성구,6,토요일,1,현지인(a),223643.0,20250412
30200,유성구,6,토요일,2,외지인(b),211760.5,20250412
30200,유성구,6,토요일,3,외국인(c),1378.7199999999996,20250412
30230,대덕구,6,토요일,1,현지인(a),71029.0,20250412
30230,대덕구,6,토요일,2,외지인(b),96831.0,20250412
30230,대덕구,6,토요일,3,외국인(c),470.87,20250412
30110,동구,7,일요일,1,현지인(a),80703.0,20250413
30110,동구,7,일요일,2,외지인(b),130557.0,20250413
30110,동구,7,일요일,3,외국인(c),914.4799999999998,20250413
30140,중구,7,일요일,1,현지인(a),108346.0,20250413
30140,중구,7,일요일,2,외지인(b),138271.0,20250413
30140,중구,7,일요일,3,외국인(c),481.30999999999995,20250413
30170,서구,7,일요일,1,현지인(a),233173.5,20250413
30170,서구,7,일요일,2,외지인(b),170404.5,20250413
30170,서구,7,일요일,3,외국인(c),774.1800000000001,20250413
30200,유성구,7,일요일,1,현지인(a),214889.5,20250413
30200,유성구,7,일요일,2,외지인(b),165861.5,20250413
30200,유성구,7,일요일,3,외국인(c),1269.07,20250413
30230,대덕구,7,일요일,1,현지인(a),66202.5,20250413
30230,대덕구,7,일요일,2,외지인(b),77987.0,20250413
30230,대덕구,7,일요일,3,외국인(c),498.55,20250413
30110,동구,1,월요일,1,현지인(a),89743.5,20250414
30110,동구,1,월요일,2,외지인(b),89488.0,20250414
30110,동구,1,월요일,3,외국인(c),855.5999999999998,20250414
30140,중구,1,월요일,1,현지인(a),120207.5,20250414
30140,중구,1,월요일,2,외지인(b),98801.5,20250414
30140,중구,1,월요일,3,외국인(c),458.88000000000005,20250414
30170,서구,1,월요일,1,현지인(a),264355.0,20250414
30170,서구,1,월요일,2,외지인(b),141029.0,20250414
30170,서구,1,월요일,3,외국인(c),781.4099999999999,20250414
30200,유성구,1,월요일,1,현지인(a),249350.5,20250414
30200,유성구,1,월요일,2,외지인(b),133556.5,20250414
30200,유성구,1,월요일,3,외국인(c),1401.0000000000002,20250414
30230,대덕구,1,월요일,1,현지인(a),76856.5,20250414
30230,대덕구,1,월요일,2,외지인(b),62538.0,20250414
30230,대덕구,1,월요일,3,외국인(c),504.64,20250414
30110,동구,2,화요일,1,현지인(a),91574.0,20250415
30110,동구,2,화요일,2,외지인(b),94927.0,20250415
30110,동구,2,화요일,3,외국인(c),960.3799999999998,20250415
30140,중구,2,화요일,1,현지인(a),123056.5,20250415
30140,중구,2,화요일,2,외지인(b),107352.0,20250415
30140,중구,2,화요일,3,외국인(c),456.68999999999994,20250415
30170,서구,2,화요일,1,현지인(a),271351.5,20250415
30170,서구,2,화요일,2,외지인(b),152652.5,20250415
30170,서구,2,화요일,3,외국인(c),937.8100000000001,20250415
30200,유성구,2,화요일,1,현지인(a),256956.0,20250415
30200,유성구,2,화요일,2,외지인(b),145995.5,20250415
30200,유성구,2,화요일,3,외국인(c),1455.67,20250415
30230,대덕구,2,화요일,1,현지인(a),78806.0,20250415
30230,대덕구,2,화요일,2,외지인(b),65632.0,20250415
30230,대덕구,2,화요일,3,외국인(c),628.7999999999998,20250415
30110,동구,3,수요일,1,현지인(a),92011.5,20250416
30110,동구,3,수요일,2,외지인(b),96694.5,20250416
30110,동구,3,수요일,3,외국인(c),1002.2099999999998,20250416
30140,중구,3,수요일,1,현지인(a),123973.5,20250416
30140,중구,3,수요일,2,외지인(b),109553.5,20250416
30140,중구,3,수요일,3,외국인(c),470.06,20250416
30170,서구,3,수요일,1,현지인(a),273770.0,20250416
30170,서구,3,수요일,2,외지인(b),156936.5,20250416
30170,서구,3,수요일,3,외국인(c),808.1200000000001,20250416
30200,유성구,3,수요일,1,현지인(a),258839.0,20250416
30200,유성구,3,수요일,2,외지인(b),151784.5,20250416
30200,유성구,3,수요일,3,외국인(c),1438.8100000000002,20250416
30230,대덕구,3,수요일,1,현지인(a),79716.0,20250416
30230,대덕구,3,수요일,2,외지인(b),68089.0,20250416
30230,대덕구,3,수요일,3,외국인(c),626.54,20250416
30110,동구,4,목요일,1,현지인(a),92606.5,20250417
30110,동구,4,목요일,2,외지인(b),99949.5,20250417
30110,동구,4,목요일,3,외국인(c),1048.22,20250417
30140,중구,4,목요일,1,현지인(a),124260.5,20250417
30140,중구,4,목요일,2,외지인(b),112437.5,20250417
30140,중구,4,목요일,3,외국인(c),505.4,20250417
30170,서구,4,목요일,1,현지인(a),273633.5,20250417
30170,서구,4,목요일,2,외지인(b),160457.5,20250417
30170,서구,4,목요일,3,외국인(c),865.0800000000002,20250417
30200,유성구,4,목요일,1,현지인(a),258174.0,20250417
30200,유성구,4,목요일,2,외지인(b),156457.0,20250417
30200,유성구,4,목요일,3,외국인(c),1552.2400000000002,20250417
30230,대덕구,4,목요일,1,현지인(a),79219.0,20250417
30230,대덕구,4,목요일,2,외지인(b),68876.5,20250417
30230,대덕구,4,목요일,3,외국인(c),556.28,20250417
30110,동구,5,금요일,1,현지인(a),93387.0,20250418
30110,동구,5,금요일,2,외지인(b),121219.0,20250418
30110,동구,5,금요일,3,외국인(c),1096.5000000000002,20250418
30140,중구,5,금요일,1,현지인(a),126486.5,20250418
30140,중구,5,금요일,2,외지인(b),141130.5,20250418
30140,중구,5,금요일,3,외국인(c),523.69,20250418
30170,서구,5,금요일,1,현지인(a),278705.0,20250418
30170,서구,5,금요일,2,외지인(b),183953.0,20250418
30170,서구,5,금요일,3,외국인(c),897.6999999999999,20250418
30200,유성구,5,금요일,1,현지인(a),259332.5,20250418
30200,유성구,5,금요일,2,외지인(b),172553.5,20250418
30200,유성구,5,금요일,3,외국인(c),1547.21,20250418
30230,대덕구,5,금요일,1,현지인(a),81091.5,20250418
30230,대덕구,5,금요일,2,외지인(b),76601.0,20250418
30230,대덕구,5,금요일,3,외국인(c),609.71,20250418
30110,동구,6,토요일,1,현지인(a),85134.0,20250419
30110,동구,6,토요일,2,외지인(b),153065.5,20250419
30110,동구,6,토요일,3,외국인(c),1075.6299999999999,20250419
30140,중구,6,토요일,1,현지인(a),113753.5,20250419
30140,중구,6,토요일,2,외지인(b),175556.5,20250419
30140,중구,6,토요일,3,외국인(c),518.3,20250419
30170,서구,6,토요일,1,현지인(a),249340.0,20250419
30170,서구,6,토요일,2,외지인(b),234258.5,20250419
30170,서구,6,토요일,3,외국인(c),872.71,20250419
30200,유성구,6,토요일,1,현지인(a),225242.5,20250419
30200,유성구,6,토요일,2,외지인(b),217871.5,20250419
30200,유성구,6,토요일,3,외국인(c),1303.7300000000002,20250419
30230,대덕구,6,토요일,1,현지인(a),70910.0,20250419
30230,대덕구,6,토요일,2,외지인(b),93324.0,20250419
30230,대덕구,6,토요일,3,외국인(c),518.1,20250419
30110,동구,7,일요일,1,현지인(a),83615.0,20250420
30110,동구,7,일요일,2,외지인(b),135404.5,20250420
30110,동구,7,일요일,3,외국인(c),1086.9699999999998,20250420
30140,중구,7,일요일,1,현지인(a),111706.0,20250420
30140,중구,7,일요일,2,외지인(b),153296.5,20250420
30140,중구,7,일요일,3,외국인(c),532.9799999999999,20250420
30170,서구,7,일요일,1,현지인(a),242508.0,20250420
30170,서구,7,일요일,2,외지인(b),189213.5,20250420
30170,서구,7,일요일,3,외국인(c),973.62,20250420
30200,유성구,7,일요일,1,현지인(a),223279.0,20250420
30200,유성구,7,일요일,2,외지인(b),184572.5,20250420
30200,유성구,7,일요일,3,외국인(c),1282.5,20250420
30230,대덕구,7,일요일,1,현지인(a),68470.5,20250420
30230,대덕구,7,일요일,2,외지인(b),80783.5,20250420
30230,대덕구,7,일요일,3,외국인(c),525.3000000000001,20250420
30110,동구,1,월요일,1,현지인(a),92029.0,20250421
30110,동구,1,월요일,2,외지인(b),98185.5,20250421
30110,동구,1,월요일,3,외국인(c),1045.9799999999998,20250421
30140,중구,1,월요일,1,현지인(a),123231.5,20250421
30140,중구,1,월요일,2,외지인(b),107478.0,20250421
30140,중구,1,월요일,3,외국인(c),402.96999999999997,20250421
30170,서구,1,월요일,1,현지인(a),270522.0,20250421
30170,서구,1,월요일,2,외지인(b),154560.0,20250421
30170,서구,1,월요일,3,외국인(c),875.22,20250421
30200,유성구,1,월요일,1,현지인(a),256004.0,20250421
30200,유성구,1,월요일,2,외지인(b),146209.0,20250421
30200,유성구,1,월요일,3,외국인(c),1456.1599999999999,20250421
30230,대덕구,1,월요일,1,현지인(a),79124.5,20250421
30230,대덕구,1,월요일,2,외지인(b),68208.0,20250421
30230,대덕구,1,월요일,3,외국인(c),556.4499999999998,20250421
30110,동구,2,화요일,1,현지인(a),88644.5,20250422
30110,동구,2,화요일,2,외지인(b),94657.5,20250422
30110,동구,2,화요일,3,외국인(c),947.8699999999999,20250422
30140,중구,2,화요일,1,현지인(a),120008.0,20250422
30140,중구,2,화요일,2,외지인(b),102672.5,20250422
30140,중구,2,화요일,3,외국인(c),370.36999999999995,20250422
30170,서구,2,화요일,1,현지인(a),263259.5,20250422
30170,서구,2,화요일,2,외지인(b),149670.5,20250422
30170,서구,2,화요일,3,외국인(c),995.42,20250422
30200,유성구,2,화요일,1,현지인(a),250799.5,20250422
30200,유성구,2,화요일,2,외지인(b),142726.5,20250422
30200,유성구,2,화요일,3,외국인(c),1517.7399999999998,20250422
30230,대덕구,2,화요일,1,현지인(a),76748.0,20250422
30230,대덕구,2,화요일,2,외지인(b),64946.0,20250422
30230,대덕구,2,화요일,3,외국인(c),584.38,20250422
30110,동구,3,수요일,1,현지인(a),92011.5,20250423
30110,동구,3,수요일,2,외지인(b),102088.0,20250423
30110,동구,3,수요일,3,외국인(c),828.7299999999999,20250423
30140,중구,3,수요일,1,현지인(a),124012.0,20250423
30140,중구,3,수요일,2,외지인(b),114233.0,20250423
30140,중구,3,수요일,3,외국인(c),392.88,20250423
30170,서구,3,수요일,1,현지인(a),272559.0,20250423
30170,서구,3,수요일,2,외지인(b),163222.5,20250423
30170,서구,3,수요일,3,외국인(c),996.3,20250423
30200,유성구,3,수요일,1,현지인(a),257747.0,20250423
30200,유성구,3,수요일,2,외지인(b),158476.5,20250423
30200,유성구,3,수요일,3,외국인(c),1503.499999999999,20250423
30230,대덕구,3,수요일,1,현지인(a),80202.5,20250423
30230,대덕구,3,수요일,2,외지인(b),70997.5,20250423
30230,대덕구,3,수요일,3,외국인(c),520.05,20250423
30110,동구,4,목요일,1,현지인(a),91189.0,20250424
30110,동구,4,목요일,2,외지인(b),107558.5,20250424
30110,동구,4,목요일,3,외국인(c),952.01,20250424
30140,중구,4,목요일,1,현지인(a),122423.0,20250424
30140,중구,4,목요일,2,외지인(b),118020.0,20250424
30140,중구,4,목요일,3,외국인(c),476.7100000000001,20250424
30170,서구,4,목요일,1,현지인(a),270214.0,20250424
30170,서구,4,목요일,2,외지인(b),165284.0,20250424
30170,서구,4,목요일,3,외국인(c),973.64,20250424
30200,유성구,4,목요일,1,현지인(a),256224.5,20250424
30200,유성구,4,목요일,2,외지인(b),160562.5,20250424
30200,유성구,4,목요일,3,외국인(c),1462.62,20250424
30230,대덕구,4,목요일,1,현지인(a),78872.5,20250424
30230,대덕구,4,목요일,2,외지인(b),72408.0,20250424
30230,대덕구,4,목요일,3,외국인(c),585.5500000000001,20250424
30110,동구,5,금요일,1,현지인(a),92844.5,20250425
30110,동구,5,금요일,2,외지인(b),130361.0,20250425
30110,동구,5,금요일,3,외국인(c),1086.65,20250425
30140,중구,5,금요일,1,현지인(a),126164.5,20250425
30140,중구,5,금요일,2,외지인(b),151686.5,20250425
30140,중구,5,금요일,3,외국인(c),463.8999999999998,20250425
30170,서구,5,금요일,1,현지인(a),275306.5,20250425
30170,서구,5,금요일,2,외지인(b),188569.5,20250425
30170,서구,5,금요일,3,외국인(c),969.2800000000001,20250425
30200,유성구,5,금요일,1,현지인(a),258601.0,20250425
30200,유성구,5,금요일,2,외지인(b),179322.5,20250425
30200,유성구,5,금요일,3,외국인(c),1414.51,20250425
30230,대덕구,5,금요일,1,현지인(a),80167.5,20250425
30230,대덕구,5,금요일,2,외지인(b),81070.5,20250425
30230,대덕구,5,금요일,3,외국인(c),555.96,20250425
30110,동구,6,토요일,1,현지인(a),85221.5,20250426
30110,동구,6,토요일,2,외지인(b),168346.5,20250426
30110,동구,6,토요일,3,외국인(c),1045.8600000000004,20250426
30140,중구,6,토요일,1,현지인(a),115066.0,20250426
30140,중구,6,토요일,2,외지인(b),193956.0,20250426
30140,중구,6,토요일,3,외국인(c),498.6199999999999,20250426
30170,서구,6,토요일,1,현지인(a),249357.5,20250426
30170,서구,6,토요일,2,외지인(b),242126.5,20250426
30170,서구,6,토요일,3,외국인(c),1054.0000000000002,20250426
30200,유성구,6,토요일,1,현지인(a),225725.5,20250426
30200,유성구,6,토요일,2,외지인(b),223608.0,20250426
30200,유성구,6,토요일,3,외국인(c),1363.53,20250426
30230,대덕구,6,토요일,1,현지인(a),71659.0,20250426
30230,대덕구,6,토요일,2,외지인(b),104097.0,20250426
30230,대덕구,6,토요일,3,외국인(c),518.5800000000002,20250426
30110,동구,7,일요일,1,현지인(a),82876.5,20250427
30110,동구,7,일요일,2,외지인(b),141774.5,20250427
30110,동구,7,일요일,3,외국인(c),1099.2,20250427
30140,중구,7,일요일,1,현지인(a),110533.5,20250427
30140,중구,7,일요일,2,외지인(b),155564.5,20250427
30140,중구,7,일요일,3,외국인(c),508.36,20250427
30170,서구,7,일요일,1,현지인(a),240240.0,20250427
30170,서구,7,일요일,2,외지인(b),193511.5,20250427
30170,서구,7,일요일,3,외국인(c),1018.1600000000002,20250427
30200,유성구,7,일요일,1,현지인(a),221980.5,20250427
30200,유성구,7,일요일,2,외지인(b),190764.0,20250427
30200,유성구,7,일요일,3,외국인(c),1505.72,20250427
30230,대덕구,7,일요일,1,현지인(a),67868.5,20250427
30230,대덕구,7,일요일,2,외지인(b),83842.5,20250427
30230,대덕구,7,일요일,3,외국인(c),504.71999999999986,20250427
30110,동구,1,월요일,1,현지인(a),91518.0,20250428
30110,동구,1,월요일,2,외지인(b),103393.5,20250428
30110,동구,1,월요일,3,외국인(c),983.9999999999999,20250428
30140,중구,1,월요일,1,현지인(a),122965.5,20250428
30140,중구,1,월요일,2,외지인(b),116343.5,20250428
30140,중구,1,월요일,3,외국인(c),489.5299999999999,20250428
30170,서구,1,월요일,1,현지인(a),268674.0,20250428
30170,서구,1,월요일,2,외지인(b),164010.0,20250428
30170,서구,1,월요일,3,외국인(c),972.7800000000001,20250428
30200,유성구,1,월요일,1,현지인(a),255153.5,20250428
30200,유성구,1,월요일,2,외지인(b),152708.5,20250428
30200,유성구,1,월요일,3,외국인(c),1469.2199999999998,20250428
30230,대덕구,1,월요일,1,현지인(a),78179.5,20250428
30230,대덕구,1,월요일,2,외지인(b),71781.5,20250428
30230,대덕구,1,월요일,3,외국인(c),512.6200000000001,20250428
30110,동구,2,화요일,1,현지인(a),91091.0,20250429
30110,동구,2,화요일,2,외지인(b),106326.5,20250429
30110,동구,2,화요일,3,외국인(c),921.5799999999998,20250429
30140,중구,2,화요일,1,현지인(a),122713.5,20250429
30140,중구,2,화요일,2,외지인(b),134816.5,20250429
30140,중구,2,화요일,3,외국인(c),477.44,20250429
30170,서구,2,화요일,1,현지인(a),268212.0,20250429
30170,서구,2,화요일,2,외지인(b),167135.5,20250429
30170,서구,2,화요일,3,외국인(c),1026.6100000000004,20250429
30200,유성구,2,화요일,1,현지인(a),256140.5,20250429
30200,유성구,2,화요일,2,외지인(b),164157.0,20250429
30200,유성구,2,화요일,3,외국인(c),1500.0600000000002,20250429
30230,대덕구,2,화요일,1,현지인(a),78662.5,20250429
30230,대덕구,2,화요일,2,외지인(b),72744.0,20250429
30230,대덕구,2,화요일,3,외국인(c),529.3299999999999,20250429
30110,동구,3,수요일,1,현지인(a),92676.5,20250430
30110,동구,3,수요일,2,외지인(b),120225.0,20250430
30110,동구,3,수요일,3,외국인(c),915.9300000000001,20250430
30140,중구,3,수요일,1,현지인(a),124110.0,20250430
30140,중구,3,수요일,2,외지인(b),148925.0,20250430
30140,중구,3,수요일,3,외국인(c),431.16,20250430
30170,서구,3,수요일,1,현지인(a),276017.0,20250430
30170,서구,3,수요일,2,외지인(b),184338.0,20250430
30170,서구,3,수요일,3,외국인(c),829.17,20250430
30200,유성구,3,수요일,1,현지인(a),259633.5,20250430
30200,유성구,3,수요일,2,외지인(b),172529.0,20250430
30200,유성구,3,수요일,3,외국인(c),1431.770000000001,20250430
30230,대덕구,3,수요일,1,현지인(a),80038.0,20250430
30230,대덕구,3,수요일,2,외지인(b),81774.0,20250430
30230,대덕구,3,수요일,3,외국인(c),536.2300000000001,20250430
30110,동구,4,목요일,1,현지인(a),92750.0,20250501
30110,동구,4,목요일,2,외지인(b),113459.5,20250501
30110,동구,4,목요일,3,외국인(c),1057.09,20250501
30140,중구,4,목요일,1,현지인(a),117026.0,20250501
30140,중구,4,목요일,2,외지인(b),137228.0,20250501
30140,중구,4,목요일,3,외국인(c),488.4399999999999,20250501
30170,서구,4,목요일,1,현지인(a),258461.0,20250501
30170,서구,4,목요일,2,외지인(b),171587.5,20250501
30170,서구,4,목요일,3,외국인(c),827.0500000000002,20250501
30200,유성구,4,목요일,1,현지인(a),243127.5,20250501
30200,유성구,4,목요일,2,외지인(b),151245.5,20250501
30200,유성구,4,목요일,3,외국인(c),1398.4099999999999,20250501
30230,대덕구,4,목요일,1,현지인(a),72919.0,20250501
30230,대덕구,4,목요일,2,외지인(b),74042.5,20250501
30230,대덕구,4,목요일,3,외국인(c),514.99,20250501
30110,동구,5,금요일,1,현지인(a),100355.5,20250502
30110,동구,5,금요일,2,외지인(b),132951.0,20250502
30110,동구,5,금요일,3,외국인(c),1030.4999999999998,20250502
30140,중구,5,금요일,1,현지인(a),126437.5,20250502
30140,중구,5,금요일,2,외지인(b),149299.5,20250502
30140,중구,5,금요일,3,외국인(c),575.7399999999998,20250502
30170,서구,5,금요일,1,현지인(a),276167.5,20250502
30170,서구,5,금요일,2,외지인(b),195916.0,20250502
30170,서구,5,금요일,3,외국인(c),909.0499999999998,20250502
30200,유성구,5,금요일,1,현지인(a),257001.5,20250502
30200,유성구,5,금요일,2,외지인(b),178129.0,20250502
30200,유성구,5,금요일,3,외국인(c),1428.2599999999998,20250502
30230,대덕구,5,금요일,1,현지인(a),78655.5,20250502
30230,대덕구,5,금요일,2,외지인(b),80969.0,20250502
30230,대덕구,5,금요일,3,외국인(c),549.2699999999998,20250502
30110,동구,6,토요일,1,현지인(a),85921.5,20250503
30110,동구,6,토요일,2,외지인(b),159407.5,20250503
30110,동구,6,토요일,3,외국인(c),1092.54,20250503
30140,중구,6,토요일,1,현지인(a),110369.0,20250503
30140,중구,6,토요일,2,외지인(b),174272.0,20250503
30140,중구,6,토요일,3,외국인(c),565.2,20250503
30170,서구,6,토요일,1,현지인(a),237013.0,20250503
30170,서구,6,토요일,2,외지인(b),244128.5,20250503
30170,서구,6,토요일,3,외국인(c),1060.25,20250503
30200,유성구,6,토요일,1,현지인(a),213209.5,20250503
30200,유성구,6,토요일,2,외지인(b),236631.5,20250503
30200,유성구,6,토요일,3,외국인(c),1482.9600000000003,20250503
30230,대덕구,6,토요일,1,현지인(a),67364.5,20250503
30230,대덕구,6,토요일,2,외지인(b),107915.5,20250503
30230,대덕구,6,토요일,3,외국인(c),743.69,20250503
30110,동구,7,일요일,1,현지인(a),83072.5,20250504
30110,동구,7,일요일,2,외지인(b),175126.0,20250504
30110,동구,7,일요일,3,외국인(c),1100.3400000000001,20250504
30140,중구,7,일요일,1,현지인(a),106291.5,20250504
30140,중구,7,일요일,2,외지인(b),201526.5,20250504
30140,중구,7,일요일,3,외국인(c),643.2200000000001,20250504
30170,서구,7,일요일,1,현지인(a),224451.5,20250504
30170,서구,7,일요일,2,외지인(b),252185.5,20250504
30170,서구,7,일요일,3,외국인(c),1083.8500000000001,20250504
30200,유성구,7,일요일,1,현지인(a),201817.0,20250504
30200,유성구,7,일요일,2,외지인(b),252829.5,20250504
30200,유성구,7,일요일,3,외국인(c),1401.0800000000004,20250504
30230,대덕구,7,일요일,1,현지인(a),64928.5,20250504
30230,대덕구,7,일요일,2,외지인(b),116630.5,20250504
30230,대덕구,7,일요일,3,외국인(c),569.0100000000001,20250504
30110,동구,1,월요일,1,현지인(a),83342.0,20250505
30110,동구,1,월요일,2,외지인(b),172557.0,20250505
30110,동구,1,월요일,3,외국인(c),1189.1799999999998,20250505
30140,중구,1,월요일,1,현지인(a),106508.5,20250505
30140,중구,1,월요일,2,외지인(b),206808.0,20250505
30140,중구,1,월요일,3,외국인(c),545.96,20250505
30170,서구,1,월요일,1,현지인(a),219775.5,20250505
30170,서구,1,월요일,2,외지인(b),229274.5,20250505
30170,서구,1,월요일,3,외국인(c),1026.5,20250505
30200,유성구,1,월요일,1,현지인(a),199486.0,20250505
30200,유성구,1,월요일,2,외지인(b),229547.5,20250505
30200,유성구,1,월요일,3,외국인(c),1336.3,20250505
30230,대덕구,1,월요일,1,현지인(a),64603.0,20250505
30230,대덕구,1,월요일,2,외지인(b),111709.5,20250505
30230,대덕구,1,월요일,3,외국인(c),521.7,20250505
30110,동구,2,화요일,1,현지인(a),89397.0,20250506
30110,동구,2,화요일,2,외지인(b),143465.0,20250506
30110,동구,2,화요일,3,외국인(c),887.6599999999999,20250506
30140,중구,2,화요일,1,현지인(a),112763.0,20250506
30140,중구,2,화요일,2,외지인(b),161955.5,20250506
30140,중구,2,화요일,3,외국인(c),491.8299999999999,20250506
30170,서구,2,화요일,1,현지인(a),240334.5,20250506
30170,서구,2,화요일,2,외지인(b),188618.5,20250506
30170,서구,2,화요일,3,외국인(c),921.4200000000002,20250506
30200,유성구,2,화요일,1,현지인(a),223545.0,20250506
30200,유성구,2,화요일,2,외지인(b),180313.0,20250506
30200,유성구,2,화요일,3,외국인(c),1255.93,20250506
30230,대덕구,2,화요일,1,현지인(a),70164.5,20250506
30230,대덕구,2,화요일,2,외지인(b),88308.5,20250506
30230,대덕구,2,화요일,3,외국인(c),408.2099999999999,20250506
30110,동구,3,수요일,1,현지인(a),104282.5,20250507
30110,동구,3,수요일,2,외지인(b),103005.0,20250507
30110,동구,3,수요일,3,외국인(c),826.97,20250507
30140,중구,3,수요일,1,현지인(a),127732.5,20250507
30140,중구,3,수요일,2,외지인(b),128450.0,20250507
30140,중구,3,수요일,3,외국인(c),485.6,20250507
30170,서구,3,수요일,1,현지인(a),282303.0,20250507
30170,서구,3,수요일,2,외지인(b),151025.0,20250507
30170,서구,3,수요일,3,외국인(c),892.6199999999999,20250507
30200,유성구,3,수요일,1,현지인(a),271190.5,20250507
30200,유성구,3,수요일,2,외지인(b),141270.5,20250507
30200,유성구,3,수요일,3,외국인(c),1320.2099999999998,20250507
30230,대덕구,3,수요일,1,현지인(a),82257.0,20250507
30230,대덕구,3,수요일,2,외지인(b),67504.5,20250507
30230,대덕구,3,수요일,3,외국인(c),484.7099999999999,20250507
30110,동구,4,목요일,1,현지인(a),104412.0,20250508
30110,동구,4,목요일,2,외지인(b),106050.0,20250508
30110,동구,4,목요일,3,외국인(c),892.5299999999999,20250508
30140,중구,4,목요일,1,현지인(a),128376.5,20250508
30140,중구,4,목요일,2,외지인(b),123935.0,20250508
30140,중구,4,목요일,3,외국인(c),483.0,20250508
30170,서구,4,목요일,1,현지인(a),283356.5,20250508
30170,서구,4,목요일,2,외지인(b),162235.5,20250508
30170,서구,4,목요일,3,외국인(c),952.8999999999999,20250508
30200,유성구,4,목요일,1,현지인(a),272839.0,20250508
30200,유성구,4,목요일,2,외지인(b),157451.0,20250508
30200,유성구,4,목요일,3,외국인(c),1344.16,20250508
30230,대덕구,4,목요일,1,현지인(a),82768.0,20250508
30230,대덕구,4,목요일,2,외지인(b),74788.0,20250508
30230,대덕구,4,목요일,3,외국인(c),455.99999999999994,20250508
30110,동구,5,금요일,1,현지인(a),100975.0,20250509
30110,동구,5,금요일,2,외지인(b),113491.0,20250509
30110,동구,5,금요일,3,외국인(c),874.04,20250509
30140,중구,5,금요일,1,현지인(a),125650.0,20250509
30140,중구,5,금요일,2,외지인(b),125184.5,20250509
30140,중구,5,금요일,3,외국인(c),488.12999999999994,20250509
30170,서구,5,금요일,1,현지인(a),278050.5,20250509
30170,서구,5,금요일,2,외지인(b),175115.5,20250509
30170,서구,5,금요일,3,외국인(c),893.0899999999999,20250509
30200,유성구,5,금요일,1,현지인(a),265541.5,20250509
30200,유성구,5,금요일,2,외지인(b),161143.5,20250509
30200,유성구,5,금요일,3,외국인(c),1320.58,20250509
30230,대덕구,5,금요일,1,현지인(a),80405.5,20250509
30230,대덕구,5,금요일,2,외지인(b),71389.5,20250509
30230,대덕구,5,금요일,3,외국인(c),519.5099999999999,20250509
30110,동구,6,토요일,1,현지인(a),89680.5,20250510
30110,동구,6,토요일,2,외지인(b),149982.0,20250510
30110,동구,6,토요일,3,외국인(c),845.4499999999998,20250510
30140,중구,6,토요일,1,현지인(a),113774.5,20250510
30140,중구,6,토요일,2,외지인(b),162774.5,20250510
30140,중구,6,토요일,3,외국인(c),453.8599999999999,20250510
30170,서구,6,토요일,1,현지인(a),248195.5,20250510
30170,서구,6,토요일,2,외지인(b),234174.5,20250510
30170,서구,6,토요일,3,외국인(c),885.7399999999999,20250510
30200,유성구,6,토요일,1,현지인(a),229050.5,20250510
30200,유성구,6,토요일,2,외지인(b),226478.0,20250510
30200,유성구,6,토요일,3,외국인(c),1256.4899999999998,20250510
30230,대덕구,6,토요일,1,현지인(a),70217.0,20250510
30230,대덕구,6,토요일,2,외지인(b),92001.0,20250510
30230,대덕구,6,토요일,3,외국인(c),368.5399999999999,20250510
30110,동구,7,일요일,1,현지인(a),90891.5,20250511
30110,동구,7,일요일,2,외지인(b),137564.0,20250511
30110,동구,7,일요일,3,외국인(c),857.8299999999999,20250511
30140,중구,7,일요일,1,현지인(a),113099.0,20250511
30140,중구,7,일요일,2,외지인(b),143829.0,20250511
30140,중구,7,일요일,3,외국인(c),462.74999999999983,20250511
30170,서구,7,일요일,1,현지인(a),247716.0,20250511
30170,서구,7,일요일,2,외지인(b),199969.0,20250511
30170,서구,7,일요일,3,외국인(c),865.61,20250511
30200,유성구,7,일요일,1,현지인(a),232606.5,20250511
30200,유성구,7,일요일,2,외지인(b),194593.0,20250511
30200,유성구,7,일요일,3,외국인(c),1283.6599999999996,20250511
30230,대덕구,7,일요일,1,현지인(a),69646.5,20250511
30230,대덕구,7,일요일,2,외지인(b),87216.5,20250511
30230,대덕구,7,일요일,3,외국인(c),434.90000000000003,20250511
30110,동구,1,월요일,1,현지인(a),103082.0,20250512
30110,동구,1,월요일,2,외지인(b),100285.5,20250512
30110,동구,1,월요일,3,외국인(c),892.9299999999998,20250512
30140,중구,1,월요일,1,현지인(a),126500.5,20250512
30140,중구,1,월요일,2,외지인(b),119010.5,20250512
30140,중구,1,월요일,3,외국인(c),440.31999999999994,20250512
30170,서구,1,월요일,1,현지인(a),280360.5,20250512
30170,서구,1,월요일,2,외지인(b),159386.5,20250512
30170,서구,1,월요일,3,외국인(c),993.0699999999999,20250512
30200,유성구,1,월요일,1,현지인(a),269244.5,20250512
30200,유성구,1,월요일,2,외지인(b),150563.0,20250512
30200,유성구,1,월요일,3,외국인(c),1578.75,20250512
30230,대덕구,1,월요일,1,현지인(a),81914.0,20250512
30230,대덕구,1,월요일,2,외지인(b),70927.5,20250512
30230,대덕구,1,월요일,3,외국인(c),551.3100000000001,20250512
30110,동구,2,화요일,1,현지인(a),103509.0,20250513
30110,동구,2,화요일,2,외지인(b),102238.5,20250513
30110,동구,2,화요일,3,외국인(c),846.8299999999999,20250513
30140,중구,2,화요일,1,현지인(a),126325.5,20250513
30140,중구,2,화요일,2,외지인(b),131981.5,20250513
30140,중구,2,화요일,3,외국인(c),425.61999999999995,20250513
30170,서구,2,화요일,1,현지인(a),279842.5,20250513
30170,서구,2,화요일,2,외지인(b),159859.0,20250513
30170,서구,2,화요일,3,외국인(c),909.7,20250513
30200,유성구,2,화요일,1,현지인(a),270910.5,20250513
30200,유성구,2,화요일,2,외지인(b),157283.0,20250513
30200,유성구,2,화요일,3,외국인(c),1594.25,20250513
30230,대덕구,2,화요일,1,현지인(a),81525.5,20250513
30230,대덕구,2,화요일,2,외지인(b),71536.5,20250513
30230,대덕구,2,화요일,3,외국인(c),561.79,20250513
30110,동구,3,수요일,1,현지인(a),103222.0,20250514
30110,동구,3,수요일,2,외지인(b),106879.5,20250514
30110,동구,3,수요일,3,외국인(c),818.0299999999999,20250514
30140,중구,3,수요일,1,현지인(a),127557.5,20250514
30140,중구,3,수요일,2,외지인(b),135537.5,20250514
30140,중구,3,수요일,3,외국인(c),486.3599999999999,20250514
30170,서구,3,수요일,1,현지인(a),282453.5,20250514
30170,서구,3,수요일,2,외지인(b),168819.0,20250514
30170,서구,3,수요일,3,외국인(c),915.1699999999998,20250514
30200,유성구,3,수요일,1,현지인(a),271894.0,20250514
30200,유성구,3,수요일,2,외지인(b),168150.5,20250514
30200,유성구,3,수요일,3,외국인(c),1588.8600000000001,20250514
30230,대덕구,3,수요일,1,현지인(a),81826.5,20250514
30230,대덕구,3,수요일,2,외지인(b),72075.5,20250514
30230,대덕구,3,수요일,3,외국인(c),534.7699999999999,20250514
30110,동구,4,목요일,1,현지인(a),101409.0,20250515
30110,동구,4,목요일,2,외지인(b),110033.0,20250515
30110,동구,4,목요일,3,외국인(c),887.1700000000001,20250515
30140,중구,4,목요일,1,현지인(a),126780.5,20250515
30140,중구,4,목요일,2,외지인(b),137816.0,20250515
30140,중구,4,목요일,3,외국인(c),550.7800000000003,20250515
30170,서구,4,목요일,1,현지인(a),276888.5,20250515
30170,서구,4,목요일,2,외지인(b),167286.0,20250515
30170,서구,4,목요일,3,외국인(c),914.73,20250515
30200,유성구,4,목요일,1,현지인(a),269244.5,20250515
30200,유성구,4,목요일,2,외지인(b),164101.0,20250515
30200,유성구,4,목요일,3,외국인(c),1614.4299999999998,20250515
30230,대덕구,4,목요일,1,현지인(a),81266.5,20250515
30230,대덕구,4,목요일,2,외지인(b),73801.0,20250515
30230,대덕구,4,목요일,3,외국인(c),535.1899999999999,20250515
30110,동구,5,금요일,1,현지인(a),100306.5,20250516
30110,동구,5,금요일,2,외지인(b),125856.5,20250516
30110,동구,5,금요일,3,외국인(c),909.62,20250516
30140,중구,5,금요일,1,현지인(a),127078.0,20250516
30140,중구,5,금요일,2,외지인(b),141200.5,20250516
30140,중구,5,금요일,3,외국인(c),488.9000000000001,20250516
30170,서구,5,금요일,1,현지인(a),277648.0,20250516
30170,서구,5,금요일,2,외지인(b),185790.5,20250516
30170,서구,5,금요일,3,외국인(c),863.8799999999999,20250516
30200,유성구,5,금요일,1,현지인(a),265223.0,20250516
30200,유성구,5,금요일,2,외지인(b),174618.5,20250516
30200,유성구,5,금요일,3,외국인(c),1513.2700000000002,20250516
30230,대덕구,5,금요일,1,현지인(a),81340.0,20250516
30230,대덕구,5,금요일,2,외지인(b),79964.5,20250516
30230,대덕구,5,금요일,3,외국인(c),536.74,20250516
30110,동구,6,토요일,1,현지인(a),91626.5,20250517
30110,동구,6,토요일,2,외지인(b),172844.0,20250517
30110,동구,6,토요일,3,외국인(c),974.6100000000001,20250517
30140,중구,6,토요일,1,현지인(a),118083.0,20250517
30140,중구,6,토요일,2,외지인(b),210973.0,20250517
30140,중구,6,토요일,3,외국인(c),533.21,20250517
30170,서구,6,토요일,1,현지인(a),254716.0,20250517
30170,서구,6,토요일,2,외지인(b),259896.0,20250517
30170,서구,6,토요일,3,외국인(c),932.6199999999999,20250517
30200,유성구,6,토요일,1,현지인(a),231532.0,20250517
30200,유성구,6,토요일,2,외지인(b),238266.0,20250517
30200,유성구,6,토요일,3,외국인(c),1304.31,20250517
30230,대덕구,6,토요일,1,현지인(a),72642.5,20250517
30230,대덕구,6,토요일,2,외지인(b),104254.5,20250517
30230,대덕구,6,토요일,3,외국인(c),399.54999999999995,20250517
30110,동구,7,일요일,1,현지인(a),90559.0,20250518
30110,동구,7,일요일,2,외지인(b),146006.0,20250518
30110,동구,7,일요일,3,외국인(c),903.27,20250518
30140,중구,7,일요일,1,현지인(a),114632.0,20250518
30140,중구,7,일요일,2,외지인(b),170933.0,20250518
30140,중구,7,일요일,3,외국인(c),547.6099999999999,20250518
30170,서구,7,일요일,1,현지인(a),248314.5,20250518
30170,서구,7,일요일,2,외지인(b),213479.0,20250518
30170,서구,7,일요일,3,외국인(c),896.4100000000001,20250518
30200,유성구,7,일요일,1,현지인(a),230863.5,20250518
30200,유성구,7,일요일,2,외지인(b),201897.5,20250518
30200,유성구,7,일요일,3,외국인(c),1237.1899999999996,20250518
30230,대덕구,7,일요일,1,현지인(a),70161.0,20250518
30230,대덕구,7,일요일,2,외지인(b),90909.0,20250518
30230,대덕구,7,일요일,3,외국인(c),433.75999999999993,20250518
30110,동구,1,월요일,1,현지인(a),102571.0,20250519
30110,동구,1,월요일,2,외지인(b),104671.0,20250519
30110,동구,1,월요일,3,외국인(c),844.5200000000001,20250519
30140,중구,1,월요일,1,현지인(a),126406.0,20250519
30140,중구,1,월요일,2,외지인(b),119385.0,20250519
30140,중구,1,월요일,3,외국인(c),446.6,20250519
30170,서구,1,월요일,1,현지인(a),277294.5,20250519
30170,서구,1,월요일,2,외지인(b),158165.0,20250519
30170,서구,1,월요일,3,외국인(c),837.1099999999999,20250519
30200,유성구,1,월요일,1,현지인(a),266147.0,20250519
30200,유성구,1,월요일,2,외지인(b),155631.0,20250519
30200,유성구,1,월요일,3,외국인(c),1393.7800000000002,20250519
30230,대덕구,1,월요일,1,현지인(a),81151.0,20250519
30230,대덕구,1,월요일,2,외지인(b),75596.5,20250519
30230,대덕구,1,월요일,3,외국인(c),525.1699999999998,20250519
30110,동구,2,화요일,1,현지인(a),103694.5,20250520
30110,동구,2,화요일,2,외지인(b),107579.5,20250520
30110,동구,2,화요일,3,외국인(c),834.94,20250520
30140,중구,2,화요일,1,현지인(a),125394.5,20250520
30140,중구,2,화요일,2,외지인(b),122167.5,20250520
30140,중구,2,화요일,3,외국인(c),481.83000000000004,20250520
30170,서구,2,화요일,1,현지인(a),278750.5,20250520
30170,서구,2,화요일,2,외지인(b),168175.0,20250520
30170,서구,2,화요일,3,외국인(c),853.8199999999998,20250520
30200,유성구,2,화요일,1,현지인(a),267186.5,20250520
30200,유성구,2,화요일,2,외지인(b),159978.0,20250520
30200,유성구,2,화요일,3,외국인(c),1401.7500000000002,20250520
30230,대덕구,2,화요일,1,현지인(a),81420.5,20250520
30230,대덕구,2,화요일,2,외지인(b),77507.5,20250520
30230,대덕구,2,화요일,3,외국인(c),585.1199999999999,20250520
30110,동구,3,수요일,1,현지인(a),104650.0,20250521
30110,동구,3,수요일,2,외지인(b),102672.5,20250521
30110,동구,3,수요일,3,외국인(c),879.6699999999998,20250521
30140,중구,3,수요일,1,현지인(a),128656.5,20250521
30140,중구,3,수요일,2,외지인(b),119066.5,20250521
30140,중구,3,수요일,3,외국인(c),413.3599999999999,20250521
30170,서구,3,수요일,1,현지인(a),285642.0,20250521
30170,서구,3,수요일,2,외지인(b),173029.5,20250521
30170,서구,3,수요일,3,외국인(c),818.9899999999999,20250521
30200,유성구,3,수요일,1,현지인(a),272111.0,20250521
30200,유성구,3,수요일,2,외지인(b),163366.0,20250521
30200,유성구,3,수요일,3,외국인(c),1458.1199999999994,20250521
30230,대덕구,3,수요일,1,현지인(a),84416.5,20250521
30230,대덕구,3,수요일,2,외지인(b),77486.5,20250521
30230,대덕구,3,수요일,3,외국인(c),561.7799999999999,20250521
30110,동구,4,목요일,1,현지인(a),102452.0,20250522
30110,동구,4,목요일,2,외지인(b),106540.0,20250522
30110,동구,4,목요일,3,외국인(c),797.7100000000002,20250522
30140,중구,4,목요일,1,현지인(a),127606.5,20250522
30140,중구,4,목요일,2,외지인(b),122909.5,20250522
30140,중구,4,목요일,3,외국인(c),412.0899999999999,20250522
30170,서구,4,목요일,1,현지인(a),282943.5,20250522
30170,서구,4,목요일,2,외지인(b),171759.0,20250522
30170,서구,4,목요일,3,외국인(c),828.4900000000001,20250522
30200,유성구,4,목요일,1,현지인(a),267977.5,20250522
30200,유성구,4,목요일,2,외지인(b),169466.5,20250522
30200,유성구,4,목요일,3,외국인(c),1391.1099999999997,20250522
30230,대덕구,4,목요일,1,현지인(a),83146.0,20250522
30230,대덕구,4,목요일,2,외지인(b),76268.5,20250522
30230,대덕구,4,목요일,3,외국인(c),508.96000000000004,20250522
30110,동구,5,금요일,1,현지인(a),103057.5,20250523
30110,동구,5,금요일,2,외지인(b),132744.5,20250523
30110,동구,5,금요일,3,외국인(c),861.6899999999999,20250523
30140,중구,5,금요일,1,현지인(a),131323.5,20250523
30140,중구,5,금요일,2,외지인(b),159082.0,20250523
30140,중구,5,금요일,3,외국인(c),556.7499999999999,20250523
30170,서구,5,금요일,1,현지인(a),286510.0,20250523
30170,서구,5,금요일,2,외지인(b),199213.0,20250523
30170,서구,5,금요일,3,외국인(c),934.4,20250523
30200,유성구,5,금요일,1,현지인(a),269570.0,20250523
30200,유성구,5,금요일,2,외지인(b),189392.0,20250523
30200,유성구,5,금요일,3,외국인(c),1396.9499999999996,20250523
30230,대덕구,5,금요일,1,현지인(a),84126.0,20250523
30230,대덕구,5,금요일,2,외지인(b),84448.0,20250523
30230,대덕구,5,금요일,3,외국인(c),559.1299999999998,20250523
30110,동구,6,토요일,1,현지인(a),92120.0,20250524
30110,동구,6,토요일,2,외지인(b),171881.5,20250524
30110,동구,6,토요일,3,외국인(c),849.2599999999999,20250524
30140,중구,6,토요일,1,현지인(a),117838.0,20250524
30140,중구,6,토요일,2,외지인(b),202569.5,20250524
30140,중구,6,토요일,3,외국인(c),543.63,20250524
30170,서구,6,토요일,1,현지인(a),254940.0,20250524
30170,서구,6,토요일,2,외지인(b),260592.5,20250524
30170,서구,6,토요일,3,외국인(c),886.56,20250524
30200,유성구,6,토요일,1,현지인(a),232879.5,20250524
30200,유성구,6,토요일,2,외지인(b),252553.0,20250524
30200,유성구,6,토요일,3,외국인(c),1297.4099999999999,20250524
30230,대덕구,6,토요일,1,현지인(a),73706.5,20250524
30230,대덕구,6,토요일,2,외지인(b),108955.0,20250524
30230,대덕구,6,토요일,3,외국인(c),469.40000000000015,20250524
30110,동구,7,일요일,1,현지인(a),92554.0,20250525
30110,동구,7,일요일,2,외지인(b),156023.0,20250525
30110,동구,7,일요일,3,외국인(c),922.9599999999999,20250525
30140,중구,7,일요일,1,현지인(a),116046.0,20250525
30140,중구,7,일요일,2,외지인(b),173313.0,20250525
30140,중구,7,일요일,3,외국인(c),533.99,20250525
30170,서구,7,일요일,1,현지인(a),251114.5,20250525
30170,서구,7,일요일,2,외지인(b),218925.0,20250525
30170,서구,7,일요일,3,외국인(c),1045.58,20250525
30200,유성구,7,일요일,1,현지인(a),233418.5,20250525
30200,유성구,7,일요일,2,외지인(b),213787.0,20250525
30200,유성구,7,일요일,3,외국인(c),1491.6499999999996,20250525
30230,대덕구,7,일요일,1,현지인(a),71956.5,20250525
30230,대덕구,7,일요일,2,외지인(b),93429.0,20250525
30230,대덕구,7,일요일,3,외국인(c),457.86,20250525
30110,동구,1,월요일,1,현지인(a),103960.5,20250526
30110,동구,1,월요일,2,외지인(b),109854.5,20250526
30110,동구,1,월요일,3,외국인(c),741.44,20250526
30140,중구,1,월요일,1,현지인(a),128695.0,20250526
30140,중구,1,월요일,2,외지인(b),122206.0,20250526
30140,중구,1,월요일,3,외국인(c),398.09999999999997,20250526
30170,서구,1,월요일,1,현지인(a),281634.5,20250526
30170,서구,1,월요일,2,외지인(b),171150.0,20250526
30170,서구,1,월요일,3,외국인(c),1124.7499999999998,20250526
30200,유성구,1,월요일,1,현지인(a),270399.5,20250526
30200,유성구,1,월요일,2,외지인(b),161476.0,20250526
30200,유성구,1,월요일,3,외국인(c),1634.8399999999997,20250526
30230,대덕구,1,월요일,1,현지인(a),82628.0,20250526
30230,대덕구,1,월요일,2,외지인(b),75022.5,20250526
30230,대덕구,1,월요일,3,외국인(c),569.9200000000002,20250526
30110,동구,2,화요일,1,현지인(a),103512.5,20250527
30110,동구,2,화요일,2,외지인(b),107261.0,20250527
30110,동구,2,화요일,3,외국인(c),795.9000000000001,20250527
30140,중구,2,화요일,1,현지인(a),128943.5,20250527
30140,중구,2,화요일,2,외지인(b),124285.0,20250527
30140,중구,2,화요일,3,외국인(c),550.9200000000001,20250527
30170,서구,2,화요일,1,현지인(a),283591.0,20250527
30170,서구,2,화요일,2,외지인(b),173001.5,20250527
30170,서구,2,화요일,3,외국인(c),1221.0399999999997,20250527
30200,유성구,2,화요일,1,현지인(a),270952.5,20250527
30200,유성구,2,화요일,2,외지인(b),171150.0,20250527
30200,유성구,2,화요일,3,외국인(c),1891.0200000000002,20250527
30230,대덕구,2,화요일,1,현지인(a),84119.0,20250527
30230,대덕구,2,화요일,2,외지인(b),77889.0,20250527
30230,대덕구,2,화요일,3,외국인(c),553.9799999999998,20250527
30110,동구,3,수요일,1,현지인(a),104216.0,20250528
30110,동구,3,수요일,2,외지인(b),107922.5,20250528
30110,동구,3,수요일,3,외국인(c),850.0200000000001,20250528
30140,중구,3,수요일,1,현지인(a),129769.5,20250528
30140,중구,3,수요일,2,외지인(b),125142.5,20250528
30140,중구,3,수요일,3,외국인(c),442.53999999999996,20250528
30170,서구,3,수요일,1,현지인(a),285474.0,20250528
30170,서구,3,수요일,2,외지인(b),178703.0,20250528
30170,서구,3,수요일,3,외국인(c),1184.7199999999998,20250528
30200,유성구,3,수요일,1,현지인(a),272300.0,20250528
30200,유성구,3,수요일,2,외지인(b),171437.0,20250528
30200,유성구,3,수요일,3,외국인(c),1787.6399999999996,20250528
30230,대덕구,3,수요일,1,현지인(a),84623.0,20250528
30230,대덕구,3,수요일,2,외지인(b),79040.5,20250528
30230,대덕구,3,수요일,3,외국인(c),577.7,20250528
30110,동구,4,목요일,1,현지인(a),103418.0,20250529
30110,동구,4,목요일,2,외지인(b),110747.0,20250529
30110,동구,4,목요일,3,외국인(c),817.04,20250529
30140,중구,4,목요일,1,현지인(a),128635.5,20250529
30140,중구,4,목요일,2,외지인(b),127015.0,20250529
30140,중구,4,목요일,3,외국인(c),502.92,20250529
30170,서구,4,목요일,1,현지인(a),284186.0,20250529
30170,서구,4,목요일,2,외지인(b),177618.0,20250529
30170,서구,4,목요일,3,외국인(c),1146.4799999999998,20250529
30200,유성구,4,목요일,1,현지인(a),272160.0,20250529
30200,유성구,4,목요일,2,외지인(b),174391.0,20250529
30200,유성구,4,목요일,3,외국인(c),1771.99,20250529
30230,대덕구,4,목요일,1,현지인(a),83919.5,20250529
30230,대덕구,4,목요일,2,외지인(b),78830.5,20250529
30230,대덕구,4,목요일,3,외국인(c),505.9099999999999,20250529
30110,동구,5,금요일,1,현지인(a),102840.5,20250530
30110,동구,5,금요일,2,외지인(b),129878.0,20250530
30110,동구,5,금요일,3,외국인(c),829.3700000000001,20250530
30140,중구,5,금요일,1,현지인(a),130830.0,20250530
30140,중구,5,금요일,2,외지인(b),142303.0,20250530
30140,중구,5,금요일,3,외국인(c),471.72,20250530
30170,서구,5,금요일,1,현지인(a),289016.0,20250530
30170,서구,5,금요일,2,외지인(b),202793.5,20250530
30170,서구,5,금요일,3,외국인(c),1119.6399999999994,20250530
30200,유성구,5,금요일,1,현지인(a),272503.0,20250530
30200,유성구,5,금요일,2,외지인(b),191058.0,20250530
30200,유성구,5,금요일,3,외국인(c),1645.4199999999998,20250530
30230,대덕구,5,금요일,1,현지인(a),85494.5,20250530
30230,대덕구,5,금요일,2,외지인(b),87034.5,20250530
30230,대덕구,5,금요일,3,외국인(c),450.3499999999998,20250530
30110,동구,6,토요일,1,현지인(a),93887.5,20250531
30110,동구,6,토요일,2,외지인(b),164290.0,20250531
30110,동구,6,토요일,3,외국인(c),846.2599999999999,20250531
30140,중구,6,토요일,1,현지인(a),119346.5,20250531
30140,중구,6,토요일,2,외지인(b),185654.0,20250531
30140,중구,6,토요일,3,외국인(c),513.6799999999998,20250531
30170,서구,6,토요일,1,현지인(a),260228.5,20250531
30170,서구,6,토요일,2,외지인(b),270928.0,20250531
30170,서구,6,토요일,3,외국인(c),1104.36,20250531
30200,유성구,6,토요일,1,현지인(a),235375.0,20250531
30200,유성구,6,토요일,2,외지인(b),263308.5,20250531
30200,유성구,6,토요일,3,외국인(c),1435.99,20250531
30230,대덕구,6,토요일,1,현지인(a),74994.5,20250531
30230,대덕구,6,토요일,2,외지인(b),105147.0,20250531
30230,대덕구,6,토요일,3,외국인(c),418.67,20250531
30110,동구,7,일요일,1,현지인(a),92732.5,20250601
30110,동구,7,일요일,2,외지인(b),124600.0,20250601
30110,동구,7,일요일,3,외국인(c),824.3300000000003,20250601
30140,중구,7,일요일,1,현지인(a),118282.5,20250601
30140,중구,7,일요일,2,외지인(b),134190.0,20250601
30140,중구,7,일요일,3,외국인(c),496.58,20250601
30170,서구,7,일요일,1,현지인(a),255867.5,20250601
30170,서구,7,일요일,2,외지인(b),181863.5,20250601
30170,서구,7,일요일,3,외국인(c),797.2799999999999,20250601
30200,유성구,7,일요일,1,현지인(a),237125.0,20250601
30200,유성구,7,일요일,2,외지인(b),182707.0,20250601
30200,유성구,7,일요일,3,외국인(c),1217.2400000000002,20250601
30230,대덕구,7,일요일,1,현지인(a),73101.0,20250601
30230,대덕구,7,일요일,2,외지인(b),73423.0,20250601
30230,대덕구,7,일요일,3,외국인(c),383.53,20250601
30110,동구,1,월요일,1,현지인(a),104545.0,20250602
30110,동구,1,월요일,2,외지인(b),95798.5,20250602
30110,동구,1,월요일,3,외국인(c),815.23,20250602
30140,중구,1,월요일,1,현지인(a),133728.0,20250602
30140,중구,1,월요일,2,외지인(b),112164.5,20250602
30140,중구,1,월요일,3,외국인(c),525.19,20250602
30170,서구,1,월요일,1,현지인(a),293041.0,20250602
30170,서구,1,월요일,2,외지인(b),149768.5,20250602
30170,서구,1,월요일,3,외국인(c),813.26,20250602
30200,유성구,1,월요일,1,현지인(a),279149.5,20250602
30200,유성구,1,월요일,2,외지인(b),141984.5,20250602
30200,유성구,1,월요일,3,외국인(c),1302.7100000000003,20250602
30230,대덕구,1,월요일,1,현지인(a),85225.0,20250602
30230,대덕구,1,월요일,2,외지인(b),64620.5,20250602
30230,대덕구,1,월요일,3,외국인(c),408.58000000000004,20250602
30110,동구,2,화요일,1,현지인(a),97314.0,20250603
30110,동구,2,화요일,2,외지인(b),112427.0,20250603
30110,동구,2,화요일,3,외국인(c),760.5600000000001,20250603
30140,중구,2,화요일,1,현지인(a),124694.5,20250603
30140,중구,2,화요일,2,외지인(b),142933.0,20250603
30140,중구,2,화요일,3,외국인(c),412.9400000000001,20250603
30170,서구,2,화요일,1,현지인(a),270231.5,20250603
30170,서구,2,화요일,2,외지인(b),168304.5,20250603
30170,서구,2,화요일,3,외국인(c),811.9200000000002,20250603
30200,유성구,2,화요일,1,현지인(a),253340.5,20250603
30200,유성구,2,화요일,2,외지인(b),162501.5,20250603
30200,유성구,2,화요일,3,외국인(c),1234.09,20250603
30230,대덕구,2,화요일,1,현지인(a),79033.5,20250603
30230,대덕구,2,화요일,2,외지인(b),72737.0,20250603
30230,대덕구,2,화요일,3,외국인(c),364.06000000000006,20250603
30110,동구,3,수요일,1,현지인(a),105728.0,20250604
30110,동구,3,수요일,2,외지인(b),91248.5,20250604
30110,동구,3,수요일,3,외국인(c),654.54,20250604
30140,중구,3,수요일,1,현지인(a),134211.0,20250604
30140,중구,3,수요일,2,외지인(b),117523.0,20250604
30140,중구,3,수요일,3,외국인(c),451.65999999999997,20250604
30170,서구,3,수요일,1,현지인(a),293650.0,20250604
30170,서구,3,수요일,2,외지인(b),142268.0,20250604
30170,서구,3,수요일,3,외국인(c),845.81,20250604
30200,유성구,3,수요일,1,현지인(a),282674.0,20250604
30200,유성구,3,수요일,2,외지인(b),141697.5,20250604
30200,유성구,3,수요일,3,외국인(c),1260.8799999999999,20250604
30230,대덕구,3,수요일,1,현지인(a),86551.5,20250604
30230,대덕구,3,수요일,2,외지인(b),64081.5,20250604
30230,대덕구,3,수요일,3,외국인(c),441.69,20250604
30110,동구,4,목요일,1,현지인(a),106529.5,20250605
30110,동구,4,목요일,2,외지인(b),115475.5,20250605
30110,동구,4,목요일,3,외국인(c),741.62,20250605
30140,중구,4,목요일,1,현지인(a),135635.5,20250605
30140,중구,4,목요일,2,외지인(b),139559.0,20250605
30140,중구,4,목요일,3,외국인(c),485.8899999999999,20250605
30170,서구,4,목요일,1,현지인(a),296215.5,20250605
30170,서구,4,목요일,2,외지인(b),163901.5,20250605
30170,서구,4,목요일,3,외국인(c),841.88,20250605
30200,유성구,4,목요일,1,현지인(a),283083.5,20250605
30200,유성구,4,목요일,2,외지인(b),161525.0,20250605
30200,유성구,4,목요일,3,외국인(c),1196.2400000000002,20250605
30230,대덕구,4,목요일,1,현지인(a),86852.5,20250605
30230,대덕구,4,목요일,2,외지인(b),74350.5,20250605
30230,대덕구,4,목요일,3,외국인(c),408.0400000000001,20250605
30110,동구,5,금요일,1,현지인(a),91626.5,20250606
30110,동구,5,금요일,2,외지인(b),146625.5,20250606
30110,동구,5,금요일,3,외국인(c),789.5500000000002,20250606
30140,중구,5,금요일,1,현지인(a),117995.5,20250606
30140,중구,5,금요일,2,외지인(b),163163.0,20250606
30140,중구,5,금요일,3,외국인(c),578.8000000000001,20250606
30170,서구,5,금요일,1,현지인(a),252591.5,20250606
30170,서구,5,금요일,2,외지인(b),203493.5,20250606
30170,서구,5,금요일,3,외국인(c),852.3499999999999,20250606
30200,유성구,5,금요일,1,현지인(a),233369.5,20250606
30200,유성구,5,금요일,2,외지인(b),221399.5,20250606
30200,유성구,5,금요일,3,외국인(c),1063.48,20250606
30230,대덕구,5,금요일,1,현지인(a),74151.0,20250606
30230,대덕구,5,금요일,2,외지인(b),91665.0,20250606
30230,대덕구,5,금요일,3,외국인(c),521.91,20250606
30110,동구,6,토요일,1,현지인(a),90377.0,20250607
30110,동구,6,토요일,2,외지인(b),154682.5,20250607
30110,동구,6,토요일,3,외국인(c),778.1000000000001,20250607
30140,중구,6,토요일,1,현지인(a),117250.0,20250607
30140,중구,6,토요일,2,외지인(b),171101.0,20250607
30140,중구,6,토요일,3,외국인(c),475.5,20250607
30170,서구,6,토요일,1,현지인(a),252423.5,20250607
30170,서구,6,토요일,2,외지인(b),224833.0,20250607
30170,서구,6,토요일,3,외국인(c),768.7399999999999,20250607
30200,유성구,6,토요일,1,현지인(a),228648.0,20250607
30200,유성구,6,토요일,2,외지인(b),217738.5,20250607
30200,유성구,6,토요일,3,외국인(c),1054.5399999999997,20250607
30230,대덕구,6,토요일,1,현지인(a),72383.5,20250607
30230,대덕구,6,토요일,2,외지인(b),90611.5,20250607
30230,대덕구,6,토요일,3,외국인(c),432.02,20250607
30110,동구,7,일요일,1,현지인(a),91122.5,20250608
30110,동구,7,일요일,2,외지인(b),127200.5,20250608
30110,동구,7,일요일,3,외국인(c),848.9600000000003,20250608
30140,중구,7,일요일,1,현지인(a),115668.0,20250608
30140,중구,7,일요일,2,외지인(b),125975.5,20250608
30140,중구,7,일요일,3,외국인(c),494.88000000000005,20250608
30170,서구,7,일요일,1,현지인(a),253032.5,20250608
30170,서구,7,일요일,2,외지인(b),176701.0,20250608
30170,서구,7,일요일,3,외국인(c),761.8300000000002,20250608
30200,유성구,7,일요일,1,현지인(a),235529.0,20250608
30200,유성구,7,일요일,2,외지인(b),175129.5,20250608
30200,유성구,7,일요일,3,외국인(c),1182.56,20250608
30230,대덕구,7,일요일,1,현지인(a),72037.0,20250608
30230,대덕구,7,일요일,2,외지인(b),77913.5,20250608
30230,대덕구,7,일요일,3,외국인(c),453.5999999999999,20250608
30110,동구,1,월요일,1,현지인(a),105203.0,20250609
30110,동구,1,월요일,2,외지인(b),92977.5,20250609
30110,동구,1,월요일,3,외국인(c),712.59,20250609
30140,중구,1,월요일,1,현지인(a),132877.5,20250609
30140,중구,1,월요일,2,외지인(b),106900.5,20250609
30140,중구,1,월요일,3,외국인(c),504.52000000000004,20250609
30170,서구,1,월요일,1,현지인(a),292313.0,20250609
30170,서구,1,월요일,2,외지인(b),146646.5,20250609
30170,서구,1,월요일,3,외국인(c),813.5200000000003,20250609
30200,유성구,1,월요일,1,현지인(a),280658.0,20250609
30200,유성구,1,월요일,2,외지인(b),143402.0,20250609
30200,유성구,1,월요일,3,외국인(c),1321.24,20250609
30230,대덕구,1,월요일,1,현지인(a),85970.5,20250609
30230,대덕구,1,월요일,2,외지인(b),66902.5,20250609
30230,대덕구,1,월요일,3,외국인(c),496.03000000000003,20250609
30110,동구,2,화요일,1,현지인(a),105532.0,20250610
30110,동구,2,화요일,2,외지인(b),97877.5,20250610
30110,동구,2,화요일,3,외국인(c),742.6100000000001,20250610
30140,중구,2,화요일,1,현지인(a),133602.0,20250610
30140,중구,2,화요일,2,외지인(b),122363.5,20250610
30140,중구,2,화요일,3,외국인(c),466.61000000000007,20250610
30170,서구,2,화요일,1,현지인(a),293779.5,20250610
30170,서구,2,화요일,2,외지인(b),155004.5,20250610
30170,서구,2,화요일,3,외국인(c),925.7299999999999,20250610
30200,유성구,2,화요일,1,현지인(a),283818.5,20250610
30200,유성구,2,화요일,2,외지인(b),153643.0,20250610
30200,유성구,2,화요일,3,외국인(c),1435.2300000000002,20250610
30230,대덕구,2,화요일,1,현지인(a),87024.0,20250610
30230,대덕구,2,화요일,2,외지인(b),69457.5,20250610
30230,대덕구,2,화요일,3,외국인(c),565.4499999999999,20250610
30110,동구,3,수요일,1,현지인(a),105497.0,20250611
30110,동구,3,수요일,2,외지인(b),98437.5,20250611
30110,동구,3,수요일,3,외국인(c),838.7400000000002,20250611
30140,중구,3,수요일,1,현지인(a),133934.5,20250611
30140,중구,3,수요일,2,외지인(b),125258.0,20250611
30140,중구,3,수요일,3,외국인(c),575.5799999999998,20250611
30170,서구,3,수요일,1,현지인(a),295687.0,20250611
30170,서구,3,수요일,2,외지인(b),156201.5,20250611
30170,서구,3,수요일,3,외국인(c),958.0999999999998,20250611
30200,유성구,3,수요일,1,현지인(a),283594.5,20250611
30200,유성구,3,수요일,2,외지인(b),155358.0,20250611
30200,유성구,3,수요일,3,외국인(c),1434.63,20250611
30230,대덕구,3,수요일,1,현지인(a),87006.5,20250611
30230,대덕구,3,수요일,2,외지인(b),70798.0,20250611
30230,대덕구,3,수요일,3,외국인(c),529.96,20250611
30110,동구,4,목요일,1,현지인(a),105049.0,20250612
30110,동구,4,목요일,2,외지인(b),101951.5,20250612
30110,동구,4,목요일,3,외국인(c),851.7300000000001,20250612
30140,중구,4,목요일,1,현지인(a),133458.5,20250612
30140,중구,4,목요일,2,외지인(b),129640.0,20250612
30140,중구,4,목요일,3,외국인(c),554.5400000000001,20250612
30170,서구,4,목요일,1,현지인(a),293629.0,20250612
30170,서구,4,목요일,2,외지인(b),160520.5,20250612
30170,서구,4,목요일,3,외국인(c),961.39,20250612
30200,유성구,4,목요일,1,현지인(a),281617.0,20250612
30200,유성구,4,목요일,2,외지인(b),158378.5,20250612
30200,유성구,4,목요일,3,외국인(c),1467.63,20250612
30230,대덕구,4,목요일,1,현지인(a),87094.0,20250612
30230,대덕구,4,목요일,2,외지인(b),72177.0,20250612
30230,대덕구,4,목요일,3,외국인(c),555.25,20250612
30110,동구,5,금요일,1,현지인(a),103253.5,20250613
30110,동구,5,금요일,2,외지인(b),116196.5,20250613
30110,동구,5,금요일,3,외국인(c),885.9700000000003,20250613
30140,중구,5,금요일,1,현지인(a),133735.0,20250613
30140,중구,5,금요일,2,외지인(b),128541.0,20250613
30140,중구,5,금요일,3,외국인(c),533.93,20250613
30170,서구,5,금요일,1,현지인(a),292659.5,20250613
30170,서구,5,금요일,2,외지인(b),173215.0,20250613
30170,서구,5,금요일,3,외국인(c),995.1900000000003,20250613
30200,유성구,5,금요일,1,현지인(a),278264.0,20250613
30200,유성구,5,금요일,2,외지인(b),167062.0,20250613
30200,유성구,5,금요일,3,외국인(c),1545.0700000000004,20250613
30230,대덕구,5,금요일,1,현지인(a),86002.0,20250613
30230,대덕구,5,금요일,2,외지인(b),76870.5,20250613
30230,대덕구,5,금요일,3,외국인(c),556.4100000000001,20250613
30110,동구,6,토요일,1,현지인(a),94563.0,20250614
30110,동구,6,토요일,2,외지인(b),151224.5,20250614
30110,동구,6,토요일,3,외국인(c),791.98,20250614
30140,중구,6,토요일,1,현지인(a),122178.0,20250614
30140,중구,6,토요일,2,외지인(b),186193.0,20250614
30140,중구,6,토요일,3,외국인(c),534.3399999999999,20250614
30170,서구,6,토요일,1,현지인(a),265524.0,20250614
30170,서구,6,토요일,2,외지인(b),233485.0,20250614
30170,서구,6,토요일,3,외국인(c),1018.98,20250614
30200,유성구,6,토요일,1,현지인(a),241472.0,20250614
30200,유성구,6,토요일,2,외지인(b),215607.0,20250614
30200,유성구,6,토요일,3,외국인(c),1398.8400000000001,20250614
30230,대덕구,6,토요일,1,현지인(a),76632.5,20250614
30230,대덕구,6,토요일,2,외지인(b),92057.0,20250614
30230,대덕구,6,토요일,3,외국인(c),512.5999999999998,20250614
30110,동구,7,일요일,1,현지인(a),91598.5,20250615
30110,동구,7,일요일,2,외지인(b),127708.0,20250615
30110,동구,7,일요일,3,외국인(c),931.65,20250615
30140,중구,7,일요일,1,현지인(a),117544.0,20250615
30140,중구,7,일요일,2,외지인(b),153667.5,20250615
30140,중구,7,일요일,3,외국인(c),530.42,20250615
30170,서구,7,일요일,1,현지인(a),253708.0,20250615
30170,서구,7,일요일,2,외지인(b),186690.0,20250615
30170,서구,7,일요일,3,외국인(c),933.0,20250615
30200,유성구,7,일요일,1,현지인(a),233334.5,20250615
30200,유성구,7,일요일,2,외지인(b),176053.5,20250615
30200,유성구,7,일요일,3,외국인(c),1175.5100000000002,20250615
30230,대덕구,7,일요일,1,현지인(a),72439.5,20250615
30230,대덕구,7,일요일,2,외지인(b),80353.0,20250615
30230,대덕구,7,일요일,3,외국인(c),474.7500000000001,20250615
30110,동구,1,월요일,1,현지인(a),103652.5,20250616
30110,동구,1,월요일,2,외지인(b),94636.5,20250616
30110,동구,1,월요일,3,외국인(c),790.6399999999998,20250616
30140,중구,1,월요일,1,현지인(a),131880.0,20250616
30140,중구,1,월요일,2,외지인(b),108398.5,20250616
30140,중구,1,월요일,3,외국인(c),539.8199999999999,20250616
30170,서구,1,월요일,1,현지인(a),290202.5,20250616
30170,서구,1,월요일,2,외지인(b),152708.5,20250616
30170,서구,1,월요일,3,외국인(c),951.9700000000001,20250616
30200,유성구,1,월요일,1,현지인(a),275548.0,20250616
30200,유성구,1,월요일,2,외지인(b),144732.0,20250616
30200,유성구,1,월요일,3,외국인(c),1345.2099999999996,20250616
30230,대덕구,1,월요일,1,현지인(a),85869.0,20250616
30230,대덕구,1,월요일,2,외지인(b),68008.5,20250616
30230,대덕구,1,월요일,3,외국인(c),613.2199999999999,20250616
30110,동구,2,화요일,1,현지인(a),104594.0,20250617
30110,동구,2,화요일,2,외지인(b),100121.0,20250617
30110,동구,2,화요일,3,외국인(c),743.4000000000002,20250617
30140,중구,2,화요일,1,현지인(a),131953.5,20250617
30140,중구,2,화요일,2,외지인(b),111758.5,20250617
30140,중구,2,화요일,3,외국인(c),482.03000000000003,20250617
30170,서구,2,화요일,1,현지인(a),293685.0,20250617
30170,서구,2,화요일,2,외지인(b),159407.5,20250617
30170,서구,2,화요일,3,외국인(c),993.37,20250617
30200,유성구,2,화요일,1,현지인(a),280017.5,20250617
30200,유성구,2,화요일,2,외지인(b),156565.5,20250617
30200,유성구,2,화요일,3,외국인(c),1300.29,20250617
30230,대덕구,2,화요일,1,현지인(a),86149.0,20250617
30230,대덕구,2,화요일,2,외지인(b),72394.0,20250617
30230,대덕구,2,화요일,3,외국인(c),587.2199999999999,20250617
30110,동구,3,수요일,1,현지인(a),103694.5,20250618
30110,동구,3,수요일,2,외지인(b),101164.0,20250618
30110,동구,3,수요일,3,외국인(c),737.6300000000001,20250618
30140,중구,3,수요일,1,현지인(a),132566.0,20250618
30140,중구,3,수요일,2,외지인(b),117134.5,20250618
30140,중구,3,수요일,3,외국인(c),545.9700000000001,20250618
30170,서구,3,수요일,1,현지인(a),294623.0,20250618
30170,서구,3,수요일,2,외지인(b),164489.5,20250618
30170,서구,3,수요일,3,외국인(c),934.9499999999999,20250618
30200,유성구,3,수요일,1,현지인(a),279961.5,20250618
30200,유성구,3,수요일,2,외지인(b),165816.0,20250618
30200,유성구,3,수요일,3,외국인(c),1388.8700000000003,20250618
30230,대덕구,3,수요일,1,현지인(a),86775.5,20250618
30230,대덕구,3,수요일,2,외지인(b),74595.5,20250618
30230,대덕구,3,수요일,3,외국인(c),585.09,20250618
30110,동구,4,목요일,1,현지인(a),103180.0,20250619
30110,동구,4,목요일,2,외지인(b),105021.0,20250619
30110,동구,4,목요일,3,외국인(c),852.9599999999999,20250619
30140,중구,4,목요일,1,현지인(a),132902.0,20250619
30140,중구,4,목요일,2,외지인(b),119595.0,20250619
30140,중구,4,목요일,3,외국인(c),626.81,20250619
30170,서구,4,목요일,1,현지인(a),292649.0,20250619
30170,서구,4,목요일,2,외지인(b),170723.0,20250619
30170,서구,4,목요일,3,외국인(c),925.7100000000004,20250619
30200,유성구,4,목요일,1,현지인(a),277658.5,20250619
30200,유성구,4,목요일,2,외지인(b),167846.0,20250619
30200,유성구,4,목요일,3,외국인(c),1598.1100000000006,20250619
30230,대덕구,4,목요일,1,현지인(a),85543.5,20250619
30230,대덕구,4,목요일,2,외지인(b),74984.0,20250619
30230,대덕구,4,목요일,3,외국인(c),645.47,20250619
30110,동구,5,금요일,1,현지인(a),102294.5,20250620
30110,동구,5,금요일,2,외지인(b),118419.0,20250620
30110,동구,5,금요일,3,외국인(c),995.2900000000002,20250620
30140,중구,5,금요일,1,현지인(a),132275.5,20250620
30140,중구,5,금요일,2,외지인(b),130389.0,20250620
30140,중구,5,금요일,3,외국인(c),646.1,20250620
30170,서구,5,금요일,1,현지인(a),290258.5,20250620
30170,서구,5,금요일,2,외지인(b),182056.0,20250620
30170,서구,5,금요일,3,외국인(c),948.4700000000004,20250620
30200,유성구,5,금요일,1,현지인(a),271082.0,20250620
30200,유성구,5,금요일,2,외지인(b),172326.0,20250620
30200,유성구,5,금요일,3,외국인(c),1445.37,20250620
30230,대덕구,5,금요일,1,현지인(a),84710.5,20250620
30230,대덕구,5,금요일,2,외지인(b),76958.0,20250620
30230,대덕구,5,금요일,3,외국인(c),618.9300000000001,20250620
30110,동구,6,토요일,1,현지인(a),90534.5,20250621
30110,동구,6,토요일,2,외지인(b),146860.0,20250621
30110,동구,6,토요일,3,외국인(c),813.6400000000001,20250621
30140,중구,6,토요일,1,현지인(a),118380.5,20250621
30140,중구,6,토요일,2,외지인(b),165494.0,20250621
30140,중구,6,토요일,3,외국인(c),556.19,20250621
30170,서구,6,토요일,1,현지인(a),259269.5,20250621
30170,서구,6,토요일,2,외지인(b),234381.0,20250621
30170,서구,6,토요일,3,외국인(c),983.35,20250621
30200,유성구,6,토요일,1,현지인(a),230566.0,20250621
30200,유성구,6,토요일,2,외지인(b),199752.0,20250621
30200,유성구,6,토요일,3,외국인(c),1254.98,20250621
30230,대덕구,6,토요일,1,현지인(a),73752.0,20250621
30230,대덕구,6,토요일,2,외지인(b),88728.5,20250621
30230,대덕구,6,토요일,3,외국인(c),465.1500000000001,20250621
30110,동구,7,일요일,1,현지인(a),91178.5,20250622
30110,동구,7,일요일,2,외지인(b),136909.5,20250622
30110,동구,7,일요일,3,외국인(c),886.5100000000002,20250622
30140,중구,7,일요일,1,현지인(a),118307.0,20250622
30140,중구,7,일요일,2,외지인(b),161675.5,20250622
30140,중구,7,일요일,3,외국인(c),600.44,20250622
30170,서구,7,일요일,1,현지인(a),258478.5,20250622
30170,서구,7,일요일,2,외지인(b),199647.0,20250622
30170,서구,7,일요일,3,외국인(c),1007.8699999999999,20250622
30200,유성구,7,일요일,1,현지인(a),234111.5,20250622
30200,유성구,7,일요일,2,외지인(b),188457.5,20250622
30200,유성구,7,일요일,3,외국인(c),1319.77,20250622
30230,대덕구,7,일요일,1,현지인(a),73444.0,20250622
30230,대덕구,7,일요일,2,외지인(b),85687.0,20250622
30230,대덕구,7,일요일,3,외국인(c),505.27,20250622
30110,동구,1,월요일,1,현지인(a),101311.0,20250623
30110,동구,1,월요일,2,외지인(b),105822.5,20250623
30110,동구,1,월요일,3,외국인(c),871.2900000000001,20250623
30140,중구,1,월요일,1,현지인(a),132391.0,20250623
30140,중구,1,월요일,2,외지인(b),123231.5,20250623
30140,중구,1,월요일,3,외국인(c),529.23,20250623
30170,서구,1,월요일,1,현지인(a),291711.0,20250623
30170,서구,1,월요일,2,외지인(b),168448.0,20250623
30170,서구,1,월요일,3,외국인(c),1002.8599999999998,20250623
30200,유성구,1,월요일,1,현지인(a),271477.5,20250623
30200,유성구,1,월요일,2,외지인(b),158294.5,20250623
30200,유성구,1,월요일,3,외국인(c),1389.7099999999998,20250623
30230,대덕구,1,월요일,1,현지인(a),85025.5,20250623
30230,대덕구,1,월요일,2,외지인(b),75589.5,20250623
30230,대덕구,1,월요일,3,외국인(c),531.51,20250623
30110,동구,2,화요일,1,현지인(a),99648.5,20250624
30110,동구,2,화요일,2,외지인(b),103022.5,20250624
30110,동구,2,화요일,3,외국인(c),754.2100000000002,20250624
30140,중구,2,화요일,1,현지인(a),130903.5,20250624
30140,중구,2,화요일,2,외지인(b),119700.0,20250624
30140,중구,2,화요일,3,외국인(c),464.86,20250624
30170,서구,2,화요일,1,현지인(a),287423.5,20250624
30170,서구,2,화요일,2,외지인(b),165676.0,20250624
30170,서구,2,화요일,3,외국인(c),1145.24,20250624
30200,유성구,2,화요일,1,현지인(a),270469.5,20250624
30200,유성구,2,화요일,2,외지인(b),162788.5,20250624
30200,유성구,2,화요일,3,외국인(c),1451.4400000000003,20250624
30230,대덕구,2,화요일,1,현지인(a),85172.5,20250624
30230,대덕구,2,화요일,2,외지인(b),74875.5,20250624
30230,대덕구,2,화요일,3,외국인(c),576.59,20250624
30110,동구,3,수요일,1,현지인(a),99991.5,20250625
30110,동구,3,수요일,2,외지인(b),102844.0,20250625
30110,동구,3,수요일,3,외국인(c),912.7700000000002,20250625
30140,중구,3,수요일,1,현지인(a),132884.5,20250625
30140,중구,3,수요일,2,외지인(b),122500.0,20250625
30140,중구,3,수요일,3,외국인(c),498.9999999999999,20250625
30170,서구,3,수요일,1,현지인(a),290608.5,20250625
30170,서구,3,수요일,2,외지인(b),168850.5,20250625
30170,서구,3,수요일,3,외국인(c),1202.7,20250625
30200,유성구,3,수요일,1,현지인(a),270441.5,20250625
30200,유성구,3,수요일,2,외지인(b),161777.0,20250625
30200,유성구,3,수요일,3,외국인(c),1600.09,20250625
30230,대덕구,3,수요일,1,현지인(a),85088.5,20250625
30230,대덕구,3,수요일,2,외지인(b),72268.0,20250625
30230,대덕구,3,수요일,3,외국인(c),657.6199999999999,20250625
30110,동구,4,목요일,1,현지인(a),99365.0,20250626
30110,동구,4,목요일,2,외지인(b),110022.5,20250626
30110,동구,4,목요일,3,외국인(c),759.3500000000003,20250626
30140,중구,4,목요일,1,현지인(a),132678.0,20250626
30140,중구,4,목요일,2,외지인(b),126864.5,20250626
30140,중구,4,목요일,3,외국인(c),491.92999999999995,20250626
30170,서구,4,목요일,1,현지인(a),290234.0,20250626
30170,서구,4,목요일,2,외지인(b),174912.5,20250626
30170,서구,4,목요일,3,외국인(c),1164.9199999999998,20250626
30200,유성구,4,목요일,1,현지인(a),270018.0,20250626
30200,유성구,4,목요일,2,외지인(b),169547.0,20250626
30200,유성구,4,목요일,3,외국인(c),1710.99,20250626
30230,대덕구,4,목요일,1,현지인(a),85183.0,20250626
30230,대덕구,4,목요일,2,외지인(b),74777.5,20250626
30230,대덕구,4,목요일,3,외국인(c),562.89,20250626
30110,동구,5,금요일,1,현지인(a),100317.0,20250627
30110,동구,5,금요일,2,외지인(b),127046.5,20250627
30110,동구,5,금요일,3,외국인(c),877.1400000000001,20250627
30140,중구,5,금요일,1,현지인(a),134459.5,20250627
30140,중구,5,금요일,2,외지인(b),141722.0,20250627
30140,중구,5,금요일,3,외국인(c),569.72,20250627
30170,서구,5,금요일,1,현지인(a),293454.0,20250627
30170,서구,5,금요일,2,외지인(b),195765.5,20250627
30170,서구,5,금요일,3,외국인(c),1155.8,20250627
30200,유성구,5,금요일,1,현지인(a),271715.5,20250627
30200,유성구,5,금요일,2,외지인(b),193469.5,20250627
30200,유성구,5,금요일,3,외국인(c),1763.4399999999998,20250627
30230,대덕구,5,금요일,1,현지인(a),85897.0,20250627
30230,대덕구,5,금요일,2,외지인(b),83198.5,20250627
30230,대덕구,5,금요일,3,외국인(c),589.6100000000004,20250627
30110,동구,6,토요일,1,현지인(a),91070.0,20250628
30110,동구,6,토요일,2,외지인(b),160944.0,20250628
30110,동구,6,토요일,3,외국인(c),799.0199999999998,20250628
30140,중구,6,토요일,1,현지인(a),122069.5,20250628
30140,중구,6,토요일,2,외지인(b),180292.0,20250628
30140,중구,6,토요일,3,외국인(c),521.58,20250628
30170,서구,6,토요일,1,현지인(a),261233.0,20250628
30170,서구,6,토요일,2,외지인(b),247429.0,20250628
30170,서구,6,토요일,3,외국인(c),1189.0300000000002,20250628
30200,유성구,6,토요일,1,현지인(a),232904.0,20250628
30200,유성구,6,토요일,2,외지인(b),228903.5,20250628
30200,유성구,6,토요일,3,외국인(c),1666.5300000000004,20250628
30230,대덕구,6,토요일,1,현지인(a),74907.0,20250628
30230,대덕구,6,토요일,2,외지인(b),97363.0,20250628
30230,대덕구,6,토요일,3,외국인(c),545.5999999999999,20250628
30110,동구,7,일요일,1,현지인(a),88137.0,20250629
30110,동구,7,일요일,2,외지인(b),132874.0,20250629
30110,동구,7,일요일,3,외국인(c),822.5499999999998,20250629
30140,중구,7,일요일,1,현지인(a),117281.5,20250629
30140,중구,7,일요일,2,외지인(b),146618.5,20250629
30140,중구,7,일요일,3,외국인(c),504.73,20250629
30170,서구,7,일요일,1,현지인(a),253505.0,20250629
30170,서구,7,일요일,2,외지인(b),198667.0,20250629
30170,서구,7,일요일,3,외국인(c),1124.07,20250629
30200,유성구,7,일요일,1,현지인(a),229936.0,20250629
30200,유성구,7,일요일,2,외지인(b),190949.5,20250629
30200,유성구,7,일요일,3,외국인(c),1690.35,20250629
30230,대덕구,7,일요일,1,현지인(a),71928.5,20250629
30230,대덕구,7,일요일,2,외지인(b),85179.5,20250629
30230,대덕구,7,일요일,3,외국인(c),558.6199999999999,20250629
30110,동구,1,월요일,1,현지인(a),98553.0,20250630
30110,동구,1,월요일,2,외지인(b),103159.0,20250630
30110,동구,1,월요일,3,외국인(c),842.8399999999998,20250630
30140,중구,1,월요일,1,현지인(a),132342.0,20250630
30140,중구,1,월요일,2,외지인(b),121761.5,20250630
30140,중구,1,월요일,3,외국인(c),500.97999999999996,20250630
30170,서구,1,월요일,1,현지인(a),286604.5,20250630
30170,서구,1,월요일,2,외지인(b),170037.0,20250630
30170,서구,1,월요일,3,외국인(c),1198.43,20250630
30200,유성구,1,월요일,1,현지인(a),267753.5,20250630
30200,유성구,1,월요일,2,외지인(b),160482.0,20250630
30200,유성구,1,월요일,3,외국인(c),1934.7800000000002,20250630
30230,대덕구,1,월요일,1,현지인(a),84465.5,20250630
30230,대덕구,1,월요일,2,외지인(b),73951.5,20250630
30230,대덕구,1,월요일,3,외국인(c),595.5000000000001,20250630
30110,동구,2,화요일,1,현지인(a),95522.0,20250701
30110,동구,2,화요일,2,외지인(b),88270.0,20250701
30110,동구,2,화요일,3,외국인(c),833.3599999999998,20250701
30140,중구,2,화요일,1,현지인(a),131614.0,20250701
30140,중구,2,화요일,2,외지인(b),117757.5,20250701
30140,중구,2,화요일,3,외국인(c),534.2800000000001,20250701
30170,서구,2,화요일,1,현지인(a),285225.5,20250701
30170,서구,2,화요일,2,외지인(b),139632.5,20250701
30170,서구,2,화요일,3,외국인(c),1243.6599999999999,20250701
30200,유성구,2,화요일,1,현지인(a),266770.0,20250701
30200,유성구,2,화요일,2,외지인(b),133087.5,20250701
30200,유성구,2,화요일,3,외국인(c),1990.3800000000003,20250701
30230,대덕구,2,화요일,1,현지인(a),83394.5,20250701
30230,대덕구,2,화요일,2,외지인(b),62457.5,20250701
30230,대덕구,2,화요일,3,외국인(c),616.9699999999999,20250701
30110,동구,3,수요일,1,현지인(a),96113.5,20250702
30110,동구,3,수요일,2,외지인(b),90667.5,20250702
30110,동구,3,수요일,3,외국인(c),819.8199999999998,20250702
30140,중구,3,수요일,1,현지인(a),132027.0,20250702
30140,중구,3,수요일,2,외지인(b),119721.0,20250702
30140,중구,3,수요일,3,외국인(c),496.4700000000001,20250702
30170,서구,3,수요일,1,현지인(a),287749.0,20250702
30170,서구,3,수요일,2,외지인(b),146146.0,20250702
30170,서구,3,수요일,3,외국인(c),1206.1999999999998,20250702
30200,유성구,3,수요일,1,현지인(a),266609.0,20250702
30200,유성구,3,수요일,2,외지인(b),136853.5,20250702
30200,유성구,3,수요일,3,외국인(c),1836.21,20250702
30230,대덕구,3,수요일,1,현지인(a),83741.0,20250702
30230,대덕구,3,수요일,2,외지인(b),62909.0,20250702
30230,대덕구,3,수요일,3,외국인(c),532.94,20250702
30110,동구,4,목요일,1,현지인(a),95102.0,20250703
30110,동구,4,목요일,2,외지인(b),95084.5,20250703
30110,동구,4,목요일,3,외국인(c),905.6999999999998,20250703
30140,중구,4,목요일,1,현지인(a),131834.5,20250703
30140,중구,4,목요일,2,외지인(b),124026.0,20250703
30140,중구,4,목요일,3,외국인(c),571.61,20250703
30170,서구,4,목요일,1,현지인(a),285908.0,20250703
30170,서구,4,목요일,2,외지인(b),150888.5,20250703
30170,서구,4,목요일,3,외국인(c),1267.2099999999994,20250703
30200,유성구,4,목요일,1,현지인(a),266273.0,20250703
30200,유성구,4,목요일,2,외지인(b),143832.5,20250703
30200,유성구,4,목요일,3,외국인(c),1934.1600000000005,20250703
30230,대덕구,4,목요일,1,현지인(a),82757.5,20250703
30230,대덕구,4,목요일,2,외지인(b),64631.0,20250703
30230,대덕구,4,목요일,3,외국인(c),560.9200000000001,20250703
30110,동구,5,금요일,1,현지인(a),96624.5,20250704
30110,동구,5,금요일,2,외지인(b),112150.5,20250704
30110,동구,5,금요일,3,외국인(c),971.7299999999999,20250704
30140,중구,5,금요일,1,현지인(a),133703.5,20250704
30140,중구,5,금요일,2,외지인(b),128845.5,20250704
30140,중구,5,금요일,3,외국인(c),505.3700000000001,20250704
30170,서구,5,금요일,1,현지인(a),290801.0,20250704
30170,서구,5,금요일,2,외지인(b),175024.5,20250704
30170,서구,5,금요일,3,외국인(c),1268.87,20250704
30200,유성구,5,금요일,1,현지인(a),268845.5,20250704
30200,유성구,5,금요일,2,외지인(b),168157.5,20250704
30200,유성구,5,금요일,3,외국인(c),1919.3600000000004,20250704
30230,대덕구,5,금요일,1,현지인(a),84434.0,20250704
30230,대덕구,5,금요일,2,외지인(b),75092.5,20250704
30230,대덕구,5,금요일,3,외국인(c),561.34,20250704
30110,동구,6,토요일,1,현지인(a),88595.5,20250705
30110,동구,6,토요일,2,외지인(b),145887.0,20250705
30110,동구,6,토요일,3,외국인(c),942.63,20250705
30140,중구,6,토요일,1,현지인(a),120998.5,20250705
30140,중구,6,토요일,2,외지인(b),171524.5,20250705
30140,중구,6,토요일,3,외국인(c),457.27,20250705
30170,서구,6,토요일,1,현지인(a),260561.0,20250705
30170,서구,6,토요일,2,외지인(b),230968.5,20250705
30170,서구,6,토요일,3,외국인(c),1264.5700000000002,20250705
30200,유성구,6,토요일,1,현지인(a),232298.5,20250705
30200,유성구,6,토요일,2,외지인(b),219390.5,20250705
30200,유성구,6,토요일,3,외국인(c),1606.5299999999997,20250705
30230,대덕구,6,토요일,1,현지인(a),74599.0,20250705
30230,대덕구,6,토요일,2,외지인(b),96061.0,20250705
30230,대덕구,6,토요일,3,외국인(c),497.04,20250705
30110,동구,7,일요일,1,현지인(a),85788.5,20250706
30110,동구,7,일요일,2,외지인(b),120134.0,20250706
30110,동구,7,일요일,3,외국인(c),856.7900000000002,20250706
30140,중구,7,일요일,1,현지인(a),116273.5,20250706
30140,중구,7,일요일,2,외지인(b),137655.0,20250706
30140,중구,7,일요일,3,외국인(c),573.1399999999999,20250706
30170,서구,7,일요일,1,현지인(a),252388.5,20250706
30170,서구,7,일요일,2,외지인(b),179007.5,20250706
30170,서구,7,일요일,3,외국인(c),953.28,20250706
30200,유성구,7,일요일,1,현지인(a),228354.0,20250706
30200,유성구,7,일요일,2,외지인(b),175651.0,20250706
30200,유성구,7,일요일,3,외국인(c),1470.5499999999997,20250706
30230,대덕구,7,일요일,1,현지인(a),70903.0,20250706
30230,대덕구,7,일요일,2,외지인(b),73801.0,20250706
30230,대덕구,7,일요일,3,외국인(c),598.6499999999999,20250706
30110,동구,1,월요일,1,현지인(a),94839.5,20250707
30110,동구,1,월요일,2,외지인(b),88529.0,20250707
30110,동구,1,월요일,3,외국인(c),812.8799999999999,20250707
30140,중구,1,월요일,1,현지인(a),130655.0,20250707
30140,중구,1,월요일,2,외지인(b),107159.5,20250707
30140,중구,1,월요일,3,외국인(c),445.03999999999996,20250707
30170,서구,1,월요일,1,현지인(a),282201.5,20250707
30170,서구,1,월요일,2,외지인(b),147623.0,20250707
30170,서구,1,월요일,3,외국인(c),1096.1599999999999,20250707
30200,유성구,1,월요일,1,현지인(a),262731.0,20250707
30200,유성구,1,월요일,2,외지인(b),135621.5,20250707
30200,유성구,1,월요일,3,외국인(c),1569.5799999999997,20250707
30230,대덕구,1,월요일,1,현지인(a),81973.5,20250707
30230,대덕구,1,월요일,2,외지인(b),61687.5,20250707
30230,대덕구,1,월요일,3,외국인(c),544.0100000000001,20250707
30110,동구,2,화요일,1,현지인(a),94412.5,20250708
30110,동구,2,화요일,2,외지인(b),92536.5,20250708
30110,동구,2,화요일,3,외국인(c),822.1200000000002,20250708
30140,중구,2,화요일,1,현지인(a),129367.0,20250708
30140,중구,2,화요일,2,외지인(b),123798.5,20250708
30140,중구,2,화요일,3,외국인(c),524.7200000000001,20250708
30170,서구,2,화요일,1,현지인(a),282761.5,20250708
30170,서구,2,화요일,2,외지인(b),152281.5,20250708
30170,서구,2,화요일,3,외국인(c),1159.55,20250708
30200,유성구,2,화요일,1,현지인(a),264519.5,20250708
30200,유성구,2,화요일,2,외지인(b),146601.0,20250708
30200,유성구,2,화요일,3,외국인(c),1682.6199999999997,20250708
30230,대덕구,2,화요일,1,현지인(a),82624.5,20250708
30230,대덕구,2,화요일,2,외지인(b),66601.5,20250708
30230,대덕구,2,화요일,3,외국인(c),606.9800000000001,20250708
30110,동구,3,수요일,1,현지인(a),94787.0,20250709
30110,동구,3,수요일,2,외지인(b),93054.5,20250709
30110,동구,3,수요일,3,외국인(c),825.38,20250709
30140,중구,3,수요일,1,현지인(a),130287.5,20250709
30140,중구,3,수요일,2,외지인(b),127893.5,20250709
30140,중구,3,수요일,3,외국인(c),500.0700000000001,20250709
30170,서구,3,수요일,1,현지인(a),285558.0,20250709
30170,서구,3,수요일,2,외지인(b),157244.5,20250709
30170,서구,3,수요일,3,외국인(c),1152.9500000000003,20250709
30200,유성구,3,수요일,1,현지인(a),265954.5,20250709
30200,유성구,3,수요일,2,외지인(b),151172.0,20250709
30200,유성구,3,수요일,3,외국인(c),1690.2899999999997,20250709
30230,대덕구,3,수요일,1,현지인(a),82572.0,20250709
30230,대덕구,3,수요일,2,외지인(b),66860.5,20250709
30230,대덕구,3,수요일,3,외국인(c),566.16,20250709
30110,동구,4,목요일,1,현지인(a),94846.5,20250710
30110,동구,4,목요일,2,외지인(b),99557.5,20250710
30110,동구,4,목요일,3,외국인(c),779.4100000000001,20250710
30140,중구,4,목요일,1,현지인(a),131071.5,20250710
30140,중구,4,목요일,2,외지인(b),134099.0,20250710
30140,중구,4,목요일,3,외국인(c),529.2400000000001,20250710
30170,서구,4,목요일,1,현지인(a),285152.0,20250710
30170,서구,4,목요일,2,외지인(b),160678.0,20250710
30170,서구,4,목요일,3,외국인(c),1185.61,20250710
30200,유성구,4,목요일,1,현지인(a),265030.5,20250710
30200,유성구,4,목요일,2,외지인(b),152946.5,20250710
30200,유성구,4,목요일,3,외국인(c),1606.96,20250710
30230,대덕구,4,목요일,1,현지인(a),82726.0,20250710
30230,대덕구,4,목요일,2,외지인(b),70413.0,20250710
30230,대덕구,4,목요일,3,외국인(c),639.6900000000002,20250710
30110,동구,5,금요일,1,현지인(a),96271.0,20250711
30110,동구,5,금요일,2,외지인(b),120760.5,20250711
30110,동구,5,금요일,3,외국인(c),749.23,20250711
30140,중구,5,금요일,1,현지인(a),133220.5,20250711
30140,중구,5,금요일,2,외지인(b),143139.5,20250711
30140,중구,5,금요일,3,외국인(c),493.05000000000007,20250711
30170,서구,5,금요일,1,현지인(a),289142.0,20250711
30170,서구,5,금요일,2,외지인(b),182976.5,20250711
30170,서구,5,금요일,3,외국인(c),1050.5999999999997,20250711
30200,유성구,5,금요일,1,현지인(a),267837.5,20250711
30200,유성구,5,금요일,2,외지인(b),173446.0,20250711
30200,유성구,5,금요일,3,외국인(c),1631.379999999999,20250711
30230,대덕구,5,금요일,1,현지인(a),84031.5,20250711
30230,대덕구,5,금요일,2,외지인(b),77245.0,20250711
30230,대덕구,5,금요일,3,외국인(c),607.96,20250711
30110,동구,6,토요일,1,현지인(a),87958.5,20250712
30110,동구,6,토요일,2,외지인(b),158287.5,20250712
30110,동구,6,토요일,3,외국인(c),858.03,20250712
30140,중구,6,토요일,1,현지인(a),121457.0,20250712
30140,중구,6,토요일,2,외지인(b),195086.5,20250712
30140,중구,6,토요일,3,외국인(c),578.9500000000002,20250712
30170,서구,6,토요일,1,현지인(a),261513.0,20250712
30170,서구,6,토요일,2,외지인(b),257348.0,20250712
30170,서구,6,토요일,3,외국인(c),1076.18,20250712
30200,유성구,6,토요일,1,현지인(a),233541.0,20250712
30200,유성구,6,토요일,2,외지인(b),234727.5,20250712
30200,유성구,6,토요일,3,외국인(c),1474.5300000000004,20250712
30230,대덕구,6,토요일,1,현지인(a),73955.0,20250712
30230,대덕구,6,토요일,2,외지인(b),95662.0,20250712
30230,대덕구,6,토요일,3,외국인(c),580.5500000000001,20250712
30110,동구,7,일요일,1,현지인(a),85141.0,20250713
30110,동구,7,일요일,2,외지인(b),128411.5,20250713
30110,동구,7,일요일,3,외국인(c),841.2300000000001,20250713
30140,중구,7,일요일,1,현지인(a),115097.5,20250713
30140,중구,7,일요일,2,외지인(b),137025.0,20250713
30140,중구,7,일요일,3,외국인(c),587.88,20250713
30170,서구,7,일요일,1,현지인(a),249518.5,20250713
30170,서구,7,일요일,2,외지인(b),199615.5,20250713
30170,서구,7,일요일,3,외국인(c),1025.9699999999998,20250713
30200,유성구,7,일요일,1,현지인(a),225078.0,20250713
30200,유성구,7,일요일,2,외지인(b),184817.5,20250713
30200,유성구,7,일요일,3,외국인(c),1420.08,20250713
30230,대덕구,7,일요일,1,현지인(a),70493.5,20250713
30230,대덕구,7,일요일,2,외지인(b),78715.0,20250713
30230,대덕구,7,일요일,3,외국인(c),637.1800000000001,20250713
30110,동구,1,월요일,1,현지인(a),93229.5,20250714
30110,동구,1,월요일,2,외지인(b),94962.0,20250714
30110,동구,1,월요일,3,외국인(c),764.7800000000001,20250714
30140,중구,1,월요일,1,현지인(a),128908.5,20250714
30140,중구,1,월요일,2,외지인(b),112052.5,20250714
30140,중구,1,월요일,3,외국인(c),541.35,20250714
30170,서구,1,월요일,1,현지인(a),279023.5,20250714
30170,서구,1,월요일,2,외지인(b),153975.5,20250714
30170,서구,1,월요일,3,외국인(c),1054.0900000000001,20250714
30200,유성구,1,월요일,1,현지인(a),259920.5,20250714
30200,유성구,1,월요일,2,외지인(b),147402.5,20250714
30200,유성구,1,월요일,3,외국인(c),1778.85,20250714
30230,대덕구,1,월요일,1,현지인(a),81196.5,20250714
30230,대덕구,1,월요일,2,외지인(b),66836.0,20250714
30230,대덕구,1,월요일,3,외국인(c),646.6700000000002,20250714
30110,동구,2,화요일,1,현지인(a),94080.0,20250715
30110,동구,2,화요일,2,외지인(b),97401.5,20250715
30110,동구,2,화요일,3,외국인(c),689.0899999999999,20250715
30140,중구,2,화요일,1,현지인(a),129804.5,20250715
30140,중구,2,화요일,2,외지인(b),115822.0,20250715
30140,중구,2,화요일,3,외국인(c),540.4899999999999,20250715
30170,서구,2,화요일,1,현지인(a),282996.0,20250715
30170,서구,2,화요일,2,외지인(b),164486.0,20250715
30170,서구,2,화요일,3,외국인(c),1265.9899999999998,20250715
30200,유성구,2,화요일,1,현지인(a),263749.5,20250715
30200,유성구,2,화요일,2,외지인(b),156352.0,20250715
30200,유성구,2,화요일,3,외국인(c),1833.3799999999997,20250715
30230,대덕구,2,화요일,1,현지인(a),82323.5,20250715
30230,대덕구,2,화요일,2,외지인(b),68778.5,20250715
30230,대덕구,2,화요일,3,외국인(c),752.4799999999999,20250715
30110,동구,3,수요일,1,현지인(a),92162.0,20250716
30110,동구,3,수요일,2,외지인(b),93457.0,20250716
30110,동구,3,수요일,3,외국인(c),778.1,20250716
30140,중구,3,수요일,1,현지인(a),128037.0,20250716
30140,중구,3,수요일,2,외지인(b),112367.5,20250716
30140,중구,3,수요일,3,외국인(c),521.8200000000002,20250716
30170,서구,3,수요일,1,현지인(a),279513.5,20250716
30170,서구,3,수요일,2,외지인(b),159638.5,20250716
30170,서구,3,수요일,3,외국인(c),1138.79,20250716
30200,유성구,3,수요일,1,현지인(a),259749.0,20250716
30200,유성구,3,수요일,2,외지인(b),150867.5,20250716
30200,유성구,3,수요일,3,외국인(c),1737.2899999999997,20250716
30230,대덕구,3,수요일,1,현지인(a),81070.5,20250716
30230,대덕구,3,수요일,2,외지인(b),65488.5,20250716
30230,대덕구,3,수요일,3,외국인(c),751.5899999999999,20250716
30110,동구,4,목요일,1,현지인(a),89936.0,20250717
30110,동구,4,목요일,2,외지인(b),89869.5,20250717
30110,동구,4,목요일,3,외국인(c),879.3000000000002,20250717
30140,중구,4,목요일,1,현지인(a),124341.0,20250717
30140,중구,4,목요일,2,외지인(b),100068.5,20250717
30140,중구,4,목요일,3,외국인(c),511.32000000000016,20250717
30170,서구,4,목요일,1,현지인(a),272233.5,20250717
30170,서구,4,목요일,2,외지인(b),145211.5,20250717
30170,서구,4,목요일,3,외국인(c),1110.88,20250717
30200,유성구,4,목요일,1,현지인(a),254390.5,20250717
30200,유성구,4,목요일,2,외지인(b),139597.5,20250717
30200,유성구,4,목요일,3,외국인(c),1680.97,20250717
30230,대덕구,4,목요일,1,현지인(a),78928.5,20250717
30230,대덕구,4,목요일,2,외지인(b),62118.0,20250717
30230,대덕구,4,목요일,3,외국인(c),706.0000000000001,20250717
30110,동구,5,금요일,1,현지인(a),94598.0,20250718
30110,동구,5,금요일,2,외지인(b),111020.0,20250718
30110,동구,5,금요일,3,외국인(c),941.6800000000001,20250718
30140,중구,5,금요일,1,현지인(a),132755.0,20250718
30140,중구,5,금요일,2,외지인(b),128775.5,20250718
30140,중구,5,금요일,3,외국인(c),500.89000000000016,20250718
30170,서구,5,금요일,1,현지인(a),288865.5,20250718
30170,서구,5,금요일,2,외지인(b),181702.5,20250718
30170,서구,5,금요일,3,외국인(c),1080.6599999999999,20250718
30200,유성구,5,금요일,1,현지인(a),265037.5,20250718
30200,유성구,5,금요일,2,외지인(b),165284.0,20250718
30200,유성구,5,금요일,3,외국인(c),1687.1099999999992,20250718
30230,대덕구,5,금요일,1,현지인(a),83895.0,20250718
30230,대덕구,5,금요일,2,외지인(b),74487.0,20250718
30230,대덕구,5,금요일,3,외국인(c),781.7099999999999,20250718
30110,동구,6,토요일,1,현지인(a),87139.5,20250719
30110,동구,6,토요일,2,외지인(b),135348.5,20250719
30110,동구,6,토요일,3,외국인(c),997.1100000000001,20250719
30140,중구,6,토요일,1,현지인(a),119514.5,20250719
30140,중구,6,토요일,2,외지인(b),158277.0,20250719
30140,중구,6,토요일,3,외국인(c),589.3100000000001,20250719
30170,서구,6,토요일,1,현지인(a),257806.5,20250719
30170,서구,6,토요일,2,외지인(b),223909.0,20250719
30170,서구,6,토요일,3,외국인(c),1283.9499999999998,20250719
30200,유성구,6,토요일,1,현지인(a),228504.5,20250719
30200,유성구,6,토요일,2,외지인(b),202541.5,20250719
30200,유성구,6,토요일,3,외국인(c),1722.7,20250719
30230,대덕구,6,토요일,1,현지인(a),72940.0,20250719
30230,대덕구,6,토요일,2,외지인(b),87461.5,20250719
30230,대덕구,6,토요일,3,외국인(c),785.5299999999996,20250719
30110,동구,7,일요일,1,현지인(a),86359.0,20250720
30110,동구,7,일요일,2,외지인(b),128793.0,20250720
30110,동구,7,일요일,3,외국인(c),905.5699999999998,20250720
30140,중구,7,일요일,1,현지인(a),117173.0,20250720
30140,중구,7,일요일,2,외지인(b),147780.5,20250720
30140,중구,7,일요일,3,외국인(c),693.3100000000002,20250720
30170,서구,7,일요일,1,현지인(a),252266.0,20250720
30170,서구,7,일요일,2,외지인(b),192843.0,20250720
30170,서구,7,일요일,3,외국인(c),1429.2299999999998,20250720
30200,유성구,7,일요일,1,현지인(a),227990.0,20250720
30200,유성구,7,일요일,2,외지인(b),184348.5,20250720
30200,유성구,7,일요일,3,외국인(c),2301.39,20250720
30230,대덕구,7,일요일,1,현지인(a),71757.0,20250720
30230,대덕구,7,일요일,2,외지인(b),78739.5,20250720
30230,대덕구,7,일요일,3,외국인(c),826.03,20250720
30110,동구,1,월요일,1,현지인(a),93443.0,20250721
30110,동구,1,월요일,2,외지인(b),104699.0,20250721
30110,동구,1,월요일,3,외국인(c),988.6700000000001,20250721
30140,중구,1,월요일,1,현지인(a),128814.0,20250721
30140,중구,1,월요일,2,외지인(b),121184.0,20250721
30140,중구,1,월요일,3,외국인(c),658.15,20250721
30170,서구,1,월요일,1,현지인(a),281372.0,20250721
30170,서구,1,월요일,2,외지인(b),170737.0,20250721
30170,서구,1,월요일,3,외국인(c),1367.8499999999997,20250721
30200,유성구,1,월요일,1,현지인(a),259105.0,20250721
30200,유성구,1,월요일,2,외지인(b),153314.0,20250721
30200,유성구,1,월요일,3,외국인(c),2431.3099999999995,20250721
30230,대덕구,1,월요일,1,현지인(a),81280.5,20250721
30230,대덕구,1,월요일,2,외지인(b),70374.5,20250721
30230,대덕구,1,월요일,3,외국인(c),771.4000000000001,20250721
30110,동구,2,화요일,1,현지인(a),93334.5,20250722
30110,동구,2,화요일,2,외지인(b),101353.0,20250722
30110,동구,2,화요일,3,외국인(c),811.2299999999998,20250722
30140,중구,2,화요일,1,현지인(a),128061.5,20250722
30140,중구,2,화요일,2,외지인(b),124358.5,20250722
30140,중구,2,화요일,3,외국인(c),695.6999999999997,20250722
30170,서구,2,화요일,1,현지인(a),281725.5,20250722
30170,서구,2,화요일,2,외지인(b),176610.0,20250722
30170,서구,2,화요일,3,외국인(c),1565.9400000000003,20250722
30200,유성구,2,화요일,1,현지인(a),261215.5,20250722
30200,유성구,2,화요일,2,외지인(b),169127.0,20250722
30200,유성구,2,화요일,3,외국인(c),2508.9699999999993,20250722
30230,대덕구,2,화요일,1,현지인(a),81809.0,20250722
30230,대덕구,2,화요일,2,외지인(b),73738.0,20250722
30230,대덕구,2,화요일,3,외국인(c),794.9700000000003,20250722
30110,동구,3,수요일,1,현지인(a),93093.0,20250723
30110,동구,3,수요일,2,외지인(b),104702.5,20250723
30110,동구,3,수요일,3,외국인(c),836.0400000000001,20250723
30140,중구,3,수요일,1,현지인(a),129832.5,20250723
30140,중구,3,수요일,2,외지인(b),127092.0,20250723
30140,중구,3,수요일,3,외국인(c),686.7099999999998,20250723
30170,서구,3,수요일,1,현지인(a),282835.0,20250723
30170,서구,3,수요일,2,외지인(b),179704.0,20250723
30170,서구,3,수요일,3,외국인(c),1481.5600000000002,20250723
30200,유성구,3,수요일,1,현지인(a),261999.5,20250723
30200,유성구,3,수요일,2,외지인(b),167048.0,20250723
30200,유성구,3,수요일,3,외국인(c),2647.9900000000002,20250723
30230,대덕구,3,수요일,1,현지인(a),81494.0,20250723
30230,대덕구,3,수요일,2,외지인(b),74774.0,20250723
30230,대덕구,3,수요일,3,외국인(c),802.41,20250723
30110,동구,4,목요일,1,현지인(a),92225.0,20250724
30110,동구,4,목요일,2,외지인(b),108017.0,20250724
30110,동구,4,목요일,3,외국인(c),893.0199999999999,20250724
30140,중구,4,목요일,1,현지인(a),128425.5,20250724
30140,중구,4,목요일,2,외지인(b),128313.5,20250724
30140,중구,4,목요일,3,외국인(c),651.3799999999999,20250724
30170,서구,4,목요일,1,현지인(a),280315.0,20250724
30170,서구,4,목요일,2,외지인(b),179361.0,20250724
30170,서구,4,목요일,3,외국인(c),1484.959999999999,20250724
30200,유성구,4,목요일,1,현지인(a),260515.5,20250724
30200,유성구,4,목요일,2,외지인(b),171668.0,20250724
30200,유성구,4,목요일,3,외국인(c),2499.18,20250724
30230,대덕구,4,목요일,1,현지인(a),80902.5,20250724
30230,대덕구,4,목요일,2,외지인(b),75649.0,20250724
30230,대덕구,4,목요일,3,외국인(c),825.4800000000002,20250724
30110,동구,5,금요일,1,현지인(a),93492.0,20250725
30110,동구,5,금요일,2,외지인(b),128765.0,20250725
30110,동구,5,금요일,3,외국인(c),1172.63,20250725
30140,중구,5,금요일,1,현지인(a),130284.0,20250725
30140,중구,5,금요일,2,외지인(b),157986.5,20250725
30140,중구,5,금요일,3,외국인(c),667.7500000000001,20250725
30170,서구,5,금요일,1,현지인(a),283150.0,20250725
30170,서구,5,금요일,2,외지인(b),203140.0,20250725
30170,서구,5,금요일,3,외국인(c),1401.17,20250725
30200,유성구,5,금요일,1,현지인(a),259777.0,20250725
30200,유성구,5,금요일,2,외지인(b),188940.5,20250725
30200,유성구,5,금요일,3,외국인(c),2269.37,20250725
30230,대덕구,5,금요일,1,현지인(a),81564.0,20250725
30230,대덕구,5,금요일,2,외지인(b),83016.5,20250725
30230,대덕구,5,금요일,3,외국인(c),702.4199999999998,20250725
30110,동구,6,토요일,1,현지인(a),86478.0,20250726
30110,동구,6,토요일,2,외지인(b),156957.5,20250726
30110,동구,6,토요일,3,외국인(c),878.1800000000001,20250726
30140,중구,6,토요일,1,현지인(a),119637.0,20250726
30140,중구,6,토요일,2,외지인(b),193347.0,20250726
30140,중구,6,토요일,3,외국인(c),642.98,20250726
30170,서구,6,토요일,1,현지인(a),255577.0,20250726
30170,서구,6,토요일,2,외지인(b),242588.5,20250726
30170,서구,6,토요일,3,외국인(c),1236.5,20250726
30200,유성구,6,토요일,1,현지인(a),226611.0,20250726
30200,유성구,6,토요일,2,외지인(b),221179.0,20250726
30200,유성구,6,토요일,3,외국인(c),1542.1799999999998,20250726
30230,대덕구,6,토요일,1,현지인(a),72516.5,20250726
30230,대덕구,6,토요일,2,외지인(b),96922.0,20250726
30230,대덕구,6,토요일,3,외국인(c),650.7200000000003,20250726
30110,동구,7,일요일,1,현지인(a),84150.5,20250727
30110,동구,7,일요일,2,외지인(b),134403.5,20250727
30110,동구,7,일요일,3,외국인(c),919.7000000000002,20250727
30140,중구,7,일요일,1,현지인(a),113893.5,20250727
30140,중구,7,일요일,2,외지인(b),160254.5,20250727
30140,중구,7,일요일,3,외국인(c),607.27,20250727
30170,서구,7,일요일,1,현지인(a),246330.0,20250727
30170,서구,7,일요일,2,외지인(b),197694.0,20250727
30170,서구,7,일요일,3,외국인(c),1092.7500000000002,20250727
30200,유성구,7,일요일,1,현지인(a),219929.5,20250727
30200,유성구,7,일요일,2,외지인(b),198481.5,20250727
30200,유성구,7,일요일,3,외국인(c),1647.3299999999995,20250727
30230,대덕구,7,일요일,1,현지인(a),68939.5,20250727
30230,대덕구,7,일요일,2,외지인(b),81294.5,20250727
30230,대덕구,7,일요일,3,외국인(c),693.08,20250727
30110,동구,1,월요일,1,현지인(a),91049.0,20250728
30110,동구,1,월요일,2,외지인(b),114576.0,20250728
30110,동구,1,월요일,3,외국인(c),962.6100000000001,20250728
30140,중구,1,월요일,1,현지인(a),126035.0,20250728
30140,중구,1,월요일,2,외지인(b),136181.5,20250728
30140,중구,1,월요일,3,외국인(c),664.6800000000001,20250728
30170,서구,1,월요일,1,현지인(a),273479.5,20250728
30170,서구,1,월요일,2,외지인(b),189409.5,20250728
30170,서구,1,월요일,3,외국인(c),1265.6599999999999,20250728
30200,유성구,1,월요일,1,현지인(a),249123.0,20250728
30200,유성구,1,월요일,2,외지인(b),172375.0,20250728
30200,유성구,1,월요일,3,외국인(c),1884.4099999999999,20250728
30230,대덕구,1,월요일,1,현지인(a),78249.5,20250728
30230,대덕구,1,월요일,2,외지인(b),77626.5,20250728
30230,대덕구,1,월요일,3,외국인(c),858.4999999999995,20250728
30110,동구,2,화요일,1,현지인(a),90174.0,20250729
30110,동구,2,화요일,2,외지인(b),117981.5,20250729
30110,동구,2,화요일,3,외국인(c),969.25,20250729
30140,중구,2,화요일,1,현지인(a),125811.0,20250729
30140,중구,2,화요일,2,외지인(b),151784.5,20250729
30140,중구,2,화요일,3,외국인(c),600.1800000000001,20250729
30170,서구,2,화요일,1,현지인(a),273112.0,20250729
30170,서구,2,화요일,2,외지인(b),194432.0,20250729
30170,서구,2,화요일,3,외국인(c),1297.9400000000005,20250729
30200,유성구,2,화요일,1,현지인(a),251034.0,20250729
30200,유성구,2,화요일,2,외지인(b),181394.5,20250729
30200,유성구,2,화요일,3,외국인(c),1866.9299999999996,20250729
30230,대덕구,2,화요일,1,현지인(a),78218.0,20250729
30230,대덕구,2,화요일,2,외지인(b),78708.0,20250729
30230,대덕구,2,화요일,3,외국인(c),919.9199999999995,20250729
30110,동구,3,수요일,1,현지인(a),90853.0,20250730
30110,동구,3,수요일,2,외지인(b),122948.0,20250730
30110,동구,3,수요일,3,외국인(c),933.7400000000001,20250730
30140,중구,3,수요일,1,현지인(a),126570.5,20250730
30140,중구,3,수요일,2,외지인(b),157038.0,20250730
30140,중구,3,수요일,3,외국인(c),714.4400000000002,20250730
30170,서구,3,수요일,1,현지인(a),277658.5,20250730
30170,서구,3,수요일,2,외지인(b),202615.0,20250730
30170,서구,3,수요일,3,외국인(c),1265.0700000000002,20250730
30200,유성구,3,수요일,1,현지인(a),253634.5,20250730
30200,유성구,3,수요일,2,외지인(b),185657.5,20250730
30200,유성구,3,수요일,3,외국인(c),2010.5400000000002,20250730
30230,대덕구,3,수요일,1,현지인(a),78694.0,20250730
30230,대덕구,3,수요일,2,외지인(b),83149.5,20250730
30230,대덕구,3,수요일,3,외국인(c),839.4000000000002,20250730
30110,동구,4,목요일,1,현지인(a),90083.0,20250731
30110,동구,4,목요일,2,외지인(b),124537.0,20250731
30110,동구,4,목요일,3,외국인(c),1014.5100000000001,20250731
30140,중구,4,목요일,1,현지인(a),125398.0,20250731
30140,중구,4,목요일,2,외지인(b),158651.5,20250731
30140,중구,4,목요일,3,외국인(c),741.2700000000002,20250731
30170,서구,4,목요일,1,현지인(a),274130.5,20250731
30170,서구,4,목요일,2,외지인(b),201789.0,20250731
30170,서구,4,목요일,3,외국인(c),1239.5600000000002,20250731
30200,유성구,4,목요일,1,현지인(a),250348.0,20250731
30200,유성구,4,목요일,2,외지인(b),187992.0,20250731
30200,유성구,4,목요일,3,외국인(c),1890.2300000000002,20250731
30230,대덕구,4,목요일,1,현지인(a),77003.5,20250731
30230,대덕구,4,목요일,2,외지인(b),81438.0,20250731
30230,대덕구,4,목요일,3,외국인(c),778.8000000000001,20250731
30110,동구,5,금요일,1,현지인(a),89355.0,20250801
30110,동구,5,금요일,2,외지인(b),119633.5,20250801
30110,동구,5,금요일,3,외국인(c),936.8099999999997,20250801
30140,중구,5,금요일,1,현지인(a),125125.0,20250801
30140,중구,5,금요일,2,외지인(b),135107.0,20250801
30140,중구,5,금요일,3,외국인(c),655.72,20250801
30170,서구,5,금요일,1,현지인(a),275996.0,20250801
30170,서구,5,금요일,2,외지인(b),180558.0,20250801
30170,서구,5,금요일,3,외국인(c),1312.51,20250801
30200,유성구,5,금요일,1,현지인(a),252906.5,20250801
30200,유성구,5,금요일,2,외지인(b),165949.0,20250801
30200,유성구,5,금요일,3,외국인(c),1775.5699999999997,20250801
30230,대덕구,5,금요일,1,현지인(a),78200.5,20250801
30230,대덕구,5,금요일,2,외지인(b),75243.0,20250801
30230,대덕구,5,금요일,3,외국인(c),707.1899999999999,20250801
30110,동구,6,토요일,1,현지인(a),83258.0,20250802
30110,동구,6,토요일,2,외지인(b),143626.0,20250802
30110,동구,6,토요일,3,외국인(c),884.49,20250802
30140,중구,6,토요일,1,현지인(a),116441.5,20250802
30140,중구,6,토요일,2,외지인(b),161343.0,20250802
30140,중구,6,토요일,3,외국인(c),650.4999999999999,20250802
30170,서구,6,토요일,1,현지인(a),253018.5,20250802
30170,서구,6,토요일,2,외지인(b),215558.0,20250802
30170,서구,6,토요일,3,외국인(c),1190.9,20250802
30200,유성구,6,토요일,1,현지인(a),223485.5,20250802
30200,유성구,6,토요일,2,외지인(b),197253.0,20250802
30200,유성구,6,토요일,3,외국인(c),1515.7,20250802
30230,대덕구,6,토요일,1,현지인(a),70189.0,20250802
30230,대덕구,6,토요일,2,외지인(b),87528.0,20250802
30230,대덕구,6,토요일,3,외국인(c),616.75,20250802
30110,동구,7,일요일,1,현지인(a),81091.5,20250803
30110,동구,7,일요일,2,외지인(b),122923.5,20250803
30110,동구,7,일요일,3,외국인(c),941.3600000000002,20250803
30140,중구,7,일요일,1,현지인(a),112297.5,20250803
30140,중구,7,일요일,2,외지인(b),133042.0,20250803
30140,중구,7,일요일,3,외국인(c),634.3000000000003,20250803
30170,서구,7,일요일,1,현지인(a),244188.0,20250803
30170,서구,7,일요일,2,외지인(b),171997.0,20250803
30170,서구,7,일요일,3,외국인(c),1097.4700000000003,20250803
30200,유성구,7,일요일,1,현지인(a),219877.0,20250803
30200,유성구,7,일요일,2,외지인(b),158795.0,20250803
30200,유성구,7,일요일,3,외국인(c),1448.4599999999996,20250803
30230,대덕구,7,일요일,1,현지인(a),67742.5,20250803
30230,대덕구,7,일요일,2,외지인(b),72023.0,20250803
30230,대덕구,7,일요일,3,외국인(c),698.4,20250803
30110,동구,1,월요일,1,현지인(a),88473.0,20250804
30110,동구,1,월요일,2,외지인(b),95399.5,20250804
30110,동구,1,월요일,3,외국인(c),977.3100000000001,20250804
30140,중구,1,월요일,1,현지인(a),125730.5,20250804
30140,중구,1,월요일,2,외지인(b),114268.0,20250804
30140,중구,1,월요일,3,외국인(c),642.5500000000001,20250804
30170,서구,1,월요일,1,현지인(a),277445.0,20250804
30170,서구,1,월요일,2,외지인(b),153100.5,20250804
30170,서구,1,월요일,3,외국인(c),1194.3500000000001,20250804
30200,유성구,1,월요일,1,현지인(a),254380.0,20250804
30200,유성구,1,월요일,2,외지인(b),137497.5,20250804
30200,유성구,1,월요일,3,외국인(c),1690.9499999999994,20250804
30230,대덕구,1,월요일,1,현지인(a),78634.5,20250804
30230,대덕구,1,월요일,2,외지인(b),63262.5,20250804
30230,대덕구,1,월요일,3,외국인(c),804.4200000000001,20250804
30110,동구,2,화요일,1,현지인(a),88669.0,20250805
30110,동구,2,화요일,2,외지인(b),98756.0,20250805
30110,동구,2,화요일,3,외국인(c),919.8800000000001,20250805
30140,중구,2,화요일,1,현지인(a),126584.5,20250805
30140,중구,2,화요일,2,외지인(b),128387.0,20250805
30140,중구,2,화요일,3,외국인(c),536.8000000000001,20250805
30170,서구,2,화요일,1,현지인(a),279030.5,20250805
30170,서구,2,화요일,2,외지인(b),155848.0,20250805
30170,서구,2,화요일,3,외국인(c),1152.2899999999997,20250805
30200,유성구,2,화요일,1,현지인(a),257932.5,20250805
30200,유성구,2,화요일,2,외지인(b),141526.0,20250805
30200,유성구,2,화요일,3,외국인(c),1688.44,20250805
30230,대덕구,2,화요일,1,현지인(a),79996.0,20250805
30230,대덕구,2,화요일,2,외지인(b),65457.0,20250805
30230,대덕구,2,화요일,3,외국인(c),780.5700000000003,20250805
30110,동구,3,수요일,1,현지인(a),88893.0,20250806
30110,동구,3,수요일,2,외지인(b),96421.5,20250806
30110,동구,3,수요일,3,외국인(c),734.19,20250806
30140,중구,3,수요일,1,현지인(a),125524.0,20250806
30140,중구,3,수요일,2,외지인(b),119623.0,20250806
30140,중구,3,수요일,3,외국인(c),517.72,20250806
30170,서구,3,수요일,1,현지인(a),278733.0,20250806
30170,서구,3,수요일,2,외지인(b),152313.0,20250806
30170,서구,3,수요일,3,외국인(c),1051.9099999999999,20250806
30200,유성구,3,수요일,1,현지인(a),257022.5,20250806
30200,유성구,3,수요일,2,외지인(b),137718.0,20250806
30200,유성구,3,수요일,3,외국인(c),1292.2300000000002,20250806
30230,대덕구,3,수요일,1,현지인(a),79516.5,20250806
30230,대덕구,3,수요일,2,외지인(b),62534.5,20250806
30230,대덕구,3,수요일,3,외국인(c),611.3399999999999,20250806
30110,동구,4,목요일,1,현지인(a),89274.5,20250807
30110,동구,4,목요일,2,외지인(b),100562.0,20250807
30110,동구,4,목요일,3,외국인(c),836.5900000000003,20250807
30140,중구,4,목요일,1,현지인(a),126826.0,20250807
30140,중구,4,목요일,2,외지인(b),131792.5,20250807
30140,중구,4,목요일,3,외국인(c),542.7600000000001,20250807
30170,서구,4,목요일,1,현지인(a),280035.0,20250807
30170,서구,4,목요일,2,외지인(b),158196.5,20250807
30170,서구,4,목요일,3,외국인(c),1199.48,20250807
30200,유성구,4,목요일,1,현지인(a),258678.0,20250807
30200,유성구,4,목요일,2,외지인(b),150454.5,20250807
30200,유성구,4,목요일,3,외국인(c),1479.5999999999995,20250807
30230,대덕구,4,목요일,1,현지인(a),79674.0,20250807
30230,대덕구,4,목요일,2,외지인(b),66269.0,20250807
30230,대덕구,4,목요일,3,외국인(c),690.5400000000002,20250807
30110,동구,5,금요일,1,현지인(a),91913.5,20250808
30110,동구,5,금요일,2,외지인(b),123214.0,20250808
30110,동구,5,금요일,3,외국인(c),1084.8300000000002,20250808
30140,중구,5,금요일,1,현지인(a),130084.5,20250808
30140,중구,5,금요일,2,외지인(b),150332.0,20250808
30140,중구,5,금요일,3,외국인(c),696.1199999999998,20250808
30170,서구,5,금요일,1,현지인(a),283745.0,20250808
30170,서구,5,금요일,2,외지인(b),180064.5,20250808
30170,서구,5,금요일,3,외국인(c),1349.0300000000002,20250808
30200,유성구,5,금요일,1,현지인(a),260792.0,20250808
30200,유성구,5,금요일,2,외지인(b),166169.5,20250808
30200,유성구,5,금요일,3,외국인(c),1663.1000000000001,20250808
30230,대덕구,5,금요일,1,현지인(a),81277.0,20250808
30230,대덕구,5,금요일,2,외지인(b),73108.0,20250808
30230,대덕구,5,금요일,3,외국인(c),716.0399999999997,20250808
30110,동구,6,토요일,1,현지인(a),85050.0,20250809
30110,동구,6,토요일,2,외지인(b),154294.0,20250809
30110,동구,6,토요일,3,외국인(c),972.1500000000004,20250809
30140,중구,6,토요일,1,현지인(a),119917.0,20250809
30140,중구,6,토요일,2,외지인(b),190291.5,20250809
30140,중구,6,토요일,3,외국인(c),766.4100000000001,20250809
30170,서구,6,토요일,1,현지인(a),257950.0,20250809
30170,서구,6,토요일,2,외지인(b),219299.5,20250809
30170,서구,6,토요일,3,외국인(c),1254.4299999999998,20250809
30200,유성구,6,토요일,1,현지인(a),229995.5,20250809
30200,유성구,6,토요일,2,외지인(b),200392.5,20250809
30200,유성구,6,토요일,3,외국인(c),1395.6700000000005,20250809
30230,대덕구,6,토요일,1,현지인(a),73335.5,20250809
30230,대덕구,6,토요일,2,외지인(b),88021.5,20250809
30230,대덕구,6,토요일,3,외국인(c),609.4100000000001,20250809
30110,동구,7,일요일,1,현지인(a),84136.5,20250810
30110,동구,7,일요일,2,외지인(b),141634.5,20250810
30110,동구,7,일요일,3,외국인(c),981.7100000000003,20250810
30140,중구,7,일요일,1,현지인(a),117579.0,20250810
30140,중구,7,일요일,2,외지인(b),172497.5,20250810
30140,중구,7,일요일,3,외국인(c),649.51,20250810
30170,서구,7,일요일,1,현지인(a),250985.0,20250810
30170,서구,7,일요일,2,외지인(b),180054.0,20250810
30170,서구,7,일요일,3,외국인(c),1254.7099999999996,20250810
30200,유성구,7,일요일,1,현지인(a),227941.0,20250810
30200,유성구,7,일요일,2,외지인(b),173708.5,20250810
30200,유성구,7,일요일,3,외국인(c),1393.43,20250810
30230,대덕구,7,일요일,1,현지인(a),70448.0,20250810
30230,대덕구,7,일요일,2,외지인(b),75929.0,20250810
30230,대덕구,7,일요일,3,외국인(c),628.4099999999999,20250810
30110,동구,1,월요일,1,현지인(a),90160.0,20250811
30110,동구,1,월요일,2,외지인(b),102742.5,20250811
30110,동구,1,월요일,3,외국인(c),840.6500000000001,20250811
30140,중구,1,월요일,1,현지인(a),126290.5,20250811
30140,중구,1,월요일,2,외지인(b),127662.5,20250811
30140,중구,1,월요일,3,외국인(c),529.9099999999999,20250811
30170,서구,1,월요일,1,현지인(a),278890.5,20250811
30170,서구,1,월요일,2,외지인(b),157815.0,20250811
30170,서구,1,월요일,3,외국인(c),1171.6800000000003,20250811
30200,유성구,1,월요일,1,현지인(a),256256.0,20250811
30200,유성구,1,월요일,2,외지인(b),143367.0,20250811
30200,유성구,1,월요일,3,외국인(c),1470.0800000000002,20250811
30230,대덕구,1,월요일,1,현지인(a),79145.5,20250811
30230,대덕구,1,월요일,2,외지인(b),65488.5,20250811
30230,대덕구,1,월요일,3,외국인(c),595.53,20250811
30110,동구,2,화요일,1,현지인(a),90188.0,20250812
30110,동구,2,화요일,2,외지인(b),109301.5,20250812
30110,동구,2,화요일,3,외국인(c),820.8199999999999,20250812
30140,중구,2,화요일,1,현지인(a),127732.5,20250812
30140,중구,2,화요일,2,외지인(b),141956.5,20250812
30140,중구,2,화요일,3,외국인(c),645.2199999999998,20250812
30170,서구,2,화요일,1,현지인(a),280854.0,20250812
30170,서구,2,화요일,2,외지인(b),160989.5,20250812
30170,서구,2,화요일,3,외국인(c),1110.4800000000002,20250812
30200,유성구,2,화요일,1,현지인(a),260862.0,20250812
30200,유성구,2,화요일,2,외지인(b),154493.5,20250812
30200,유성구,2,화요일,3,외국인(c),1320.25,20250812
30230,대덕구,2,화요일,1,현지인(a),80969.0,20250812
30230,대덕구,2,화요일,2,외지인(b),67784.5,20250812
30230,대덕구,2,화요일,3,외국인(c),588.4300000000001,20250812
30110,동구,3,수요일,1,현지인(a),91364.0,20250813
30110,동구,3,수요일,2,외지인(b),111919.5,20250813
30110,동구,3,수요일,3,외국인(c),820.1499999999999,20250813
30140,중구,3,수요일,1,현지인(a),126822.5,20250813
30140,중구,3,수요일,2,외지인(b),147455.0,20250813
30140,중구,3,수요일,3,외국인(c),500.86999999999995,20250813
30170,서구,3,수요일,1,현지인(a),281134.0,20250813
30170,서구,3,수요일,2,외지인(b),169984.5,20250813
30170,서구,3,수요일,3,외국인(c),1046.66,20250813
30200,유성구,3,수요일,1,현지인(a),258534.5,20250813
30200,유성구,3,수요일,2,외지인(b),155522.5,20250813
30200,유성구,3,수요일,3,외국인(c),1268.7600000000004,20250813
30230,대덕구,3,수요일,1,현지인(a),80853.5,20250813
30230,대덕구,3,수요일,2,외지인(b),67039.0,20250813
30230,대덕구,3,수요일,3,외국인(c),585.38,20250813
30110,동구,4,목요일,1,현지인(a),91476.0,20250814
30110,동구,4,목요일,2,외지인(b),130126.5,20250814
30110,동구,4,목요일,3,외국인(c),830.31,20250814
30140,중구,4,목요일,1,현지인(a),129181.5,20250814
30140,중구,4,목요일,2,외지인(b),168080.5,20250814
30140,중구,4,목요일,3,외국인(c),645.12,20250814
30170,서구,4,목요일,1,현지인(a),281452.5,20250814
30170,서구,4,목요일,2,외지인(b),184268.0,20250814
30170,서구,4,목요일,3,외국인(c),918.7599999999999,20250814
30200,유성구,4,목요일,1,현지인(a),260225.0,20250814
30200,유성구,4,목요일,2,외지인(b),172518.5,20250814
30200,유성구,4,목요일,3,외국인(c),1225.81,20250814
30230,대덕구,4,목요일,1,현지인(a),80836.0,20250814
30230,대덕구,4,목요일,2,외지인(b),75376.0,20250814
30230,대덕구,4,목요일,3,외국인(c),594.49,20250814
30110,동구,5,금요일,1,현지인(a),81847.5,20250815
30110,동구,5,금요일,2,외지인(b),154598.5,20250815
30110,동구,5,금요일,3,외국인(c),764.9999999999999,20250815
30140,중구,5,금요일,1,현지인(a),115808.0,20250815
30140,중구,5,금요일,2,외지인(b),199920.0,20250815
30140,중구,5,금요일,3,외국인(c),539.2900000000001,20250815
30170,서구,5,금요일,1,현지인(a),241815.0,20250815
30170,서구,5,금요일,2,외지인(b),207144.0,20250815
30170,서구,5,금요일,3,외국인(c),931.0400000000001,20250815
30200,유성구,5,금요일,1,현지인(a),218169.0,20250815
30200,유성구,5,금요일,2,외지인(b),195947.5,20250815
30200,유성구,5,금요일,3,외국인(c),1147.0800000000002,20250815
30230,대덕구,5,금요일,1,현지인(a),69874.0,20250815
30230,대덕구,5,금요일,2,외지인(b),89901.0,20250815
30230,대덕구,5,금요일,3,외국인(c),543.1799999999998,20250815
30110,동구,6,토요일,1,현지인(a),81707.5,20250816
30110,동구,6,토요일,2,외지인(b),153034.0,20250816
30110,동구,6,토요일,3,외국인(c),857.5,20250816
30140,중구,6,토요일,1,현지인(a),114089.5,20250816
30140,중구,6,토요일,2,외지인(b),192825.5,20250816
30140,중구,6,토요일,3,외국인(c),576.74,20250816
30170,서구,6,토요일,1,현지인(a),243470.5,20250816
30170,서구,6,토요일,2,외지인(b),222474.0,20250816
30170,서구,6,토요일,3,외국인(c),904.49,20250816
30200,유성구,6,토요일,1,현지인(a),215117.0,20250816
30200,유성구,6,토요일,2,외지인(b),203728.0,20250816
30200,유성구,6,토요일,3,외국인(c),1127.0600000000004,20250816
30230,대덕구,6,토요일,1,현지인(a),69163.5,20250816
30230,대덕구,6,토요일,2,외지인(b),88308.5,20250816
30230,대덕구,6,토요일,3,외국인(c),525.4100000000002,20250816
30110,동구,7,일요일,1,현지인(a),82383.0,20250817
30110,동구,7,일요일,2,외지인(b),126808.5,20250817
30110,동구,7,일요일,3,외국인(c),773.6499999999999,20250817
30140,중구,7,일요일,1,현지인(a),113197.0,20250817
30140,중구,7,일요일,2,외지인(b),135607.5,20250817
30140,중구,7,일요일,3,외국인(c),433.52000000000004,20250817
30170,서구,7,일요일,1,현지인(a),248591.0,20250817
30170,서구,7,일요일,2,외지인(b),181174.0,20250817
30170,서구,7,일요일,3,외국인(c),907.77,20250817
30200,유성구,7,일요일,1,현지인(a),223569.5,20250817
30200,유성구,7,일요일,2,외지인(b),167618.5,20250817
30200,유성구,7,일요일,3,외국인(c),1219.85,20250817
30230,대덕구,7,일요일,1,현지인(a),69839.0,20250817
30230,대덕구,7,일요일,2,외지인(b),74658.5,20250817
30230,대덕구,7,일요일,3,외국인(c),501.9199999999999,20250817
30110,동구,1,월요일,1,현지인(a),91045.5,20250818
30110,동구,1,월요일,2,외지인(b),98549.5,20250818
30110,동구,1,월요일,3,외국인(c),785.8800000000001,20250818
30140,중구,1,월요일,1,현지인(a),127088.5,20250818
30140,중구,1,월요일,2,외지인(b),113921.5,20250818
30140,중구,1,월요일,3,외국인(c),433.79,20250818
30170,서구,1,월요일,1,현지인(a),280203.0,20250818
30170,서구,1,월요일,2,외지인(b),158578.0,20250818
30170,서구,1,월요일,3,외국인(c),895.9799999999999,20250818
30200,유성구,1,월요일,1,현지인(a),256903.5,20250818
30200,유성구,1,월요일,2,외지인(b),141795.5,20250818
30200,유성구,1,월요일,3,외국인(c),1342.54,20250818
30230,대덕구,1,월요일,1,현지인(a),80951.5,20250818
30230,대덕구,1,월요일,2,외지인(b),65908.5,20250818
30230,대덕구,1,월요일,3,외국인(c),533.0899999999999,20250818
30110,동구,2,화요일,1,현지인(a),90797.0,20250819
30110,동구,2,화요일,2,외지인(b),101251.5,20250819
30110,동구,2,화요일,3,외국인(c),781.21,20250819
30140,중구,2,화요일,1,현지인(a),128254.0,20250819
30140,중구,2,화요일,2,외지인(b),126462.0,20250819
30140,중구,2,화요일,3,외국인(c),500.69000000000005,20250819
30170,서구,2,화요일,1,현지인(a),281200.5,20250819
30170,서구,2,화요일,2,외지인(b),158567.5,20250819
30170,서구,2,화요일,3,외국인(c),1037.03,20250819
30200,유성구,2,화요일,1,현지인(a),261460.5,20250819
30200,유성구,2,화요일,2,외지인(b),150776.5,20250819
30200,유성구,2,화요일,3,외국인(c),1408.9300000000003,20250819
30230,대덕구,2,화요일,1,현지인(a),81767.0,20250819
30230,대덕구,2,화요일,2,외지인(b),67882.5,20250819
30230,대덕구,2,화요일,3,외국인(c),690.5500000000001,20250819
30110,동구,3,수요일,1,현지인(a),90755.0,20250820
30110,동구,3,수요일,2,외지인(b),101776.5,20250820
30110,동구,3,수요일,3,외국인(c),917.62,20250820
30140,중구,3,수요일,1,현지인(a),128485.0,20250820
30140,중구,3,수요일,2,외지인(b),126238.0,20250820
30140,중구,3,수요일,3,외국인(c),513.7300000000001,20250820
30170,서구,3,수요일,1,현지인(a),283930.5,20250820
30170,서구,3,수요일,2,외지인(b),162039.5,20250820
30170,서구,3,수요일,3,외국인(c),1033.99,20250820
30200,유성구,3,수요일,1,현지인(a),261852.5,20250820
30200,유성구,3,수요일,2,외지인(b),150178.0,20250820
30200,유성구,3,수요일,3,외국인(c),1492.2300000000002,20250820
30230,대덕구,3,수요일,1,현지인(a),82033.0,20250820
30230,대덕구,3,수요일,2,외지인(b),67301.5,20250820
30230,대덕구,3,수요일,3,외국인(c),598.6600000000001,20250820
30110,동구,4,목요일,1,현지인(a),91336.0,20250821
30110,동구,4,목요일,2,외지인(b),104419.0,20250821
30110,동구,4,목요일,3,외국인(c),957.11,20250821
30140,중구,4,목요일,1,현지인(a),127809.5,20250821
30140,중구,4,목요일,2,외지인(b),128047.5,20250821
30140,중구,4,목요일,3,외국인(c),530.2500000000001,20250821
30170,서구,4,목요일,1,현지인(a),282929.5,20250821
30170,서구,4,목요일,2,외지인(b),163005.5,20250821
30170,서구,4,목요일,3,외국인(c),1109.98,20250821
30200,유성구,4,목요일,1,현지인(a),261355.5,20250821
30200,유성구,4,목요일,2,외지인(b),154042.0,20250821
30200,유성구,4,목요일,3,외국인(c),1636.2100000000003,20250821
30230,대덕구,4,목요일,1,현지인(a),81518.5,20250821
30230,대덕구,4,목요일,2,외지인(b),68957.0,20250821
30230,대덕구,4,목요일,3,외국인(c),637.3500000000001,20250821
30110,동구,5,금요일,1,현지인(a),93009.0,20250822
30110,동구,5,금요일,2,외지인(b),124579.0,20250822
30110,동구,5,금요일,3,외국인(c),1009.1000000000001,20250822
30140,중구,5,금요일,1,현지인(a),130567.5,20250822
30140,중구,5,금요일,2,외지인(b),142649.5,20250822
30140,중구,5,금요일,3,외국인(c),589.4800000000001,20250822
30170,서구,5,금요일,1,현지인(a),286769.0,20250822
30170,서구,5,금요일,2,외지인(b),186116.0,20250822
30170,서구,5,금요일,3,외국인(c),1019.6899999999998,20250822
30200,유성구,5,금요일,1,현지인(a),263616.5,20250822
30200,유성구,5,금요일,2,외지인(b),173236.0,20250822
30200,유성구,5,금요일,3,외국인(c),1583.31,20250822
30230,대덕구,5,금요일,1,현지인(a),82827.5,20250822
30230,대덕구,5,금요일,2,외지인(b),76006.0,20250822
30230,대덕구,5,금요일,3,외국인(c),587.9700000000001,20250822
30110,동구,6,토요일,1,현지인(a),85540.0,20250823
30110,동구,6,토요일,2,외지인(b),159789.0,20250823
30110,동구,6,토요일,3,외국인(c),975.3100000000001,20250823
30140,중구,6,토요일,1,현지인(a),118104.0,20250823
30140,중구,6,토요일,2,외지인(b),186872.0,20250823
30140,중구,6,토요일,3,외국인(c),530.4100000000001,20250823
30170,서구,6,토요일,1,현지인(a),261072.0,20250823
30170,서구,6,토요일,2,외지인(b),245115.5,20250823
30170,서구,6,토요일,3,외국인(c),1005.9999999999999,20250823
30200,유성구,6,토요일,1,현지인(a),232799.0,20250823
30200,유성구,6,토요일,2,외지인(b),229194.0,20250823
30200,유성구,6,토요일,3,외국인(c),1263.98,20250823
30230,대덕구,6,토요일,1,현지인(a),73678.5,20250823
30230,대덕구,6,토요일,2,외지인(b),95553.5,20250823
30230,대덕구,6,토요일,3,외국인(c),479.31999999999994,20250823
30110,동구,7,일요일,1,현지인(a),82533.5,20250824
30110,동구,7,일요일,2,외지인(b),136027.5,20250824
30110,동구,7,일요일,3,외국인(c),992.1600000000001,20250824
30140,중구,7,일요일,1,현지인(a),113781.5,20250824
30140,중구,7,일요일,2,외지인(b),151641.0,20250824
30140,중구,7,일요일,3,외국인(c),492.58000000000004,20250824
30170,서구,7,일요일,1,현지인(a),249854.5,20250824
30170,서구,7,일요일,2,외지인(b),197410.5,20250824
30170,서구,7,일요일,3,외국인(c),1142.4000000000003,20250824
30200,유성구,7,일요일,1,현지인(a),226471.0,20250824
30200,유성구,7,일요일,2,외지인(b),190904.0,20250824
30200,유성구,7,일요일,3,외국인(c),1346.9800000000002,20250824
30230,대덕구,7,일요일,1,현지인(a),69664.0,20250824
30230,대덕구,7,일요일,2,외지인(b),81347.0,20250824
30230,대덕구,7,일요일,3,외국인(c),493.34000000000003,20250824
30110,동구,1,월요일,1,현지인(a),92326.5,20250825
30110,동구,1,월요일,2,외지인(b),105560.0,20250825
30110,동구,1,월요일,3,외국인(c),956.7599999999999,20250825
30140,중구,1,월요일,1,현지인(a),127739.5,20250825
30140,중구,1,월요일,2,외지인(b),116872.0,20250825
30140,중구,1,월요일,3,외국인(c),429.23999999999995,20250825
30170,서구,1,월요일,1,현지인(a),281760.5,20250825
30170,서구,1,월요일,2,외지인(b),165242.0,20250825
30170,서구,1,월요일,3,외국인(c),1171.4200000000003,20250825
30200,유성구,1,월요일,1,현지인(a),258639.5,20250825
30200,유성구,1,월요일,2,외지인(b),151770.5,20250825
30200,유성구,1,월요일,3,외국인(c),1670.6999999999996,20250825
30230,대덕구,1,월요일,1,현지인(a),81074.0,20250825
30230,대덕구,1,월요일,2,외지인(b),69324.5,20250825
30230,대덕구,1,월요일,3,외국인(c),519.7700000000001,20250825
30110,동구,2,화요일,1,현지인(a),91283.5,20250826
30110,동구,2,화요일,2,외지인(b),105203.0,20250826
30110,동구,2,화요일,3,외국인(c),964.12,20250826
30140,중구,2,화요일,1,현지인(a),126651.0,20250826
30140,중구,2,화요일,2,외지인(b),114646.0,20250826
30140,중구,2,화요일,3,외국인(c),488.97999999999996,20250826
30170,서구,2,화요일,1,현지인(a),280164.5,20250826
30170,서구,2,화요일,2,외지인(b),163355.5,20250826
30170,서구,2,화요일,3,외국인(c),1046.2,20250826
30200,유성구,2,화요일,1,현지인(a),260620.5,20250826
30200,유성구,2,화요일,2,외지인(b),154318.5,20250826
30200,유성구,2,화요일,3,외국인(c),1594.15,20250826
30230,대덕구,2,화요일,1,현지인(a),81133.5,20250826
30230,대덕구,2,화요일,2,외지인(b),67630.5,20250826
30230,대덕구,2,화요일,3,외국인(c),530.8699999999999,20250826
30110,동구,3,수요일,1,현지인(a),92295.0,20250827
30110,동구,3,수요일,2,외지인(b),107719.5,20250827
30110,동구,3,수요일,3,외국인(c),1064.05,20250827
30140,중구,3,수요일,1,현지인(a),127858.5,20250827
30140,중구,3,수요일,2,외지인(b),119535.5,20250827
30140,중구,3,수요일,3,외국인(c),540.2199999999999,20250827
30170,서구,3,수요일,1,현지인(a),284833.5,20250827
30170,서구,3,수요일,2,외지인(b),172809.0,20250827
30170,서구,3,수요일,3,외국인(c),1050.97,20250827
30200,유성구,3,수요일,1,현지인(a),262031.0,20250827
30200,유성구,3,수요일,2,외지인(b),158144.0,20250827
30200,유성구,3,수요일,3,외국인(c),1778.8899999999999,20250827
30230,대덕구,3,수요일,1,현지인(a),81697.0,20250827
30230,대덕구,3,수요일,2,외지인(b),69790.0,20250827
30230,대덕구,3,수요일,3,외국인(c),563.6199999999999,20250827
30110,동구,4,목요일,1,현지인(a),92379.0,20250828
30110,동구,4,목요일,2,외지인(b),111195.0,20250828
30110,동구,4,목요일,3,외국인(c),1137.7499999999995,20250828
30140,중구,4,목요일,1,현지인(a),128250.5,20250828
30140,중구,4,목요일,2,외지인(b),122570.0,20250828
30140,중구,4,목요일,3,외국인(c),514.1900000000002,20250828
30170,서구,4,목요일,1,현지인(a),282835.0,20250828
30170,서구,4,목요일,2,외지인(b),173582.5,20250828
30170,서구,4,목요일,3,외국인(c),992.9900000000002,20250828
30200,유성구,4,목요일,1,현지인(a),261537.5,20250828
30200,유성구,4,목요일,2,외지인(b),161801.5,20250828
30200,유성구,4,목요일,3,외국인(c),1772.8500000000001,20250828
30230,대덕구,4,목요일,1,현지인(a),81630.5,20250828
30230,대덕구,4,목요일,2,외지인(b),71823.5,20250828
30230,대덕구,4,목요일,3,외국인(c),594.6900000000002,20250828
30110,동구,5,금요일,1,현지인(a),93222.5,20250829
30110,동구,5,금요일,2,외지인(b),130263.0,20250829
30110,동구,5,금요일,3,외국인(c),1200.1099999999997,20250829
30140,중구,5,금요일,1,현지인(a),130749.5,20250829
30140,중구,5,금요일,2,외지인(b),150066.0,20250829
30140,중구,5,금요일,3,외국인(c),590.1000000000003,20250829
30170,서구,5,금요일,1,현지인(a),288018.5,20250829
30170,서구,5,금요일,2,외지인(b),192279.5,20250829
30170,서구,5,금요일,3,외국인(c),1035.3700000000001,20250829
30200,유성구,5,금요일,1,현지인(a),263924.5,20250829
30200,유성구,5,금요일,2,외지인(b),181265.0,20250829
30200,유성구,5,금요일,3,외국인(c),1710.81,20250829
30230,대덕구,5,금요일,1,현지인(a),83006.0,20250829
30230,대덕구,5,금요일,2,외지인(b),79047.5,20250829
30230,대덕구,5,금요일,3,외국인(c),565.38,20250829
30110,동구,6,토요일,1,현지인(a),85869.0,20250830
30110,동구,6,토요일,2,외지인(b),169400.0,20250830
30110,동구,6,토요일,3,외국인(c),1289.2599999999998,20250830
30140,중구,6,토요일,1,현지인(a),119259.0,20250830
30140,중구,6,토요일,2,외지인(b),192878.0,20250830
30140,중구,6,토요일,3,외국인(c),670.89,20250830
30170,서구,6,토요일,1,현지인(a),260116.5,20250830
30170,서구,6,토요일,2,외지인(b),256217.5,20250830
30170,서구,6,토요일,3,외국인(c),1033.37,20250830
30200,유성구,6,토요일,1,현지인(a),233243.5,20250830
30200,유성구,6,토요일,2,외지인(b),244422.5,20250830
30200,유성구,6,토요일,3,외국인(c),1559.6500000000003,20250830
30230,대덕구,6,토요일,1,현지인(a),72670.5,20250830
30230,대덕구,6,토요일,2,외지인(b),100653.0,20250830
30230,대덕구,6,토요일,3,외국인(c),500.70000000000005,20250830
30110,동구,7,일요일,1,현지인(a),84728.0,20250831
30110,동구,7,일요일,2,외지인(b),148463.0,20250831
30110,동구,7,일요일,3,외국인(c),1129.0299999999997,20250831
30140,중구,7,일요일,1,현지인(a),114432.5,20250831
30140,중구,7,일요일,2,외지인(b),160002.5,20250831
30140,중구,7,일요일,3,외국인(c),574.0299999999999,20250831
30170,서구,7,일요일,1,현지인(a),250456.5,20250831
30170,서구,7,일요일,2,외지인(b),210430.5,20250831
30170,서구,7,일요일,3,외국인(c),1056.01,20250831
30200,유성구,7,일요일,1,현지인(a),231780.5,20250831
30200,유성구,7,일요일,2,외지인(b),210248.5,20250831
30200,유성구,7,일요일,3,외국인(c),1589.6699999999996,20250831
30230,대덕구,7,일요일,1,현지인(a),69926.5,20250831
30230,대덕구,7,일요일,2,외지인(b),85935.5,20250831
30230,대덕구,7,일요일,3,외국인(c),523.7900000000001,20250831
30110,동구,1,월요일,1,현지인(a),97100.5,20250901
30110,동구,1,월요일,2,외지인(b),95833.5,20250901
30110,동구,1,월요일,3,외국인(c),1042.19,20250901
30140,중구,1,월요일,1,현지인(a),132979.0,20250901
30140,중구,1,월요일,2,외지인(b),99680.0,20250901
30140,중구,1,월요일,3,외국인(c),507.74,20250901
30170,서구,1,월요일,1,현지인(a),287528.5,20250901
30170,서구,1,월요일,2,외지인(b),142929.5,20250901
30170,서구,1,월요일,3,외국인(c),953.1400000000002,20250901
30200,유성구,1,월요일,1,현지인(a),273563.5,20250901
30200,유성구,1,월요일,2,외지인(b),142457.0,20250901
30200,유성구,1,월요일,3,외국인(c),1712.8299999999997,20250901
30230,대덕구,1,월요일,1,현지인(a),83685.0,20250901
30230,대덕구,1,월요일,2,외지인(b),65590.0,20250901
30230,대덕구,1,월요일,3,외국인(c),568.7599999999999,20250901
30110,동구,2,화요일,1,현지인(a),98962.5,20250902
30110,동구,2,화요일,2,외지인(b),103215.0,20250902
30110,동구,2,화요일,3,외국인(c),1186.0300000000002,20250902
30140,중구,2,화요일,1,현지인(a),136346.0,20250902
30140,중구,2,화요일,2,외지인(b),116599.0,20250902
30140,중구,2,화요일,3,외국인(c),572.2500000000002,20250902
30170,서구,2,화요일,1,현지인(a),292295.5,20250902
30170,서구,2,화요일,2,외지인(b),149737.0,20250902
30170,서구,2,화요일,3,외국인(c),1013.13,20250902
30200,유성구,2,화요일,1,현지인(a),278631.5,20250902
30200,유성구,2,화요일,2,외지인(b),153380.5,20250902
30200,유성구,2,화요일,3,외국인(c),1833.38,20250902
30230,대덕구,2,화요일,1,현지인(a),85225.0,20250902
30230,대덕구,2,화요일,2,외지인(b),71627.5,20250902
30230,대덕구,2,화요일,3,외국인(c),587.4099999999999,20250902
30110,동구,3,수요일,1,현지인(a),98416.5,20250903
30110,동구,3,수요일,2,외지인(b),103449.5,20250903
30110,동구,3,수요일,3,외국인(c),1242.8400000000001,20250903
30140,중구,3,수요일,1,현지인(a),136419.5,20250903
30140,중구,3,수요일,2,외지인(b),118167.0,20250903
30140,중구,3,수요일,3,외국인(c),560.5999999999999,20250903
30170,서구,3,수요일,1,현지인(a),292950.0,20250903
30170,서구,3,수요일,2,외지인(b),152876.5,20250903
30170,서구,3,수요일,3,외국인(c),1050.28,20250903
30200,유성구,3,수요일,1,현지인(a),278204.5,20250903
30200,유성구,3,수요일,2,외지인(b),156628.5,20250903
30200,유성구,3,수요일,3,외국인(c),1818.2700000000002,20250903
30230,대덕구,3,수요일,1,현지인(a),85267.0,20250903
30230,대덕구,3,수요일,2,외지인(b),69972.0,20250903
30230,대덕구,3,수요일,3,외국인(c),536.0900000000001,20250903
30110,동구,4,목요일,1,현지인(a),98416.5,20250904
30110,동구,4,목요일,2,외지인(b),106207.5,20250904
30110,동구,4,목요일,3,외국인(c),1187.49,20250904
30140,중구,4,목요일,1,현지인(a),134557.5,20250904
30140,중구,4,목요일,2,외지인(b),111086.5,20250904
30140,중구,4,목요일,3,외국인(c),481.02,20250904
30170,서구,4,목요일,1,현지인(a),292834.5,20250904
30170,서구,4,목요일,2,외지인(b),156369.5,20250904
30170,서구,4,목요일,3,외국인(c),1105.9099999999996,20250904
30200,유성구,4,목요일,1,현지인(a),279156.5,20250904
30200,유성구,4,목요일,2,외지인(b),165756.5,20250904
30200,유성구,4,목요일,3,외국인(c),1881.9299999999996,20250904
30230,대덕구,4,목요일,1,현지인(a),85130.5,20250904
30230,대덕구,4,목요일,2,외지인(b),73003.0,20250904
30230,대덕구,4,목요일,3,외국인(c),583.7799999999999,20250904
30110,동구,5,금요일,1,현지인(a),98906.5,20250905
30110,동구,5,금요일,2,외지인(b),124400.5,20250905
30110,동구,5,금요일,3,외국인(c),1364.17,20250905
30140,중구,5,금요일,1,현지인(a),137382.0,20250905
30140,중구,5,금요일,2,외지인(b),126570.5,20250905
30140,중구,5,금요일,3,외국인(c),534.8499999999998,20250905
30170,서구,5,금요일,1,현지인(a),297300.5,20250905
30170,서구,5,금요일,2,외지인(b),174751.5,20250905
30170,서구,5,금요일,3,외국인(c),1210.8999999999999,20250905
30200,유성구,5,금요일,1,현지인(a),280000.0,20250905
30200,유성구,5,금요일,2,외지인(b),176036.0,20250905
30200,유성구,5,금요일,3,외국인(c),1782.4699999999996,20250905
30230,대덕구,5,금요일,1,현지인(a),86019.5,20250905
30230,대덕구,5,금요일,2,외지인(b),78029.0,20250905
30230,대덕구,5,금요일,3,외국인(c),627.49,20250905
30110,동구,6,토요일,1,현지인(a),89918.5,20250906
30110,동구,6,토요일,2,외지인(b),154483.0,20250906
30110,동구,6,토요일,3,외국인(c),1253.1699999999998,20250906
30140,중구,6,토요일,1,현지인(a),124390.0,20250906
30140,중구,6,토요일,2,외지인(b),172742.5,20250906
30140,중구,6,토요일,3,외국인(c),613.3599999999998,20250906
30170,서구,6,토요일,1,현지인(a),265611.5,20250906
30170,서구,6,토요일,2,외지인(b),235875.5,20250906
30170,서구,6,토요일,3,외국인(c),1111.6499999999996,20250906
30200,유성구,6,토요일,1,현지인(a),238913.5,20250906
30200,유성구,6,토요일,2,외지인(b),219355.5,20250906
30200,유성구,6,토요일,3,외국인(c),1639.66,20250906
30230,대덕구,6,토요일,1,현지인(a),75617.5,20250906
30230,대덕구,6,토요일,2,외지인(b),94647.0,20250906
30230,대덕구,6,토요일,3,외국인(c),559.1899999999999,20250906
30110,동구,7,일요일,1,현지인(a),86971.5,20250907
30110,동구,7,일요일,2,외지인(b),128226.0,20250907
30110,동구,7,일요일,3,외국인(c),1219.2500000000002,20250907
30140,중구,7,일요일,1,현지인(a),118657.0,20250907
30140,중구,7,일요일,2,외지인(b),131663.0,20250907
30140,중구,7,일요일,3,외국인(c),524.82,20250907
30170,서구,7,일요일,1,현지인(a),255255.0,20250907
30170,서구,7,일요일,2,외지인(b),177233.0,20250907
30170,서구,7,일요일,3,외국인(c),1038.4699999999993,20250907
30200,유성구,7,일요일,1,현지인(a),234423.0,20250907
30200,유성구,7,일요일,2,외지인(b),178276.0,20250907
30200,유성구,7,일요일,3,외국인(c),1598.0200000000002,20250907
30230,대덕구,7,일요일,1,현지인(a),71809.5,20250907
30230,대덕구,7,일요일,2,외지인(b),73139.5,20250907
30230,대덕구,7,일요일,3,외국인(c),563.2299999999999,20250907
30110,동구,1,월요일,1,현지인(a),98119.0,20250908
30110,동구,1,월요일,2,외지인(b),104072.5,20250908
30110,동구,1,월요일,3,외국인(c),1222.6299999999997,20250908
30140,중구,1,월요일,1,현지인(a),133906.5,20250908
30140,중구,1,월요일,2,외지인(b),106232.0,20250908
30140,중구,1,월요일,3,외국인(c),519.4999999999999,20250908
30170,서구,1,월요일,1,현지인(a),291651.5,20250908
30170,서구,1,월요일,2,외지인(b),154812.0,20250908
30170,서구,1,월요일,3,외국인(c),1049.8199999999997,20250908
30200,유성구,1,월요일,1,현지인(a),276629.5,20250908
30200,유성구,1,월요일,2,외지인(b),158879.0,20250908
30200,유성구,1,월요일,3,외국인(c),1764.4299999999994,20250908
30230,대덕구,1,월요일,1,현지인(a),84945.0,20250908
30230,대덕구,1,월요일,2,외지인(b),72856.0,20250908
30230,대덕구,1,월요일,3,외국인(c),595.5299999999999,20250908
30110,동구,2,화요일,1,현지인(a),97940.5,20250909
30110,동구,2,화요일,2,외지인(b),105367.5,20250909
30110,동구,2,화요일,3,외국인(c),1130.9600000000003,20250909
30140,중구,2,화요일,1,현지인(a),132265.0,20250909
30140,중구,2,화요일,2,외지인(b),107607.5,20250909
30140,중구,2,화요일,3,외국인(c),488.58,20250909
30170,서구,2,화요일,1,현지인(a),291924.5,20250909
30170,서구,2,화요일,2,외지인(b),159064.5,20250909
30170,서구,2,화요일,3,외국인(c),1006.3800000000001,20250909
30200,유성구,2,화요일,1,현지인(a),277455.5,20250909
30200,유성구,2,화요일,2,외지인(b),165508.0,20250909
30200,유성구,2,화요일,3,외국인(c),1905.8200000000002,20250909
30230,대덕구,2,화요일,1,현지인(a),84798.0,20250909
30230,대덕구,2,화요일,2,외지인(b),73486.0,20250909
30230,대덕구,2,화요일,3,외국인(c),636.0900000000001,20250909
30110,동구,3,수요일,1,현지인(a),99018.5,20250910
30110,동구,3,수요일,2,외지인(b),110778.5,20250910
30110,동구,3,수요일,3,외국인(c),1216.02,20250910
30140,중구,3,수요일,1,현지인(a),135691.5,20250910
30140,중구,3,수요일,2,외지인(b),110929.0,20250910
30140,중구,3,수요일,3,외국인(c),506.23999999999995,20250910
30170,서구,3,수요일,1,현지인(a),295508.5,20250910
30170,서구,3,수요일,2,외지인(b),167069.0,20250910
30170,서구,3,수요일,3,외국인(c),1025.87,20250910
30200,유성구,3,수요일,1,현지인(a),280161.0,20250910
30200,유성구,3,수요일,2,외지인(b),171213.0,20250910
30200,유성구,3,수요일,3,외국인(c),1962.8700000000001,20250910
30230,대덕구,3,수요일,1,현지인(a),86261.0,20250910
30230,대덕구,3,수요일,2,외지인(b),78046.5,20250910
30230,대덕구,3,수요일,3,외국인(c),605.92,20250910
30110,동구,4,목요일,1,현지인(a),98595.0,20250911
30110,동구,4,목요일,2,외지인(b),112612.5,20250911
30110,동구,4,목요일,3,외국인(c),1194.78,20250911
30140,중구,4,목요일,1,현지인(a),134795.5,20250911
30140,중구,4,목요일,2,외지인(b),116781.0,20250911
30140,중구,4,목요일,3,외국인(c),499.68,20250911
30170,서구,4,목요일,1,현지인(a),293779.5,20250911
30170,서구,4,목요일,2,외지인(b),168661.5,20250911
30170,서구,4,목요일,3,외국인(c),1023.6899999999999,20250911
30200,유성구,4,목요일,1,현지인(a),278684.0,20250911
30200,유성구,4,목요일,2,외지인(b),174930.0,20250911
30200,유성구,4,목요일,3,외국인(c),2059.5500000000006,20250911
30230,대덕구,4,목요일,1,현지인(a),85540.0,20250911
30230,대덕구,4,목요일,2,외지인(b),79243.5,20250911
30230,대덕구,4,목요일,3,외국인(c),653.7999999999998,20250911
30110,동구,5,금요일,1,현지인(a),98528.5,20250912
30110,동구,5,금요일,2,외지인(b),129815.0,20250912
30110,동구,5,금요일,3,외국인(c),1212.3600000000001,20250912
30140,중구,5,금요일,1,현지인(a),135618.0,20250912
30140,중구,5,금요일,2,외지인(b),133966.0,20250912
30140,중구,5,금요일,3,외국인(c),522.01,20250912
30170,서구,5,금요일,1,현지인(a),293450.5,20250912
30170,서구,5,금요일,2,외지인(b),183148.0,20250912
30170,서구,5,금요일,3,외국인(c),1070.9799999999998,20250912
30200,유성구,5,금요일,1,현지인(a),277420.5,20250912
30200,유성구,5,금요일,2,외지인(b),186165.0,20250912
30200,유성구,5,금요일,3,외국인(c),1836.4500000000007,20250912
30230,대덕구,5,금요일,1,현지인(a),85512.0,20250912
30230,대덕구,5,금요일,2,외지인(b),80850.0,20250912
30230,대덕구,5,금요일,3,외국인(c),595.84,20250912
30110,동구,6,토요일,1,현지인(a),89866.0,20250913
30110,동구,6,토요일,2,외지인(b),161892.5,20250913
30110,동구,6,토요일,3,외국인(c),1308.1799999999998,20250913
30140,중구,6,토요일,1,현지인(a),124964.0,20250913
30140,중구,6,토요일,2,외지인(b),191877.0,20250913
30140,중구,6,토요일,3,외국인(c),531.4999999999999,20250913
30170,서구,6,토요일,1,현지인(a),265426.0,20250913
30170,서구,6,토요일,2,외지인(b),239750.0,20250913
30170,서구,6,토요일,3,외국인(c),1071.9099999999999,20250913
30200,유성구,6,토요일,1,현지인(a),240313.5,20250913
30200,유성구,6,토요일,2,외지인(b),229915.0,20250913
30200,유성구,6,토요일,3,외국인(c),1517.5800000000002,20250913
30230,대덕구,6,토요일,1,현지인(a),75596.5,20250913
30230,대덕구,6,토요일,2,외지인(b),94412.5,20250913
30230,대덕구,6,토요일,3,외국인(c),554.53,20250913
30110,동구,7,일요일,1,현지인(a),86684.5,20250914
30110,동구,7,일요일,2,외지인(b),136507.0,20250914
30110,동구,7,일요일,3,외국인(c),1262.6900000000005,20250914
30140,중구,7,일요일,1,현지인(a),120029.0,20250914
30140,중구,7,일요일,2,외지인(b),153258.0,20250914
30140,중구,7,일요일,3,외국인(c),555.5599999999998,20250914
30170,서구,7,일요일,1,현지인(a),254362.5,20250914
30170,서구,7,일요일,2,외지인(b),191327.5,20250914
30170,서구,7,일요일,3,외국인(c),1136.19,20250914
30200,유성구,7,일요일,1,현지인(a),235046.0,20250914
30200,유성구,7,일요일,2,외지인(b),194876.5,20250914
30200,유성구,7,일요일,3,외국인(c),1761.8499999999995,20250914
30230,대덕구,7,일요일,1,현지인(a),72996.0,20250914
30230,대덕구,7,일요일,2,외지인(b),81224.5,20250914
30230,대덕구,7,일요일,3,외국인(c),560.4399999999999,20250914
30110,동구,1,월요일,1,현지인(a),98168.0,20250915
30110,동구,1,월요일,2,외지인(b),111321.0,20250915
30110,동구,1,월요일,3,외국인(c),1121.78,20250915
30140,중구,1,월요일,1,현지인(a),135138.5,20250915
30140,중구,1,월요일,2,외지인(b),126448.0,20250915
30140,중구,1,월요일,3,외국인(c),478.3400000000001,20250915
30170,서구,1,월요일,1,현지인(a),290192.0,20250915
30170,서구,1,월요일,2,외지인(b),163625.0,20250915
30170,서구,1,월요일,3,외국인(c),1024.58,20250915
30200,유성구,1,월요일,1,현지인(a),274242.5,20250915
30200,유성구,1,월요일,2,외지인(b),166456.5,20250915
30200,유성구,1,월요일,3,외국인(c),1885.1299999999997,20250915
30230,대덕구,1,월요일,1,현지인(a),84581.0,20250915
30230,대덕구,1,월요일,2,외지인(b),75425.0,20250915
30230,대덕구,1,월요일,3,외국인(c),629.38,20250915
30110,동구,2,화요일,1,현지인(a),97401.5,20250916
30110,동구,2,화요일,2,외지인(b),109378.5,20250916
30110,동구,2,화요일,3,외국인(c),1260.06,20250916
30140,중구,2,화요일,1,현지인(a),132881.0,20250916
30140,중구,2,화요일,2,외지인(b),112094.5,20250916
30140,중구,2,화요일,3,외국인(c),458.70000000000005,20250916
30170,서구,2,화요일,1,현지인(a),288389.5,20250916
30170,서구,2,화요일,2,외지인(b),165865.0,20250916
30170,서구,2,화요일,3,외국인(c),1064.59,20250916
30200,유성구,2,화요일,1,현지인(a),274837.5,20250916
30200,유성구,2,화요일,2,외지인(b),174450.5,20250916
30200,유성구,2,화요일,3,외국인(c),1925.7699999999993,20250916
30230,대덕구,2,화요일,1,현지인(a),84266.0,20250916
30230,대덕구,2,화요일,2,외지인(b),77535.5,20250916
30230,대덕구,2,화요일,3,외국인(c),606.4500000000002,20250916
30110,동구,3,수요일,1,현지인(a),96285.0,20250917
30110,동구,3,수요일,2,외지인(b),105056.0,20250917
30110,동구,3,수요일,3,외국인(c),1237.6200000000001,20250917
30140,중구,3,수요일,1,현지인(a),132034.0,20250917
30140,중구,3,수요일,2,외지인(b),108612.0,20250917
30140,중구,3,수요일,3,외국인(c),518.02,20250917
30170,서구,3,수요일,1,현지인(a),288141.0,20250917
30170,서구,3,수요일,2,외지인(b),164370.5,20250917
30170,서구,3,수요일,3,외국인(c),1137.31,20250917
30200,유성구,3,수요일,1,현지인(a),273861.0,20250917
30200,유성구,3,수요일,2,외지인(b),166757.5,20250917
30200,유성구,3,수요일,3,외국인(c),2031.3699999999997,20250917
30230,대덕구,3,수요일,1,현지인(a),84021.0,20250917
30230,대덕구,3,수요일,2,외지인(b),72922.5,20250917
30230,대덕구,3,수요일,3,외국인(c),550.24,20250917
30110,동구,4,목요일,1,현지인(a),97835.5,20250918
30110,동구,4,목요일,2,외지인(b),116417.0,20250918
30110,동구,4,목요일,3,외국인(c),1359.7100000000003,20250918
30140,중구,4,목요일,1,현지인(a),134883.0,20250918
30140,중구,4,목요일,2,외지인(b),123389.0,20250918
30140,중구,4,목요일,3,외국인(c),594.7399999999999,20250918
30170,서구,4,목요일,1,현지인(a),292813.5,20250918
30170,서구,4,목요일,2,외지인(b),174359.5,20250918
30170,서구,4,목요일,3,외국인(c),1165.2900000000002,20250918
30200,유성구,4,목요일,1,현지인(a),277259.5,20250918
30200,유성구,4,목요일,2,외지인(b),184453.5,20250918
30200,유성구,4,목요일,3,외국인(c),2117.23,20250918
30230,대덕구,4,목요일,1,현지인(a),85431.5,20250918
30230,대덕구,4,목요일,2,외지인(b),82533.5,20250918
30230,대덕구,4,목요일,3,외국인(c),628.8900000000001,20250918
30110,동구,5,금요일,1,현지인(a),98315.0,20250919
30110,동구,5,금요일,2,외지인(b),130560.5,20250919
30110,동구,5,금요일,3,외국인(c),1302.2700000000002,20250919
30140,중구,5,금요일,1,현지인(a),136577.0,20250919
30140,중구,5,금요일,2,외지인(b),136409.0,20250919
30140,중구,5,금요일,3,외국인(c),611.4499999999998,20250919
30170,서구,5,금요일,1,현지인(a),293405.0,20250919
30170,서구,5,금요일,2,외지인(b),190480.5,20250919
30170,서구,5,금요일,3,외국인(c),1259.6199999999997,20250919
30200,유성구,5,금요일,1,현지인(a),277434.5,20250919
30200,유성구,5,금요일,2,외지인(b),199412.5,20250919
30200,유성구,5,금요일,3,외국인(c),2115.2799999999997,20250919
30230,대덕구,5,금요일,1,현지인(a),85193.5,20250919
30230,대덕구,5,금요일,2,외지인(b),86198.0,20250919
30230,대덕구,5,금요일,3,외국인(c),667.0,20250919
30110,동구,6,토요일,1,현지인(a),89064.5,20250920
30110,동구,6,토요일,2,외지인(b),161273.0,20250920
30110,동구,6,토요일,3,외국인(c),1263.64,20250920
30140,중구,6,토요일,1,현지인(a),123567.5,20250920
30140,중구,6,토요일,2,외지인(b),174107.5,20250920
30140,중구,6,토요일,3,외국인(c),608.9699999999999,20250920
30170,서구,6,토요일,1,현지인(a),264607.0,20250920
30170,서구,6,토요일,2,외지인(b),246011.5,20250920
30170,서구,6,토요일,3,외국인(c),1205.0199999999998,20250920
30200,유성구,6,토요일,1,현지인(a),239823.5,20250920
30200,유성구,6,토요일,2,외지인(b),253445.5,20250920
30200,유성구,6,토요일,3,외국인(c),1807.6599999999999,20250920
30230,대덕구,6,토요일,1,현지인(a),75103.0,20250920
30230,대덕구,6,토요일,2,외지인(b),98108.5,20250920
30230,대덕구,6,토요일,3,외국인(c),620.67,20250920
30110,동구,7,일요일,1,현지인(a),87962.0,20250921
30110,동구,7,일요일,2,외지인(b),146450.5,20250921
30110,동구,7,일요일,3,외국인(c),1187.3099999999997,20250921
30140,중구,7,일요일,1,현지인(a),120627.5,20250921
30140,중구,7,일요일,2,외지인(b),157710.0,20250921
30140,중구,7,일요일,3,외국인(c),583.32,20250921
30170,서구,7,일요일,1,현지인(a),256973.5,20250921
30170,서구,7,일요일,2,외지인(b),200980.5,20250921
30170,서구,7,일요일,3,외국인(c),1319.83,20250921
30200,유성구,7,일요일,1,현지인(a),234482.5,20250921
30200,유성구,7,일요일,2,외지인(b),202436.5,20250921
30200,유성구,7,일요일,3,외국인(c),1977.55,20250921
30230,대덕구,7,일요일,1,현지인(a),72782.5,20250921
30230,대덕구,7,일요일,2,외지인(b),87703.0,20250921
30230,대덕구,7,일요일,3,외국인(c),545.3700000000001,20250921
30110,동구,1,월요일,1,현지인(a),98332.5,20250922
30110,동구,1,월요일,2,외지인(b),113095.5,20250922
30110,동구,1,월요일,3,외국인(c),1565.7699999999998,20250922
30140,중구,1,월요일,1,현지인(a),133938.0,20250922
30140,중구,1,월요일,2,외지인(b),117414.5,20250922
30140,중구,1,월요일,3,외국인(c),617.7099999999999,20250922
30170,서구,1,월요일,1,현지인(a),291494.0,20250922
30170,서구,1,월요일,2,외지인(b),170051.0,20250922
30170,서구,1,월요일,3,외국인(c),1816.73,20250922
30200,유성구,1,월요일,1,현지인(a),275551.5,20250922
30200,유성구,1,월요일,2,외지인(b),176536.5,20250922
30200,유성구,1,월요일,3,외국인(c),2876.24,20250922
30230,대덕구,1,월요일,1,현지인(a),84805.0,20250922
30230,대덕구,1,월요일,2,외지인(b),79814.0,20250922
30230,대덕구,1,월요일,3,외국인(c),955.05,20250922
30110,동구,2,화요일,1,현지인(a),98311.5,20250923
30110,동구,2,화요일,2,외지인(b),116571.0,20250923
30110,동구,2,화요일,3,외국인(c),1434.6300000000006,20250923
30140,중구,2,화요일,1,현지인(a),133976.5,20250923
30140,중구,2,화요일,2,외지인(b),120081.5,20250923
30140,중구,2,화요일,3,외국인(c),689.1799999999998,20250923
30170,서구,2,화요일,1,현지인(a),291959.5,20250923
30170,서구,2,화요일,2,외지인(b),175528.5,20250923
30170,서구,2,화요일,3,외국인(c),2414.32,20250923
30200,유성구,2,화요일,1,현지인(a),277312.0,20250923
30200,유성구,2,화요일,2,외지인(b),183897.0,20250923
30200,유성구,2,화요일,3,외국인(c),3715.749999999999,20250923
30230,대덕구,2,화요일,1,현지인(a),84381.5,20250923
30230,대덕구,2,화요일,2,외지인(b),84350.0,20250923
30230,대덕구,2,화요일,3,외국인(c),843.9499999999996,20250923
30110,동구,3,수요일,1,현지인(a),98003.5,20250924
30110,동구,3,수요일,2,외지인(b),114292.5,20250924
30110,동구,3,수요일,3,외국인(c),1456.5099999999998,20250924
30140,중구,3,수요일,1,현지인(a),133598.5,20250924
30140,중구,3,수요일,2,외지인(b),117040.0,20250924
30140,중구,3,수요일,3,외국인(c),765.8399999999998,20250924
30170,서구,3,수요일,1,현지인(a),290983.0,20250924
30170,서구,3,수요일,2,외지인(b),177705.5,20250924
30170,서구,3,수요일,3,외국인(c),2375.8199999999997,20250924
30200,유성구,3,수요일,1,현지인(a),274550.5,20250924
30200,유성구,3,수요일,2,외지인(b),186487.0,20250924
30200,유성구,3,수요일,3,외국인(c),3999.2,20250924
30230,대덕구,3,수요일,1,현지인(a),84462.0,20250924
30230,대덕구,3,수요일,2,외지인(b),81522.0,20250924
30230,대덕구,3,수요일,3,외국인(c),721.6799999999998,20250924
30110,동구,4,목요일,1,현지인(a),96652.5,20250925
30110,동구,4,목요일,2,외지인(b),117862.5,20250925
30110,동구,4,목요일,3,외국인(c),1455.1800000000003,20250925
30140,중구,4,목요일,1,현지인(a),133367.5,20250925
30140,중구,4,목요일,2,외지인(b),121366.0,20250925
30140,중구,4,목요일,3,외국인(c),722.56,20250925
30170,서구,4,목요일,1,현지인(a),287311.5,20250925
30170,서구,4,목요일,2,외지인(b),175416.5,20250925
30170,서구,4,목요일,3,외국인(c),2249.28,20250925
30200,유성구,4,목요일,1,현지인(a),273171.5,20250925
30200,유성구,4,목요일,2,외지인(b),181380.5,20250925
30200,유성구,4,목요일,3,외국인(c),3747.939999999999,20250925
30230,대덕구,4,목요일,1,현지인(a),83657.0,20250925
30230,대덕구,4,목요일,2,외지인(b),79362.5,20250925
30230,대덕구,4,목요일,3,외국인(c),716.29,20250925
30110,동구,5,금요일,1,현지인(a),99459.5,20250926
30110,동구,5,금요일,2,외지인(b),139583.5,20250926
30110,동구,5,금요일,3,외국인(c),1784.5699999999997,20250926
30140,중구,5,금요일,1,현지인(a),137980.5,20250926
30140,중구,5,금요일,2,외지인(b),162113.0,20250926
30140,중구,5,금요일,3,외국인(c),921.7500000000002,20250926
30170,서구,5,금요일,1,현지인(a),297171.0,20250926
30170,서구,5,금요일,2,외지인(b),200322.5,20250926
30170,서구,5,금요일,3,외국인(c),2401.96,20250926
30200,유성구,5,금요일,1,현지인(a),279251.0,20250926
30200,유성구,5,금요일,2,외지인(b),205810.5,20250926
30200,유성구,5,금요일,3,외국인(c),3397.08,20250926
30230,대덕구,5,금요일,1,현지인(a),86534.0,20250926
30230,대덕구,5,금요일,2,외지인(b),91413.0,20250926
30230,대덕구,5,금요일,3,외국인(c),807.6999999999998,20250926
30110,동구,6,토요일,1,현지인(a),90569.5,20250927
30110,동구,6,토요일,2,외지인(b),170404.5,20250927
30110,동구,6,토요일,3,외국인(c),1714.3099999999997,20250927
30140,중구,6,토요일,1,현지인(a),125954.5,20250927
30140,중구,6,토요일,2,외지인(b),201519.5,20250927
30140,중구,6,토요일,3,외국인(c),977.0300000000002,20250927
30170,서구,6,토요일,1,현지인(a),268019.5,20250927
30170,서구,6,토요일,2,외지인(b),254695.0,20250927
30170,서구,6,토요일,3,외국인(c),1985.169999999999,20250927
30200,유성구,6,토요일,1,현지인(a),240401.0,20250927
30200,유성구,6,토요일,2,외지인(b),244104.0,20250927
30200,유성구,6,토요일,3,외국인(c),2727.4899999999993,20250927
30230,대덕구,6,토요일,1,현지인(a),75768.0,20250927
30230,대덕구,6,토요일,2,외지인(b),103400.5,20250927
30230,대덕구,6,토요일,3,외국인(c),644.9000000000001,20250927
30110,동구,7,일요일,1,현지인(a),85823.5,20250928
30110,동구,7,일요일,2,외지인(b),132258.0,20250928
30110,동구,7,일요일,3,외국인(c),1341.0499999999995,20250928
30140,중구,7,일요일,1,현지인(a),117012.0,20250928
30140,중구,7,일요일,2,외지인(b),142635.5,20250928
30140,중구,7,일요일,3,외국인(c),554.43,20250928
30170,서구,7,일요일,1,현지인(a),251044.5,20250928
30170,서구,7,일요일,2,외지인(b),189420.0,20250928
30170,서구,7,일요일,3,외국인(c),1291.3899999999999,20250928
30200,유성구,7,일요일,1,현지인(a),229414.5,20250928
30200,유성구,7,일요일,2,외지인(b),188499.5,20250928
30200,유성구,7,일요일,3,외국인(c),1751.7900000000002,20250928
30230,대덕구,7,일요일,1,현지인(a),70735.0,20250928
30230,대덕구,7,일요일,2,외지인(b),81847.5,20250928
30230,대덕구,7,일요일,3,외국인(c),551.8299999999999,20250928
30110,동구,1,월요일,1,현지인(a),98574.0,20250929
30110,동구,1,월요일,2,외지인(b),120711.5,20250929
30110,동구,1,월요일,3,외국인(c),1083.55,20250929
30140,중구,1,월요일,1,현지인(a),135460.5,20250929
30140,중구,1,월요일,2,외지인(b),138274.5,20250929
30140,중구,1,월요일,3,외국인(c),504.86999999999995,20250929
30170,서구,1,월요일,1,현지인(a),291179.0,20250929
30170,서구,1,월요일,2,외지인(b),180134.5,20250929
30170,서구,1,월요일,3,외국인(c),867.9799999999998,20250929
30200,유성구,1,월요일,1,현지인(a),275527.0,20250929
30200,유성구,1,월요일,2,외지인(b),184002.0,20250929
30200,유성구,1,월요일,3,외국인(c),1533.1299999999999,20250929
30230,대덕구,1,월요일,1,현지인(a),85176.0,20250929
30230,대덕구,1,월요일,2,외지인(b),83814.5,20250929
30230,대덕구,1,월요일,3,외국인(c),571.0800000000002,20250929
30110,동구,2,화요일,1,현지인(a),99022.0,20250930
30110,동구,2,화요일,2,외지인(b),122979.5,20250930
30110,동구,2,화요일,3,외국인(c),1029.0300000000002,20250930
30140,중구,2,화요일,1,현지인(a),136230.5,20250930
30140,중구,2,화요일,2,외지인(b),144935.0,20250930
30140,중구,2,화요일,3,외국인(c),448.79,20250930
30170,서구,2,화요일,1,현지인(a),294815.5,20250930
30170,서구,2,화요일,2,외지인(b),188653.5,20250930
30170,서구,2,화요일,3,외국인(c),851.3799999999999,20250930
30200,유성구,2,화요일,1,현지인(a),276724.0,20250930
30200,유성구,2,화요일,2,외지인(b),191205.0,20250930
30200,유성구,2,화요일,3,외국인(c),1570.0900000000004,20250930
30230,대덕구,2,화요일,1,현지인(a),85456.0,20250930
30230,대덕구,2,화요일,2,외지인(b),86807.0,20250930
30230,대덕구,2,화요일,3,외국인(c),583.1,20250930
30110,동구,3,수요일,1,현지인(a),95158.0,20251001
30110,동구,3,수요일,2,외지인(b),92186.5,20251001
30110,동구,3,수요일,3,외국인(c),1204.77,20251001
30140,중구,3,수요일,1,현지인(a),134123.5,20251001
30140,중구,3,수요일,2,외지인(b),111426.0,20251001
30140,중구,3,수요일,3,외국인(c),467.72,20251001
30170,서구,3,수요일,1,현지인(a),294406.0,20251001
30170,서구,3,수요일,2,외지인(b),149688.0,20251001
30170,서구,3,수요일,3,외국인(c),999.86,20251001
30200,유성구,3,수요일,1,현지인(a),271302.5,20251001
30200,유성구,3,수요일,2,외지인(b),139391.0,20251001
30200,유성구,3,수요일,3,외국인(c),1624.3999999999996,20251001
30230,대덕구,3,수요일,1,현지인(a),84336.0,20251001
30230,대덕구,3,수요일,2,외지인(b),65691.5,20251001
30230,대덕구,3,수요일,3,외국인(c),574.6099999999999,20251001
30110,동구,4,목요일,1,현지인(a),96575.5,20251002
30110,동구,4,목요일,2,외지인(b),109357.5,20251002
30110,동구,4,목요일,3,외국인(c),1201.0500000000002,20251002
30140,중구,4,목요일,1,현지인(a),136545.5,20251002
30140,중구,4,목요일,2,외지인(b),128278.5,20251002
30140,중구,4,목요일,3,외국인(c),573.48,20251002
30170,서구,4,목요일,1,현지인(a),299183.5,20251002
30170,서구,4,목요일,2,외지인(b),171451.0,20251002
30170,서구,4,목요일,3,외국인(c),1029.61,20251002
30200,유성구,4,목요일,1,현지인(a),275457.0,20251002
30200,유성구,4,목요일,2,외지인(b),156352.0,20251002
30200,유성구,4,목요일,3,외국인(c),1605.96,20251002
30230,대덕구,4,목요일,1,현지인(a),85872.5,20251002
30230,대덕구,4,목요일,2,외지인(b),75148.5,20251002
30230,대덕구,4,목요일,3,외국인(c),575.8100000000002,20251002
30110,동구,5,금요일,1,현지인(a),84742.0,20251003
30110,동구,5,금요일,2,외지인(b),132072.5,20251003
30110,동구,5,금요일,3,외국인(c),1237.27,20251003
30140,중구,5,금요일,1,현지인(a),120204.0,20251003
30140,중구,5,금요일,2,외지인(b),150969.0,20251003
30140,중구,5,금요일,3,외국인(c),552.0199999999998,20251003
30170,서구,5,금요일,1,현지인(a),254180.5,20251003
30170,서구,5,금요일,2,외지인(b),205005.5,20251003
30170,서구,5,금요일,3,외국인(c),1155.2700000000002,20251003
30200,유성구,5,금요일,1,현지인(a),222918.5,20251003
30200,유성구,5,금요일,2,외지인(b),192773.0,20251003
30200,유성구,5,금요일,3,외국인(c),1553.88,20251003
30230,대덕구,5,금요일,1,현지인(a),73601.5,20251003
30230,대덕구,5,금요일,2,외지인(b),90293.0,20251003
30230,대덕구,5,금요일,3,외국인(c),630.3700000000002,20251003
30110,동구,6,토요일,1,현지인(a),83034.0,20251004
30110,동구,6,토요일,2,외지인(b),151259.5,20251004
30110,동구,6,토요일,3,외국인(c),1186.0500000000004,20251004
30140,중구,6,토요일,1,현지인(a),118769.0,20251004
30140,중구,6,토요일,2,외지인(b),178185.0,20251004
30140,중구,6,토요일,3,외국인(c),623.6200000000001,20251004
30170,서구,6,토요일,1,현지인(a),246354.5,20251004
30170,서구,6,토요일,2,외지인(b),233572.5,20251004
30170,서구,6,토요일,3,외국인(c),1168.4800000000002,20251004
30200,유성구,6,토요일,1,현지인(a),210003.5,20251004
30200,유성구,6,토요일,2,외지인(b),217343.0,20251004
30200,유성구,6,토요일,3,외국인(c),1543.9099999999999,20251004
30230,대덕구,6,토요일,1,현지인(a),72275.0,20251004
30230,대덕구,6,토요일,2,외지인(b),103299.0,20251004
30230,대덕구,6,토요일,3,외국인(c),673.34,20251004
30110,동구,7,일요일,1,현지인(a),75929.0,20251005
30110,동구,7,일요일,2,외지인(b),166267.5,20251005
30110,동구,7,일요일,3,외국인(c),1284.12,20251005
30140,중구,7,일요일,1,현지인(a),108559.5,20251005
30140,중구,7,일요일,2,외지인(b),184033.5,20251005
30140,중구,7,일요일,3,외국인(c),645.8800000000003,20251005
30170,서구,7,일요일,1,현지인(a),217931.0,20251005
30170,서구,7,일요일,2,외지인(b),224976.5,20251005
30170,서구,7,일요일,3,외국인(c),1191.75,20251005
30200,유성구,7,일요일,1,현지인(a),182280.0,20251005
30200,유성구,7,일요일,2,외지인(b),209237.0,20251005
30200,유성구,7,일요일,3,외국인(c),1575.9000000000003,20251005
30230,대덕구,7,일요일,1,현지인(a),64816.5,20251005
30230,대덕구,7,일요일,2,외지인(b),116641.0,20251005
30230,대덕구,7,일요일,3,외국인(c),798.6200000000002,20251005
30110,동구,1,월요일,1,현지인(a),69492.5,20251006
30110,동구,1,월요일,2,외지인(b),198947.0,20251006
30110,동구,1,월요일,3,외국인(c),1491.6200000000003,20251006
30140,중구,1,월요일,1,현지인(a),97093.5,20251006
30140,중구,1,월요일,2,외지인(b),193161.5,20251006
30140,중구,1,월요일,3,외국인(c),616.0199999999999,20251006
30170,서구,1,월요일,1,현지인(a),193627.0,20251006
30170,서구,1,월요일,2,외지인(b),239589.0,20251006
30170,서구,1,월요일,3,외국인(c),1196.1000000000001,20251006
30200,유성구,1,월요일,1,현지인(a),158879.0,20251006
30200,유성구,1,월요일,2,외지인(b),217234.5,20251006
30200,유성구,1,월요일,3,외국인(c),1510.9800000000002,20251006
30230,대덕구,1,월요일,1,현지인(a),57095.5,20251006
30230,대덕구,1,월요일,2,외지인(b),117596.5,20251006
30230,대덕구,1,월요일,3,외국인(c),800.7399999999999,20251006
30110,동구,2,화요일,1,현지인(a),72117.5,20251007
30110,동구,2,화요일,2,외지인(b),162267.0,20251007
30110,동구,2,화요일,3,외국인(c),1562.44,20251007
30140,중구,2,화요일,1,현지인(a),102585.0,20251007
30140,중구,2,화요일,2,외지인(b),176907.5,20251007
30140,중구,2,화요일,3,외국인(c),595.54,20251007
30170,서구,2,화요일,1,현지인(a),210931.0,20251007
30170,서구,2,화요일,2,외지인(b),234006.5,20251007
30170,서구,2,화요일,3,외국인(c),1360.6300000000003,20251007
30200,유성구,2,화요일,1,현지인(a),177835.0,20251007
30200,유성구,2,화요일,2,외지인(b),220787.0,20251007
30200,유성구,2,화요일,3,외국인(c),1710.3599999999994,20251007
30230,대덕구,2,화요일,1,현지인(a),60861.5,20251007
30230,대덕구,2,화요일,2,외지인(b),113396.5,20251007
30230,대덕구,2,화요일,3,외국인(c),619.7,20251007
30110,동구,3,수요일,1,현지인(a),78158.5,20251008
30110,동구,3,수요일,2,외지인(b),145537.0,20251008
30110,동구,3,수요일,3,외국인(c),1330.2400000000002,20251008
30140,중구,3,수요일,1,현지인(a),111531.0,20251008
30140,중구,3,수요일,2,외지인(b),173820.5,20251008
30140,중구,3,수요일,3,외국인(c),647.2099999999998,20251008
30170,서구,3,수요일,1,현지인(a),235550.0,20251008
30170,서구,3,수요일,2,외지인(b),225151.5,20251008
30170,서구,3,수요일,3,외국인(c),1354.8799999999999,20251008
30200,유성구,3,수요일,1,현지인(a),201446.0,20251008
30200,유성구,3,수요일,2,외지인(b),211729.0,20251008
30200,유성구,3,수요일,3,외국인(c),1948.1299999999997,20251008
30230,대덕구,3,수요일,1,현지인(a),66780.0,20251008
30230,대덕구,3,수요일,2,외지인(b),98787.5,20251008
30230,대덕구,3,수요일,3,외국인(c),530.9900000000001,20251008
30110,동구,4,목요일,1,현지인(a),82376.0,20251009
30110,동구,4,목요일,2,외지인(b),125198.5,20251009
30110,동구,4,목요일,3,외국인(c),1202.4799999999998,20251009
30140,중구,4,목요일,1,현지인(a),115402.0,20251009
30140,중구,4,목요일,2,외지인(b),146779.5,20251009
30140,중구,4,목요일,3,외국인(c),552.3199999999999,20251009
30170,서구,4,목요일,1,현지인(a),247877.0,20251009
30170,서구,4,목요일,2,외지인(b),191464.0,20251009
30170,서구,4,목요일,3,외국인(c),1361.7999999999995,20251009
30200,유성구,4,목요일,1,현지인(a),217105.0,20251009
30200,유성구,4,목요일,2,외지인(b),183484.0,20251009
30200,유성구,4,목요일,3,외국인(c),1883.54,20251009
30230,대덕구,4,목요일,1,현지인(a),70686.0,20251009
30230,대덕구,4,목요일,2,외지인(b),82932.5,20251009
30230,대덕구,4,목요일,3,외국인(c),461.62,20251009
30110,동구,5,금요일,1,현지인(a),91101.5,20251010
30110,동구,5,금요일,2,외지인(b),111436.5,20251010
30110,동구,5,금요일,3,외국인(c),1107.6299999999999,20251010
30140,중구,5,금요일,1,현지인(a),129216.5,20251010
30140,중구,5,금요일,2,외지인(b),138421.5,20251010
30140,중구,5,금요일,3,외국인(c),545.79,20251010
30170,서구,5,금요일,1,현지인(a),284739.0,20251010
30170,서구,5,금요일,2,외지인(b),196035.0,20251010
30170,서구,5,금요일,3,외국인(c),1332.4100000000005,20251010
30200,유성구,5,금요일,1,현지인(a),247835.0,20251010
30200,유성구,5,금요일,2,외지인(b),162162.0,20251010
30200,유성구,5,금요일,3,외국인(c),1869.8500000000001,20251010
30230,대덕구,5,금요일,1,현지인(a),79107.0,20251010
30230,대덕구,5,금요일,2,외지인(b),72779.0,20251010
30230,대덕구,5,금요일,3,외국인(c),570.3299999999998,20251010
30110,동구,6,토요일,1,현지인(a),86803.5,20251011
30110,동구,6,토요일,2,외지인(b),132632.5,20251011
30110,동구,6,토요일,3,외국인(c),1195.7800000000002,20251011
30140,중구,6,토요일,1,현지인(a),121814.0,20251011
30140,중구,6,토요일,2,외지인(b),157178.0,20251011
30140,중구,6,토요일,3,외국인(c),554.5100000000001,20251011
30170,서구,6,토요일,1,현지인(a),268772.0,20251011
30170,서구,6,토요일,2,외지인(b),231301.0,20251011
30170,서구,6,토요일,3,외국인(c),1322.9000000000005,20251011
30200,유성구,6,토요일,1,현지인(a),234906.0,20251011
30200,유성구,6,토요일,2,외지인(b),201225.5,20251011
30200,유성구,6,토요일,3,외국인(c),1845.9400000000005,20251011
30230,대덕구,6,토요일,1,현지인(a),74655.0,20251011
30230,대덕구,6,토요일,2,외지인(b),86516.5,20251011
30230,대덕구,6,토요일,3,외국인(c),570.99,20251011
30110,동구,7,일요일,1,현지인(a),83587.0,20251012
30110,동구,7,일요일,2,외지인(b),113676.5,20251012
30110,동구,7,일요일,3,외국인(c),1262.6699999999996,20251012
30140,중구,7,일요일,1,현지인(a),117806.5,20251012
30140,중구,7,일요일,2,외지인(b),130378.5,20251012
30140,중구,7,일요일,3,외국인(c),568.3599999999998,20251012
30170,서구,7,일요일,1,현지인(a),258496.0,20251012
30170,서구,7,일요일,2,외지인(b),177275.0,20251012
30170,서구,7,일요일,3,외국인(c),1189.9700000000005,20251012
30200,유성구,7,일요일,1,현지인(a),230597.5,20251012
30200,유성구,7,일요일,2,외지인(b),160335.0,20251012
30200,유성구,7,일요일,3,외국인(c),1663.6200000000001,20251012
30230,대덕구,7,일요일,1,현지인(a),72418.5,20251012
30230,대덕구,7,일요일,2,외지인(b),71498.0,20251012
30230,대덕구,7,일요일,3,외국인(c),528.07,20251012
30110,동구,1,월요일,1,현지인(a),91112.0,20251013
30110,동구,1,월요일,2,외지인(b),82925.5,20251013
30110,동구,1,월요일,3,외국인(c),1091.6400000000003,20251013
30140,중구,1,월요일,1,현지인(a),128072.0,20251013
30140,중구,1,월요일,2,외지인(b),95942.0,20251013
30140,중구,1,월요일,3,외국인(c),480.01,20251013
30170,서구,1,월요일,1,현지인(a),280241.5,20251013
30170,서구,1,월요일,2,외지인(b),131491.5,20251013
30170,서구,1,월요일,3,외국인(c),1037.57,20251013
30200,유성구,1,월요일,1,현지인(a),260085.0,20251013
30200,유성구,1,월요일,2,외지인(b),119245.0,20251013
30200,유성구,1,월요일,3,외국인(c),1639.92,20251013
30230,대덕구,1,월요일,1,현지인(a),80139.5,20251013
30230,대덕구,1,월요일,2,외지인(b),57484.0,20251013
30230,대덕구,1,월요일,3,외국인(c),591.82,20251013
30110,동구,2,화요일,1,현지인(a),92872.5,20251014
30110,동구,2,화요일,2,외지인(b),87045.0,20251014
30110,동구,2,화요일,3,외국인(c),982.96,20251014
30140,중구,2,화요일,1,현지인(a),130637.5,20251014
30140,중구,2,화요일,2,외지인(b),105577.5,20251014
30140,중구,2,화요일,3,외국인(c),498.4200000000002,20251014
30170,서구,2,화요일,1,현지인(a),285953.5,20251014
30170,서구,2,화요일,2,외지인(b),140847.0,20251014
30170,서구,2,화요일,3,외국인(c),1016.17,20251014
30200,유성구,2,화요일,1,현지인(a),266882.0,20251014
30200,유성구,2,화요일,2,외지인(b),134281.0,20251014
30200,유성구,2,화요일,3,외국인(c),1823.8600000000004,20251014
30230,대덕구,2,화요일,1,현지인(a),82610.5,20251014
30230,대덕구,2,화요일,2,외지인(b),63563.5,20251014
30230,대덕구,2,화요일,3,외국인(c),611.59,20251014
30110,동구,3,수요일,1,현지인(a),93166.5,20251015
30110,동구,3,수요일,2,외지인(b),93649.5,20251015
30110,동구,3,수요일,3,외국인(c),1141.2400000000002,20251015
30140,중구,3,수요일,1,현지인(a),130844.0,20251015
30140,중구,3,수요일,2,외지인(b),105416.5,20251015
30140,중구,3,수요일,3,외국인(c),555.21,20251015
30170,서구,3,수요일,1,현지인(a),289103.5,20251015
30170,서구,3,수요일,2,외지인(b),149418.5,20251015
30170,서구,3,수요일,3,외국인(c),1021.2399999999997,20251015
30200,유성구,3,수요일,1,현지인(a),267032.5,20251015
30200,유성구,3,수요일,2,외지인(b),142156.0,20251015
30200,유성구,3,수요일,3,외국인(c),1750.3899999999996,20251015
30230,대덕구,3,수요일,1,현지인(a),82761.0,20251015
30230,대덕구,3,수요일,2,외지인(b),65149.0,20251015
30230,대덕구,3,수요일,3,외국인(c),636.22,20251015
30110,동구,4,목요일,1,현지인(a),92501.5,20251016
30110,동구,4,목요일,2,외지인(b),95168.5,20251016
30110,동구,4,목요일,3,외국인(c),1015.4700000000001,20251016
30140,중구,4,목요일,1,현지인(a),129776.5,20251016
30140,중구,4,목요일,2,외지인(b),109189.5,20251016
30140,중구,4,목요일,3,외국인(c),612.41,20251016
30170,서구,4,목요일,1,현지인(a),287500.5,20251016
30170,서구,4,목요일,2,외지인(b),154252.0,20251016
30170,서구,4,목요일,3,외국인(c),1174.9900000000002,20251016
30200,유성구,4,목요일,1,현지인(a),266665.0,20251016
30200,유성구,4,목요일,2,외지인(b),148039.5,20251016
30200,유성구,4,목요일,3,외국인(c),1819.93,20251016
30230,대덕구,4,목요일,1,현지인(a),81910.5,20251016
30230,대덕구,4,목요일,2,외지인(b),66167.5,20251016
30230,대덕구,4,목요일,3,외국인(c),690.7700000000001,20251016
30110,동구,5,금요일,1,현지인(a),93453.5,20251017
30110,동구,5,금요일,2,외지인(b),121660.0,20251017
30110,동구,5,금요일,3,외국인(c),1199.93,20251017
30140,중구,5,금요일,1,현지인(a),132009.5,20251017
30140,중구,5,금요일,2,외지인(b),139545.0,20251017
30140,중구,5,금요일,3,외국인(c),626.5500000000001,20251017
30170,서구,5,금요일,1,현지인(a),289775.5,20251017
30170,서구,5,금요일,2,외지인(b),172879.0,20251017
30170,서구,5,금요일,3,외국인(c),1307.3299999999997,20251017
30200,유성구,5,금요일,1,현지인(a),269209.5,20251017
30200,유성구,5,금요일,2,외지인(b),170817.5,20251017
30200,유성구,5,금요일,3,외국인(c),1853.7099999999998,20251017
30230,대덕구,5,금요일,1,현지인(a),82621.0,20251017
30230,대덕구,5,금요일,2,외지인(b),74987.5,20251017
30230,대덕구,5,금요일,3,외국인(c),707.0200000000001,20251017
30110,동구,6,토요일,1,현지인(a),87087.0,20251018
30110,동구,6,토요일,2,외지인(b),173526.5,20251018
30110,동구,6,토요일,3,외국인(c),1208.48,20251018
30140,중구,6,토요일,1,현지인(a),122073.0,20251018
30140,중구,6,토요일,2,외지인(b),189532.0,20251018
30140,중구,6,토요일,3,외국인(c),636.78,20251018
30170,서구,6,토요일,1,현지인(a),264568.5,20251018
30170,서구,6,토요일,2,외지인(b),240457.0,20251018
30170,서구,6,토요일,3,외국인(c),1340.76,20251018
30200,유성구,6,토요일,1,현지인(a),239694.0,20251018
30200,유성구,6,토요일,2,외지인(b),238780.5,20251018
30200,유성구,6,토요일,3,외국인(c),1879.3799999999994,20251018
30230,대덕구,6,토요일,1,현지인(a),74193.0,20251018
30230,대덕구,6,토요일,2,외지인(b),92683.5,20251018
30230,대덕구,6,토요일,3,외국인(c),653.61,20251018
30110,동구,7,일요일,1,현지인(a),86352.0,20251019
30110,동구,7,일요일,2,외지인(b),154717.5,20251019
30110,동구,7,일요일,3,외국인(c),1237.4000000000003,20251019
30140,중구,7,일요일,1,현지인(a),118919.5,20251019
30140,중구,7,일요일,2,외지인(b),166316.5,20251019
30140,중구,7,일요일,3,외국인(c),586.7,20251019
30170,서구,7,일요일,1,현지인(a),257187.0,20251019
30170,서구,7,일요일,2,외지인(b),196696.5,20251019
30170,서구,7,일요일,3,외국인(c),1313.7999999999997,20251019
30200,유성구,7,일요일,1,현지인(a),236096.0,20251019
30200,유성구,7,일요일,2,외지인(b),206657.5,20251019
30200,유성구,7,일요일,3,외국인(c),1956.4299999999992,20251019
30230,대덕구,7,일요일,1,현지인(a),72240.0,20251019
30230,대덕구,7,일요일,2,외지인(b),82911.5,20251019
30230,대덕구,7,일요일,3,외국인(c),606.84,20251019
30110,동구,1,월요일,1,현지인(a),93198.0,20251020
30110,동구,1,월요일,2,외지인(b),94633.0,20251020
30110,동구,1,월요일,3,외국인(c),1212.6899999999996,20251020
30140,중구,1,월요일,1,현지인(a),130214.0,20251020
30140,중구,1,월요일,2,외지인(b),108013.5,20251020
30140,중구,1,월요일,3,외국인(c),623.24,20251020
30170,서구,1,월요일,1,현지인(a),284011.0,20251020
30170,서구,1,월요일,2,외지인(b),148260.0,20251020
30170,서구,1,월요일,3,외국인(c),1412.6599999999999,20251020
30200,유성구,1,월요일,1,현지인(a),264131.0,20251020
30200,유성구,1,월요일,2,외지인(b),145134.5,20251020
30200,유성구,1,월요일,3,외국인(c),2126.76,20251020
30230,대덕구,1,월요일,1,현지인(a),81749.5,20251020
30230,대덕구,1,월요일,2,외지인(b),66594.5,20251020
30230,대덕구,1,월요일,3,외국인(c),790.58,20251020
30110,동구,2,화요일,1,현지인(a),91416.5,20251021
30110,동구,2,화요일,2,외지인(b),97373.5,20251021
30110,동구,2,화요일,3,외국인(c),1167.3799999999999,20251021
30140,중구,2,화요일,1,현지인(a),129090.5,20251021
30140,중구,2,화요일,2,외지인(b),113158.5,20251021
30140,중구,2,화요일,3,외국인(c),637.5400000000002,20251021
30170,서구,2,화요일,1,현지인(a),282149.0,20251021
30170,서구,2,화요일,2,외지인(b),150251.5,20251021
30170,서구,2,화요일,3,외국인(c),1438.64,20251021
30200,유성구,2,화요일,1,현지인(a),263119.5,20251021
30200,유성구,2,화요일,2,외지인(b),150983.0,20251021
30200,유성구,2,화요일,3,외국인(c),2464.1100000000006,20251021
30230,대덕구,2,화요일,1,현지인(a),80969.0,20251021
30230,대덕구,2,화요일,2,외지인(b),66990.0,20251021
30230,대덕구,2,화요일,3,외국인(c),784.3699999999998,20251021
30110,동구,3,수요일,1,현지인(a),91990.5,20251022
30110,동구,3,수요일,2,외지인(b),97916.0,20251022
30110,동구,3,수요일,3,외국인(c),1273.2,20251022
30140,중구,3,수요일,1,현지인(a),130511.5,20251022
30140,중구,3,수요일,2,외지인(b),111391.0,20251022
30140,중구,3,수요일,3,외국인(c),573.65,20251022
30170,서구,3,수요일,1,현지인(a),284977.0,20251022
30170,서구,3,수요일,2,외지인(b),154675.5,20251022
30170,서구,3,수요일,3,외국인(c),1387.6499999999996,20251022
30200,유성구,3,수요일,1,현지인(a),265142.5,20251022
30200,유성구,3,수요일,2,외지인(b),155494.5,20251022
30200,유성구,3,수요일,3,외국인(c),2552.4,20251022
30230,대덕구,3,수요일,1,현지인(a),82047.0,20251022
30230,대덕구,3,수요일,2,외지인(b),68316.5,20251022
30230,대덕구,3,수요일,3,외국인(c),820.4800000000001,20251022
30110,동구,4,목요일,1,현지인(a),91675.5,20251023
30110,동구,4,목요일,2,외지인(b),101850.0,20251023
30110,동구,4,목요일,3,외국인(c),1409.65,20251023
30140,중구,4,목요일,1,현지인(a),130924.5,20251023
30140,중구,4,목요일,2,외지인(b),117995.5,20251023
30140,중구,4,목요일,3,외국인(c),665.3900000000004,20251023
30170,서구,4,목요일,1,현지인(a),285754.0,20251023
30170,서구,4,목요일,2,외지인(b),160636.0,20251023
30170,서구,4,목요일,3,외국인(c),1479.32,20251023
30200,유성구,4,목요일,1,현지인(a),265499.5,20251023
30200,유성구,4,목요일,2,외지인(b),160741.0,20251023
30200,유성구,4,목요일,3,외국인(c),2588.940000000001,20251023
30230,대덕구,4,목요일,1,현지인(a),82355.0,20251023
30230,대덕구,4,목요일,2,외지인(b),70605.5,20251023
30230,대덕구,4,목요일,3,외국인(c),772.7400000000001,20251023
30110,동구,5,금요일,1,현지인(a),93383.5,20251024
30110,동구,5,금요일,2,외지인(b),128264.5,20251024
30110,동구,5,금요일,3,외국인(c),1384.2900000000002,20251024
30140,중구,5,금요일,1,현지인(a),133248.5,20251024
30140,중구,5,금요일,2,외지인(b),152211.5,20251024
30140,중구,5,금요일,3,외국인(c),611.6,20251024
30170,서구,5,금요일,1,현지인(a),288921.5,20251024
30170,서구,5,금요일,2,외지인(b),184201.5,20251024
30170,서구,5,금요일,3,외국인(c),1436.1800000000003,20251024
30200,유성구,5,금요일,1,현지인(a),268422.0,20251024
30200,유성구,5,금요일,2,외지인(b),189024.5,20251024
30200,유성구,5,금요일,3,외국인(c),2293.9999999999995,20251024
30230,대덕구,5,금요일,1,현지인(a),82446.0,20251024
30230,대덕구,5,금요일,2,외지인(b),77756.0,20251024
30230,대덕구,5,금요일,3,외국인(c),738.2600000000001,20251024
30110,동구,6,토요일,1,현지인(a),86352.0,20251025
30110,동구,6,토요일,2,외지인(b),169498.0,20251025
30110,동구,6,토요일,3,외국인(c),1251.89,20251025
30140,중구,6,토요일,1,현지인(a),121954.0,20251025
30140,중구,6,토요일,2,외지인(b),186196.5,20251025
30140,중구,6,토요일,3,외국인(c),673.0299999999999,20251025
30170,서구,6,토요일,1,현지인(a),264995.5,20251025
30170,서구,6,토요일,2,외지인(b),253382.5,20251025
30170,서구,6,토요일,3,외국인(c),1310.0199999999998,20251025
30200,유성구,6,토요일,1,현지인(a),238388.5,20251025
30200,유성구,6,토요일,2,외지인(b),250267.5,20251025
30200,유성구,6,토요일,3,외국인(c),2001.7199999999998,20251025
30230,대덕구,6,토요일,1,현지인(a),74648.0,20251025
30230,대덕구,6,토요일,2,외지인(b),101633.0,20251025
30230,대덕구,6,토요일,3,외국인(c),550.1400000000001,20251025
30110,동구,7,일요일,1,현지인(a),83429.5,20251026
30110,동구,7,일요일,2,외지인(b),138152.0,20251026
30110,동구,7,일요일,3,외국인(c),1385.5800000000004,20251026
30140,중구,7,일요일,1,현지인(a),116704.0,20251026
30140,중구,7,일요일,2,외지인(b),146335.0,20251026
30140,중구,7,일요일,3,외국인(c),620.0700000000003,20251026
30170,서구,7,일요일,1,현지인(a),251244.0,20251026
30170,서구,7,일요일,2,외지인(b),200777.5,20251026
30170,서구,7,일요일,3,외국인(c),1344.9700000000003,20251026
30200,유성구,7,일요일,1,현지인(a),231234.5,20251026
30200,유성구,7,일요일,2,외지인(b),213878.0,20251026
30200,유성구,7,일요일,3,외국인(c),2329.56,20251026
30230,대덕구,7,일요일,1,현지인(a),70609.0,20251026
30230,대덕구,7,일요일,2,외지인(b),83856.5,20251026
30230,대덕구,7,일요일,3,외국인(c),711.2,20251026
30110,동구,1,월요일,1,현지인(a),92050.0,20251027
30110,동구,1,월요일,2,외지인(b),98210.0,20251027
30110,동구,1,월요일,3,외국인(c),1404.8300000000002,20251027
30140,중구,1,월요일,1,현지인(a),129234.0,20251027
30140,중구,1,월요일,2,외지인(b),114562.0,20251027
30140,중구,1,월요일,3,외국인(c),703.51,20251027
30170,서구,1,월요일,1,현지인(a),282026.5,20251027
30170,서구,1,월요일,2,외지인(b),154437.5,20251027
30170,서구,1,월요일,3,외국인(c),1539.36,20251027
30200,유성구,1,월요일,1,현지인(a),263326.0,20251027
30200,유성구,1,월요일,2,외지인(b),152316.5,20251027
30200,유성구,1,월요일,3,외국인(c),2358.5799999999995,20251027
30230,대덕구,1,월요일,1,현지인(a),81431.0,20251027
30230,대덕구,1,월요일,2,외지인(b),70808.5,20251027
30230,대덕구,1,월요일,3,외국인(c),711.7300000000001,20251027
30110,동구,2,화요일,1,현지인(a),91231.0,20251028
30110,동구,2,화요일,2,외지인(b),96911.5,20251028
30110,동구,2,화요일,3,외국인(c),1403.0000000000002,20251028
30140,중구,2,화요일,1,현지인(a),128362.5,20251028
30140,중구,2,화요일,2,외지인(b),113053.5,20251028
30140,중구,2,화요일,3,외국인(c),623.91,20251028
30170,서구,2,화요일,1,현지인(a),281620.5,20251028
30170,서구,2,화요일,2,외지인(b),156264.5,20251028
30170,서구,2,화요일,3,외국인(c),1494.1200000000003,20251028
30200,유성구,2,화요일,1,현지인(a),264624.5,20251028
30200,유성구,2,화요일,2,외지인(b),154451.5,20251028
30200,유성구,2,화요일,3,외국인(c),2631.61,20251028
30230,대덕구,2,화요일,1,현지인(a),82253.5,20251028
30230,대덕구,2,화요일,2,외지인(b),71683.5,20251028
30230,대덕구,2,화요일,3,외국인(c),772.2100000000005,20251028
30110,동구,3,수요일,1,현지인(a),93103.5,20251029
30110,동구,3,수요일,2,외지인(b),106746.5,20251029
30110,동구,3,수요일,3,외국인(c),1233.1900000000003,20251029
30140,중구,3,수요일,1,현지인(a),130049.5,20251029
30140,중구,3,수요일,2,외지인(b),134648.5,20251029
30140,중구,3,수요일,3,외국인(c),745.2399999999999,20251029
30170,서구,3,수요일,1,현지인(a),284249.0,20251029
30170,서구,3,수요일,2,외지인(b),166757.5,20251029
30170,서구,3,수요일,3,외국인(c),1445.1699999999996,20251029
30200,유성구,3,수요일,1,현지인(a),265167.0,20251029
30200,유성구,3,수요일,2,외지인(b),167090.0,20251029
30200,유성구,3,수요일,3,외국인(c),2324.31,20251029
30230,대덕구,3,수요일,1,현지인(a),84080.5,20251029
30230,대덕구,3,수요일,2,외지인(b),78225.0,20251029
30230,대덕구,3,수요일,3,외국인(c),799.9,20251029
30110,동구,4,목요일,1,현지인(a),91570.5,20251030
30110,동구,4,목요일,2,외지인(b),110736.5,20251030
30110,동구,4,목요일,3,외국인(c),1282.4900000000007,20251030
30140,중구,4,목요일,1,현지인(a),129594.5,20251030
30140,중구,4,목요일,2,외지인(b),136717.0,20251030
30140,중구,4,목요일,3,외국인(c),701.6899999999998,20251030
30170,서구,4,목요일,1,현지인(a),284133.5,20251030
30170,서구,4,목요일,2,외지인(b),172224.5,20251030
30170,서구,4,목요일,3,외국인(c),1380.2300000000002,20251030
30200,유성구,4,목요일,1,현지인(a),263266.5,20251030
30200,유성구,4,목요일,2,외지인(b),172189.5,20251030
30200,유성구,4,목요일,3,외국인(c),2181.64,20251030
30230,대덕구,4,목요일,1,현지인(a),81424.0,20251030
30230,대덕구,4,목요일,2,외지인(b),76489.0,20251030
30230,대덕구,4,목요일,3,외국인(c),691.3,20251030
30110,동구,5,금요일,1,현지인(a),92263.5,20251031
30110,동구,5,금요일,2,외지인(b),134081.5,20251031
30110,동구,5,금요일,3,외국인(c),1258.1900000000003,20251031
30140,중구,5,금요일,1,현지인(a),132706.0,20251031
30140,중구,5,금요일,2,외지인(b),159229.0,20251031
30140,중구,5,금요일,3,외국인(c),666.98,20251031
30170,서구,5,금요일,1,현지인(a),289723.0,20251031
30170,서구,5,금요일,2,외지인(b),195268.5,20251031
30170,서구,5,금요일,3,외국인(c),1382.33,20251031
30200,유성구,5,금요일,1,현지인(a),266626.5,20251031
30200,유성구,5,금요일,2,외지인(b),196486.5,20251031
30200,유성구,5,금요일,3,외국인(c),1885.38,20251031
30230,대덕구,5,금요일,1,현지인(a),83412.0,20251031
30230,대덕구,5,금요일,2,외지인(b),85918.0,20251031
30230,대덕구,5,금요일,3,외국인(c),671.39,20251031
30110,동구,6,토요일,1,현지인(a),93177.0,20251101
30110,동구,6,토요일,2,외지인(b),159295.5,20251101
30110,동구,6,토요일,3,외국인(c),1300.5900000000001,20251101
30140,중구,6,토요일,1,현지인(a),124995.5,20251101
30140,중구,6,토요일,2,외지인(b),171150.0,20251101
30140,중구,6,토요일,3,외국인(c),639.31,20251101
30170,서구,6,토요일,1,현지인(a),273336.0,20251101
30170,서구,6,토요일,2,외지인(b),241902.5,20251101
30170,서구,6,토요일,3,외국인(c),1424.7199999999998,20251101
30200,유성구,6,토요일,1,현지인(a),248472.0,20251101
30200,유성구,6,토요일,2,외지인(b),248465.0,20251101
30200,유성구,6,토요일,3,외국인(c),1694.0799999999997,20251101
30230,대덕구,6,토요일,1,현지인(a),77721.0,20251101
30230,대덕구,6,토요일,2,외지인(b),98073.5,20251101
30230,대덕구,6,토요일,3,외국인(c),605.6500000000001,20251101
30110,동구,7,일요일,1,현지인(a),90440.0,20251102
30110,동구,7,일요일,2,외지인(b),135786.0,20251102
30110,동구,7,일요일,3,외국인(c),1295.8900000000003,20251102
30140,중구,7,일요일,1,현지인(a),120218.0,20251102
30140,중구,7,일요일,2,외지인(b),141029.0,20251102
30140,중구,7,일요일,3,외국인(c),617.7800000000001,20251102
30170,서구,7,일요일,1,현지인(a),263137.0,20251102
30170,서구,7,일요일,2,외지인(b),198016.0,20251102
30170,서구,7,일요일,3,외국인(c),1535.9400000000003,20251102
30200,유성구,7,일요일,1,현지인(a),243911.5,20251102
30200,유성구,7,일요일,2,외지인(b),198443.0,20251102
30200,유성구,7,일요일,3,외국인(c),1887.6200000000003,20251102
30230,대덕구,7,일요일,1,현지인(a),73517.5,20251102
30230,대덕구,7,일요일,2,외지인(b),84850.5,20251102
30230,대덕구,7,일요일,3,외국인(c),731.1700000000001,20251102
30110,동구,1,월요일,1,현지인(a),104328.0,20251103
30110,동구,1,월요일,2,외지인(b),94069.5,20251103
30110,동구,1,월요일,3,외국인(c),1201.0899999999995,20251103
30140,중구,1,월요일,1,현지인(a),136013.5,20251103
30140,중구,1,월요일,2,외지인(b),102347.0,20251103
30140,중구,1,월요일,3,외국인(c),547.32,20251103
30170,서구,1,월요일,1,현지인(a),298973.5,20251103
30170,서구,1,월요일,2,외지인(b),148141.0,20251103
30170,서구,1,월요일,3,외국인(c),1404.14,20251103
30200,유성구,1,월요일,1,현지인(a),288424.5,20251103
30200,유성구,1,월요일,2,외지인(b),149460.5,20251103
30200,유성구,1,월요일,3,외국인(c),2141.3499999999995,20251103
30230,대덕구,1,월요일,1,현지인(a),88042.5,20251103
30230,대덕구,1,월요일,2,외지인(b),70427.0,20251103
30230,대덕구,1,월요일,3,외국인(c),680.7099999999999,20251103
30110,동구,2,화요일,1,현지인(a),104604.5,20251104
30110,동구,2,화요일,2,외지인(b),96796.0,20251104
30110,동구,2,화요일,3,외국인(c),1203.0900000000004,20251104
30140,중구,2,화요일,1,현지인(a),136013.5,20251104
30140,중구,2,화요일,2,외지인(b),107593.5,20251104
30140,중구,2,화요일,3,외국인(c),661.9099999999999,20251104
30170,서구,2,화요일,1,현지인(a),300821.5,20251104
30170,서구,2,화요일,2,외지인(b),152439.0,20251104
30170,서구,2,화요일,3,외국인(c),1380.77,20251104
30200,유성구,2,화요일,1,현지인(a),291550.0,20251104
30200,유성구,2,화요일,2,외지인(b),161175.0,20251104
30200,유성구,2,화요일,3,외국인(c),2278.06,20251104
30230,대덕구,2,화요일,1,현지인(a),89320.0,20251104
30230,대덕구,2,화요일,2,외지인(b),74350.5,20251104
30230,대덕구,2,화요일,3,외국인(c),757.01,20251104
30110,동구,3,수요일,1,현지인(a),105682.5,20251105
30110,동구,3,수요일,2,외지인(b),99022.0,20251105
30110,동구,3,수요일,3,외국인(c),1283.3700000000001,20251105
30140,중구,3,수요일,1,현지인(a),136727.5,20251105
30140,중구,3,수요일,2,외지인(b),110761.0,20251105
30140,중구,3,수요일,3,외국인(c),545.1699999999998,20251105
30170,서구,3,수요일,1,현지인(a),303996.0,20251105
30170,서구,3,수요일,2,외지인(b),158105.5,20251105
30170,서구,3,수요일,3,외국인(c),1364.28,20251105
30200,유성구,3,수요일,1,현지인(a),291259.5,20251105
30200,유성구,3,수요일,2,외지인(b),161472.5,20251105
30200,유성구,3,수요일,3,외국인(c),2241.57,20251105
30230,대덕구,3,수요일,1,현지인(a),89635.0,20251105
30230,대덕구,3,수요일,2,외지인(b),73531.5,20251105
30230,대덕구,3,수요일,3,외국인(c),646.2200000000001,20251105
30110,동구,4,목요일,1,현지인(a),103645.5,20251106
30110,동구,4,목요일,2,외지인(b),103670.0,20251106
30110,동구,4,목요일,3,외국인(c),1239.27,20251106
30140,중구,4,목요일,1,현지인(a),136664.5,20251106
30140,중구,4,목요일,2,외지인(b),114898.0,20251106
30140,중구,4,목요일,3,외국인(c),577.32,20251106
30170,서구,4,목요일,1,현지인(a),301584.5,20251106
30170,서구,4,목요일,2,외지인(b),159736.5,20251106
30170,서구,4,목요일,3,외국인(c),1237.7800000000002,20251106
30200,유성구,4,목요일,1,현지인(a),288249.5,20251106
30200,유성구,4,목요일,2,외지인(b),165392.5,20251106
30200,유성구,4,목요일,3,외국인(c),1934.0499999999997,20251106
30230,대덕구,4,목요일,1,현지인(a),88571.0,20251106
30230,대덕구,4,목요일,2,외지인(b),74791.5,20251106
30230,대덕구,4,목요일,3,외국인(c),680.2600000000001,20251106
30110,동구,5,금요일,1,현지인(a),103610.5,20251107
30110,동구,5,금요일,2,외지인(b),122790.5,20251107
30110,동구,5,금요일,3,외국인(c),1154.8100000000002,20251107
30140,중구,5,금요일,1,현지인(a),138516.0,20251107
30140,중구,5,금요일,2,외지인(b),130802.0,20251107
30140,중구,5,금요일,3,외국인(c),616.2299999999999,20251107
30170,서구,5,금요일,1,현지인(a),303233.0,20251107
30170,서구,5,금요일,2,외지인(b),180537.0,20251107
30170,서구,5,금요일,3,외국인(c),1326.72,20251107
30200,유성구,5,금요일,1,현지인(a),287189.0,20251107
30200,유성구,5,금요일,2,외지인(b),183820.0,20251107
30200,유성구,5,금요일,3,외국인(c),1869.7499999999998,20251107
30230,대덕구,5,금요일,1,현지인(a),89141.5,20251107
30230,대덕구,5,금요일,2,외지인(b),81994.5,20251107
30230,대덕구,5,금요일,3,외국인(c),664.2499999999999,20251107
30110,동구,6,토요일,1,현지인(a),92256.5,20251108
30110,동구,6,토요일,2,외지인(b),160807.5,20251108
30110,동구,6,토요일,3,외국인(c),1127.6000000000004,20251108
30140,중구,6,토요일,1,현지인(a),123056.5,20251108
30140,중구,6,토요일,2,외지인(b),173162.5,20251108
30140,중구,6,토요일,3,외국인(c),558.06,20251108
30170,서구,6,토요일,1,현지인(a),268212.0,20251108
30170,서구,6,토요일,2,외지인(b),246851.5,20251108
30170,서구,6,토요일,3,외국인(c),1267.85,20251108
30200,유성구,6,토요일,1,현지인(a),244009.5,20251108
30200,유성구,6,토요일,2,외지인(b),236652.5,20251108
30200,유성구,6,토요일,3,외국인(c),1589.62,20251108
30230,대덕구,6,토요일,1,현지인(a),77077.0,20251108
30230,대덕구,6,토요일,2,외지인(b),100278.5,20251108
30230,대덕구,6,토요일,3,외국인(c),544.57,20251108
30110,동구,7,일요일,1,현지인(a),89925.5,20251109
30110,동구,7,일요일,2,외지인(b),141354.5,20251109
30110,동구,7,일요일,3,외국인(c),1150.5300000000002,20251109
30140,중구,7,일요일,1,현지인(a),119469.0,20251109
30140,중구,7,일요일,2,외지인(b),138995.5,20251109
30140,중구,7,일요일,3,외국인(c),555.5600000000001,20251109
30170,서구,7,일요일,1,현지인(a),261065.0,20251109
30170,서구,7,일요일,2,외지인(b),199290.0,20251109
30170,서구,7,일요일,3,외국인(c),1206.22,20251109
30200,유성구,7,일요일,1,현지인(a),242522.0,20251109
30200,유성구,7,일요일,2,외지인(b),203714.0,20251109
30200,유성구,7,일요일,3,외국인(c),1666.01,20251109
30230,대덕구,7,일요일,1,현지인(a),73349.5,20251109
30230,대덕구,7,일요일,2,외지인(b),84987.0,20251109
30230,대덕구,7,일요일,3,외국인(c),622.0699999999998,20251109
30110,동구,1,월요일,1,현지인(a),103820.5,20251110
30110,동구,1,월요일,2,외지인(b),100677.5,20251110
30110,동구,1,월요일,3,외국인(c),1127.6400000000003,20251110
30140,중구,1,월요일,1,현지인(a),135691.5,20251110
30140,중구,1,월요일,2,외지인(b),111237.0,20251110
30140,중구,1,월요일,3,외국인(c),487.88999999999993,20251110
30170,서구,1,월요일,1,현지인(a),298868.5,20251110
30170,서구,1,월요일,2,외지인(b),158833.5,20251110
30170,서구,1,월요일,3,외국인(c),1211.0799999999995,20251110
30200,유성구,1,월요일,1,현지인(a),287500.5,20251110
30200,유성구,1,월요일,2,외지인(b),159264.0,20251110
30200,유성구,1,월요일,3,외국인(c),1946.42,20251110
30230,대덕구,1,월요일,1,현지인(a),87475.5,20251110
30230,대덕구,1,월요일,2,외지인(b),72516.5,20251110
30230,대덕구,1,월요일,3,외국인(c),739.8399999999998,20251110
30110,동구,2,화요일,1,현지인(a),104209.0,20251111
30110,동구,2,화요일,2,외지인(b),102553.5,20251111
30110,동구,2,화요일,3,외국인(c),1071.91,20251111
30140,중구,2,화요일,1,현지인(a),136129.0,20251111
30140,중구,2,화요일,2,외지인(b),116028.5,20251111
30140,중구,2,화요일,3,외국인(c),554.5999999999999,20251111
30170,서구,2,화요일,1,현지인(a),300531.0,20251111
30170,서구,2,화요일,2,외지인(b),164976.0,20251111
30170,서구,2,화요일,3,외국인(c),1158.09,20251111
30200,유성구,2,화요일,1,현지인(a),290006.5,20251111
30200,유성구,2,화요일,2,외지인(b),168360.5,20251111
30200,유성구,2,화요일,3,외국인(c),1962.9,20251111
30230,대덕구,2,화요일,1,현지인(a),88179.0,20251111
30230,대덕구,2,화요일,2,외지인(b),76993.0,20251111
30230,대덕구,2,화요일,3,외국인(c),733.8300000000002,20251111
30110,동구,3,수요일,1,현지인(a),104132.0,20251112
30110,동구,3,수요일,2,외지인(b),102553.5,20251112
30110,동구,3,수요일,3,외국인(c),1080.4900000000002,20251112
30140,중구,3,수요일,1,현지인(a),136748.5,20251112
30140,중구,3,수요일,2,외지인(b),116648.0,20251112
30140,중구,3,수요일,3,외국인(c),500.82,20251112
30170,서구,3,수요일,1,현지인(a),302193.5,20251112
30170,서구,3,수요일,2,외지인(b),166908.0,20251112
30170,서구,3,수요일,3,외국인(c),1231.9299999999998,20251112
30200,유성구,3,수요일,1,현지인(a),290986.5,20251112
30200,유성구,3,수요일,2,외지인(b),168227.5,20251112
30200,유성구,3,수요일,3,외국인(c),1932.57,20251112
30230,대덕구,3,수요일,1,현지인(a),88599.0,20251112
30230,대덕구,3,수요일,2,외지인(b),77878.5,20251112
30230,대덕구,3,수요일,3,외국인(c),825.6899999999998,20251112
30110,동구,4,목요일,1,현지인(a),103215.0,20251113
30110,동구,4,목요일,2,외지인(b),108941.0,20251113
30110,동구,4,목요일,3,외국인(c),1045.1800000000003,20251113
30140,중구,4,목요일,1,현지인(a),136111.5,20251113
30140,중구,4,목요일,2,외지인(b),121772.0,20251113
30140,중구,4,목요일,3,외국인(c),482.59999999999985,20251113
30170,서구,4,목요일,1,현지인(a),298921.0,20251113
30170,서구,4,목요일,2,외지인(b),169421.0,20251113
30170,서구,4,목요일,3,외국인(c),1243.1100000000004,20251113
30200,유성구,4,목요일,1,현지인(a),287276.5,20251113
30200,유성구,4,목요일,2,외지인(b),172182.5,20251113
30200,유성구,4,목요일,3,외국인(c),1907.96,20251113
30230,대덕구,4,목요일,1,현지인(a),87692.5,20251113
30230,대덕구,4,목요일,2,외지인(b),79660.0,20251113
30230,대덕구,4,목요일,3,외국인(c),694.8299999999999,20251113
30110,동구,5,금요일,1,현지인(a),102739.0,20251114
30110,동구,5,금요일,2,외지인(b),126696.5,20251114
30110,동구,5,금요일,3,외국인(c),1196.9100000000003,20251114
30140,중구,5,금요일,1,현지인(a),136843.0,20251114
30140,중구,5,금요일,2,외지인(b),138470.5,20251114
30140,중구,5,금요일,3,외국인(c),512.3299999999999,20251114
30170,서구,5,금요일,1,현지인(a),299386.5,20251114
30170,서구,5,금요일,2,외지인(b),195279.0,20251114
30170,서구,5,금요일,3,외국인(c),1302.42,20251114
30200,유성구,5,금요일,1,현지인(a),287210.0,20251114
30200,유성구,5,금요일,2,외지인(b),213612.0,20251114
30200,유성구,5,금요일,3,외국인(c),1994.3199999999997,20251114
30230,대덕구,5,금요일,1,현지인(a),87986.5,20251114
30230,대덕구,5,금요일,2,외지인(b),87430.0,20251114
30230,대덕구,5,금요일,3,외국인(c),649.1199999999998,20251114
30110,동구,6,토요일,1,현지인(a),91350.0,20251115
30110,동구,6,토요일,2,외지인(b),169645.0,20251115
30110,동구,6,토요일,3,외국인(c),1232.8600000000004,20251115
30140,중구,6,토요일,1,현지인(a),123924.5,20251115
30140,중구,6,토요일,2,외지인(b),181282.5,20251115
30140,중구,6,토요일,3,외국인(c),527.9300000000001,20251115
30170,서구,6,토요일,1,현지인(a),268061.5,20251115
30170,서구,6,토요일,2,외지인(b),258454.0,20251115
30170,서구,6,토요일,3,외국인(c),1311.86,20251115
30200,유성구,6,토요일,1,현지인(a),243474.0,20251115
30200,유성구,6,토요일,2,외지인(b),242557.0,20251115
30200,유성구,6,토요일,3,외국인(c),1705.6699999999996,20251115
30230,대덕구,6,토요일,1,현지인(a),77098.0,20251115
30230,대덕구,6,토요일,2,외지인(b),107047.5,20251115
30230,대덕구,6,토요일,3,외국인(c),652.9499999999998,20251115
30110,동구,7,일요일,1,현지인(a),90331.5,20251116
30110,동구,7,일요일,2,외지인(b),143927.0,20251116
30110,동구,7,일요일,3,외국인(c),1089.4399999999996,20251116
30140,중구,7,일요일,1,현지인(a),119840.0,20251116
30140,중구,7,일요일,2,외지인(b),150034.5,20251116
30140,중구,7,일요일,3,외국인(c),562.07,20251116
30170,서구,7,일요일,1,현지인(a),259808.5,20251116
30170,서구,7,일요일,2,외지인(b),211585.5,20251116
30170,서구,7,일요일,3,외국인(c),1107.01,20251116
30200,유성구,7,일요일,1,현지인(a),239344.0,20251116
30200,유성구,7,일요일,2,외지인(b),202324.5,20251116
30200,유성구,7,일요일,3,외국인(c),1621.2400000000007,20251116
30230,대덕구,7,일요일,1,현지인(a),73787.0,20251116
30230,대덕구,7,일요일,2,외지인(b),88872.0,20251116
30230,대덕구,7,일요일,3,외국인(c),564.4099999999999,20251116
30110,동구,1,월요일,1,현지인(a),102399.5,20251117
30110,동구,1,월요일,2,외지인(b),101545.5,20251117
30110,동구,1,월요일,3,외국인(c),1018.2900000000001,20251117
30140,중구,1,월요일,1,현지인(a),133948.5,20251117
30140,중구,1,월요일,2,외지인(b),112623.0,20251117
30140,중구,1,월요일,3,외국인(c),537.27,20251117
30170,서구,1,월요일,1,현지인(a),295249.5,20251117
30170,서구,1,월요일,2,외지인(b),162659.0,20251117
30170,서구,1,월요일,3,외국인(c),1044.7400000000005,20251117
30200,유성구,1,월요일,1,현지인(a),283958.5,20251117
30200,유성구,1,월요일,2,외지인(b),160146.0,20251117
30200,유성구,1,월요일,3,외국인(c),1826.12,20251117
30230,대덕구,1,월요일,1,현지인(a),86614.5,20251117
30230,대덕구,1,월요일,2,외지인(b),76020.0,20251117
30230,대덕구,1,월요일,3,외국인(c),617.8000000000001,20251117
30110,동구,2,화요일,1,현지인(a),102424.0,20251118
30110,동구,2,화요일,2,외지인(b),101685.5,20251118
30110,동구,2,화요일,3,외국인(c),1117.6699999999998,20251118
30140,중구,2,화요일,1,현지인(a),133994.0,20251118
30140,중구,2,화요일,2,외지인(b),113827.0,20251118
30140,중구,2,화요일,3,외국인(c),626.3199999999999,20251118
30170,서구,2,화요일,1,현지인(a),295512.0,20251118
30170,서구,2,화요일,2,외지인(b),165319.0,20251118
30170,서구,2,화요일,3,외국인(c),1203.8599999999997,20251118
30200,유성구,2,화요일,1,현지인(a),285803.0,20251118
30200,유성구,2,화요일,2,외지인(b),164003.0,20251118
30200,유성구,2,화요일,3,외국인(c),2205.5399999999995,20251118
30230,대덕구,2,화요일,1,현지인(a),86891.0,20251118
30230,대덕구,2,화요일,2,외지인(b),78977.5,20251118
30230,대덕구,2,화요일,3,외국인(c),692.9199999999997,20251118
30110,동구,3,수요일,1,현지인(a),103124.0,20251119
30110,동구,3,수요일,2,외지인(b),102497.5,20251119
30110,동구,3,수요일,3,외국인(c),1059.3200000000002,20251119
30140,중구,3,수요일,1,현지인(a),135481.5,20251119
30140,중구,3,수요일,2,외지인(b),116172.0,20251119
30140,중구,3,수요일,3,외국인(c),636.67,20251119
30170,서구,3,수요일,1,현지인(a),297944.5,20251119
30170,서구,3,수요일,2,외지인(b),169998.5,20251119
30170,서구,3,수요일,3,외국인(c),1215.63,20251119
30200,유성구,3,수요일,1,현지인(a),287598.5,20251119
30200,유성구,3,수요일,2,외지인(b),170331.0,20251119
30200,유성구,3,수요일,3,외국인(c),2273.2000000000003,20251119
30230,대덕구,3,수요일,1,현지인(a),87577.0,20251119
30230,대덕구,3,수요일,2,외지인(b),78176.0,20251119
30230,대덕구,3,수요일,3,외국인(c),620.83,20251119
30110,동구,4,목요일,1,현지인(a),103337.5,20251120
30110,동구,4,목요일,2,외지인(b),108675.0,20251120
30110,동구,4,목요일,3,외국인(c),1120.1899999999998,20251120
30140,중구,4,목요일,1,현지인(a),135460.5,20251120
30140,중구,4,목요일,2,외지인(b),121751.0,20251120
30140,중구,4,목요일,3,외국인(c),606.4399999999999,20251120
30170,서구,4,목요일,1,현지인(a),298098.5,20251120
30170,서구,4,목요일,2,외지인(b),174002.5,20251120
30170,서구,4,목요일,3,외국인(c),1078.72,20251120
30200,유성구,4,목요일,1,현지인(a),286146.0,20251120
30200,유성구,4,목요일,2,외지인(b),173442.5,20251120
30200,유성구,4,목요일,3,외국인(c),1977.45,20251120
30230,대덕구,4,목요일,1,현지인(a),87584.0,20251120
30230,대덕구,4,목요일,2,외지인(b),79191.0,20251120
30230,대덕구,4,목요일,3,외국인(c),692.6999999999998,20251120
30110,동구,5,금요일,1,현지인(a),102053.0,20251121
30110,동구,5,금요일,2,외지인(b),127158.5,20251121
30110,동구,5,금요일,3,외국인(c),977.05,20251121
30140,중구,5,금요일,1,현지인(a),136433.5,20251121
30140,중구,5,금요일,2,외지인(b),138936.0,20251121
30140,중구,5,금요일,3,외국인(c),573.97,20251121
30170,서구,5,금요일,1,현지인(a),298193.0,20251121
30170,서구,5,금요일,2,외지인(b),194127.5,20251121
30170,서구,5,금요일,3,외국인(c),1096.4999999999998,20251121
30200,유성구,5,금요일,1,현지인(a),284102.0,20251121
30200,유성구,5,금요일,2,외지인(b),192279.5,20251121
30200,유성구,5,금요일,3,외국인(c),1782.7400000000005,20251121
30230,대덕구,5,금요일,1,현지인(a),87297.0,20251121
30230,대덕구,5,금요일,2,외지인(b),87314.5,20251121
30230,대덕구,5,금요일,3,외국인(c),564.76,20251121
30110,동구,6,토요일,1,현지인(a),90447.0,20251122
30110,동구,6,토요일,2,외지인(b),163593.5,20251122
30110,동구,6,토요일,3,외국인(c),931.2299999999998,20251122
30140,중구,6,토요일,1,현지인(a),121719.5,20251122
30140,중구,6,토요일,2,외지인(b),180029.5,20251122
30140,중구,6,토요일,3,외국인(c),621.4899999999999,20251122
30170,서구,6,토요일,1,현지인(a),265436.5,20251122
30170,서구,6,토요일,2,외지인(b),255097.5,20251122
30170,서구,6,토요일,3,외국인(c),1029.2900000000004,20251122
30200,유성구,6,토요일,1,현지인(a),241738.0,20251122
30200,유성구,6,토요일,2,외지인(b),241528.0,20251122
30200,유성구,6,토요일,3,외국인(c),1541.1800000000003,20251122
30230,대덕구,6,토요일,1,현지인(a),75484.5,20251122
30230,대덕구,6,토요일,2,외지인(b),103110.0,20251122
30230,대덕구,6,토요일,3,외국인(c),442.75000000000006,20251122
30110,동구,7,일요일,1,현지인(a),89054.0,20251123
30110,동구,7,일요일,2,외지인(b),139674.5,20251123
30110,동구,7,일요일,3,외국인(c),938.91,20251123
30140,중구,7,일요일,1,현지인(a),118947.5,20251123
30140,중구,7,일요일,2,외지인(b),145789.0,20251123
30140,중구,7,일요일,3,외국인(c),539.22,20251123
30170,서구,7,일요일,1,현지인(a),257582.5,20251123
30170,서구,7,일요일,2,외지인(b),203395.5,20251123
30170,서구,7,일요일,3,외국인(c),987.53,20251123
30200,유성구,7,일요일,1,현지인(a),237814.5,20251123
30200,유성구,7,일요일,2,외지인(b),192108.0,20251123
30200,유성구,7,일요일,3,외국인(c),1395.9500000000005,20251123
30230,대덕구,7,일요일,1,현지인(a),73076.5,20251123
30230,대덕구,7,일요일,2,외지인(b),88039.0,20251123
30230,대덕구,7,일요일,3,외국인(c),432.91,20251123
30110,동구,1,월요일,1,현지인(a),102490.5,20251124
30110,동구,1,월요일,2,외지인(b),106116.5,20251124
30110,동구,1,월요일,3,외국인(c),811.9000000000003,20251124
30140,중구,1,월요일,1,현지인(a),134942.5,20251124
30140,중구,1,월요일,2,외지인(b),118048.0,20251124
30140,중구,1,월요일,3,외국인(c),510.84,20251124
30170,서구,1,월요일,1,현지인(a),295869.0,20251124
30170,서구,1,월요일,2,외지인(b),165004.0,20251124
30170,서구,1,월요일,3,외국인(c),903.3000000000002,20251124
30200,유성구,1,월요일,1,현지인(a),285453.0,20251124
30200,유성구,1,월요일,2,외지인(b),164934.0,20251124
30200,유성구,1,월요일,3,외국인(c),1566.3000000000002,20251124
30230,대덕구,1,월요일,1,현지인(a),86583.0,20251124
30230,대덕구,1,월요일,2,외지인(b),75848.5,20251124
30230,대덕구,1,월요일,3,외국인(c),490.62000000000006,20251124
30110,동구,2,화요일,1,현지인(a),101062.5,20251125
30110,동구,2,화요일,2,외지인(b),102938.5,20251125
30110,동구,2,화요일,3,외국인(c),782.66,20251125
30140,중구,2,화요일,1,현지인(a),133843.5,20251125
30140,중구,2,화요일,2,외지인(b),117596.5,20251125
30140,중구,2,화요일,3,외국인(c),485.69000000000005,20251125
30170,서구,2,화요일,1,현지인(a),294553.0,20251125
30170,서구,2,화요일,2,외지인(b),165511.5,20251125
30170,서구,2,화요일,3,외국인(c),847.72,20251125
30200,유성구,2,화요일,1,현지인(a),285008.5,20251125
30200,유성구,2,화요일,2,외지인(b),169312.5,20251125
30200,유성구,2,화요일,3,외국인(c),1552.4999999999998,20251125
30230,대덕구,2,화요일,1,현지인(a),85820.0,20251125
30230,대덕구,2,화요일,2,외지인(b),76622.0,20251125
30230,대덕구,2,화요일,3,외국인(c),488.4699999999999,20251125
30110,동구,3,수요일,1,현지인(a),103362.0,20251126
30110,동구,3,수요일,2,외지인(b),110008.5,20251126
30110,동구,3,수요일,3,외국인(c),825.3800000000001,20251126
30140,중구,3,수요일,1,현지인(a),135495.5,20251126
30140,중구,3,수요일,2,외지인(b),123483.5,20251126
30140,중구,3,수요일,3,외국인(c),433.5400000000001,20251126
30170,서구,3,수요일,1,현지인(a),300114.5,20251126
30170,서구,3,수요일,2,외지인(b),176585.5,20251126
30170,서구,3,수요일,3,외국인(c),828.2200000000003,20251126
30200,유성구,3,수요일,1,현지인(a),288897.0,20251126
30200,유성구,3,수요일,2,외지인(b),175056.0,20251126
30200,유성구,3,수요일,3,외국인(c),1468.86,20251126
30230,대덕구,3,수요일,1,현지인(a),88109.0,20251126
30230,대덕구,3,수요일,2,외지인(b),80843.0,20251126
30230,대덕구,3,수요일,3,외국인(c),521.3900000000001,20251126
30110,동구,4,목요일,1,현지인(a),101013.5,20251127
30110,동구,4,목요일,2,외지인(b),108493.0,20251127
30110,동구,4,목요일,3,외국인(c),801.9100000000001,20251127
30140,중구,4,목요일,1,현지인(a),132923.0,20251127
30140,중구,4,목요일,2,외지인(b),119357.0,20251127
30140,중구,4,목요일,3,외국인(c),431.14000000000004,20251127
30170,서구,4,목요일,1,현지인(a),295760.5,20251127
30170,서구,4,목요일,2,외지인(b),173229.0,20251127
30170,서구,4,목요일,3,외국인(c),824.9100000000001,20251127
30200,유성구,4,목요일,1,현지인(a),283825.5,20251127
30200,유성구,4,목요일,2,외지인(b),178013.5,20251127
30200,유성구,4,목요일,3,외국인(c),1479.4600000000003,20251127
30230,대덕구,4,목요일,1,현지인(a),86191.0,20251127
30230,대덕구,4,목요일,2,외지인(b),78389.5,20251127
30230,대덕구,4,목요일,3,외국인(c),495.55,20251127
30110,동구,5,금요일,1,현지인(a),101811.5,20251128
30110,동구,5,금요일,2,외지인(b),126787.5,20251128
30110,동구,5,금요일,3,외국인(c),841.13,20251128
30140,중구,5,금요일,1,현지인(a),135747.5,20251128
30140,중구,5,금요일,2,외지인(b),139814.5,20251128
30140,중구,5,금요일,3,외국인(c),462.4100000000001,20251128
30170,서구,5,금요일,1,현지인(a),301581.0,20251128
30170,서구,5,금요일,2,외지인(b),195993.0,20251128
30170,서구,5,금요일,3,외국인(c),869.6199999999999,20251128
30200,유성구,5,금요일,1,현지인(a),285243.0,20251128
30200,유성구,5,금요일,2,외지인(b),193921.0,20251128
30200,유성구,5,금요일,3,외국인(c),1392.8700000000001,20251128
30230,대덕구,5,금요일,1,현지인(a),87808.0,20251128
30230,대덕구,5,금요일,2,외지인(b),89460.0,20251128
30230,대덕구,5,금요일,3,외국인(c),453.3000000000001,20251128
30110,동구,6,토요일,1,현지인(a),91353.5,20251129
30110,동구,6,토요일,2,외지인(b),166943.0,20251129
30110,동구,6,토요일,3,외국인(c),894.67,20251129
30140,중구,6,토요일,1,현지인(a),123648.0,20251129
30140,중구,6,토요일,2,외지인(b),180428.5,20251129
30140,중구,6,토요일,3,외국인(c),458.66,20251129
30170,서구,6,토요일,1,현지인(a),268754.5,20251129
30170,서구,6,토요일,2,외지인(b),257299.0,20251129
30170,서구,6,토요일,3,외국인(c),818.7800000000001,20251129
30200,유성구,6,토요일,1,현지인(a),243985.0,20251129
30200,유성구,6,토요일,2,외지인(b),245910.0,20251129
30200,유성구,6,토요일,3,외국인(c),1131.1200000000001,20251129
30230,대덕구,6,토요일,1,현지인(a),76223.0,20251129
30230,대덕구,6,토요일,2,외지인(b),105941.5,20251129
30230,대덕구,6,토요일,3,외국인(c),462.01,20251129
30110,동구,7,일요일,1,현지인(a),89572.0,20251130
30110,동구,7,일요일,2,외지인(b),142464.0,20251130
30110,동구,7,일요일,3,외국인(c),786.1499999999997,20251130
30140,중구,7,일요일,1,현지인(a),118545.0,20251130
30140,중구,7,일요일,2,외지인(b),148704.5,20251130
30140,중구,7,일요일,3,외국인(c),442.89000000000004,20251130
30170,서구,7,일요일,1,현지인(a),284921.0,20251130
30170,서구,7,일요일,2,외지인(b),297482.5,20251130
30170,서구,7,일요일,3,외국인(c),879.1800000000001,20251130
30200,유성구,7,일요일,1,현지인(a),254740.5,20251130
30200,유성구,7,일요일,2,외지인(b),262258.5,20251130
30200,유성구,7,일요일,3,외국인(c),1210.1700000000005,20251130
30230,대덕구,7,일요일,1,현지인(a),74130.0,20251130
30230,대덕구,7,일요일,2,외지인(b),95172.0,20251130
30230,대덕구,7,일요일,3,외국인(c),438.3999999999999,20251130
30110,동구,1,월요일,1,현지인(a),98710.5,20251201
30110,동구,1,월요일,2,외지인(b),90482.0,20251201
30110,동구,1,월요일,3,외국인(c),781.0600000000001,20251201
30140,중구,1,월요일,1,현지인(a),131999.0,20251201
30140,중구,1,월요일,2,외지인(b),98591.5,20251201
30140,중구,1,월요일,3,외국인(c),492.29,20251201
30170,서구,1,월요일,1,현지인(a),294073.5,20251201
30170,서구,1,월요일,2,외지인(b),142814.0,20251201
30170,서구,1,월요일,3,외국인(c),812.0899999999999,20251201
30200,유성구,1,월요일,1,현지인(a),278274.5,20251201
30200,유성구,1,월요일,2,외지인(b),133147.0,20251201
30200,유성구,1,월요일,3,외국인(c),1462.4900000000002,20251201
30230,대덕구,1,월요일,1,현지인(a),84413.0,20251201
30230,대덕구,1,월요일,2,외지인(b),63129.5,20251201
30230,대덕구,1,월요일,3,외국인(c),475.91999999999996,20251201
30110,동구,2,화요일,1,현지인(a),98973.0,20251202
30110,동구,2,화요일,2,외지인(b),90401.5,20251202
30110,동구,2,화요일,3,외국인(c),701.4300000000001,20251202
30140,중구,2,화요일,1,현지인(a),131652.5,20251202
30140,중구,2,화요일,2,외지인(b),100079.0,20251202
30140,중구,2,화요일,3,외국인(c),492.94000000000005,20251202
30170,서구,2,화요일,1,현지인(a),291396.0,20251202
30170,서구,2,화요일,2,외지인(b),140920.5,20251202
30170,서구,2,화요일,3,외국인(c),806.6199999999997,20251202
30200,유성구,2,화요일,1,현지인(a),278778.5,20251202
30200,유성구,2,화요일,2,외지인(b),140812.0,20251202
30200,유성구,2,화요일,3,외국인(c),1458.1999999999998,20251202
30230,대덕구,2,화요일,1,현지인(a),83625.5,20251202
30230,대덕구,2,화요일,2,외지인(b),66500.0,20251202
30230,대덕구,2,화요일,3,외국인(c),472.25999999999993,20251202
30110,동구,3,수요일,1,현지인(a),98500.5,20251203
30110,동구,3,수요일,2,외지인(b),87388.0,20251203
30110,동구,3,수요일,3,외국인(c),668.3200000000002,20251203
30140,중구,3,수요일,1,현지인(a),130840.5,20251203
30140,중구,3,수요일,2,외지인(b),100723.0,20251203
30140,중구,3,수요일,3,외국인(c),515.4,20251203
30170,서구,3,수요일,1,현지인(a),292365.5,20251203
30170,서구,3,수요일,2,외지인(b),147420.0,20251203
30170,서구,3,수요일,3,외국인(c),812.1800000000002,20251203
30200,유성구,3,수요일,1,현지인(a),277676.0,20251203
30200,유성구,3,수요일,2,외지인(b),139237.0,20251203
30200,유성구,3,수요일,3,외국인(c),1407.0000000000002,20251203
30230,대덕구,3,수요일,1,현지인(a),84287.0,20251203
30230,대덕구,3,수요일,2,외지인(b),64130.5,20251203
30230,대덕구,3,수요일,3,외국인(c),554.1200000000002,20251203
30110,동구,4,목요일,1,현지인(a),98350.0,20251204
30110,동구,4,목요일,2,외지인(b),92284.5,20251204
30110,동구,4,목요일,3,외국인(c),703.1300000000002,20251204
30140,중구,4,목요일,1,현지인(a),131036.5,20251204
30140,중구,4,목요일,2,외지인(b),103330.5,20251204
30140,중구,4,목요일,3,외국인(c),461.7700000000001,20251204
30170,서구,4,목요일,1,현지인(a),291329.5,20251204
30170,서구,4,목요일,2,외지인(b),147626.5,20251204
30170,서구,4,목요일,3,외국인(c),759.0700000000002,20251204
30200,유성구,4,목요일,1,현지인(a),278561.5,20251204
30200,유성구,4,목요일,2,외지인(b),144168.5,20251204
30200,유성구,4,목요일,3,외국인(c),1428.8200000000002,20251204
30230,대덕구,4,목요일,1,현지인(a),84479.5,20251204
30230,대덕구,4,목요일,2,외지인(b),65936.5,20251204
30230,대덕구,4,목요일,3,외국인(c),522.74,20251204
30110,동구,5,금요일,1,현지인(a),98892.5,20251205
30110,동구,5,금요일,2,외지인(b),113596.0,20251205
30110,동구,5,금요일,3,외국인(c),754.75,20251205
30140,중구,5,금요일,1,현지인(a),133728.0,20251205
30140,중구,5,금요일,2,외지인(b),122230.5,20251205
30140,중구,5,금요일,3,외국인(c),475.94000000000005,20251205
30170,서구,5,금요일,1,현지인(a),295554.0,20251205
30170,서구,5,금요일,2,외지인(b),175325.5,20251205
30170,서구,5,금요일,3,외국인(c),814.8900000000002,20251205
30200,유성구,5,금요일,1,현지인(a),280210.0,20251205
30200,유성구,5,금요일,2,외지인(b),167744.5,20251205
30200,유성구,5,금요일,3,외국인(c),1371.36,20251205
30230,대덕구,5,금요일,1,현지인(a),85655.5,20251205
30230,대덕구,5,금요일,2,외지인(b),76188.0,20251205
30230,대덕구,5,금요일,3,외국인(c),568.94,20251205
30110,동구,6,토요일,1,현지인(a),91108.5,20251206
30110,동구,6,토요일,2,외지인(b),155085.0,20251206
30110,동구,6,토요일,3,외국인(c),697.9000000000002,20251206
30140,중구,6,토요일,1,현지인(a),122930.5,20251206
30140,중구,6,토요일,2,외지인(b),166344.5,20251206
30140,중구,6,토요일,3,외국인(c),370.22000000000014,20251206
30170,서구,6,토요일,1,현지인(a),270158.0,20251206
30170,서구,6,토요일,2,외지인(b),241675.0,20251206
30170,서구,6,토요일,3,외국인(c),782.98,20251206
30200,유성구,6,토요일,1,현지인(a),245458.5,20251206
30200,유성구,6,토요일,2,외지인(b),234794.0,20251206
30200,유성구,6,토요일,3,외국인(c),1063.2700000000002,20251206
30230,대덕구,6,토요일,1,현지인(a),76135.5,20251206
30230,대덕구,6,토요일,2,외지인(b),97454.0,20251206
30230,대덕구,6,토요일,3,외국인(c),405.63,20251206
30110,동구,7,일요일,1,현지인(a),88798.5,20251207
30110,동구,7,일요일,2,외지인(b),129689.0,20251207
30110,동구,7,일요일,3,외국인(c),673.6999999999999,20251207
30140,중구,7,일요일,1,현지인(a),120235.5,20251207
30140,중구,7,일요일,2,외지인(b),143262.0,20251207
30140,중구,7,일요일,3,외국인(c),402.93,20251207
30170,서구,7,일요일,1,현지인(a),261803.5,20251207
30170,서구,7,일요일,2,외지인(b),193126.5,20251207
30170,서구,7,일요일,3,외국인(c),832.9900000000001,20251207
30200,유성구,7,일요일,1,현지인(a),240852.5,20251207
30200,유성구,7,일요일,2,외지인(b),193186.0,20251207
30200,유성구,7,일요일,3,외국인(c),1041.6,20251207
30230,대덕구,7,일요일,1,현지인(a),73731.0,20251207
30230,대덕구,7,일요일,2,외지인(b),80808.0,20251207
30230,대덕구,7,일요일,3,외국인(c),380.63,20251207
30110,동구,1,월요일,1,현지인(a),98399.0,20251208
30110,동구,1,월요일,2,외지인(b),94629.5,20251208
30110,동구,1,월요일,3,외국인(c),615.7200000000001,20251208
30140,중구,1,월요일,1,현지인(a),132310.5,20251208
30140,중구,1,월요일,2,외지인(b),104776.0,20251208
30140,중구,1,월요일,3,외국인(c),372.02000000000004,20251208
30170,서구,1,월요일,1,현지인(a),290906.0,20251208
30170,서구,1,월요일,2,외지인(b),150587.5,20251208
30170,서구,1,월요일,3,외국인(c),813.5199999999999,20251208
30200,유성구,1,월요일,1,현지인(a),275887.5,20251208
30200,유성구,1,월요일,2,외지인(b),142103.5,20251208
30200,유성구,1,월요일,3,외국인(c),1073.82,20251208
30230,대덕구,1,월요일,1,현지인(a),83874.0,20251208
30230,대덕구,1,월요일,2,외지인(b),66923.5,20251208
30230,대덕구,1,월요일,3,외국인(c),379.0900000000001,20251208
30110,동구,2,화요일,1,현지인(a),98738.5,20251209
30110,동구,2,화요일,2,외지인(b),96372.5,20251209
30110,동구,2,화요일,3,외국인(c),648.76,20251209
30140,중구,2,화요일,1,현지인(a),131393.5,20251209
30140,중구,2,화요일,2,외지인(b),108321.5,20251209
30140,중구,2,화요일,3,외국인(c),425.4799999999999,20251209
30170,서구,2,화요일,1,현지인(a),290815.0,20251209
30170,서구,2,화요일,2,외지인(b),155764.0,20251209
30170,서구,2,화요일,3,외국인(c),797.75,20251209
30200,유성구,2,화요일,1,현지인(a),278796.0,20251209
30200,유성구,2,화요일,2,외지인(b),149250.5,20251209
30200,유성구,2,화요일,3,외국인(c),1308.0500000000002,20251209
30230,대덕구,2,화요일,1,현지인(a),84868.0,20251209
30230,대덕구,2,화요일,2,외지인(b),68617.5,20251209
30230,대덕구,2,화요일,3,외국인(c),453.2600000000001,20251209
30110,동구,3,수요일,1,현지인(a),98812.0,20251210
30110,동구,3,수요일,2,외지인(b),98259.0,20251210
30110,동구,3,수요일,3,외국인(c),657.2499999999999,20251210
30140,중구,3,수요일,1,현지인(a),131999.0,20251210
30140,중구,3,수요일,2,외지인(b),110855.5,20251210
30140,중구,3,수요일,3,외국인(c),390.30000000000007,20251210
30170,서구,3,수요일,1,현지인(a),295704.5,20251210
30170,서구,3,수요일,2,외지인(b),160471.5,20251210
30170,서구,3,수요일,3,외국인(c),806.1099999999997,20251210
30200,유성구,3,수요일,1,현지인(a),280301.0,20251210
30200,유성구,3,수요일,2,외지인(b),151077.5,20251210
30200,유성구,3,수요일,3,외국인(c),1361.37,20251210
30230,대덕구,3,수요일,1,현지인(a),85029.0,20251210
30230,대덕구,3,수요일,2,외지인(b),70553.0,20251210
30230,대덕구,3,수요일,3,외국인(c),528.14,20251210
30110,동구,4,목요일,1,현지인(a),97664.0,20251211
30110,동구,4,목요일,2,외지인(b),98885.5,20251211
30110,동구,4,목요일,3,외국인(c),638.59,20251211
30140,중구,4,목요일,1,현지인(a),130774.0,20251211
30140,중구,4,목요일,2,외지인(b),114110.5,20251211
30140,중구,4,목요일,3,외국인(c),418.56,20251211
30170,서구,4,목요일,1,현지인(a),291319.0,20251211
30170,서구,4,목요일,2,외지인(b),161756.0,20251211
30170,서구,4,목요일,3,외국인(c),864.36,20251211
30200,유성구,4,목요일,1,현지인(a),277417.0,20251211
30200,유성구,4,목요일,2,외지인(b),154724.5,20251211
30200,유성구,4,목요일,3,외국인(c),1315.0400000000002,20251211
30230,대덕구,4,목요일,1,현지인(a),83461.0,20251211
30230,대덕구,4,목요일,2,외지인(b),70511.0,20251211
30230,대덕구,4,목요일,3,외국인(c),447.21000000000004,20251211
30110,동구,5,금요일,1,현지인(a),98486.5,20251212
30110,동구,5,금요일,2,외지인(b),121716.0,20251212
30110,동구,5,금요일,3,외국인(c),783.04,20251212
30140,중구,5,금요일,1,현지인(a),134200.5,20251212
30140,중구,5,금요일,2,외지인(b),135446.5,20251212
30140,중구,5,금요일,3,외국인(c),391.5200000000001,20251212
30170,서구,5,금요일,1,현지인(a),296474.5,20251212
30170,서구,5,금요일,2,외지인(b),187684.0,20251212
30170,서구,5,금요일,3,외국인(c),903.9300000000001,20251212
30200,유성구,5,금요일,1,현지인(a),282124.5,20251212
30200,유성구,5,금요일,2,외지인(b),180309.5,20251212
30200,유성구,5,금요일,3,외국인(c),1190.82,20251212
30230,대덕구,5,금요일,1,현지인(a),85326.5,20251212
30230,대덕구,5,금요일,2,외지인(b),80594.5,20251212
30230,대덕구,5,금요일,3,외국인(c),510.0999999999999,20251212
30110,동구,6,토요일,1,현지인(a),89194.0,20251213
30110,동구,6,토요일,2,외지인(b),158070.5,20251213
30110,동구,6,토요일,3,외국인(c),698.2899999999997,20251213
30140,중구,6,토요일,1,현지인(a),121397.5,20251213
30140,중구,6,토요일,2,외지인(b),175080.5,20251213
30140,중구,6,토요일,3,외국인(c),391.43999999999994,20251213
30170,서구,6,토요일,1,현지인(a),265398.0,20251213
30170,서구,6,토요일,2,외지인(b),242833.5,20251213
30170,서구,6,토요일,3,외국인(c),727.4399999999999,20251213
30200,유성구,6,토요일,1,현지인(a),242760.0,20251213
30200,유성구,6,토요일,2,외지인(b),235196.5,20251213
30200,유성구,6,토요일,3,외국인(c),1041.3600000000001,20251213
30230,대덕구,6,토요일,1,현지인(a),74672.5,20251213
30230,대덕구,6,토요일,2,외지인(b),95784.5,20251213
30230,대덕구,6,토요일,3,외국인(c),442.0400000000002,20251213
30110,동구,7,일요일,1,현지인(a),87115.0,20251214
30110,동구,7,일요일,2,외지인(b),127526.0,20251214
30110,동구,7,일요일,3,외국인(c),681.3100000000001,20251214
30140,중구,7,일요일,1,현지인(a),117901.0,20251214
30140,중구,7,일요일,2,외지인(b),140283.5,20251214
30140,중구,7,일요일,3,외국인(c),406.09000000000015,20251214
30170,서구,7,일요일,1,현지인(a),258226.5,20251214
30170,서구,7,일요일,2,외지인(b),188937.0,20251214
30170,서구,7,일요일,3,외국인(c),766.3000000000001,20251214
30200,유성구,7,일요일,1,현지인(a),238280.0,20251214
30200,유성구,7,일요일,2,외지인(b),186466.0,20251214
30200,유성구,7,일요일,3,외국인(c),1033.18,20251214
30230,대덕구,7,일요일,1,현지인(a),71855.0,20251214
30230,대덕구,7,일요일,2,외지인(b),79394.0,20251214
30230,대덕구,7,일요일,3,외국인(c),404.3300000000001,20251214
30110,동구,1,월요일,1,현지인(a),96925.5,20251215
30110,동구,1,월요일,2,외지인(b),100341.5,20251215
30110,동구,1,월요일,3,외국인(c),637.65,20251215
30140,중구,1,월요일,1,현지인(a),131085.5,20251215
30140,중구,1,월요일,2,외지인(b),115003.0,20251215
30140,중구,1,월요일,3,외국인(c),401.44000000000005,20251215
30170,서구,1,월요일,1,현지인(a),288631.0,20251215
30170,서구,1,월요일,2,외지인(b),161616.0,20251215
30170,서구,1,월요일,3,외국인(c),912.59,20251215
30200,유성구,1,월요일,1,현지인(a),274442.0,20251215
30200,유성구,1,월요일,2,외지인(b),149807.0,20251215
30200,유성구,1,월요일,3,외국인(c),1249.8499999999995,20251215
30230,대덕구,1,월요일,1,현지인(a),83219.5,20251215
30230,대덕구,1,월요일,2,외지인(b),69139.0,20251215
30230,대덕구,1,월요일,3,외국인(c),446.54,20251215
30110,동구,2,화요일,1,현지인(a),96152.0,20251216
30110,동구,2,화요일,2,외지인(b),101976.0,20251216
30110,동구,2,화요일,3,외국인(c),603.4099999999999,20251216
30140,중구,2,화요일,1,현지인(a),130882.5,20251216
30140,중구,2,화요일,2,외지인(b),120305.5,20251216
30140,중구,2,화요일,3,외국인(c),396.0900000000001,20251216
30170,서구,2,화요일,1,현지인(a),289618.0,20251216
30170,서구,2,화요일,2,외지인(b),165004.0,20251216
30170,서구,2,화요일,3,외국인(c),865.3199999999999,20251216
30200,유성구,2,화요일,1,현지인(a),276580.5,20251216
30200,유성구,2,화요일,2,외지인(b),157696.0,20251216
30200,유성구,2,화요일,3,외국인(c),1348.2499999999998,20251216
30230,대덕구,2,화요일,1,현지인(a),83800.5,20251216
30230,대덕구,2,화요일,2,외지인(b),71382.5,20251216
30230,대덕구,2,화요일,3,외국인(c),515.5000000000001,20251216
30110,동구,3,수요일,1,현지인(a),96694.5,20251217
30110,동구,3,수요일,2,외지인(b),104818.0,20251217
30110,동구,3,수요일,3,외국인(c),735.16,20251217
30140,중구,3,수요일,1,현지인(a),131943.0,20251217
30140,중구,3,수요일,2,외지인(b),121537.5,20251217
30140,중구,3,수요일,3,외국인(c),362.2799999999999,20251217
30170,서구,3,수요일,1,현지인(a),292883.5,20251217
30170,서구,3,수요일,2,외지인(b),171297.0,20251217
30170,서구,3,수요일,3,외국인(c),826.8199999999999,20251217
30200,유성구,3,수요일,1,현지인(a),277984.0,20251217
30200,유성구,3,수요일,2,외지인(b),162494.5,20251217
30200,유성구,3,수요일,3,외국인(c),1334.3300000000002,20251217
30230,대덕구,3,수요일,1,현지인(a),84318.5,20251217
30230,대덕구,3,수요일,2,외지인(b),72481.5,20251217
30230,대덕구,3,수요일,3,외국인(c),473.67,20251217
30110,동구,4,목요일,1,현지인(a),96386.5,20251218
30110,동구,4,목요일,2,외지인(b),108321.5,20251218
30110,동구,4,목요일,3,외국인(c),614.6100000000001,20251218
30140,중구,4,목요일,1,현지인(a),132118.0,20251218
30140,중구,4,목요일,2,외지인(b),127281.0,20251218
30140,중구,4,목요일,3,외국인(c),373.54000000000013,20251218
30170,서구,4,목요일,1,현지인(a),292414.5,20251218
30170,서구,4,목요일,2,외지인(b),178874.5,20251218
30170,서구,4,목요일,3,외국인(c),802.1400000000001,20251218
30200,유성구,4,목요일,1,현지인(a),277074.0,20251218
30200,유성구,4,목요일,2,외지인(b),169984.5,20251218
30200,유성구,4,목요일,3,외국인(c),1245.7299999999998,20251218
30230,대덕구,4,목요일,1,현지인(a),84007.0,20251218
30230,대덕구,4,목요일,2,외지인(b),75225.5,20251218
30230,대덕구,4,목요일,3,외국인(c),478.13999999999993,20251218
30110,동구,5,금요일,1,현지인(a),98350.0,20251219
30110,동구,5,금요일,2,외지인(b),128327.5,20251219
30110,동구,5,금요일,3,외국인(c),784.28,20251219
30140,중구,5,금요일,1,현지인(a),134438.5,20251219
30140,중구,5,금요일,2,외지인(b),147623.0,20251219
30140,중구,5,금요일,3,외국인(c),460.03,20251219
30170,서구,5,금요일,1,현지인(a),295928.5,20251219
30170,서구,5,금요일,2,외지인(b),204449.0,20251219
30170,서구,5,금요일,3,외국인(c),875.3599999999999,20251219
30200,유성구,5,금요일,1,현지인(a),277711.0,20251219
30200,유성구,5,금요일,2,외지인(b),190505.0,20251219
30200,유성구,5,금요일,3,외국인(c),1212.9099999999999,20251219
30230,대덕구,5,금요일,1,현지인(a),85470.0,20251219
30230,대덕구,5,금요일,2,외지인(b),82624.5,20251219
30230,대덕구,5,금요일,3,외국인(c),510.50999999999993,20251219
30110,동구,6,토요일,1,현지인(a),89029.5,20251220
30110,동구,6,토요일,2,외지인(b),165564.0,20251220
30110,동구,6,토요일,3,외국인(c),663.0100000000001,20251220
30140,중구,6,토요일,1,현지인(a),122307.5,20251220
30140,중구,6,토요일,2,외지인(b),186847.5,20251220
30140,중구,6,토요일,3,외국인(c),425.40000000000003,20251220
30170,서구,6,토요일,1,현지인(a),268268.0,20251220
30170,서구,6,토요일,2,외지인(b),263760.0,20251220
30170,서구,6,토요일,3,외국인(c),794.14,20251220
30200,유성구,6,토요일,1,현지인(a),239386.0,20251220
30200,유성구,6,토요일,2,외지인(b),243873.0,20251220
30200,유성구,6,토요일,3,외국인(c),1095.4500000000003,20251220
30230,대덕구,6,토요일,1,현지인(a),75155.5,20251220
30230,대덕구,6,토요일,2,외지인(b),99158.5,20251220
30230,대덕구,6,토요일,3,외국인(c),453.03000000000014,20251220
30110,동구,7,일요일,1,현지인(a),86831.5,20251221
30110,동구,7,일요일,2,외지인(b),138908.0,20251221
30110,동구,7,일요일,3,외국인(c),694.8199999999999,20251221
30140,중구,7,일요일,1,현지인(a),119588.0,20251221
30140,중구,7,일요일,2,외지인(b),156551.5,20251221
30140,중구,7,일요일,3,외국인(c),410.76000000000005,20251221
30170,서구,7,일요일,1,현지인(a),259385.0,20251221
30170,서구,7,일요일,2,외지인(b),202751.5,20251221
30170,서구,7,일요일,3,외국인(c),800.3800000000001,20251221
30200,유성구,7,일요일,1,현지인(a),233719.5,20251221
30200,유성구,7,일요일,2,외지인(b),199468.5,20251221
30200,유성구,7,일요일,3,외국인(c),1055.0699999999995,20251221
30230,대덕구,7,일요일,1,현지인(a),72121.0,20251221
30230,대덕구,7,일요일,2,외지인(b),87825.5,20251221
30230,대덕구,7,일요일,3,외국인(c),434.37,20251221
30110,동구,1,월요일,1,현지인(a),94381.0,20251222
30110,동구,1,월요일,2,외지인(b),108962.0,20251222
30110,동구,1,월요일,3,외국인(c),692.4200000000001,20251222
30140,중구,1,월요일,1,현지인(a),130903.5,20251222
30140,중구,1,월요일,2,외지인(b),128359.0,20251222
30140,중구,1,월요일,3,외국인(c),432.40999999999997,20251222
30170,서구,1,월요일,1,현지인(a),286667.5,20251222
30170,서구,1,월요일,2,외지인(b),172952.5,20251222
30170,서구,1,월요일,3,외국인(c),843.3899999999999,20251222
30200,유성구,1,월요일,1,현지인(a),268334.5,20251222
30200,유성구,1,월요일,2,외지인(b),162935.5,20251222
30200,유성구,1,월요일,3,외국인(c),1243.86,20251222
30230,대덕구,1,월요일,1,현지인(a),82691.0,20251222
30230,대덕구,1,월요일,2,외지인(b),75372.5,20251222
30230,대덕구,1,월요일,3,외국인(c),496.44,20251222
30110,동구,2,화요일,1,현지인(a),93128.0,20251223
30110,동구,2,화요일,2,외지인(b),107292.5,20251223
30110,동구,2,화요일,3,외국인(c),786.07,20251223
30140,중구,2,화요일,1,현지인(a),130466.0,20251223
30140,중구,2,화요일,2,외지인(b),134617.0,20251223
30140,중구,2,화요일,3,외국인(c),427.15000000000003,20251223
30170,서구,2,화요일,1,현지인(a),285673.5,20251223
30170,서구,2,화요일,2,외지인(b),178745.0,20251223
30170,서구,2,화요일,3,외국인(c),891.65,20251223
30200,유성구,2,화요일,1,현지인(a),268331.0,20251223
30200,유성구,2,화요일,2,외지인(b),169662.5,20251223
30200,유성구,2,화요일,3,외국인(c),1190.8700000000001,20251223
30230,대덕구,2,화요일,1,현지인(a),82134.5,20251223
30230,대덕구,2,화요일,2,외지인(b),75687.5,20251223
30230,대덕구,2,화요일,3,외국인(c),486.3300000000001,20251223
30110,동구,3,수요일,1,현지인(a),95039.0,20251224
30110,동구,3,수요일,2,외지인(b),118580.0,20251224
30110,동구,3,수요일,3,외국인(c),755.8000000000002,20251224
30140,중구,3,수요일,1,현지인(a),134781.5,20251224
30140,중구,3,수요일,2,외지인(b),145971.0,20251224
30140,중구,3,수요일,3,외국인(c),538.03,20251224
30170,서구,3,수요일,1,현지인(a),295309.0,20251224
30170,서구,3,수요일,2,외지인(b),196514.5,20251224
30170,서구,3,수요일,3,외국인(c),978.5599999999998,20251224
30200,유성구,3,수요일,1,현지인(a),272282.5,20251224
30200,유성구,3,수요일,2,외지인(b),181104.0,20251224
30200,유성구,3,수요일,3,외국인(c),1148.1100000000001,20251224
30230,대덕구,3,수요일,1,현지인(a),84038.5,20251224
30230,대덕구,3,수요일,2,외지인(b),82155.5,20251224
30230,대덕구,3,수요일,3,외국인(c),568.0700000000002,20251224
30110,동구,4,목요일,1,현지인(a),87314.5,20251225
30110,동구,4,목요일,2,외지인(b),135212.0,20251225
30110,동구,4,목요일,3,외국인(c),642.63,20251225
30140,중구,4,목요일,1,현지인(a),120561.0,20251225
30140,중구,4,목요일,2,외지인(b),175413.0,20251225
30140,중구,4,목요일,3,외국인(c),474.35999999999996,20251225
30170,서구,4,목요일,1,현지인(a),261523.5,20251225
30170,서구,4,목요일,2,외지인(b),210493.5,20251225
30170,서구,4,목요일,3,외국인(c),897.1299999999999,20251225
30200,유성구,4,목요일,1,현지인(a),233593.5,20251225
30200,유성구,4,목요일,2,외지인(b),204095.5,20251225
30200,유성구,4,목요일,3,외국인(c),1062.8000000000002,20251225
30230,대덕구,4,목요일,1,현지인(a),73755.5,20251225
30230,대덕구,4,목요일,2,외지인(b),88697.0,20251225
30230,대덕구,4,목요일,3,외국인(c),456.0299999999999,20251225
30110,동구,5,금요일,1,현지인(a),91976.5,20251226
30110,동구,5,금요일,2,외지인(b),125534.5,20251226
30110,동구,5,금요일,3,외국인(c),702.4499999999998,20251226
30140,중구,5,금요일,1,현지인(a),129510.5,20251226
30140,중구,5,금요일,2,외지인(b),148540.0,20251226
30140,중구,5,금요일,3,외국인(c),474.9600000000001,20251226
30170,서구,5,금요일,1,현지인(a),281844.5,20251226
30170,서구,5,금요일,2,외지인(b),205530.5,20251226
30170,서구,5,금요일,3,외국인(c),1014.7700000000002,20251226
30200,유성구,5,금요일,1,현지인(a),251709.5,20251226
30200,유성구,5,금요일,2,외지인(b),183274.0,20251226
30200,유성구,5,금요일,3,외국인(c),1247.7600000000002,20251226
30230,대덕구,5,금요일,1,현지인(a),80556.0,20251226
30230,대덕구,5,금요일,2,외지인(b),82918.5,20251226
30230,대덕구,5,금요일,3,외국인(c),533.85,20251226
30110,동구,6,토요일,1,현지인(a),86208.5,20251227
30110,동구,6,토요일,2,외지인(b),153286.0,20251227
30110,동구,6,토요일,3,외국인(c),828.8100000000002,20251227
30140,중구,6,토요일,1,현지인(a),120008.0,20251227
30140,중구,6,토요일,2,외지인(b),173855.5,20251227
30140,중구,6,토요일,3,외국인(c),577.3100000000001,20251227
30170,서구,6,토요일,1,현지인(a),259626.5,20251227
30170,서구,6,토요일,2,외지인(b),239309.0,20251227
30170,서구,6,토요일,3,외국인(c),1050.9,20251227
30200,유성구,6,토요일,1,현지인(a),227668.0,20251227
30200,유성구,6,토요일,2,외지인(b),234832.5,20251227
30200,유성구,6,토요일,3,외국인(c),1277.7200000000003,20251227
30230,대덕구,6,토요일,1,현지인(a),73804.5,20251227
30230,대덕구,6,토요일,2,외지인(b),96792.5,20251227
30230,대덕구,6,토요일,3,외국인(c),529.1200000000001,20251227
30110,동구,7,일요일,1,현지인(a),84924.0,20251228
30110,동구,7,일요일,2,외지인(b),132422.5,20251228
30110,동구,7,일요일,3,외국인(c),783.0599999999998,20251228
30140,중구,7,일요일,1,현지인(a),116861.5,20251228
30140,중구,7,일요일,2,외지인(b),145159.0,20251228
30140,중구,7,일요일,3,외국인(c),554.3999999999999,20251228
30170,서구,7,일요일,1,현지인(a),252689.5,20251228
30170,서구,7,일요일,2,외지인(b),192251.5,20251228
30170,서구,7,일요일,3,외국인(c),1116.84,20251228
30200,유성구,7,일요일,1,현지인(a),225029.0,20251228
30200,유성구,7,일요일,2,외지인(b),189031.5,20251228
30200,유성구,7,일요일,3,외국인(c),1348.0299999999997,20251228
30230,대덕구,7,일요일,1,현지인(a),71820.0,20251228
30230,대덕구,7,일요일,2,외지인(b),81130.0,20251228
30230,대덕구,7,일요일,3,외국인(c),539.1199999999999,20251228
30110,동구,1,월요일,1,현지인(a),92407.0,20251229
30110,동구,1,월요일,2,외지인(b),112794.5,20251229
30110,동구,1,월요일,3,외국인(c),780.16,20251229
30140,중구,1,월요일,1,현지인(a),129094.0,20251229
30140,중구,1,월요일,2,외지인(b),135555.0,20251229
30140,중구,1,월요일,3,외국인(c),524.99,20251229
30170,서구,1,월요일,1,현지인(a),282446.5,20251229
30170,서구,1,월요일,2,외지인(b),179634.0,20251229
30170,서구,1,월요일,3,외국인(c),985.7599999999999,20251229
30200,유성구,1,월요일,1,현지인(a),259805.0,20251229
30200,유성구,1,월요일,2,외지인(b),168812.0,20251229
30200,유성구,1,월요일,3,외국인(c),1295.72,20251229
30230,대덕구,1,월요일,1,현지인(a),81483.5,20251229
30230,대덕구,1,월요일,2,외지인(b),75516.0,20251229
30230,대덕구,1,월요일,3,외국인(c),498.45,20251229
30110,동구,2,화요일,1,현지인(a),93460.5,20251230
30110,동구,2,화요일,2,외지인(b),115027.5,20251230
30110,동구,2,화요일,3,외국인(c),713.2299999999997,20251230
30140,중구,2,화요일,1,현지인(a),129636.5,20251230
30140,중구,2,화요일,2,외지인(b),139128.5,20251230
30140,중구,2,화요일,3,외국인(c),586.49,20251230
30170,서구,2,화요일,1,현지인(a),285712.0,20251230
30170,서구,2,화요일,2,외지인(b),186714.5,20251230
30170,서구,2,화요일,3,외국인(c),989.23,20251230
30200,유성구,2,화요일,1,현지인(a),262311.0,20251230
30200,유성구,2,화요일,2,외지인(b),174709.5,20251230
30200,유성구,2,화요일,3,외국인(c),1275.94,20251230
30230,대덕구,2,화요일,1,현지인(a),82323.5,20251230
30230,대덕구,2,화요일,2,외지인(b),79614.5,20251230
30230,대덕구,2,화요일,3,외국인(c),505.42999999999995,20251230
30110,동구,3,수요일,1,현지인(a),94311.0,20251231
30110,동구,3,수요일,2,외지인(b),129500.0,20251231
30110,동구,3,수요일,3,외국인(c),601.84,20251231
30140,중구,3,수요일,1,현지인(a),132559.0,20251231
30140,중구,3,수요일,2,외지인(b),149737.0,20251231
30140,중구,3,수요일,3,외국인(c),524.46,20251231
30170,서구,3,수요일,1,현지인(a),291924.5,20251231
30170,서구,3,수요일,2,외지인(b),206493.0,20251231
30170,서구,3,수요일,3,외국인(c),1131.43,20251231
30200,유성구,3,수요일,1,현지인(a),261716.0,20251231
30200,유성구,3,수요일,2,외지인(b),181391.0,20251231
30200,유성구,3,수요일,3,외국인(c),1213.88,20251231
30230,대덕구,3,수요일,1,현지인(a),83191.5,20251231
30230,대덕구,3,수요일,2,외지인(b),86257.5,20251231
30230,대덕구,3,수요일,3,외국인(c),480.6,20251231
30110,동구,4,목요일,1,현지인(a),80797.5,20260101
30110,동구,4,목요일,2,외지인(b),116826.5,20260101
30110,동구,4,목요일,3,외국인(c),608.27,20260101
30140,중구,4,목요일,1,현지인(a),114348.5,20260101
30140,중구,4,목요일,2,외지인(b),129444.0,20260101
30140,중구,4,목요일,3,외국인(c),475.86,20260101
30170,서구,4,목요일,1,현지인(a),242763.5,20260101
30170,서구,4,목요일,2,외지인(b),155781.5,20260101
30170,서구,4,목요일,3,외국인(c),926.35,20260101
30200,유성구,4,목요일,1,현지인(a),218438.5,20260101
30200,유성구,4,목요일,2,외지인(b),158770.5,20260101
30200,유성구,4,목요일,3,외국인(c),1114.3500000000001,20260101
30230,대덕구,4,목요일,1,현지인(a),68638.5,20260101
30230,대덕구,4,목요일,2,외지인(b),76961.5,20260101
30230,대덕구,4,목요일,3,외국인(c),440.2999999999999,20260101
30110,동구,5,금요일,1,현지인(a),88392.5,20260102
30110,동구,5,금요일,2,외지인(b),106015.0,20260102
30110,동구,5,금요일,3,외국인(c),693.9300000000001,20260102
30140,중구,5,금요일,1,현지인(a),128891.0,20260102
30140,중구,5,금요일,2,외지인(b),128040.5,20260102
30140,중구,5,금요일,3,외국인(c),522.7099999999999,20260102
30170,서구,5,금요일,1,현지인(a),275765.0,20260102
30170,서구,5,금요일,2,외지인(b),172179.0,20260102
30170,서구,5,금요일,3,외국인(c),967.0900000000001,20260102
30200,유성구,5,금요일,1,현지인(a),249564.0,20260102
30200,유성구,5,금요일,2,외지인(b),162729.0,20260102
30200,유성구,5,금요일,3,외국인(c),1125.02,20260102
30230,대덕구,5,금요일,1,현지인(a),78445.5,20260102
30230,대덕구,5,금요일,2,외지인(b),68530.0,20260102
30230,대덕구,5,금요일,3,외국인(c),484.82000000000005,20260102
30110,동구,6,토요일,1,현지인(a),83625.5,20260103
30110,동구,6,토요일,2,외지인(b),135709.0,20260103
30110,동구,6,토요일,3,외국인(c),644.5600000000002,20260103
30140,중구,6,토요일,1,현지인(a),120368.5,20260103
30140,중구,6,토요일,2,외지인(b),156173.5,20260103
30140,중구,6,토요일,3,외국인(c),447.85,20260103
30170,서구,6,토요일,1,현지인(a),256238.5,20260103
30170,서구,6,토요일,2,외지인(b),213724.0,20260103
30170,서구,6,토요일,3,외국인(c),886.6899999999999,20260103
30200,유성구,6,토요일,1,현지인(a),227720.5,20260103
30200,유성구,6,토요일,2,외지인(b),210308.0,20260103
30200,유성구,6,토요일,3,외국인(c),1051.92,20260103
30230,대덕구,6,토요일,1,현지인(a),72152.5,20260103
30230,대덕구,6,토요일,2,외지인(b),85193.5,20260103
30230,대덕구,6,토요일,3,외국인(c),425.56,20260103
30110,동구,7,일요일,1,현지인(a),82670.0,20260104
30110,동구,7,일요일,2,외지인(b),118002.5,20260104
30110,동구,7,일요일,3,외국인(c),618.0100000000001,20260104
30140,중구,7,일요일,1,현지인(a),116676.0,20260104
30140,중구,7,일요일,2,외지인(b),131950.0,20260104
30140,중구,7,일요일,3,외국인(c),386.00999999999993,20260104
30170,서구,7,일요일,1,현지인(a),251765.5,20260104
30170,서구,7,일요일,2,외지인(b),166337.5,20260104
30170,서구,7,일요일,3,외국인(c),809.8500000000003,20260104
30200,유성구,7,일요일,1,현지인(a),229432.0,20260104
30200,유성구,7,일요일,2,외지인(b),173477.5,20260104
30200,유성구,7,일요일,3,외국인(c),1071.42,20260104
30230,대덕구,7,일요일,1,현지인(a),69496.0,20260104
30230,대덕구,7,일요일,2,외지인(b),68166.0,20260104
30230,대덕구,7,일요일,3,외국인(c),371.94999999999993,20260104
30110,동구,1,월요일,1,현지인(a),90429.5,20260105
30110,동구,1,월요일,2,외지인(b),88676.0,20260105
30110,동구,1,월요일,3,외국인(c),540.4899999999999,20260105
30140,중구,1,월요일,1,현지인(a),130420.5,20260105
30140,중구,1,월요일,2,외지인(b),104443.5,20260105
30140,중구,1,월요일,3,외국인(c),376.68,20260105
30170,서구,1,월요일,1,현지인(a),283024.0,20260105
30170,서구,1,월요일,2,외지인(b),144697.0,20260105
30170,서구,1,월요일,3,외국인(c),804.4700000000001,20260105
30200,유성구,1,월요일,1,현지인(a),267806.0,20260105
30200,유성구,1,월요일,2,외지인(b),134267.0,20260105
30200,유성구,1,월요일,3,외국인(c),1081.6100000000001,20260105
30230,대덕구,1,월요일,1,현지인(a),81060.0,20260105
30230,대덕구,1,월요일,2,외지인(b),61470.5,20260105
30230,대덕구,1,월요일,3,외국인(c),412.2000000000001,20260105
30110,동구,2,화요일,1,현지인(a),90254.5,20260106
30110,동구,2,화요일,2,외지인(b),88441.5,20260106
30110,동구,2,화요일,3,외국인(c),603.25,20260106
30140,중구,2,화요일,1,현지인(a),130291.0,20260106
30140,중구,2,화요일,2,외지인(b),108468.5,20260106
30140,중구,2,화요일,3,외국인(c),361.27,20260106
30170,서구,2,화요일,1,현지인(a),284361.0,20260106
30170,서구,2,화요일,2,외지인(b),149310.0,20260106
30170,서구,2,화요일,3,외국인(c),834.0699999999998,20260106
30200,유성구,2,화요일,1,현지인(a),269346.0,20260106
30200,유성구,2,화요일,2,외지인(b),139601.0,20260106
30200,유성구,2,화요일,3,외국인(c),1096.13,20260106
30230,대덕구,2,화요일,1,현지인(a),81553.5,20260106
30230,대덕구,2,화요일,2,외지인(b),63322.0,20260106
30230,대덕구,2,화요일,3,외국인(c),445.8700000000001,20260106
30110,동구,3,수요일,1,현지인(a),89747.0,20260107
30110,동구,3,수요일,2,외지인(b),89600.0,20260107
30110,동구,3,수요일,3,외국인(c),659.9499999999999,20260107
30140,중구,3,수요일,1,현지인(a),129762.5,20260107
30140,중구,3,수요일,2,외지인(b),110362.0,20260107
30140,중구,3,수요일,3,외국인(c),418.84999999999997,20260107
30170,서구,3,수요일,1,현지인(a),282061.5,20260107
30170,서구,3,수요일,2,외지인(b),149982.0,20260107
30170,서구,3,수요일,3,외국인(c),839.01,20260107
30200,유성구,3,수요일,1,현지인(a),268324.0,20260107
30200,유성구,3,수요일,2,외지인(b),144053.0,20260107
30200,유성구,3,수요일,3,외국인(c),1130.5799999999997,20260107
30230,대덕구,3,수요일,1,현지인(a),80661.0,20260107
30230,대덕구,3,수요일,2,외지인(b),62594.0,20260107
30230,대덕구,3,수요일,3,외국인(c),395.9699999999999,20260107
30110,동구,4,목요일,1,현지인(a),88886.0,20260108
30110,동구,4,목요일,2,외지인(b),91735.0,20260108
30110,동구,4,목요일,3,외국인(c),578.59,20260108
30140,중구,4,목요일,1,현지인(a),128226.0,20260108
30140,중구,4,목요일,2,외지인(b),111972.0,20260108
30140,중구,4,목요일,3,외국인(c),371.23,20260108
30170,서구,4,목요일,1,현지인(a),281687.0,20260108
30170,서구,4,목요일,2,외지인(b),154154.0,20260108
30170,서구,4,목요일,3,외국인(c),888.7900000000001,20260108
30200,유성구,4,목요일,1,현지인(a),267326.5,20260108
30200,유성구,4,목요일,2,외지인(b),145292.0,20260108
30200,유성구,4,목요일,3,외국인(c),1121.0499999999997,20260108
30230,대덕구,4,목요일,1,현지인(a),80143.0,20260108
30230,대덕구,4,목요일,2,외지인(b),65345.0,20260108
30230,대덕구,4,목요일,3,외국인(c),484.89,20260108
30110,동구,5,금요일,1,현지인(a),90839.0,20260109
30110,동구,5,금요일,2,외지인(b),111667.5,20260109
30110,동구,5,금요일,3,외국인(c),577.2800000000001,20260109
30140,중구,5,금요일,1,현지인(a),131239.5,20260109
30140,중구,5,금요일,2,외지인(b),128688.0,20260109
30140,중구,5,금요일,3,외국인(c),316.51,20260109
30170,서구,5,금요일,1,현지인(a),285596.5,20260109
30170,서구,5,금요일,2,외지인(b),174335.0,20260109
30170,서구,5,금요일,3,외국인(c),798.6,20260109
30200,유성구,5,금요일,1,현지인(a),269563.0,20260109
30200,유성구,5,금요일,2,외지인(b),164804.5,20260109
30200,유성구,5,금요일,3,외국인(c),1097.8699999999997,20260109
30230,대덕구,5,금요일,1,현지인(a),82246.5,20260109
30230,대덕구,5,금요일,2,외지인(b),71876.0,20260109
30230,대덕구,5,금요일,3,외국인(c),459.98,20260109
30110,동구,6,토요일,1,현지인(a),82285.0,20260110
30110,동구,6,토요일,2,외지인(b),142467.5,20260110
30110,동구,6,토요일,3,외국인(c),561.3100000000001,20260110
30140,중구,6,토요일,1,현지인(a),118167.0,20260110
30140,중구,6,토요일,2,외지인(b),161199.5,20260110
30140,중구,6,토요일,3,외국인(c),424.37000000000006,20260110
30170,서구,6,토요일,1,현지인(a),256427.5,20260110
30170,서구,6,토요일,2,외지인(b),222579.0,20260110
30170,서구,6,토요일,3,외국인(c),824.4,20260110
30200,유성구,6,토요일,1,현지인(a),230212.5,20260110
30200,유성구,6,토요일,2,외지인(b),211347.5,20260110
30200,유성구,6,토요일,3,외국인(c),1050.11,20260110
30230,대덕구,6,토요일,1,현지인(a),71186.5,20260110
30230,대덕구,6,토요일,2,외지인(b),82355.0,20260110
30230,대덕구,6,토요일,3,외국인(c),446.37999999999994,20260110
30110,동구,7,일요일,1,현지인(a),80097.5,20260111
30110,동구,7,일요일,2,외지인(b),118975.5,20260111
30110,동구,7,일요일,3,외국인(c),627.3800000000002,20260111
30140,중구,7,일요일,1,현지인(a),114012.5,20260111
30140,중구,7,일요일,2,외지인(b),124701.5,20260111
30140,중구,7,일요일,3,외국인(c),335.21999999999997,20260111
30170,서구,7,일요일,1,현지인(a),246274.0,20260111
30170,서구,7,일요일,2,외지인(b),165032.0,20260111
30170,서구,7,일요일,3,외국인(c),797.7800000000003,20260111
30200,유성구,7,일요일,1,현지인(a),224339.5,20260111
30200,유성구,7,일요일,2,외지인(b),164864.0,20260111
30200,유성구,7,일요일,3,외국인(c),1101.3799999999997,20260111
30230,대덕구,7,일요일,1,현지인(a),68040.0,20260111
30230,대덕구,7,일요일,2,외지인(b),66888.5,20260111
30230,대덕구,7,일요일,3,외국인(c),414.60000000000014,20260111
30110,동구,1,월요일,1,현지인(a),88679.5,20260112
30110,동구,1,월요일,2,외지인(b),93464.0,20260112
30110,동구,1,월요일,3,외국인(c),628.1999999999999,20260112
30140,중구,1,월요일,1,현지인(a),126882.0,20260112
30140,중구,1,월요일,2,외지인(b),112028.0,20260112
30140,중구,1,월요일,3,외국인(c),390.58000000000004,20260112
30170,서구,1,월요일,1,현지인(a),275492.0,20260112
30170,서구,1,월요일,2,외지인(b),153625.5,20260112
30170,서구,1,월요일,3,외국인(c),772.8700000000001,20260112
30200,유성구,1,월요일,1,현지인(a),260134.0,20260112
30200,유성구,1,월요일,2,외지인(b),139804.0,20260112
30200,유성구,1,월요일,3,외국인(c),1141.6799999999996,20260112
30230,대덕구,1,월요일,1,현지인(a),78869.0,20260112
30230,대덕구,1,월요일,2,외지인(b),63189.0,20260112
30230,대덕구,1,월요일,3,외국인(c),397.59999999999997,20260112
30110,동구,2,화요일,1,현지인(a),87864.0,20260113
30110,동구,2,화요일,2,외지인(b),97135.5,20260113
30110,동구,2,화요일,3,외국인(c),483.97999999999996,20260113
30140,중구,2,화요일,1,현지인(a),126591.5,20260113
30140,중구,2,화요일,2,외지인(b),118261.5,20260113
30140,중구,2,화요일,3,외국인(c),301.71000000000004,20260113
30170,서구,2,화요일,1,현지인(a),275124.5,20260113
30170,서구,2,화요일,2,외지인(b),158676.0,20260113
30170,서구,2,화요일,3,외국인(c),778.7,20260113
30200,유성구,2,화요일,1,현지인(a),261950.5,20260113
30200,유성구,2,화요일,2,외지인(b),148515.5,20260113
30200,유성구,2,화요일,3,외국인(c),1099.8000000000004,20260113
30230,대덕구,2,화요일,1,현지인(a),78949.5,20260113
30230,대덕구,2,화요일,2,외지인(b),67126.5,20260113
30230,대덕구,2,화요일,3,외국인(c),467.54999999999995,20260113
30110,동구,3,수요일,1,현지인(a),87580.5,20260114
30110,동구,3,수요일,2,외지인(b),95994.5,20260114
30110,동구,3,수요일,3,외국인(c),513.76,20260114
30140,중구,3,수요일,1,현지인(a),126311.5,20260114
30140,중구,3,수요일,2,외지인(b),113883.0,20260114
30140,중구,3,수요일,3,외국인(c),340.35,20260114
30170,서구,3,수요일,1,현지인(a),276062.5,20260114
30170,서구,3,수요일,2,외지인(b),158427.5,20260114
30170,서구,3,수요일,3,외국인(c),794.47,20260114
30200,유성구,3,수요일,1,현지인(a),262640.0,20260114
30200,유성구,3,수요일,2,외지인(b),152922.0,20260114
30200,유성구,3,수요일,3,외국인(c),1203.0900000000001,20260114
30230,대덕구,3,수요일,1,현지인(a),79212.0,20260114
30230,대덕구,3,수요일,2,외지인(b),67259.5,20260114
30230,대덕구,3,수요일,3,외국인(c),485.08,20260114
30110,동구,4,목요일,1,현지인(a),88413.5,20260115
30110,동구,4,목요일,2,외지인(b),103768.0,20260115
30110,동구,4,목요일,3,외국인(c),566.9999999999998,20260115
30140,중구,4,목요일,1,현지인(a),126364.0,20260115
30140,중구,4,목요일,2,외지인(b),120232.0,20260115
30140,중구,4,목요일,3,외국인(c),341.12,20260115
30170,서구,4,목요일,1,현지인(a),274732.5,20260115
30170,서구,4,목요일,2,외지인(b),163646.0,20260115
30170,서구,4,목요일,3,외국인(c),862.63,20260115
30200,유성구,4,목요일,1,현지인(a),259920.5,20260115
30200,유성구,4,목요일,2,외지인(b),157608.5,20260115
30200,유성구,4,목요일,3,외국인(c),1171.9,20260115
30230,대덕구,4,목요일,1,현지인(a),78925.0,20260115
30230,대덕구,4,목요일,2,외지인(b),68908.0,20260115
30230,대덕구,4,목요일,3,외국인(c),505.02999999999986,20260115
30110,동구,5,금요일,1,현지인(a),88830.0,20260116
30110,동구,5,금요일,2,외지인(b),116665.5,20260116
30110,동구,5,금요일,3,외국인(c),573.0400000000002,20260116
30140,중구,5,금요일,1,현지인(a),127942.5,20260116
30140,중구,5,금요일,2,외지인(b),134841.0,20260116
30140,중구,5,금요일,3,외국인(c),342.63000000000005,20260116
30170,서구,5,금요일,1,현지인(a),279065.5,20260116
30170,서구,5,금요일,2,외지인(b),183778.0,20260116
30170,서구,5,금요일,3,외국인(c),772.86,20260116
30200,유성구,5,금요일,1,현지인(a),260582.0,20260116
30200,유성구,5,금요일,2,외지인(b),175413.0,20260116
30200,유성구,5,금요일,3,외국인(c),1170.9399999999998,20260116
30230,대덕구,5,금요일,1,현지인(a),80083.5,20260116
30230,대덕구,5,금요일,2,외지인(b),72957.5,20260116
30230,대덕구,5,금요일,3,외국인(c),402.3,20260116
30110,동구,6,토요일,1,현지인(a),82827.5,20260117
30110,동구,6,토요일,2,외지인(b),157125.5,20260117
30110,동구,6,토요일,3,외국인(c),710.9699999999998,20260117
30140,중구,6,토요일,1,현지인(a),118293.0,20260117
30140,중구,6,토요일,2,외지인(b),177604.0,20260117
30140,중구,6,토요일,3,외국인(c),360.74,20260117
30170,서구,6,토요일,1,현지인(a),255153.5,20260117
30170,서구,6,토요일,2,외지인(b),241538.5,20260117
30170,서구,6,토요일,3,외국인(c),844.1899999999998,20260117
30200,유성구,6,토요일,1,현지인(a),228644.5,20260117
30200,유성구,6,토요일,2,외지인(b),230097.0,20260117
30200,유성구,6,토요일,3,외국인(c),1044.07,20260117
30230,대덕구,6,토요일,1,현지인(a),71802.5,20260117
30230,대덕구,6,토요일,2,외지인(b),91154.0,20260117
30230,대덕구,6,토요일,3,외국인(c),438.43999999999994,20260117
30110,동구,7,일요일,1,현지인(a),80395.0,20260118
30110,동구,7,일요일,2,외지인(b),130434.5,20260118
30110,동구,7,일요일,3,외국인(c),644.9,20260118
30140,중구,7,일요일,1,현지인(a),114807.0,20260118
30140,중구,7,일요일,2,외지인(b),145071.5,20260118
30140,중구,7,일요일,3,외국인(c),341.09999999999997,20260118
30170,서구,7,일요일,1,현지인(a),246340.5,20260118
30170,서구,7,일요일,2,외지인(b),187274.5,20260118
30170,서구,7,일요일,3,외국인(c),738.5300000000001,20260118
30200,유성구,7,일요일,1,현지인(a),222155.5,20260118
30200,유성구,7,일요일,2,외지인(b),184642.5,20260118
30200,유성구,7,일요일,3,외국인(c),1016.6199999999997,20260118
30230,대덕구,7,일요일,1,현지인(a),68519.5,20260118
30230,대덕구,7,일요일,2,외지인(b),76685.0,20260118
30230,대덕구,7,일요일,3,외국인(c),418.2299999999999,20260118
30110,동구,1,월요일,1,현지인(a),86390.5,20260119
30110,동구,1,월요일,2,외지인(b),96264.0,20260119
30110,동구,1,월요일,3,외국인(c),583.8900000000001,20260119
30140,중구,1,월요일,1,현지인(a),124131.0,20260119
30140,중구,1,월요일,2,외지인(b),114681.0,20260119
30140,중구,1,월요일,3,외국인(c),335.6500000000001,20260119
30170,서구,1,월요일,1,현지인(a),270501.0,20260119
30170,서구,1,월요일,2,외지인(b),160240.5,20260119
30170,서구,1,월요일,3,외국인(c),779.2099999999998,20260119
30200,유성구,1,월요일,1,현지인(a),253942.5,20260119
30200,유성구,1,월요일,2,외지인(b),146135.5,20260119
30200,유성구,1,월요일,3,외국인(c),961.0699999999997,20260119
30230,대덕구,1,월요일,1,현지인(a),77150.5,20260119
30230,대덕구,1,월요일,2,외지인(b),66150.0,20260119
30230,대덕구,1,월요일,3,외국인(c),437.24000000000007,20260119
30110,동구,2,화요일,1,현지인(a),86236.5,20260120
30110,동구,2,화요일,2,외지인(b),95207.0,20260120
30110,동구,2,화요일,3,외국인(c),544.2700000000001,20260120
30140,중구,2,화요일,1,현지인(a),125394.5,20260120
30140,중구,2,화요일,2,외지인(b),114765.0,20260120
30140,중구,2,화요일,3,외국인(c),327.72,20260120
30170,서구,2,화요일,1,현지인(a),271894.0,20260120
30170,서구,2,화요일,2,외지인(b),162442.0,20260120
30170,서구,2,화요일,3,외국인(c),781.33,20260120
30200,유성구,2,화요일,1,현지인(a),256413.5,20260120
30200,유성구,2,화요일,2,외지인(b),152607.0,20260120
30200,유성구,2,화요일,3,외국인(c),1030.9100000000005,20260120
30230,대덕구,2,화요일,1,현지인(a),77308.0,20260120
30230,대덕구,2,화요일,2,외지인(b),67483.5,20260120
30230,대덕구,2,화요일,3,외국인(c),452.96999999999997,20260120
30110,동구,3,수요일,1,현지인(a),86222.5,20260121
30110,동구,3,수요일,2,외지인(b),96152.0,20260121
30110,동구,3,수요일,3,외국인(c),617.37,20260121
30140,중구,3,수요일,1,현지인(a),124957.0,20260121
30140,중구,3,수요일,2,외지인(b),114586.5,20260121
30140,중구,3,수요일,3,외국인(c),282.67,20260121
30170,서구,3,수요일,1,현지인(a),272517.0,20260121
30170,서구,3,수요일,2,외지인(b),162974.0,20260121
30170,서구,3,수요일,3,외국인(c),762.7299999999998,20260121
30200,유성구,3,수요일,1,현지인(a),257183.5,20260121
30200,유성구,3,수요일,2,외지인(b),153909.0,20260121
30200,유성구,3,수요일,3,외국인(c),1047.9300000000003,20260121
30230,대덕구,3,수요일,1,현지인(a),77805.0,20260121
30230,대덕구,3,수요일,2,외지인(b),66524.5,20260121
30230,대덕구,3,수요일,3,외국인(c),424.40000000000003,20260121
30110,동구,4,목요일,1,현지인(a),85449.0,20260122
30110,동구,4,목요일,2,외지인(b),98521.5,20260122
30110,동구,4,목요일,3,외국인(c),612.55,20260122
30140,중구,4,목요일,1,현지인(a),123749.5,20260122
30140,중구,4,목요일,2,외지인(b),117358.5,20260122
30140,중구,4,목요일,3,외국인(c),313.5299999999999,20260122
30170,서구,4,목요일,1,현지인(a),269818.5,20260122
30170,서구,4,목요일,2,외지인(b),164003.0,20260122
30170,서구,4,목요일,3,외국인(c),717.0299999999999,20260122
30200,유성구,4,목요일,1,현지인(a),255591.0,20260122
30200,유성구,4,목요일,2,외지인(b),157766.0,20260122
30200,유성구,4,목요일,3,외국인(c),1060.9900000000002,20260122
30230,대덕구,4,목요일,1,현지인(a),76877.5,20260122
30230,대덕구,4,목요일,2,외지인(b),67991.0,20260122
30230,대덕구,4,목요일,3,외국인(c),392.43,20260122
30110,동구,5,금요일,1,현지인(a),88620.0,20260123
30110,동구,5,금요일,2,외지인(b),118993.0,20260123
30110,동구,5,금요일,3,외국인(c),529.1600000000001,20260123
30140,중구,5,금요일,1,현지인(a),127225.0,20260123
30140,중구,5,금요일,2,외지인(b),135390.5,20260123
30140,중구,5,금요일,3,외국인(c),309.5499999999999,20260123
30170,서구,5,금요일,1,현지인(a),276423.0,20260123
30170,서구,5,금요일,2,외지인(b),183550.5,20260123
30170,서구,5,금요일,3,외국인(c),727.2099999999999,20260123
30200,유성구,5,금요일,1,현지인(a),258902.0,20260123
30200,유성구,5,금요일,2,외지인(b),173211.5,20260123
30200,유성구,5,금요일,3,외국인(c),1011.99,20260123
30230,대덕구,5,금요일,1,현지인(a),79712.5,20260123
30230,대덕구,5,금요일,2,외지인(b),76331.5,20260123
30230,대덕구,5,금요일,3,외국인(c),419.79999999999995,20260123
30110,동구,6,토요일,1,현지인(a),81438.0,20260124
30110,동구,6,토요일,2,외지인(b),153541.5,20260124
30110,동구,6,토요일,3,외국인(c),530.3300000000002,20260124
30140,중구,6,토요일,1,현지인(a),116753.0,20260124
30140,중구,6,토요일,2,외지인(b),172179.0,20260124
30140,중구,6,토요일,3,외국인(c),361.05,20260124
30170,서구,6,토요일,1,현지인(a),251811.0,20260124
30170,서구,6,토요일,2,외지인(b),233103.5,20260124
30170,서구,6,토요일,3,외국인(c),751.8400000000003,20260124
30200,유성구,6,토요일,1,현지인(a),226534.0,20260124
30200,유성구,6,토요일,2,외지인(b),225396.5,20260124
30200,유성구,6,토요일,3,외국인(c),916.1800000000003,20260124
30230,대덕구,6,토요일,1,현지인(a),71323.0,20260124
30230,대덕구,6,토요일,2,외지인(b),90576.5,20260124
30230,대덕구,6,토요일,3,외국인(c),369.38000000000005,20260124
30110,동구,7,일요일,1,현지인(a),79838.5,20260125
30110,동구,7,일요일,2,외지인(b),129913.0,20260125
30110,동구,7,일요일,3,외국인(c),529.45,20260125
30140,중구,7,일요일,1,현지인(a),112437.5,20260125
30140,중구,7,일요일,2,외지인(b),139825.0,20260125
30140,중구,7,일요일,3,외국인(c),313.90999999999997,20260125
30170,서구,7,일요일,1,현지인(a),242707.5,20260125
30170,서구,7,일요일,2,외지인(b),180978.0,20260125
30170,서구,7,일요일,3,외국인(c),726.32,20260125
30200,유성구,7,일요일,1,현지인(a),225312.5,20260125
30200,유성구,7,일요일,2,외지인(b),184432.5,20260125
30200,유성구,7,일요일,3,외국인(c),878.2,20260125
30230,대덕구,7,일요일,1,현지인(a),68215.0,20260125
30230,대덕구,7,일요일,2,외지인(b),76090.0,20260125
30230,대덕구,7,일요일,3,외국인(c),339.92,20260125
30110,동구,1,월요일,1,현지인(a),86278.5,20260126
30110,동구,1,월요일,2,외지인(b),99127.0,20260126
30110,동구,1,월요일,3,외국인(c),518.19,20260126
30140,중구,1,월요일,1,현지인(a),125496.0,20260126
30140,중구,1,월요일,2,외지인(b),119934.5,20260126
30140,중구,1,월요일,3,외국인(c),343.95,20260126
30170,서구,1,월요일,1,현지인(a),270000.5,20260126
30170,서구,1,월요일,2,외지인(b),163688.0,20260126
30170,서구,1,월요일,3,외국인(c),821.5599999999997,20260126
30200,유성구,1,월요일,1,현지인(a),252903.0,20260126
30200,유성구,1,월요일,2,외지인(b),151007.5,20260126
30200,유성구,1,월요일,3,외국인(c),986.2299999999998,20260126
30230,대덕구,1,월요일,1,현지인(a),77521.5,20260126
30230,대덕구,1,월요일,2,외지인(b),67522.0,20260126
30230,대덕구,1,월요일,3,외국인(c),354.9,20260126
30110,동구,2,화요일,1,현지인(a),86688.0,20260127
30110,동구,2,화요일,2,외지인(b),103439.0,20260127
30110,동구,2,화요일,3,외국인(c),669.7500000000002,20260127
30140,중구,2,화요일,1,현지인(a),125370.0,20260127
30140,중구,2,화요일,2,외지인(b),120239.0,20260127
30140,중구,2,화요일,3,외국인(c),417.99999999999994,20260127
30170,서구,2,화요일,1,현지인(a),271719.0,20260127
30170,서구,2,화요일,2,외지인(b),166712.0,20260127
30170,서구,2,화요일,3,외국인(c),855.32,20260127
30200,유성구,2,화요일,1,현지인(a),255115.0,20260127
30200,유성구,2,화요일,2,외지인(b),159670.0,20260127
30200,유성구,2,화요일,3,외국인(c),1067.0499999999997,20260127
30230,대덕구,2,화요일,1,현지인(a),77850.5,20260127
30230,대덕구,2,화요일,2,외지인(b),69163.5,20260127
30230,대덕구,2,화요일,3,외국인(c),469.42,20260127
30110,동구,3,수요일,1,현지인(a),86852.5,20260128
30110,동구,3,수요일,2,외지인(b),100383.5,20260128
30110,동구,3,수요일,3,외국인(c),637.3200000000002,20260128
30140,중구,3,수요일,1,현지인(a),125716.5,20260128
30140,중구,3,수요일,2,외지인(b),120806.0,20260128
30140,중구,3,수요일,3,외국인(c),438.07999999999987,20260128
30170,서구,3,수요일,1,현지인(a),273752.5,20260128
30170,서구,3,수요일,2,외지인(b),170555.0,20260128
30170,서구,3,수요일,3,외국인(c),853.89,20260128
30200,유성구,3,수요일,1,현지인(a),256340.0,20260128
30200,유성구,3,수요일,2,외지인(b),161994.0,20260128
30200,유성구,3,수요일,3,외국인(c),1081.63,20260128
30230,대덕구,3,수요일,1,현지인(a),77777.0,20260128
30230,대덕구,3,수요일,2,외지인(b),69664.0,20260128
30230,대덕구,3,수요일,3,외국인(c),459.04999999999984,20260128
30110,동구,4,목요일,1,현지인(a),86303.0,20260129
30110,동구,4,목요일,2,외지인(b),103103.0,20260129
30110,동구,4,목요일,3,외국인(c),657.27,20260129
30140,중구,4,목요일,1,현지인(a),125093.5,20260129
30140,중구,4,목요일,2,외지인(b),121397.5,20260129
30140,중구,4,목요일,3,외국인(c),436.0800000000001,20260129
30170,서구,4,목요일,1,현지인(a),272660.5,20260129
30170,서구,4,목요일,2,외지인(b),168570.5,20260129
30170,서구,4,목요일,3,외국인(c),908.69,20260129
30200,유성구,4,목요일,1,현지인(a),255668.0,20260129
30200,유성구,4,목요일,2,외지인(b),164426.5,20260129
30200,유성구,4,목요일,3,외국인(c),1140.6199999999997,20260129
30230,대덕구,4,목요일,1,현지인(a),78424.5,20260129
30230,대덕구,4,목요일,2,외지인(b),71624.0,20260129
30230,대덕구,4,목요일,3,외국인(c),412.65,20260129
30110,동구,5,금요일,1,현지인(a),87738.0,20260130
30110,동구,5,금요일,2,외지인(b),119913.5,20260130
30110,동구,5,금요일,3,외국인(c),638.9100000000001,20260130
30140,중구,5,금요일,1,현지인(a),126885.5,20260130
30140,중구,5,금요일,2,외지인(b),136486.0,20260130
30140,중구,5,금요일,3,외국인(c),420.2,20260130
30170,서구,5,금요일,1,현지인(a),276717.0,20260130
30170,서구,5,금요일,2,외지인(b),188909.0,20260130
30170,서구,5,금요일,3,외국인(c),917.51,20260130
30200,유성구,5,금요일,1,현지인(a),256620.0,20260130
30200,유성구,5,금요일,2,외지인(b),178899.0,20260130
30200,유성구,5,금요일,3,외국인(c),1103.3300000000002,20260130
30230,대덕구,5,금요일,1,현지인(a),78907.5,20260130
30230,대덕구,5,금요일,2,외지인(b),77402.5,20260130
30230,대덕구,5,금요일,3,외국인(c),391.5299999999999,20260130
30110,동구,6,토요일,1,현지인(a),82516.0,20260131
30110,동구,6,토요일,2,외지인(b),159309.5,20260131
30110,동구,6,토요일,3,외국인(c),623.3100000000002,20260131
30140,중구,6,토요일,1,현지인(a),117582.5,20260131
30140,중구,6,토요일,2,외지인(b),181986.0,20260131
30140,중구,6,토요일,3,외국인(c),482.58,20260131
30170,서구,6,토요일,1,현지인(a),253935.5,20260131
30170,서구,6,토요일,2,외지인(b),244398.0,20260131
30170,서구,6,토요일,3,외국인(c),947.3299999999997,20260131
30200,유성구,6,토요일,1,현지인(a),225449.0,20260131
30200,유성구,6,토요일,2,외지인(b),231465.5,20260131
30200,유성구,6,토요일,3,외국인(c),927.1299999999997,20260131
30230,대덕구,6,토요일,1,현지인(a),71778.0,20260131
30230,대덕구,6,토요일,2,외지인(b),93285.5,20260131
30230,대덕구,6,토요일,3,외국인(c),386.43,20260131
30110,동구,7,일요일,1,현지인(a),80612.0,20260201
30110,동구,7,일요일,2,외지인(b),120687.0,20260201
30110,동구,7,일요일,3,외국인(c),600.79,20260201
30140,중구,7,일요일,1,현지인(a),113911.0,20260201
30140,중구,7,일요일,2,외지인(b),132009.5,20260201
30140,중구,7,일요일,3,외국인(c),318.64,20260201
30170,서구,7,일요일,1,현지인(a),246781.5,20260201
30170,서구,7,일요일,2,외지인(b),164374.0,20260201
30170,서구,7,일요일,3,외국인(c),872.12,20260201
30200,유성구,7,일요일,1,현지인(a),221868.5,20260201
30200,유성구,7,일요일,2,외지인(b),164461.5,20260201
30200,유성구,7,일요일,3,외국인(c),850.7400000000001,20260201
30230,대덕구,7,일요일,1,현지인(a),69797.0,20260201
30230,대덕구,7,일요일,2,외지인(b),68134.5,20260201
30230,대덕구,7,일요일,3,외국인(c),288.53,20260201
30110,동구,1,월요일,1,현지인(a),86404.5,20260202
30110,동구,1,월요일,2,외지인(b),82670.0,20260202
30110,동구,1,월요일,3,외국인(c),549.87,20260202
30140,중구,1,월요일,1,현지인(a),124285.0,20260202
30140,중구,1,월요일,2,외지인(b),94906.0,20260202
30140,중구,1,월요일,3,외국인(c),316.57,20260202
30170,서구,1,월요일,1,현지인(a),272030.5,20260202
30170,서구,1,월요일,2,외지인(b),128257.5,20260202
30170,서구,1,월요일,3,외국인(c),783.1099999999999,20260202
30200,유성구,1,월요일,1,현지인(a),252049.0,20260202
30200,유성구,1,월요일,2,외지인(b),117656.0,20260202
30200,유성구,1,월요일,3,외국인(c),931.4700000000003,20260202
30230,대덕구,1,월요일,1,현지인(a),78522.5,20260202
30230,대덕구,1,월요일,2,외지인(b),54691.0,20260202
30230,대덕구,1,월요일,3,외국인(c),380.27,20260202
30110,동구,2,화요일,1,현지인(a),87591.0,20260203
30110,동구,2,화요일,2,외지인(b),90181.0,20260203
30110,동구,2,화요일,3,외국인(c),609.18,20260203
30140,중구,2,화요일,1,현지인(a),126885.5,20260203
30140,중구,2,화요일,2,외지인(b),108416.0,20260203
30140,중구,2,화요일,3,외국인(c),358.71,20260203
30170,서구,2,화요일,1,현지인(a),275688.0,20260203
30170,서구,2,화요일,2,외지인(b),141067.5,20260203
30170,서구,2,화요일,3,외국인(c),794.66,20260203
30200,유성구,2,화요일,1,현지인(a),258265.0,20260203
30200,유성구,2,화요일,2,외지인(b),134547.0,20260203
30200,유성구,2,화요일,3,외국인(c),1000.2800000000002,20260203
30230,대덕구,2,화요일,1,현지인(a),80654.0,20260203
30230,대덕구,2,화요일,2,외지인(b),62398.0,20260203
30230,대덕구,2,화요일,3,외국인(c),352.29,20260203
30110,동구,3,수요일,1,현지인(a),88053.0,20260204
30110,동구,3,수요일,2,외지인(b),92263.5,20260204
30110,동구,3,수요일,3,외국인(c),523.8000000000001,20260204
30140,중구,3,수요일,1,현지인(a),127358.0,20260204
30140,중구,3,수요일,2,외지인(b),108937.5,20260204
30140,중구,3,수요일,3,외국인(c),298.37000000000006,20260204
30170,서구,3,수요일,1,현지인(a),277613.0,20260204
30170,서구,3,수요일,2,외지인(b),145666.5,20260204
30170,서구,3,수요일,3,외국인(c),803.2399999999998,20260204
30200,유성구,3,수요일,1,현지인(a),259157.5,20260204
30200,유성구,3,수요일,2,외지인(b),140084.0,20260204
30200,유성구,3,수요일,3,외국인(c),1084.3700000000001,20260204
30230,대덕구,3,수요일,1,현지인(a),80685.5,20260204
30230,대덕구,3,수요일,2,외지인(b),63465.5,20260204
30230,대덕구,3,수요일,3,외국인(c),371.97,20260204
30110,동구,4,목요일,1,현지인(a),87430.0,20260205
30110,동구,4,목요일,2,외지인(b),96068.0,20260205
30110,동구,4,목요일,3,외국인(c),544.92,20260205
30140,중구,4,목요일,1,현지인(a),126633.5,20260205
30140,중구,4,목요일,2,외지인(b),115300.5,20260205
30140,중구,4,목요일,3,외국인(c),315.96999999999997,20260205
30170,서구,4,목요일,1,현지인(a),277014.5,20260205
30170,서구,4,목요일,2,외지인(b),150167.5,20260205
30170,서구,4,목요일,3,외국인(c),898.61,20260205
30200,유성구,4,목요일,1,현지인(a),257614.0,20260205
30200,유성구,4,목요일,2,외지인(b),147689.5,20260205
30200,유성구,4,목요일,3,외국인(c),992.1600000000005,20260205
30230,대덕구,4,목요일,1,현지인(a),80748.5,20260205
30230,대덕구,4,목요일,2,외지인(b),66188.5,20260205
30230,대덕구,4,목요일,3,외국인(c),393.5400000000001,20260205
30110,동구,5,금요일,1,현지인(a),88651.5,20260206
30110,동구,5,금요일,2,외지인(b),112766.5,20260206
30110,동구,5,금요일,3,외국인(c),544.2400000000001,20260206
30140,중구,5,금요일,1,현지인(a),127533.0,20260206
30140,중구,5,금요일,2,외지인(b),125321.0,20260206
30140,중구,5,금요일,3,외국인(c),351.0800000000001,20260206
30170,서구,5,금요일,1,현지인(a),279629.0,20260206
30170,서구,5,금요일,2,외지인(b),166474.0,20260206
30170,서구,5,금요일,3,외국인(c),799.7700000000002,20260206
30200,유성구,5,금요일,1,현지인(a),259073.5,20260206
30200,유성구,5,금요일,2,외지인(b),164685.5,20260206
30200,유성구,5,금요일,3,외국인(c),902.7700000000001,20260206
30230,대덕구,5,금요일,1,현지인(a),81623.5,20260206
30230,대덕구,5,금요일,2,외지인(b),72968.0,20260206
30230,대덕구,5,금요일,3,외국인(c),360.90000000000015,20260206
30110,동구,6,토요일,1,현지인(a),82565.0,20260207
30110,동구,6,토요일,2,외지인(b),147364.0,20260207
30110,동구,6,토요일,3,외국인(c),499.7199999999999,20260207
30140,중구,6,토요일,1,현지인(a),117677.0,20260207
30140,중구,6,토요일,2,외지인(b),171248.0,20260207
30140,중구,6,토요일,3,외국인(c),393.41,20260207
30170,서구,6,토요일,1,현지인(a),255412.5,20260207
30170,서구,6,토요일,2,외지인(b),232459.5,20260207
30170,서구,6,토요일,3,외국인(c),806.3299999999999,20260207
30200,유성구,6,토요일,1,현지인(a),227769.5,20260207
30200,유성구,6,토요일,2,외지인(b),228305.0,20260207
30200,유성구,6,토요일,3,외국인(c),819.3100000000001,20260207
30230,대덕구,6,토요일,1,현지인(a),72992.5,20260207
30230,대덕구,6,토요일,2,외지인(b),90828.5,20260207
30230,대덕구,6,토요일,3,외국인(c),343.90999999999997,20260207
30110,동구,7,일요일,1,현지인(a),78701.0,20260208
30110,동구,7,일요일,2,외지인(b),117971.0,20260208
30110,동구,7,일요일,3,외국인(c),570.5000000000002,20260208
30140,중구,7,일요일,1,현지인(a),111597.5,20260208
30140,중구,7,일요일,2,외지인(b),127610.0,20260208
30140,중구,7,일요일,3,외국인(c),315.96999999999997,20260208
30170,서구,7,일요일,1,현지인(a),243554.5,20260208
30170,서구,7,일요일,2,외지인(b),172245.5,20260208
30170,서구,7,일요일,3,외국인(c),786.4000000000001,20260208
30200,유성구,7,일요일,1,현지인(a),220444.0,20260208
30200,유성구,7,일요일,2,외지인(b),181384.0,20260208
30200,유성구,7,일요일,3,외국인(c),794.8499999999998,20260208
30230,대덕구,7,일요일,1,현지인(a),69268.5,20260208
30230,대덕구,7,일요일,2,외지인(b),72964.5,20260208
30230,대덕구,7,일요일,3,외국인(c),333.84,20260208
30110,동구,1,월요일,1,현지인(a),87601.5,20260209
30110,동구,1,월요일,2,외지인(b),97132.0,20260209
30110,동구,1,월요일,3,외국인(c),502.2800000000001,20260209
30140,중구,1,월요일,1,현지인(a),126259.0,20260209
30140,중구,1,월요일,2,외지인(b),114663.5,20260209
30140,중구,1,월요일,3,외국인(c),340.64,20260209
30170,서구,1,월요일,1,현지인(a),275898.0,20260209
30170,서구,1,월요일,2,외지인(b),153972.0,20260209
30170,서구,1,월요일,3,외국인(c),834.3800000000005,20260209
30200,유성구,1,월요일,1,현지인(a),256357.5,20260209
30200,유성구,1,월요일,2,외지인(b),143570.0,20260209
30200,유성구,1,월요일,3,외국인(c),913.2300000000001,20260209
30230,대덕구,1,월요일,1,현지인(a),80363.5,20260209
30230,대덕구,1,월요일,2,외지인(b),67413.5,20260209
30230,대덕구,1,월요일,3,외국인(c),399.48999999999995,20260209
30110,동구,2,화요일,1,현지인(a),86821.0,20260210
30110,동구,2,화요일,2,외지인(b),101619.0,20260210
30110,동구,2,화요일,3,외국인(c),635.6400000000001,20260210
30140,중구,2,화요일,1,현지인(a),126287.0,20260210
30140,중구,2,화요일,2,외지인(b),119672.0,20260210
30140,중구,2,화요일,3,외국인(c),332.56,20260210
30170,서구,2,화요일,1,현지인(a),277469.5,20260210
30170,서구,2,화요일,2,외지인(b),159040.0,20260210
30170,서구,2,화요일,3,외국인(c),860.67,20260210
30200,유성구,2,화요일,1,현지인(a),258517.0,20260210
30200,유성구,2,화요일,2,외지인(b),151725.0,20260210
30200,유성구,2,화요일,3,외국인(c),990.6799999999998,20260210
30230,대덕구,2,화요일,1,현지인(a),80790.5,20260210
30230,대덕구,2,화요일,2,외지인(b),70112.0,20260210
30230,대덕구,2,화요일,3,외국인(c),388.24,20260210
30110,동구,3,수요일,1,현지인(a),88329.5,20260211
30110,동구,3,수요일,2,외지인(b),103089.0,20260211
30110,동구,3,수요일,3,외국인(c),589.97,20260211
30140,중구,3,수요일,1,현지인(a),127750.0,20260211
30140,중구,3,수요일,2,외지인(b),122248.0,20260211
30140,중구,3,수요일,3,외국인(c),329.10999999999996,20260211
30170,서구,3,수요일,1,현지인(a),280297.5,20260211
30170,서구,3,수요일,2,외지인(b),165151.0,20260211
30170,서구,3,수요일,3,외국인(c),865.7900000000003,20260211
30200,유성구,3,수요일,1,현지인(a),259584.5,20260211
30200,유성구,3,수요일,2,외지인(b),157692.5,20260211
30200,유성구,3,수요일,3,외국인(c),1077.45,20260211
30230,대덕구,3,수요일,1,현지인(a),81336.5,20260211
30230,대덕구,3,수요일,2,외지인(b),71228.5,20260211
30230,대덕구,3,수요일,3,외국인(c),458.3899999999999,20260211
30110,동구,4,목요일,1,현지인(a),88662.0,20260212
30110,동구,4,목요일,2,외지인(b),114684.5,20260212
30110,동구,4,목요일,3,외국인(c),628.3399999999999,20260212
30140,중구,4,목요일,1,현지인(a),128670.5,20260212
30140,중구,4,목요일,2,외지인(b),132583.5,20260212
30140,중구,4,목요일,3,외국인(c),323.21000000000004,20260212
30170,서구,4,목요일,1,현지인(a),281148.0,20260212
30170,서구,4,목요일,2,외지인(b),171230.5,20260212
30170,서구,4,목요일,3,외국인(c),782.5799999999998,20260212
30200,유성구,4,목요일,1,현지인(a),260529.5,20260212
30200,유성구,4,목요일,2,외지인(b),167275.5,20260212
30200,유성구,4,목요일,3,외국인(c),1050.0200000000004,20260212
30230,대덕구,4,목요일,1,현지인(a),82519.5,20260212
30230,대덕구,4,목요일,2,외지인(b),77045.5,20260212
30230,대덕구,4,목요일,3,외국인(c),416.43,20260212
30110,동구,5,금요일,1,현지인(a),90734.0,20260213
30110,동구,5,금요일,2,외지인(b),119735.0,20260213
30110,동구,5,금요일,3,외국인(c),604.69,20260213
30140,중구,5,금요일,1,현지인(a),132237.0,20260213
30140,중구,5,금요일,2,외지인(b),141547.0,20260213
30140,중구,5,금요일,3,외국인(c),389.38,20260213
30170,서구,5,금요일,1,현지인(a),285820.5,20260213
30170,서구,5,금요일,2,외지인(b),188926.5,20260213
30170,서구,5,금요일,3,외국인(c),815.3399999999998,20260213
30200,유성구,5,금요일,1,현지인(a),260904.0,20260213
30200,유성구,5,금요일,2,외지인(b),174394.5,20260213
30200,유성구,5,금요일,3,외국인(c),923.3900000000001,20260213
30230,대덕구,5,금요일,1,현지인(a),83926.5,20260213
30230,대덕구,5,금요일,2,외지인(b),82152.0,20260213
30230,대덕구,5,금요일,3,외국인(c),401.06999999999994,20260213
30110,동구,6,토요일,1,현지인(a),82845.0,20260214
30110,동구,6,토요일,2,외지인(b),146555.5,20260214
30110,동구,6,토요일,3,외국인(c),576.5500000000001,20260214
30140,중구,6,토요일,1,현지인(a),120022.0,20260214
30140,중구,6,토요일,2,외지인(b),171472.0,20260214
30140,중구,6,토요일,3,외국인(c),408.17,20260214
30170,서구,6,토요일,1,현지인(a),255311.0,20260214
30170,서구,6,토요일,2,외지인(b),228172.0,20260214
30170,서구,6,토요일,3,외국인(c),779.99,20260214
30200,유성구,6,토요일,1,현지인(a),219824.5,20260214
30200,유성구,6,토요일,2,외지인(b),214049.5,20260214
30200,유성구,6,토요일,3,외국인(c),860.07,20260214
30230,대덕구,6,토요일,1,현지인(a),74112.5,20260214
30230,대덕구,6,토요일,2,외지인(b),98374.5,20260214
30230,대덕구,6,토요일,3,외국인(c),396.9099999999999,20260214
30110,동구,7,일요일,1,현지인(a),77010.5,20260215
30110,동구,7,일요일,2,외지인(b),153174.0,20260215
30110,동구,7,일요일,3,외국인(c),717.0699999999999,20260215
30140,중구,7,일요일,1,현지인(a),110796.0,20260215
30140,중구,7,일요일,2,외지인(b),178930.5,20260215
30140,중구,7,일요일,3,외국인(c),387.7999999999999,20260215
30170,서구,7,일요일,1,현지인(a),230240.5,20260215
30170,서구,7,일요일,2,외지인(b),224413.0,20260215
30170,서구,7,일요일,3,외국인(c),744.0499999999997,20260215
30200,유성구,7,일요일,1,현지인(a),196287.0,20260215
30200,유성구,7,일요일,2,외지인(b),217115.5,20260215
30200,유성구,7,일요일,3,외국인(c),861.4,20260215
30230,대덕구,7,일요일,1,현지인(a),68362.0,20260215
30230,대덕구,7,일요일,2,외지인(b),103789.0,20260215
30230,대덕구,7,일요일,3,외국인(c),422.73,20260215
30110,동구,1,월요일,1,현지인(a),70532.0,20260216
30110,동구,1,월요일,2,외지인(b),167615.0,20260216
30110,동구,1,월요일,3,외국인(c),668.2999999999998,20260216
30140,중구,1,월요일,1,현지인(a),100397.5,20260216
30140,중구,1,월요일,2,외지인(b),183662.5,20260216
30140,중구,1,월요일,3,외국인(c),352.19999999999993,20260216
30170,서구,1,월요일,1,현지인(a),200319.0,20260216
30170,서구,1,월요일,2,외지인(b),219023.0,20260216
30170,서구,1,월요일,3,외국인(c),741.52,20260216
30200,유성구,1,월요일,1,현지인(a),168500.5,20260216
30200,유성구,1,월요일,2,외지인(b),207896.5,20260216
30200,유성구,1,월요일,3,외국인(c),801.3700000000001,20260216
30230,대덕구,1,월요일,1,현지인(a),62184.5,20260216
30230,대덕구,1,월요일,2,외지인(b),116749.5,20260216
30230,대덕구,1,월요일,3,외국인(c),415.77000000000004,20260216
30110,동구,2,화요일,1,현지인(a),70437.5,20260217
30110,동구,2,화요일,2,외지인(b),229687.5,20260217
30110,동구,2,화요일,3,외국인(c),802.4900000000002,20260217
30140,중구,2,화요일,1,현지인(a),99218.0,20260217
30140,중구,2,화요일,2,외지인(b),194134.5,20260217
30140,중구,2,화요일,3,외국인(c),396.17,20260217
30170,서구,2,화요일,1,현지인(a),200595.5,20260217
30170,서구,2,화요일,2,외지인(b),236113.5,20260217
30170,서구,2,화요일,3,외국인(c),769.9499999999999,20260217
30200,유성구,2,화요일,1,현지인(a),167447.0,20260217
30200,유성구,2,화요일,2,외지인(b),211232.0,20260217
30200,유성구,2,화요일,3,외국인(c),825.0900000000001,20260217
30230,대덕구,2,화요일,1,현지인(a),60595.5,20260217
30230,대덕구,2,화요일,2,외지인(b),125191.5,20260217
30230,대덕구,2,화요일,3,외국인(c),412.46000000000004,20260217
30110,동구,3,수요일,1,현지인(a),75950.0,20260218
30110,동구,3,수요일,2,외지인(b),135618.0,20260218
30110,동구,3,수요일,3,외국인(c),613.06,20260218
30140,중구,3,수요일,1,현지인(a),109151.0,20260218
30140,중구,3,수요일,2,외지인(b),143237.5,20260218
30140,중구,3,수요일,3,외국인(c),378.65,20260218
30170,서구,3,수요일,1,현지인(a),228455.5,20260218
30170,서구,3,수요일,2,외지인(b),185265.5,20260218
30170,서구,3,수요일,3,외국인(c),726.5399999999997,20260218
30200,유성구,3,수요일,1,현지인(a),202212.5,20260218
30200,유성구,3,수요일,2,외지인(b),180740.0,20260218
30200,유성구,3,수요일,3,외국인(c),889.3600000000001,20260218
30230,대덕구,3,수요일,1,현지인(a),66335.5,20260218
30230,대덕구,3,수요일,2,외지인(b),90163.5,20260218
30230,대덕구,3,수요일,3,외국인(c),376.74999999999994,20260218
30110,동구,4,목요일,1,현지인(a),86989.0,20260219
30110,동구,4,목요일,2,외지인(b),103554.5,20260219
30110,동구,4,목요일,3,외국인(c),742.1700000000001,20260219
30140,중구,4,목요일,1,현지인(a),125534.5,20260219
30140,중구,4,목요일,2,외지인(b),124449.5,20260219
30140,중구,4,목요일,3,외국인(c),465.03999999999996,20260219
30170,서구,4,목요일,1,현지인(a),273500.5,20260219
30170,서구,4,목요일,2,외지인(b),169865.5,20260219
30170,서구,4,목요일,3,외국인(c),933.7600000000003,20260219
30200,유성구,4,목요일,1,현지인(a),249949.0,20260219
30200,유성구,4,목요일,2,외지인(b),154108.5,20260219
30200,유성구,4,목요일,3,외국인(c),1023.32,20260219
30230,대덕구,4,목요일,1,현지인(a),79523.5,20260219
30230,대덕구,4,목요일,2,외지인(b),70101.5,20260219
30230,대덕구,4,목요일,3,외국인(c),428.05999999999995,20260219
30110,동구,5,금요일,1,현지인(a),88693.5,20260220
30110,동구,5,금요일,2,외지인(b),122405.5,20260220
30110,동구,5,금요일,3,외국인(c),762.7299999999999,20260220
30140,중구,5,금요일,1,현지인(a),128656.5,20260220
30140,중구,5,금요일,2,외지인(b),140430.5,20260220
30140,중구,5,금요일,3,외국인(c),391.84,20260220
30170,서구,5,금요일,1,현지인(a),280374.5,20260220
30170,서구,5,금요일,2,외지인(b),188744.5,20260220
30170,서구,5,금요일,3,외국인(c),1058.4799999999998,20260220
30200,유성구,5,금요일,1,현지인(a),257292.0,20260220
30200,유성구,5,금요일,2,외지인(b),182899.5,20260220
30200,유성구,5,금요일,3,외국인(c),1196.91,20260220
30230,대덕구,5,금요일,1,현지인(a),80874.5,20260220
30230,대덕구,5,금요일,2,외지인(b),75148.5,20260220
30230,대덕구,5,금요일,3,외국인(c),425.76,20260220
30110,동구,6,토요일,1,현지인(a),83370.0,20260221
30110,동구,6,토요일,2,외지인(b),154084.0,20260221
30110,동구,6,토요일,3,외국인(c),685.5300000000001,20260221
30140,중구,6,토요일,1,현지인(a),119889.0,20260221
30140,중구,6,토요일,2,외지인(b),177030.0,20260221
30140,중구,6,토요일,3,외국인(c),432.5299999999999,20260221
30170,서구,6,토요일,1,현지인(a),260785.0,20260221
30170,서구,6,토요일,2,외지인(b),229484.5,20260221
30170,서구,6,토요일,3,외국인(c),1026.4799999999996,20260221
30200,유성구,6,토요일,1,현지인(a),231511.0,20260221
30200,유성구,6,토요일,2,외지인(b),227671.5,20260221
30200,유성구,6,토요일,3,외국인(c),1031.6599999999996,20260221
30230,대덕구,6,토요일,1,현지인(a),74018.0,20260221
30230,대덕구,6,토요일,2,외지인(b),91136.5,20260221
30230,대덕구,6,토요일,3,외국인(c),429.05000000000007,20260221
30110,동구,7,일요일,1,현지인(a),79390.5,20260222
30110,동구,7,일요일,2,외지인(b),129710.0,20260222
30110,동구,7,일요일,3,외국인(c),626.8100000000002,20260222
30140,중구,7,일요일,1,현지인(a),113624.0,20260222
30140,중구,7,일요일,2,외지인(b),137966.5,20260222
30140,중구,7,일요일,3,외국인(c),393.75,20260222
30170,서구,7,일요일,1,현지인(a),246001.0,20260222
30170,서구,7,일요일,2,외지인(b),178003.0,20260222
30170,서구,7,일요일,3,외국인(c),908.0999999999998,20260222
30200,유성구,7,일요일,1,현지인(a),221595.5,20260222
30200,유성구,7,일요일,2,외지인(b),176291.5,20260222
30200,유성구,7,일요일,3,외국인(c),922.92,20260222
30230,대덕구,7,일요일,1,현지인(a),69625.5,20260222
30230,대덕구,7,일요일,2,외지인(b),74322.5,20260222
30230,대덕구,7,일요일,3,외국인(c),398.9299999999999,20260222
30110,동구,1,월요일,1,현지인(a),87468.5,20260223
30110,동구,1,월요일,2,외지인(b),111233.5,20260223
30110,동구,1,월요일,3,외국인(c),666.8899999999999,20260223
30140,중구,1,월요일,1,현지인(a),126101.5,20260223
30140,중구,1,월요일,2,외지인(b),125804.0,20260223
30140,중구,1,월요일,3,외국인(c),337.40000000000003,20260223
30170,서구,1,월요일,1,현지인(a),276265.5,20260223
30170,서구,1,월요일,2,외지인(b),168521.5,20260223
30170,서구,1,월요일,3,외국인(c),876.0599999999998,20260223
30200,유성구,1,월요일,1,현지인(a),255258.5,20260223
30200,유성구,1,월요일,2,외지인(b),157454.5,20260223
30200,유성구,1,월요일,3,외국인(c),981.1700000000002,20260223
30230,대덕구,1,월요일,1,현지인(a),80902.5,20260223
30230,대덕구,1,월요일,2,외지인(b),73990.0,20260223
30230,대덕구,1,월요일,3,외국인(c),508.74000000000007,20260223
30110,동구,2,화요일,1,현지인(a),84840.0,20260224
30110,동구,2,화요일,2,외지인(b),102168.5,20260224
30110,동구,2,화요일,3,외국인(c),730.9299999999998,20260224
30140,중구,2,화요일,1,현지인(a),122185.0,20260224
30140,중구,2,화요일,2,외지인(b),111723.5,20260224
30140,중구,2,화요일,3,외국인(c),326.55,20260224
30170,서구,2,화요일,1,현지인(a),267827.0,20260224
30170,서구,2,화요일,2,외지인(b),159113.5,20260224
30170,서구,2,화요일,3,외국인(c),910.0200000000001,20260224
30200,유성구,2,화요일,1,현지인(a),250155.5,20260224
30200,유성구,2,화요일,2,외지인(b),155113.0,20260224
30200,유성구,2,화요일,3,외국인(c),1061.0900000000004,20260224
30230,대덕구,2,화요일,1,현지인(a),77885.5,20260224
30230,대덕구,2,화요일,2,외지인(b),65054.5,20260224
30230,대덕구,2,화요일,3,외국인(c),505.65000000000003,20260224
30110,동구,3,수요일,1,현지인(a),88413.5,20260225
30110,동구,3,수요일,2,외지인(b),119766.5,20260225
30110,동구,3,수요일,3,외국인(c),687.6399999999999,20260225
30140,중구,3,수요일,1,현지인(a),127508.5,20260225
30140,중구,3,수요일,2,외지인(b),131967.5,20260225
30140,중구,3,수요일,3,외국인(c),369.79999999999995,20260225
30170,서구,3,수요일,1,현지인(a),280623.0,20260225
30170,서구,3,수요일,2,외지인(b),180971.0,20260225
30170,서구,3,수요일,3,외국인(c),1036.24,20260225
30200,유성구,3,수요일,1,현지인(a),260466.5,20260225
30200,유성구,3,수요일,2,외지인(b),182297.5,20260225
30200,유성구,3,수요일,3,외국인(c),1183.42,20260225
30230,대덕구,3,수요일,1,현지인(a),81511.5,20260225
30230,대덕구,3,수요일,2,외지인(b),75740.0,20260225
30230,대덕구,3,수요일,3,외국인(c),507.53999999999996,20260225
30110,동구,4,목요일,1,현지인(a),88263.0,20260226
30110,동구,4,목요일,2,외지인(b),123508.0,20260226
30110,동구,4,목요일,3,외국인(c),764.2199999999998,20260226
30140,중구,4,목요일,1,현지인(a),126000.0,20260226
30140,중구,4,목요일,2,외지인(b),140465.5,20260226
30140,중구,4,목요일,3,외국인(c),380.9500000000001,20260226
30170,서구,4,목요일,1,현지인(a),277238.5,20260226
30170,서구,4,목요일,2,외지인(b),183911.0,20260226
30170,서구,4,목요일,3,외국인(c),1056.9200000000003,20260226
30200,유성구,4,목요일,1,현지인(a),256893.0,20260226
30200,유성구,4,목요일,2,외지인(b),178899.0,20260226
30200,유성구,4,목요일,3,외국인(c),1210.9099999999996,20260226
30230,대덕구,4,목요일,1,현지인(a),80031.0,20260226
30230,대덕구,4,목요일,2,외지인(b),75411.0,20260226
30230,대덕구,4,목요일,3,외국인(c),527.2499999999999,20260226
30110,동구,5,금요일,1,현지인(a),89495.0,20260227
30110,동구,5,금요일,2,외지인(b),136202.5,20260227
30110,동구,5,금요일,3,외국인(c),763.35,20260227
30140,중구,5,금요일,1,현지인(a),127246.0,20260227
30140,중구,5,금요일,2,외지인(b),153331.5,20260227
30140,중구,5,금요일,3,외국인(c),431.48999999999995,20260227
30170,서구,5,금요일,1,현지인(a),280987.0,20260227
30170,서구,5,금요일,2,외지인(b),200588.5,20260227
30170,서구,5,금요일,3,외국인(c),860.7599999999999,20260227
30200,유성구,5,금요일,1,현지인(a),256977.0,20260227
30200,유성구,5,금요일,2,외지인(b),191044.0,20260227
30200,유성구,5,금요일,3,외국인(c),1249.1699999999998,20260227
30230,대덕구,5,금요일,1,현지인(a),81518.5,20260227
30230,대덕구,5,금요일,2,외지인(b),83877.5,20260227
30230,대덕구,5,금요일,3,외국인(c),444.5400000000001,20260227
30110,동구,6,토요일,1,현지인(a),83933.5,20260228
30110,동구,6,토요일,2,외지인(b),172854.5,20260228
30110,동구,6,토요일,3,외국인(c),814.23,20260228
30140,중구,6,토요일,1,현지인(a),118716.5,20260228
30140,중구,6,토요일,2,외지인(b),195468.0,20260228
30140,중구,6,토요일,3,외국인(c),349.87,20260228
30170,서구,6,토요일,1,현지인(a),258835.5,20260228
30170,서구,6,토요일,2,외지인(b),254632.0,20260228
30170,서구,6,토요일,3,외국인(c),926.9700000000003,20260228
30200,유성구,6,토요일,1,현지인(a),228816.0,20260228
30200,유성구,6,토요일,2,외지인(b),250785.5,20260228
30200,유성구,6,토요일,3,외국인(c),1145.19,20260228
30230,대덕구,6,토요일,1,현지인(a),74074.0,20260228
30230,대덕구,6,토요일,2,외지인(b),104079.5,20260228
30230,대덕구,6,토요일,3,외국인(c),461.39000000000004,20260228
30110,동구,7,일요일,1,현지인(a),82610.5,20260301
30110,동구,7,일요일,2,외지인(b),155179.5,20260301
30110,동구,7,일요일,3,외국인(c),834.8200000000003,20260301
30140,중구,7,일요일,1,현지인(a),115573.5,20260301
30140,중구,7,일요일,2,외지인(b),175094.5,20260301
30140,중구,7,일요일,3,외국인(c),363.24999999999994,20260301
30170,서구,7,일요일,1,현지인(a),251153.0,20260301
30170,서구,7,일요일,2,외지인(b),216839.0,20260301
30170,서구,7,일요일,3,외국인(c),888.8500000000001,20260301
30200,유성구,7,일요일,1,현지인(a),223912.5,20260301
30200,유성구,7,일요일,2,외지인(b),224602.0,20260301
30200,유성구,7,일요일,3,외국인(c),1087.3899999999999,20260301
30230,대덕구,7,일요일,1,현지인(a),69709.5,20260301
30230,대덕구,7,일요일,2,외지인(b),86317.0,20260301
30230,대덕구,7,일요일,3,외국인(c),373.6700000000001,20260301
30110,동구,1,월요일,1,현지인(a),80349.5,20260302
30110,동구,1,월요일,2,외지인(b),123200.0,20260302
30110,동구,1,월요일,3,외국인(c),796.15,20260302
30140,중구,1,월요일,1,현지인(a),112171.5,20260302
30140,중구,1,월요일,2,외지인(b),122818.5,20260302
30140,중구,1,월요일,3,외국인(c),330.15999999999997,20260302
30170,서구,1,월요일,1,현지인(a),243012.0,20260302
30170,서구,1,월요일,2,외지인(b),161875.0,20260302
30170,서구,1,월요일,3,외국인(c),758.4200000000002,20260302
30200,유성구,1,월요일,1,현지인(a),223811.0,20260302
30200,유성구,1,월요일,2,외지인(b),184751.0,20260302
30200,유성구,1,월요일,3,외국인(c),1130.56,20260302
30230,대덕구,1,월요일,1,현지인(a),67830.0,20260302
30230,대덕구,1,월요일,2,외지인(b),68939.5,20260302
30230,대덕구,1,월요일,3,외국인(c),381.72999999999996,20260302
30110,동구,2,화요일,1,현지인(a),93824.5,20260303
30110,동구,2,화요일,2,외지인(b),114460.5,20260303
30110,동구,2,화요일,3,외국인(c),841.2199999999999,20260303
30140,중구,2,화요일,1,현지인(a),131908.0,20260303
30140,중구,2,화요일,2,외지인(b),112343.0,20260303
30140,중구,2,화요일,3,외국인(c),366.9399999999998,20260303
30170,서구,2,화요일,1,현지인(a),288088.5,20260303
30170,서구,2,화요일,2,외지인(b),163247.0,20260303
30170,서구,2,화요일,3,외국인(c),845.2500000000001,20260303
30200,유성구,2,화요일,1,현지인(a),271729.5,20260303
30200,유성구,2,화요일,2,외지인(b),170331.0,20260303
30200,유성구,2,화요일,3,외국인(c),1263.3,20260303
30230,대덕구,2,화요일,1,현지인(a),83709.5,20260303
30230,대덕구,2,화요일,2,외지인(b),73706.5,20260303
30230,대덕구,2,화요일,3,외국인(c),462.98,20260303
30110,동구,3,수요일,1,현지인(a),92459.5,20260304
30110,동구,3,수요일,2,외지인(b),111622.0,20260304
30110,동구,3,수요일,3,외국인(c),893.3799999999998,20260304
30140,중구,3,수요일,1,현지인(a),131705.0,20260304
30140,중구,3,수요일,2,외지인(b),115913.0,20260304
30140,중구,3,수요일,3,외국인(c),298.45000000000005,20260304
30170,서구,3,수요일,1,현지인(a),288001.0,20260304
30170,서구,3,수요일,2,외지인(b),167293.0,20260304
30170,서구,3,수요일,3,외국인(c),820.3199999999998,20260304
30200,유성구,3,수요일,1,현지인(a),271747.0,20260304
30200,유성구,3,수요일,2,외지인(b),176438.5,20260304
30200,유성구,3,수요일,3,외국인(c),1400.74,20260304
30230,대덕구,3,수요일,1,현지인(a),83674.5,20260304
30230,대덕구,3,수요일,2,외지인(b),76058.5,20260304
30230,대덕구,3,수요일,3,외국인(c),432.53,20260304
30110,동구,4,목요일,1,현지인(a),92340.5,20260305
30110,동구,4,목요일,2,외지인(b),116816.0,20260305
30110,동구,4,목요일,3,외국인(c),895.2200000000001,20260305
30140,중구,4,목요일,1,현지인(a),130060.0,20260305
30140,중구,4,목요일,2,외지인(b),117026.0,20260305
30140,중구,4,목요일,3,외국인(c),316.22999999999996,20260305
30170,서구,4,목요일,1,현지인(a),284672.5,20260305
30170,서구,4,목요일,2,외지인(b),168010.5,20260305
30170,서구,4,목요일,3,외국인(c),930.35,20260305
30200,유성구,4,목요일,1,현지인(a),269979.5,20260305
30200,유성구,4,목요일,2,외지인(b),178269.0,20260305
30200,유성구,4,목요일,3,외국인(c),1459.9900000000002,20260305
30230,대덕구,4,목요일,1,현지인(a),82428.5,20260305
30230,대덕구,4,목요일,2,외지인(b),75614.0,20260305
30230,대덕구,4,목요일,3,외국인(c),467.17999999999995,20260305
30110,동구,5,금요일,1,현지인(a),92760.5,20260306
30110,동구,5,금요일,2,외지인(b),127050.0,20260306
30110,동구,5,금요일,3,외국인(c),855.71,20260306
30140,중구,5,금요일,1,현지인(a),132492.5,20260306
30140,중구,5,금요일,2,외지인(b),134298.5,20260306
30140,중구,5,금요일,3,외국인(c),399.22,20260306
30170,서구,5,금요일,1,현지인(a),289390.5,20260306
30170,서구,5,금요일,2,외지인(b),180365.5,20260306
30170,서구,5,금요일,3,외국인(c),1063.4599999999998,20260306
30200,유성구,5,금요일,1,현지인(a),272370.0,20260306
30200,유성구,5,금요일,2,외지인(b),183043.0,20260306
30200,유성구,5,금요일,3,외국인(c),1330.19,20260306
30230,대덕구,5,금요일,1,현지인(a),83863.5,20260306
30230,대덕구,5,금요일,2,외지인(b),78904.0,20260306
30230,대덕구,5,금요일,3,외국인(c),464.76,20260306
30110,동구,6,토요일,1,현지인(a),86345.0,20260307
30110,동구,6,토요일,2,외지인(b),154798.0,20260307
30110,동구,6,토요일,3,외국인(c),852.7900000000001,20260307
30140,중구,6,토요일,1,현지인(a),122913.0,20260307
30140,중구,6,토요일,2,외지인(b),178213.0,20260307
30140,중구,6,토요일,3,외국인(c),421.30999999999995,20260307
30170,서구,6,토요일,1,현지인(a),268698.5,20260307
30170,서구,6,토요일,2,외지인(b),240124.5,20260307
30170,서구,6,토요일,3,외국인(c),1057.02,20260307
30200,유성구,6,토요일,1,현지인(a),238581.0,20260307
30200,유성구,6,토요일,2,외지인(b),227934.0,20260307
30200,유성구,6,토요일,3,외국인(c),1250.46,20260307
30230,대덕구,6,토요일,1,현지인(a),74910.5,20260307
30230,대덕구,6,토요일,2,외지인(b),91203.0,20260307
30230,대덕구,6,토요일,3,외국인(c),373.55000000000007,20260307
30110,동구,7,일요일,1,현지인(a),82572.0,20260308
30110,동구,7,일요일,2,외지인(b),130413.5,20260308
30110,동구,7,일요일,3,외국인(c),881.8699999999998,20260308
30140,중구,7,일요일,1,현지인(a),117411.0,20260308
30140,중구,7,일요일,2,외지인(b),137781.0,20260308
30140,중구,7,일요일,3,외국인(c),430.95000000000005,20260308
30170,서구,7,일요일,1,현지인(a),255286.5,20260308
30170,서구,7,일요일,2,외지인(b),184947.0,20260308
30170,서구,7,일요일,3,외국인(c),1107.9700000000003,20260308
30200,유성구,7,일요일,1,현지인(a),231504.0,20260308
30200,유성구,7,일요일,2,외지인(b),193609.5,20260308
30200,유성구,7,일요일,3,외국인(c),1466.6800000000005,20260308
30230,대덕구,7,일요일,1,현지인(a),71599.5,20260308
30230,대덕구,7,일요일,2,외지인(b),75540.5,20260308
30230,대덕구,7,일요일,3,외국인(c),515.1300000000001,20260308
30110,동구,1,월요일,1,현지인(a),91406.0,20260309
30110,동구,1,월요일,2,외지인(b),115325.0,20260309
30110,동구,1,월요일,3,외국인(c),874.6999999999998,20260309
30140,중구,1,월요일,1,현지인(a),128894.5,20260309
30140,중구,1,월요일,2,외지인(b),115668.0,20260309
30140,중구,1,월요일,3,외국인(c),410.6200000000001,20260309
30170,서구,1,월요일,1,현지인(a),281809.5,20260309
30170,서구,1,월요일,2,외지인(b),169057.0,20260309
30170,서구,1,월요일,3,외국인(c),1094.07,20260309
30200,유성구,1,월요일,1,현지인(a),266178.5,20260309
30200,유성구,1,월요일,2,외지인(b),179326.0,20260309
30200,유성구,1,월요일,3,외국인(c),1610.0499999999997,20260309
30230,대덕구,1,월요일,1,현지인(a),81707.5,20260309
30230,대덕구,1,월요일,2,외지인(b),75008.5,20260309
30230,대덕구,1,월요일,3,외국인(c),524.02,20260309
30110,동구,2,화요일,1,현지인(a),92274.0,20260310
30110,동구,2,화요일,2,외지인(b),120256.5,20260310
30110,동구,2,화요일,3,외국인(c),967.5200000000002,20260310
30140,중구,2,화요일,1,현지인(a),130130.0,20260310
30140,중구,2,화요일,2,외지인(b),121086.0,20260310
30140,중구,2,화요일,3,외국인(c),444.72999999999996,20260310
30170,서구,2,화요일,1,현지인(a),285124.0,20260310
30170,서구,2,화요일,2,외지인(b),179564.0,20260310
30170,서구,2,화요일,3,외국인(c),1165.8300000000002,20260310
30200,유성구,2,화요일,1,현지인(a),270077.5,20260310
30200,유성구,2,화요일,2,외지인(b),190200.5,20260310
30200,유성구,2,화요일,3,외국인(c),1800.2799999999997,20260310
30230,대덕구,2,화요일,1,현지인(a),83009.5,20260310
30230,대덕구,2,화요일,2,외지인(b),80234.0,20260310
30230,대덕구,2,화요일,3,외국인(c),519.53,20260310
30110,동구,3,수요일,1,현지인(a),92403.5,20260311
30110,동구,3,수요일,2,외지인(b),120876.0,20260311
30110,동구,3,수요일,3,외국인(c),918.1800000000001,20260311
30140,중구,3,수요일,1,현지인(a),130557.0,20260311
30140,중구,3,수요일,2,외지인(b),122216.5,20260311
30140,중구,3,수요일,3,외국인(c),406.60999999999996,20260311
30170,서구,3,수요일,1,현지인(a),286671.0,20260311
30170,서구,3,수요일,2,외지인(b),180635.0,20260311
30170,서구,3,수요일,3,외국인(c),1194.6799999999994,20260311
30200,유성구,3,수요일,1,현지인(a),270214.0,20260311
30200,유성구,3,수요일,2,외지인(b),189794.5,20260311
30200,유성구,3,수요일,3,외국인(c),1817.8799999999997,20260311
30230,대덕구,3,수요일,1,현지인(a),82782.0,20260311
30230,대덕구,3,수요일,2,외지인(b),78921.5,20260311
30230,대덕구,3,수요일,3,외국인(c),486.44000000000005,20260311
30110,동구,4,목요일,1,현지인(a),92281.0,20260312
30110,동구,4,목요일,2,외지인(b),128380.0,20260312
30110,동구,4,목요일,3,외국인(c),955.6600000000001,20260312
30140,중구,4,목요일,1,현지인(a),130319.0,20260312
30140,중구,4,목요일,2,외지인(b),134463.0,20260312
30140,중구,4,목요일,3,외국인(c),390.9599999999999,20260312
30170,서구,4,목요일,1,현지인(a),284861.5,20260312
30170,서구,4,목요일,2,외지인(b),183876.0,20260312
30170,서구,4,목요일,3,외국인(c),1181.24,20260312
30200,유성구,4,목요일,1,현지인(a),270105.5,20260312
30200,유성구,4,목요일,2,외지인(b),193847.5,20260312
30200,유성구,4,목요일,3,외국인(c),1671.73,20260312
30230,대덕구,4,목요일,1,현지인(a),82824.0,20260312
30230,대덕구,4,목요일,2,외지인(b),80388.0,20260312
30230,대덕구,4,목요일,3,외국인(c),485.6999999999999,20260312
30110,동구,5,금요일,1,현지인(a),93831.5,20260313
30110,동구,5,금요일,2,외지인(b),144875.5,20260313
30110,동구,5,금요일,3,외국인(c),975.4399999999999,20260313
30140,중구,5,금요일,1,현지인(a),133297.5,20260313
30140,중구,5,금요일,2,외지인(b),154973.0,20260313
30140,중구,5,금요일,3,외국인(c),492.94,20260313
30170,서구,5,금요일,1,현지인(a),290874.5,20260313
30170,서구,5,금요일,2,외지인(b),197617.0,20260313
30170,서구,5,금요일,3,외국인(c),1054.7200000000003,20260313
30200,유성구,5,금요일,1,현지인(a),272450.5,20260313
30200,유성구,5,금요일,2,외지인(b),203325.5,20260313
30200,유성구,5,금요일,3,외국인(c),1372.16,20260313
30230,대덕구,5,금요일,1,현지인(a),84651.0,20260313
30230,대덕구,5,금요일,2,외지인(b),87283.0,20260313
30230,대덕구,5,금요일,3,외국인(c),539.8700000000001,20260313
30110,동구,6,토요일,1,현지인(a),86317.0,20260314
30110,동구,6,토요일,2,외지인(b),170219.0,20260314
30110,동구,6,토요일,3,외국인(c),1126.2200000000003,20260314
30140,중구,6,토요일,1,현지인(a),121901.5,20260314
30140,중구,6,토요일,2,외지인(b),198152.5,20260314
30140,중구,6,토요일,3,외국인(c),507.85,20260314
30170,서구,6,토요일,1,현지인(a),265793.5,20260314
30170,서구,6,토요일,2,외지인(b),250572.0,20260314
30170,서구,6,토요일,3,외국인(c),1223.2599999999995,20260314
30200,유성구,6,토요일,1,현지인(a),237461.0,20260314
30200,유성구,6,토요일,2,외지인(b),250334.0,20260314
30200,유성구,6,토요일,3,외국인(c),1274.6900000000003,20260314
30230,대덕구,6,토요일,1,현지인(a),74242.0,20260314
30230,대덕구,6,토요일,2,외지인(b),95861.5,20260314
30230,대덕구,6,토요일,3,외국인(c),467.73999999999995,20260314
30110,동구,7,일요일,1,현지인(a),81875.5,20260315
30110,동구,7,일요일,2,외지인(b),143857.0,20260315
30110,동구,7,일요일,3,외국인(c),1175.57,20260315
30140,중구,7,일요일,1,현지인(a),115976.0,20260315
30140,중구,7,일요일,2,외지인(b),160923.0,20260315
30140,중구,7,일요일,3,외국인(c),418.45,20260315
30170,서구,7,일요일,1,현지인(a),252042.0,20260315
30170,서구,7,일요일,2,외지인(b),194383.0,20260315
30170,서구,7,일요일,3,외국인(c),1086.31,20260315
30200,유성구,7,일요일,1,현지인(a),228571.0,20260315
30200,유성구,7,일요일,2,외지인(b),196378.0,20260315
30200,유성구,7,일요일,3,외국인(c),1244.4499999999998,20260315
30230,대덕구,7,일요일,1,현지인(a),69772.5,20260315
30230,대덕구,7,일요일,2,외지인(b),78515.5,20260315
30230,대덕구,7,일요일,3,외국인(c),730.18,20260315
30110,동구,1,월요일,1,현지인(a),92564.5,20260316
30110,동구,1,월요일,2,외지인(b),123830.0,20260316
30110,동구,1,월요일,3,외국인(c),1111.4299999999998,20260316
30140,중구,1,월요일,1,현지인(a),130263.0,20260316
30140,중구,1,월요일,2,외지인(b),129937.5,20260316
30140,중구,1,월요일,3,외국인(c),513.3300000000002,20260316
30170,서구,1,월요일,1,현지인(a),283514.0,20260316
30170,서구,1,월요일,2,외지인(b),178549.0,20260316
30170,서구,1,월요일,3,외국인(c),1129.4499999999998,20260316
30200,유성구,1,월요일,1,현지인(a),267263.5,20260316
30200,유성구,1,월요일,2,외지인(b),186413.5,20260316
30200,유성구,1,월요일,3,외국인(c),1512.5099999999998,20260316
30230,대덕구,1,월요일,1,현지인(a),82365.5,20260316
30230,대덕구,1,월요일,2,외지인(b),80762.5,20260316
30230,대덕구,1,월요일,3,외국인(c),799.5900000000003,20260316
30110,동구,2,화요일,1,현지인(a),93110.5,20260317
30110,동구,2,화요일,2,외지인(b),127900.5,20260317
30110,동구,2,화요일,3,외국인(c),1288.2300000000002,20260317
30140,중구,2,화요일,1,현지인(a),130294.5,20260317
30140,중구,2,화요일,2,외지인(b),131134.5,20260317
30140,중구,2,화요일,3,외국인(c),445.75,20260317
30170,서구,2,화요일,1,현지인(a),284963.0,20260317
30170,서구,2,화요일,2,외지인(b),184156.0,20260317
30170,서구,2,화요일,3,외국인(c),1200.6999999999998,20260317
30200,유성구,2,화요일,1,현지인(a),268653.0,20260317
30200,유성구,2,화요일,2,외지인(b),195846.0,20260317
30200,유성구,2,화요일,3,외국인(c),1400.9499999999998,20260317
30230,대덕구,2,화요일,1,현지인(a),83051.5,20260317
30230,대덕구,2,화요일,2,외지인(b),84738.5,20260317
30230,대덕구,2,화요일,3,외국인(c),786.6499999999999,20260317
30110,동구,3,수요일,1,현지인(a),90303.5,20260318
30110,동구,3,수요일,2,외지인(b),120526.0,20260318
30110,동구,3,수요일,3,외국인(c),1103.4699999999996,20260318
30140,중구,3,수요일,1,현지인(a),127935.5,20260318
30140,중구,3,수요일,2,외지인(b),119196.0,20260318
30140,중구,3,수요일,3,외국인(c),414.62999999999994,20260318
30170,서구,3,수요일,1,현지인(a),280794.5,20260318
30170,서구,3,수요일,2,외지인(b),178125.5,20260318
30170,서구,3,수요일,3,외국인(c),1220.95,20260318
30200,유성구,3,수요일,1,현지인(a),265097.0,20260318
30200,유성구,3,수요일,2,외지인(b),186371.5,20260318
30200,유성구,3,수요일,3,외국인(c),1482.1499999999996,20260318
30230,대덕구,3,수요일,1,현지인(a),81413.5,20260318
30230,대덕구,3,수요일,2,외지인(b),78687.0,20260318
30230,대덕구,3,수요일,3,외국인(c),787.76,20260318
30110,동구,4,목요일,1,현지인(a),92669.5,20260319
30110,동구,4,목요일,2,외지인(b),131663.0,20260319
30110,동구,4,목요일,3,외국인(c),1205.6399999999999,20260319
30140,중구,4,목요일,1,현지인(a),130977.0,20260319
30140,중구,4,목요일,2,외지인(b),138341.0,20260319
30140,중구,4,목요일,3,외국인(c),470.94,20260319
30170,서구,4,목요일,1,현지인(a),285918.5,20260319
30170,서구,4,목요일,2,외지인(b),189133.0,20260319
30170,서구,4,목요일,3,외국인(c),1111.1999999999996,20260319
30200,유성구,4,목요일,1,현지인(a),270963.0,20260319
30200,유성구,4,목요일,2,외지인(b),199265.5,20260319
30200,유성구,4,목요일,3,외국인(c),1434.1599999999999,20260319
30230,대덕구,4,목요일,1,현지인(a),82127.5,20260319
30230,대덕구,4,목요일,2,외지인(b),83986.0,20260319
30230,대덕구,4,목요일,3,외국인(c),805.5899999999997,20260319
30110,동구,5,금요일,1,현지인(a),93901.5,20260320
30110,동구,5,금요일,2,외지인(b),149803.5,20260320
30110,동구,5,금요일,3,외국인(c),1106.7300000000002,20260320
30140,중구,5,금요일,1,현지인(a),133059.5,20260320
30140,중구,5,금요일,2,외지인(b),157643.5,20260320
30140,중구,5,금요일,3,외국인(c),523.37,20260320
30170,서구,5,금요일,1,현지인(a),290195.5,20260320
30170,서구,5,금요일,2,외지인(b),207994.5,20260320
30170,서구,5,금요일,3,외국인(c),1220.9900000000002,20260320
30200,유성구,5,금요일,1,현지인(a),271631.5,20260320
30200,유성구,5,금요일,2,외지인(b),209517.0,20260320
30200,유성구,5,금요일,3,외국인(c),1413.71,20260320
30230,대덕구,5,금요일,1,현지인(a),84220.5,20260320
30230,대덕구,5,금요일,2,외지인(b),89946.5,20260320
30230,대덕구,5,금요일,3,외국인(c),731.44,20260320
30110,동구,6,토요일,1,현지인(a),85977.5,20260321
30110,동구,6,토요일,2,외지인(b),176606.5,20260321
30110,동구,6,토요일,3,외국인(c),1103.2200000000005,20260321
30140,중구,6,토요일,1,현지인(a),120771.0,20260321
30140,중구,6,토요일,2,외지인(b),194211.5,20260321
30140,중구,6,토요일,3,외국인(c),562.75,20260321
30170,서구,6,토요일,1,현지인(a),266073.5,20260321
30170,서구,6,토요일,2,외지인(b),264656.0,20260321
30170,서구,6,토요일,3,외국인(c),1188.0399999999997,20260321
30200,유성구,6,토요일,1,현지인(a),235480.0,20260321
30200,유성구,6,토요일,2,외지인(b),274078.0,20260321
30200,유성구,6,토요일,3,외국인(c),1337.8799999999992,20260321
30230,대덕구,6,토요일,1,현지인(a),74707.5,20260321
30230,대덕구,6,토요일,2,외지인(b),104972.0,20260321
30230,대덕구,6,토요일,3,외국인(c),686.0999999999999,20260321
30110,동구,7,일요일,1,현지인(a),83226.5,20260322
30110,동구,7,일요일,2,외지인(b),152754.0,20260322
30110,동구,7,일요일,3,외국인(c),1248.7099999999996,20260322
30140,중구,7,일요일,1,현지인(a),116704.0,20260322
30140,중구,7,일요일,2,외지인(b),154021.0,20260322
30140,중구,7,일요일,3,외국인(c),633.4599999999999,20260322
30170,서구,7,일요일,1,현지인(a),255906.0,20260322
30170,서구,7,일요일,2,외지인(b),208134.5,20260322
30170,서구,7,일요일,3,외국인(c),1213.3199999999997,20260322
30200,유성구,7,일요일,1,현지인(a),230279.0,20260322
30200,유성구,7,일요일,2,외지인(b),219460.5,20260322
30200,유성구,7,일요일,3,외국인(c),1622.0000000000005,20260322
30230,대덕구,7,일요일,1,현지인(a),72012.5,20260322
30230,대덕구,7,일요일,2,외지인(b),87983.0,20260322
30230,대덕구,7,일요일,3,외국인(c),692.5700000000002,20260322
30110,동구,1,월요일,1,현지인(a),92029.0,20260323
30110,동구,1,월요일,2,외지인(b),128600.5,20260323
30110,동구,1,월요일,3,외국인(c),1090.2099999999998,20260323
30140,중구,1,월요일,1,현지인(a),130154.5,20260323
30140,중구,1,월요일,2,외지인(b),136507.0,20260323
30140,중구,1,월요일,3,외국인(c),487.75999999999993,20260323
30170,서구,1,월요일,1,현지인(a),284273.5,20260323
30170,서구,1,월요일,2,외지인(b),185790.5,20260323
30170,서구,1,월요일,3,외국인(c),1169.9500000000003,20260323
30200,유성구,1,월요일,1,현지인(a),267431.5,20260323
30200,유성구,1,월요일,2,외지인(b),193249.0,20260323
30200,유성구,1,월요일,3,외국인(c),1399.2600000000002,20260323
30230,대덕구,1,월요일,1,현지인(a),82526.5,20260323
30230,대덕구,1,월요일,2,외지인(b),83401.5,20260323
30230,대덕구,1,월요일,3,외국인(c),775.0300000000002,20260323
30110,동구,2,화요일,1,현지인(a),92515.5,20260324
30110,동구,2,화요일,2,외지인(b),128464.0,20260324
30110,동구,2,화요일,3,외국인(c),1058.1799999999998,20260324
30140,중구,2,화요일,1,현지인(a),130004.0,20260324
30140,중구,2,화요일,2,외지인(b),135884.0,20260324
30140,중구,2,화요일,3,외국인(c),578.9799999999999,20260324
30170,서구,2,화요일,1,현지인(a),283178.0,20260324
30170,서구,2,화요일,2,외지인(b),189721.0,20260324
30170,서구,2,화요일,3,외국인(c),1154.1700000000003,20260324
30200,유성구,2,화요일,1,현지인(a),268310.0,20260324
30200,유성구,2,화요일,2,외지인(b),202923.0,20260324
30200,유성구,2,화요일,3,외국인(c),1467.0300000000002,20260324
30230,대덕구,2,화요일,1,현지인(a),82411.0,20260324
30230,대덕구,2,화요일,2,외지인(b),86551.5,20260324
30230,대덕구,2,화요일,3,외국인(c),830.28,20260324
30110,동구,3,수요일,1,현지인(a),92725.5,20260325
30110,동구,3,수요일,2,외지인(b),130018.0,20260325
30110,동구,3,수요일,3,외국인(c),1043.21,20260325
30140,중구,3,수요일,1,현지인(a),130385.5,20260325
30140,중구,3,수요일,2,외지인(b),132856.5,20260325
30140,중구,3,수요일,3,외국인(c),423.1499999999999,20260325
30170,서구,3,수요일,1,현지인(a),287014.0,20260325
30170,서구,3,수요일,2,외지인(b),193371.5,20260325
30170,서구,3,수요일,3,외국인(c),1157.6300000000003,20260325
30200,유성구,3,수요일,1,현지인(a),269885.0,20260325
30200,유성구,3,수요일,2,외지인(b),202685.0,20260325
30200,유성구,3,수요일,3,외국인(c),1481.6799999999996,20260325
30230,대덕구,3,수요일,1,현지인(a),83240.5,20260325
30230,대덕구,3,수요일,2,외지인(b),86352.0,20260325
30230,대덕구,3,수요일,3,외국인(c),866.5300000000001,20260325
30110,동구,4,목요일,1,현지인(a),91983.5,20260326
30110,동구,4,목요일,2,외지인(b),136227.0,20260326
30110,동구,4,목요일,3,외국인(c),1125.24,20260326
30140,중구,4,목요일,1,현지인(a),130336.5,20260326
30140,중구,4,목요일,2,외지인(b),135800.0,20260326
30140,중구,4,목요일,3,외국인(c),567.32,20260326
30170,서구,4,목요일,1,현지인(a),285631.5,20260326
30170,서구,4,목요일,2,외지인(b),192720.5,20260326
30170,서구,4,목요일,3,외국인(c),1172.7499999999998,20260326
30200,유성구,4,목요일,1,현지인(a),269587.5,20260326
30200,유성구,4,목요일,2,외지인(b),207697.0,20260326
30200,유성구,4,목요일,3,외국인(c),1515.4499999999998,20260326
30230,대덕구,4,목요일,1,현지인(a),82869.5,20260326
30230,대덕구,4,목요일,2,외지인(b),86327.5,20260326
30230,대덕구,4,목요일,3,외국인(c),751.5199999999999,20260326
30110,동구,5,금요일,1,현지인(a),92970.5,20260327
30110,동구,5,금요일,2,외지인(b),151452.0,20260327
30110,동구,5,금요일,3,외국인(c),1257.67,20260327
30140,중구,5,금요일,1,현지인(a),132149.5,20260327
30140,중구,5,금요일,2,외지인(b),153359.5,20260327
30140,중구,5,금요일,3,외국인(c),442.4,20260327
30170,서구,5,금요일,1,현지인(a),290479.0,20260327
30170,서구,5,금요일,2,외지인(b),211869.0,20260327
30170,서구,5,금요일,3,외국인(c),1171.61,20260327
30200,유성구,5,금요일,1,현지인(a),270312.0,20260327
30200,유성구,5,금요일,2,외지인(b),221319.0,20260327
30200,유성구,5,금요일,3,외국인(c),1422.51,20260327
30230,대덕구,5,금요일,1,현지인(a),84010.5,20260327
30230,대덕구,5,금요일,2,외지인(b),91210.0,20260327
30230,대덕구,5,금요일,3,외국인(c),732.33,20260327
30110,동구,6,토요일,1,현지인(a),86142.0,20260328
30110,동구,6,토요일,2,외지인(b),182252.0,20260328
30110,동구,6,토요일,3,외국인(c),1178.78,20260328
30140,중구,6,토요일,1,현지인(a),121572.5,20260328
30140,중구,6,토요일,2,외지인(b),210693.0,20260328
30140,중구,6,토요일,3,외국인(c),487.66999999999996,20260328
30170,서구,6,토요일,1,현지인(a),264383.0,20260328
30170,서구,6,토요일,2,외지인(b),262311.0,20260328
30170,서구,6,토요일,3,외국인(c),1199.4700000000003,20260328
30200,유성구,6,토요일,1,현지인(a),234479.0,20260328
30200,유성구,6,토요일,2,외지인(b),265825.0,20260328
30200,유성구,6,토요일,3,외국인(c),1298.34,20260328
30230,대덕구,6,토요일,1,현지인(a),74357.5,20260328
30230,대덕구,6,토요일,2,외지인(b),105360.5,20260328
30230,대덕구,6,토요일,3,외국인(c),674.89,20260328
30110,동구,7,일요일,1,현지인(a),83097.0,20260329
30110,동구,7,일요일,2,외지인(b),159169.5,20260329
30110,동구,7,일요일,3,외국인(c),1077.53,20260329
30140,중구,7,일요일,1,현지인(a),117519.5,20260329
30140,중구,7,일요일,2,외지인(b),174720.0,20260329
30140,중구,7,일요일,3,외국인(c),600.1899999999999,20260329
30170,서구,7,일요일,1,현지인(a),254397.5,20260329
30170,서구,7,일요일,2,외지인(b),211746.5,20260329
30170,서구,7,일요일,3,외국인(c),1110.1200000000001,20260329
30200,유성구,7,일요일,1,현지인(a),231581.0,20260329
30200,유성구,7,일요일,2,외지인(b),228203.5,20260329
30200,유성구,7,일요일,3,외국인(c),1271.2200000000003,20260329
30230,대덕구,7,일요일,1,현지인(a),70976.5,20260329
30230,대덕구,7,일요일,2,외지인(b),88455.5,20260329
30230,대덕구,7,일요일,3,외국인(c),585.6400000000001,20260329
30110,동구,1,월요일,1,현지인(a),91028.0,20260330
30110,동구,1,월요일,2,외지인(b),127424.5,20260330
30110,동구,1,월요일,3,외국인(c),1086.58,20260330
30140,중구,1,월요일,1,현지인(a),127928.5,20260330
30140,중구,1,월요일,2,외지인(b),125716.5,20260330
30140,중구,1,월요일,3,외국인(c),457.0499999999999,20260330
30170,서구,1,월요일,1,현지인(a),279079.5,20260330
30170,서구,1,월요일,2,외지인(b),185773.0,20260330
30170,서구,1,월요일,3,외국인(c),1105.3600000000006,20260330
30200,유성구,1,월요일,1,현지인(a),264337.5,20260330
30200,유성구,1,월요일,2,외지인(b),194687.5,20260330
30200,유성구,1,월요일,3,외국인(c),1482.8700000000003,20260330
30230,대덕구,1,월요일,1,현지인(a),81046.0,20260330
30230,대덕구,1,월요일,2,외지인(b),81998.0,20260330
30230,대덕구,1,월요일,3,외국인(c),717.7600000000002,20260330
30110,동구,2,화요일,1,현지인(a),91857.5,20260331
30110,동구,2,화요일,2,외지인(b),131470.5,20260331
30110,동구,2,화요일,3,외국인(c),1125.8299999999992,20260331
30140,중구,2,화요일,1,현지인(a),129864.0,20260331
30140,중구,2,화요일,2,외지인(b),142537.5,20260331
30140,중구,2,화요일,3,외국인(c),500.69,20260331
30170,서구,2,화요일,1,현지인(a),284872.0,20260331
30170,서구,2,화요일,2,외지인(b),192293.5,20260331
30170,서구,2,화요일,3,외국인(c),1111.8499999999995,20260331
30200,유성구,2,화요일,1,현지인(a),268831.5,20260331
30200,유성구,2,화요일,2,외지인(b),203962.5,20260331
30200,유성구,2,화요일,3,외국인(c),1568.09,20260331
30230,대덕구,2,화요일,1,현지인(a),83457.5,20260331
30230,대덕구,2,화요일,2,외지인(b),87790.5,20260331
30230,대덕구,2,화요일,3,외국인(c),719.4599999999998,20260331
30110,동구,3,수요일,1,현지인(a),93751.0,20260401
30110,동구,3,수요일,2,외지인(b),90293.0,20260401
30110,동구,3,수요일,3,외국인(c),1262.6899999999998,20260401
30140,중구,3,수요일,1,현지인(a),128338.0,20260401
30140,중구,3,수요일,2,외지인(b),112612.5,20260401
30140,중구,3,수요일,3,외국인(c),464.80999999999995,20260401
30170,서구,3,수요일,1,현지인(a),280423.5,20260401
30170,서구,3,수요일,2,외지인(b),127907.5,20260401
30170,서구,3,수요일,3,외국인(c),1178.7400000000002,20260401
30200,유성구,3,수요일,1,현지인(a),260165.5,20260401
30200,유성구,3,수요일,2,외지인(b),135656.5,20260401
30200,유성구,3,수요일,3,외국인(c),1902.38,20260401
30230,대덕구,3,수요일,1,현지인(a),81319.0,20260401
30230,대덕구,3,수요일,2,외지인(b),59755.5,20260401
30230,대덕구,3,수요일,3,외국인(c),881.6600000000001,20260401
30110,동구,4,목요일,1,현지인(a),94370.5,20260402
30110,동구,4,목요일,2,외지인(b),99078.0,20260402
30110,동구,4,목요일,3,외국인(c),1334.9799999999998,20260402
30140,중구,4,목요일,1,현지인(a),129615.5,20260402
30140,중구,4,목요일,2,외지인(b),121796.5,20260402
30140,중구,4,목요일,3,외국인(c),583.3600000000001,20260402
30170,서구,4,목요일,1,현지인(a),279909.0,20260402
30170,서구,4,목요일,2,외지인(b),132146.0,20260402
30170,서구,4,목요일,3,외국인(c),1190.6399999999999,20260402
30200,유성구,4,목요일,1,현지인(a),261558.5,20260402
30200,유성구,4,목요일,2,외지인(b),144501.0,20260402
30200,유성구,4,목요일,3,외국인(c),1741.92,20260402
30230,대덕구,4,목요일,1,현지인(a),81270.0,20260402
30230,대덕구,4,목요일,2,외지인(b),64820.0,20260402
30230,대덕구,4,목요일,3,외국인(c),862.2100000000003,20260402
30110,동구,5,금요일,1,현지인(a),96484.5,20260403
30110,동구,5,금요일,2,외지인(b),120536.5,20260403
30110,동구,5,금요일,3,외국인(c),1331.2699999999995,20260403
30140,중구,5,금요일,1,현지인(a),131848.5,20260403
30140,중구,5,금요일,2,외지인(b),128464.0,20260403
30140,중구,5,금요일,3,외국인(c),621.6900000000002,20260403
30170,서구,5,금요일,1,현지인(a),286562.5,20260403
30170,서구,5,금요일,2,외지인(b),158067.0,20260403
30170,서구,5,금요일,3,외국인(c),1291.2999999999997,20260403
30200,유성구,5,금요일,1,현지인(a),265104.0,20260403
30200,유성구,5,금요일,2,외지인(b),165669.0,20260403
30200,유성구,5,금요일,3,외국인(c),1748.18,20260403
30230,대덕구,5,금요일,1,현지인(a),83195.0,20260403
30230,대덕구,5,금요일,2,외지인(b),73139.5,20260403
30230,대덕구,5,금요일,3,외국인(c),833.8099999999996,20260403
30110,동구,6,토요일,1,현지인(a),88305.0,20260404
30110,동구,6,토요일,2,외지인(b),159152.0,20260404
30110,동구,6,토요일,3,외국인(c),1286.2599999999995,20260404
30140,중구,6,토요일,1,현지인(a),120053.5,20260404
30140,중구,6,토요일,2,외지인(b),168262.5,20260404
30140,중구,6,토요일,3,외국인(c),625.65,20260404
30170,서구,6,토요일,1,현지인(a),258898.5,20260404
30170,서구,6,토요일,2,외지인(b),214739.0,20260404
30170,서구,6,토요일,3,외국인(c),1246.8000000000002,20260404
30200,유성구,6,토요일,1,현지인(a),231402.5,20260404
30200,유성구,6,토요일,2,외지인(b),218666.0,20260404
30200,유성구,6,토요일,3,외국인(c),1613.5199999999995,20260404
30230,대덕구,6,토요일,1,현지인(a),73559.5,20260404
30230,대덕구,6,토요일,2,외지인(b),91945.0,20260404
30230,대덕구,6,토요일,3,외국인(c),720.6600000000001,20260404
30110,동구,7,일요일,1,현지인(a),88011.0,20260405
30110,동구,7,일요일,2,외지인(b),161371.0,20260405
30110,동구,7,일요일,3,외국인(c),1373.0299999999997,20260405
30140,중구,7,일요일,1,현지인(a),119301.0,20260405
30140,중구,7,일요일,2,외지인(b),152950.0,20260405
30140,중구,7,일요일,3,외국인(c),629.6099999999999,20260405
30170,서구,7,일요일,1,현지인(a),253732.5,20260405
30170,서구,7,일요일,2,외지인(b),172693.5,20260405
30170,서구,7,일요일,3,외국인(c),1208.3200000000002,20260405
30200,유성구,7,일요일,1,현지인(a),232305.5,20260405
30200,유성구,7,일요일,2,외지인(b),197316.0,20260405
30200,유성구,7,일요일,3,외국인(c),1602.2700000000004,20260405
30230,대덕구,7,일요일,1,현지인(a),72614.5,20260405
30230,대덕구,7,일요일,2,외지인(b),85701.0,20260405
30230,대덕구,7,일요일,3,외국인(c),681.01,20260405
30110,동구,1,월요일,1,현지인(a),92582.0,20260406
30110,동구,1,월요일,2,외지인(b),91304.5,20260406
30110,동구,1,월요일,3,외국인(c),1193.7099999999998,20260406
30140,중구,1,월요일,1,현지인(a),125723.5,20260406
30140,중구,1,월요일,2,외지인(b),98707.0,20260406
30140,중구,1,월요일,3,외국인(c),489.1899999999999,20260406
30170,서구,1,월요일,1,현지인(a),273094.5,20260406
30170,서구,1,월요일,2,외지인(b),129349.5,20260406
30170,서구,1,월요일,3,외국인(c),1176.7200000000003,20260406
30200,유성구,1,월요일,1,현지인(a),253760.5,20260406
30200,유성구,1,월요일,2,외지인(b),126252.0,20260406
30200,유성구,1,월요일,3,외국인(c),1755.32,20260406
30230,대덕구,1,월요일,1,현지인(a),78697.5,20260406
30230,대덕구,1,월요일,2,외지인(b),59293.5,20260406
30230,대덕구,1,월요일,3,외국인(c),921.6599999999997,20260406
30110,동구,2,화요일,1,현지인(a),93936.5,20260407
30110,동구,2,화요일,2,외지인(b),98049.0,20260407
30110,동구,2,화요일,3,외국인(c),1156.42,20260407
30140,중구,2,화요일,1,현지인(a),126882.0,20260407
30140,중구,2,화요일,2,외지인(b),106246.0,20260407
30140,중구,2,화요일,3,외국인(c),502.66000000000014,20260407
30170,서구,2,화요일,1,현지인(a),275866.5,20260407
30170,서구,2,화요일,2,외지인(b),134771.0,20260407
30170,서구,2,화요일,3,외국인(c),1203.4000000000003,20260407
30200,유성구,2,화요일,1,현지인(a),257778.5,20260407
30200,유성구,2,화요일,2,외지인(b),136468.5,20260407
30200,유성구,2,화요일,3,외국인(c),1737.8999999999999,20260407
30230,대덕구,2,화요일,1,현지인(a),80832.5,20260407
30230,대덕구,2,화요일,2,외지인(b),65558.5,20260407
30230,대덕구,2,화요일,3,외국인(c),820.7900000000001,20260407
30110,동구,3,수요일,1,현지인(a),94262.0,20260408
30110,동구,3,수요일,2,외지인(b),99701.0,20260408
30110,동구,3,수요일,3,외국인(c),1187.5,20260408
30140,중구,3,수요일,1,현지인(a),127442.0,20260408
30140,중구,3,수요일,2,외지인(b),109088.0,20260408
30140,중구,3,수요일,3,외국인(c),550.47,20260408
30170,서구,3,수요일,1,현지인(a),279692.0,20260408
30170,서구,3,수요일,2,외지인(b),142751.0,20260408
30170,서구,3,수요일,3,외국인(c),1159.1799999999998,20260408
30200,유성구,3,수요일,1,현지인(a),260466.5,20260408
30200,유성구,3,수요일,2,외지인(b),145981.5,20260408
30200,유성구,3,수요일,3,외국인(c),1910.2600000000004,20260408
30230,대덕구,3,수요일,1,현지인(a),81270.0,20260408
30230,대덕구,3,수요일,2,외지인(b),68491.5,20260408
30230,대덕구,3,수요일,3,외국인(c),875.8499999999999,20260408
30110,동구,4,목요일,1,현지인(a),91234.5,20260409
30110,동구,4,목요일,2,외지인(b),92974.0,20260409
30110,동구,4,목요일,3,외국인(c),1083.3200000000002,20260409
30140,중구,4,목요일,1,현지인(a),124456.5,20260409
30140,중구,4,목요일,2,외지인(b),103127.5,20260409
30140,중구,4,목요일,3,외국인(c),481.82,20260409
30170,서구,4,목요일,1,현지인(a),270826.5,20260409
30170,서구,4,목요일,2,외지인(b),139212.5,20260409
30170,서구,4,목요일,3,외국인(c),1240.5799999999997,20260409
30200,유성구,4,목요일,1,현지인(a),253974.0,20260409
30200,유성구,4,목요일,2,외지인(b),138607.0,20260409
30200,유성구,4,목요일,3,외국인(c),1812.8499999999995,20260409
30230,대덕구,4,목요일,1,현지인(a),78088.5,20260409
30230,대덕구,4,목요일,2,외지인(b),60728.5,20260409
30230,대덕구,4,목요일,3,외국인(c),734.0499999999998,20260409
30110,동구,5,금요일,1,현지인(a),93236.5,20260410
30110,동구,5,금요일,2,외지인(b),119434.0,20260410
30110,동구,5,금요일,3,외국인(c),1178.6100000000001,20260410
30140,중구,5,금요일,1,현지인(a),128488.5,20260410
30140,중구,5,금요일,2,외지인(b),140983.5,20260410
30140,중구,5,금요일,3,외국인(c),608.0599999999998,20260410
30170,서구,5,금요일,1,현지인(a),279730.5,20260410
30170,서구,5,금요일,2,외지인(b),164580.5,20260410
30170,서구,5,금요일,3,외국인(c),1282.1299999999999,20260410
30200,유성구,5,금요일,1,현지인(a),258678.0,20260410
30200,유성구,5,금요일,2,외지인(b),163712.5,20260410
30200,유성구,5,금요일,3,외국인(c),1808.0099999999993,20260410
30230,대덕구,5,금요일,1,현지인(a),80538.5,20260410
30230,대덕구,5,금요일,2,외지인(b),72614.5,20260410
30230,대덕구,5,금요일,3,외국인(c),734.7999999999998,20260410
30110,동구,6,토요일,1,현지인(a),89061.0,20260411
30110,동구,6,토요일,2,외지인(b),175794.5,20260411
30110,동구,6,토요일,3,외국인(c),1200.26,20260411
30140,중구,6,토요일,1,현지인(a),120858.5,20260411
30140,중구,6,토요일,2,외지인(b),191621.5,20260411
30140,중구,6,토요일,3,외국인(c),564.1600000000001,20260411
30170,서구,6,토요일,1,현지인(a),261593.5,20260411
30170,서구,6,토요일,2,외지인(b),238584.5,20260411
30170,서구,6,토요일,3,외국인(c),1247.4099999999999,20260411
30200,유성구,6,토요일,1,현지인(a),231955.5,20260411
30200,유성구,6,토요일,2,외지인(b),241559.5,20260411
30200,유성구,6,토요일,3,외국인(c),1680.4799999999998,20260411
30230,대덕구,6,토요일,1,현지인(a),74361.0,20260411
30230,대덕구,6,토요일,2,외지인(b),99865.5,20260411
30230,대덕구,6,토요일,3,외국인(c),628.2899999999997,20260411
30110,동구,7,일요일,1,현지인(a),86065.0,20260412
30110,동구,7,일요일,2,외지인(b),141281.0,20260412
30110,동구,7,일요일,3,외국인(c),1204.9099999999996,20260412
30140,중구,7,일요일,1,현지인(a),116742.5,20260412
30140,중구,7,일요일,2,외지인(b),147801.5,20260412
30140,중구,7,일요일,3,외국인(c),559.2399999999999,20260412
30170,서구,7,일요일,1,현지인(a),253802.5,20260412
30170,서구,7,일요일,2,외지인(b),180278.0,20260412
30170,서구,7,일요일,3,외국인(c),1228.06,20260412
30200,유성구,7,일요일,1,현지인(a),228910.5,20260412
30200,유성구,7,일요일,2,외지인(b),196101.5,20260412
30200,유성구,7,일요일,3,외국인(c),1520.1700000000003,20260412
30230,대덕구,7,일요일,1,현지인(a),72051.0,20260412
30230,대덕구,7,일요일,2,외지인(b),83639.5,20260412
30230,대덕구,7,일요일,3,외국인(c),666.7899999999998,20260412
30110,동구,1,월요일,1,현지인(a),93355.5,20260413
30110,동구,1,월요일,2,외지인(b),96796.0,20260413
30110,동구,1,월요일,3,외국인(c),1085.6799999999998,20260413
30140,중구,1,월요일,1,현지인(a),127277.5,20260413
30140,중구,1,월요일,2,외지인(b),106711.5,20260413
30140,중구,1,월요일,3,외국인(c),399.21000000000004,20260413
30170,서구,1,월요일,1,현지인(a),278897.5,20260413
30170,서구,1,월요일,2,외지인(b),142275.0,20260413
30170,서구,1,월요일,3,외국인(c),1143.8700000000001,20260413
30200,유성구,1,월요일,1,현지인(a),257264.0,20260413
30200,유성구,1,월요일,2,외지인(b),140682.5,20260413
30200,유성구,1,월요일,3,외국인(c),1609.2699999999998,20260413
30230,대덕구,1,월요일,1,현지인(a),81277.0,20260413
30230,대덕구,1,월요일,2,외지인(b),65667.0,20260413
30230,대덕구,1,월요일,3,외국인(c),754.85,20260413
30110,동구,2,화요일,1,현지인(a),92970.5,20260414
30110,동구,2,화요일,2,외지인(b),98420.0,20260414
30110,동구,2,화요일,3,외국인(c),1056.28,20260414
30140,중구,2,화요일,1,현지인(a),127687.0,20260414
30140,중구,2,화요일,2,외지인(b),122311.0,20260414
30140,중구,2,화요일,3,외국인(c),482.4,20260414
30170,서구,2,화요일,1,현지인(a),277217.5,20260414
30170,서구,2,화요일,2,외지인(b),143500.0,20260414
30170,서구,2,화요일,3,외국인(c),1165.03,20260414
30200,유성구,2,화요일,1,현지인(a),258216.0,20260414
30200,유성구,2,화요일,2,외지인(b),145708.5,20260414
30200,유성구,2,화요일,3,외국인(c),1812.4899999999998,20260414
30230,대덕구,2,화요일,1,현지인(a),80398.5,20260414
30230,대덕구,2,화요일,2,외지인(b),67567.5,20260414
30230,대덕구,2,화요일,3,외국인(c),797.78,20260414
30110,동구,3,수요일,1,현지인(a),94024.0,20260415
30110,동구,3,수요일,2,외지인(b),100229.5,20260415
30110,동구,3,수요일,3,외국인(c),1094.6800000000003,20260415
30140,중구,3,수요일,1,현지인(a),128691.5,20260415
30140,중구,3,수요일,2,외지인(b),124029.5,20260415
30140,중구,3,수요일,3,외국인(c),463.73999999999995,20260415
30170,서구,3,수요일,1,현지인(a),281067.5,20260415
30170,서구,3,수요일,2,외지인(b),150017.0,20260415
30170,서구,3,수요일,3,외국인(c),1190.3600000000001,20260415
30200,유성구,3,수요일,1,현지인(a),258492.5,20260415
30200,유성구,3,수요일,2,외지인(b),149366.0,20260415
30200,유성구,3,수요일,3,외국인(c),1863.7600000000002,20260415
30230,대덕구,3,수요일,1,현지인(a),80524.5,20260415
30230,대덕구,3,수요일,2,외지인(b),66475.5,20260415
30230,대덕구,3,수요일,3,외국인(c),743.06,20260415
30110,동구,4,목요일,1,현지인(a),94227.0,20260416
30110,동구,4,목요일,2,외지인(b),104079.5,20260416
30110,동구,4,목요일,3,외국인(c),1196.7900000000002,20260416
30140,중구,4,목요일,1,현지인(a),128824.5,20260416
30140,중구,4,목요일,2,외지인(b),125156.5,20260416
30140,중구,4,목요일,3,외국인(c),467.26000000000005,20260416
30170,서구,4,목요일,1,현지인(a),278260.5,20260416
30170,서구,4,목요일,2,외지인(b),152358.5,20260416
30170,서구,4,목요일,3,외국인(c),1170.6,20260416
30200,유성구,4,목요일,1,현지인(a),257957.0,20260416
30200,유성구,4,목요일,2,외지인(b),153016.5,20260416
30200,유성구,4,목요일,3,외국인(c),1804.9,20260416
30230,대덕구,4,목요일,1,현지인(a),80948.0,20260416
30230,대덕구,4,목요일,2,외지인(b),69664.0,20260416
30230,대덕구,4,목요일,3,외국인(c),692.84,20260416
30110,동구,5,금요일,1,현지인(a),93618.0,20260417
30110,동구,5,금요일,2,외지인(b),115955.0,20260417
30110,동구,5,금요일,3,외국인(c),1108.6399999999999,20260417
30140,중구,5,금요일,1,현지인(a),128226.0,20260417
30140,중구,5,금요일,2,외지인(b),127281.0,20260417
30140,중구,5,금요일,3,외국인(c),566.04,20260417
30170,서구,5,금요일,1,현지인(a),283115.0,20260417
30170,서구,5,금요일,2,외지인(b),169848.0,20260417
30170,서구,5,금요일,3,외국인(c),1160.4399999999998,20260417
30200,유성구,5,금요일,1,현지인(a),261670.5,20260417
30200,유성구,5,금요일,2,외지인(b),170383.5,20260417
30200,유성구,5,금요일,3,외국인(c),1703.3000000000002,20260417
30230,대덕구,5,금요일,1,현지인(a),81028.5,20260417
30230,대덕구,5,금요일,2,외지인(b),75558.0,20260417
30230,대덕구,5,금요일,3,외국인(c),666.3399999999999,20260417
30110,동구,6,토요일,1,현지인(a),88004.0,20260418
30110,동구,6,토요일,2,외지인(b),161861.0,20260418
30110,동구,6,토요일,3,외국인(c),1100.5900000000004,20260418
30140,중구,6,토요일,1,현지인(a),120956.5,20260418
30140,중구,6,토요일,2,외지인(b),172872.0,20260418
30140,중구,6,토요일,3,외국인(c),475.99999999999994,20260418
30170,서구,6,토요일,1,현지인(a),261838.5,20260418
30170,서구,6,토요일,2,외지인(b),241125.5,20260418
30170,서구,6,토요일,3,외국인(c),1199.36,20260418
30200,유성구,6,토요일,1,현지인(a),231861.0,20260418
30200,유성구,6,토요일,2,외지인(b),239648.5,20260418
30200,유성구,6,토요일,3,외국인(c),1470.27,20260418
30230,대덕구,6,토요일,1,현지인(a),73486.0,20260418
30230,대덕구,6,토요일,2,외지인(b),99508.5,20260418
30230,대덕구,6,토요일,3,외국인(c),597.6300000000001,20260418
30110,동구,7,일요일,1,현지인(a),85683.5,20260419
30110,동구,7,일요일,2,외지인(b),136125.5,20260419
30110,동구,7,일요일,3,외국인(c),1122.58,20260419
30140,중구,7,일요일,1,현지인(a),117414.5,20260419
30140,중구,7,일요일,2,외지인(b),140987.0,20260419
30140,중구,7,일요일,3,외국인(c),518.03,20260419
30170,서구,7,일요일,1,현지인(a),252378.0,20260419
30170,서구,7,일요일,2,외지인(b),185332.0,20260419
30170,서구,7,일요일,3,외국인(c),1130.9599999999998,20260419
30200,유성구,7,일요일,1,현지인(a),227839.5,20260419
30200,유성구,7,일요일,2,외지인(b),192780.0,20260419
30200,유성구,7,일요일,3,외국인(c),1479.2499999999998,20260419
30230,대덕구,7,일요일,1,현지인(a),71116.5,20260419
30230,대덕구,7,일요일,2,외지인(b),79908.5,20260419
30230,대덕구,7,일요일,3,외국인(c),543.55,20260419
30110,동구,1,월요일,1,현지인(a),92841.0,20260420
30110,동구,1,월요일,2,외지인(b),94160.5,20260420
30110,동구,1,월요일,3,외국인(c),1063.02,20260420
30140,중구,1,월요일,1,현지인(a),125744.5,20260420
30140,중구,1,월요일,2,외지인(b),105990.5,20260420
30140,중구,1,월요일,3,외국인(c),501.09000000000003,20260420
30170,서구,1,월요일,1,현지인(a),273073.5,20260420
30170,서구,1,월요일,2,외지인(b),142320.5,20260420
30170,서구,1,월요일,3,외국인(c),1049.9699999999998,20260420
30200,유성구,1,월요일,1,현지인(a),252980.0,20260420
30200,유성구,1,월요일,2,외지인(b),139702.5,20260420
30200,유성구,1,월요일,3,외국인(c),1687.0499999999995,20260420
30230,대덕구,1,월요일,1,현지인(a),79989.0,20260420
30230,대덕구,1,월요일,2,외지인(b),66146.5,20260420
30230,대덕구,1,월요일,3,외국인(c),665.61,20260420
30110,동구,2,화요일,1,현지인(a),92743.0,20260421
30110,동구,2,화요일,2,외지인(b),97184.5,20260421
30110,동구,2,화요일,3,외국인(c),1102.3700000000001,20260421
30140,중구,2,화요일,1,현지인(a),126560.0,20260421
30140,중구,2,화요일,2,외지인(b),112115.5,20260421
30140,중구,2,화요일,3,외국인(c),547.7700000000001,20260421
30170,서구,2,화요일,1,현지인(a),276150.0,20260421
30170,서구,2,화요일,2,외지인(b),149334.5,20260421
30170,서구,2,화요일,3,외국인(c),1140.0599999999997,20260421
30200,유성구,2,화요일,1,현지인(a),254943.5,20260421
30200,유성구,2,화요일,2,외지인(b),147224.0,20260421
30200,유성구,2,화요일,3,외국인(c),1874.59,20260421
30230,대덕구,2,화요일,1,현지인(a),80622.5,20260421
30230,대덕구,2,화요일,2,외지인(b),68229.0,20260421
30230,대덕구,2,화요일,3,외국인(c),687.4699999999999,20260421
30110,동구,3,수요일,1,현지인(a),92963.5,20260422
30110,동구,3,수요일,2,외지인(b),98808.5,20260422
30110,동구,3,수요일,3,외국인(c),1115.9499999999998,20260422
30140,중구,3,수요일,1,현지인(a),127645.0,20260422
30140,중구,3,수요일,2,외지인(b),112283.5,20260422
30140,중구,3,수요일,3,외국인(c),550.59,20260422
30170,서구,3,수요일,1,현지인(a),276990.0,20260422
30170,서구,3,수요일,2,외지인(b),152127.5,20260422
30170,서구,3,수요일,3,외국인(c),1110.1199999999997,20260422
30200,유성구,3,수요일,1,현지인(a),254751.0,20260422
30200,유성구,3,수요일,2,외지인(b),154259.0,20260422
30200,유성구,3,수요일,3,외국인(c),1829.0000000000002,20260422
30230,대덕구,3,수요일,1,현지인(a),80843.0,20260422
30230,대덕구,3,수요일,2,외지인(b),67802.0,20260422
30230,대덕구,3,수요일,3,외국인(c),738.8500000000001,20260422
30110,동구,4,목요일,1,현지인(a),92288.0,20260423
30110,동구,4,목요일,2,외지인(b),104818.0,20260423
30110,동구,4,목요일,3,외국인(c),1156.49,20260423
30140,중구,4,목요일,1,현지인(a),126626.5,20260423
30140,중구,4,목요일,2,외지인(b),117180.0,20260423
30140,중구,4,목요일,3,외국인(c),481.91999999999996,20260423
30170,서구,4,목요일,1,현지인(a),277389.0,20260423
30170,서구,4,목요일,2,외지인(b),160667.5,20260423
30170,서구,4,목요일,3,외국인(c),1106.7099999999994,20260423
30200,유성구,4,목요일,1,현지인(a),254383.5,20260423
30200,유성구,4,목요일,2,외지인(b),157024.0,20260423
30200,유성구,4,목요일,3,외국인(c),1712.1199999999997,20260423
30230,대덕구,4,목요일,1,현지인(a),80902.5,20260423
30230,대덕구,4,목요일,2,외지인(b),69797.0,20260423
30230,대덕구,4,목요일,3,외국인(c),652.9299999999998,20260423
30110,동구,5,금요일,1,현지인(a),94867.5,20260424
30110,동구,5,금요일,2,외지인(b),129013.5,20260424
30110,동구,5,금요일,3,외국인(c),1098.5700000000002,20260424
30140,중구,5,금요일,1,현지인(a),130746.0,20260424
30140,중구,5,금요일,2,외지인(b),152117.0,20260424
30140,중구,5,금요일,3,외국인(c),571.6500000000001,20260424
30170,서구,5,금요일,1,현지인(a),284760.0,20260424
30170,서구,5,금요일,2,외지인(b),185622.5,20260424
30170,서구,5,금요일,3,외국인(c),1260.17,20260424
30200,유성구,5,금요일,1,현지인(a),257866.0,20260424
30200,유성구,5,금요일,2,외지인(b),177565.5,20260424
30200,유성구,5,금요일,3,외국인(c),1651.8600000000001,20260424
30230,대덕구,5,금요일,1,현지인(a),82383.0,20260424
30230,대덕구,5,금요일,2,외지인(b),78830.5,20260424
30230,대덕구,5,금요일,3,외국인(c),724.9399999999998,20260424
30110,동구,6,토요일,1,현지인(a),88336.5,20260425
30110,동구,6,토요일,2,외지인(b),174674.5,20260425
30110,동구,6,토요일,3,외국인(c),1155.87,20260425
30140,중구,6,토요일,1,현지인(a),121334.5,20260425
30140,중구,6,토요일,2,외지인(b),195128.5,20260425
30140,중구,6,토요일,3,외국인(c),527.12,20260425
30170,서구,6,토요일,1,현지인(a),261317.0,20260425
30170,서구,6,토요일,2,외지인(b),246435.0,20260425
30170,서구,6,토요일,3,외국인(c),1246.6899999999998,20260425
30200,유성구,6,토요일,1,현지인(a),228515.0,20260425
30200,유성구,6,토요일,2,외지인(b),239508.5,20260425
30200,유성구,6,토요일,3,외국인(c),1437.2,20260425
30230,대덕구,6,토요일,1,현지인(a),74816.0,20260425
30230,대덕구,6,토요일,2,외지인(b),101276.0,20260425
30230,대덕구,6,토요일,3,외국인(c),553.29,20260425
30110,동구,7,일요일,1,현지인(a),84990.5,20260426
30110,동구,7,일요일,2,외지인(b),141641.5,20260426
30110,동구,7,일요일,3,외국인(c),1529.7099999999998,20260426
30140,중구,7,일요일,1,현지인(a),117761.0,20260426
30140,중구,7,일요일,2,외지인(b),155669.5,20260426
30140,중구,7,일요일,3,외국인(c),498.2,20260426
30170,서구,7,일요일,1,현지인(a),252609.0,20260426
30170,서구,7,일요일,2,외지인(b),189756.0,20260426
30170,서구,7,일요일,3,외국인(c),1202.36,20260426
30200,유성구,7,일요일,1,현지인(a),225162.0,20260426
30200,유성구,7,일요일,2,외지인(b),193963.0,20260426
30200,유성구,7,일요일,3,외국인(c),1558.9399999999994,20260426
30230,대덕구,7,일요일,1,현지인(a),71802.5,20260426
30230,대덕구,7,일요일,2,외지인(b),84336.0,20260426
30230,대덕구,7,일요일,3,외국인(c),570.0199999999999,20260426
30110,동구,1,월요일,1,현지인(a),92774.5,20260427
30110,동구,1,월요일,2,외지인(b),101356.5,20260427
30110,동구,1,월요일,3,외국인(c),1206.52,20260427
30140,중구,1,월요일,1,현지인(a),127221.5,20260427
30140,중구,1,월요일,2,외지인(b),115195.5,20260427
30140,중구,1,월요일,3,외국인(c),500.45000000000005,20260427
30170,서구,1,월요일,1,현지인(a),275964.5,20260427
30170,서구,1,월요일,2,외지인(b),156250.5,20260427
30170,서구,1,월요일,3,외국인(c),1132.26,20260427
30200,유성구,1,월요일,1,현지인(a),253736.0,20260427
30200,유성구,1,월요일,2,외지인(b),149751.0,20260427
30200,유성구,1,월요일,3,외국인(c),1835.4100000000003,20260427
30230,대덕구,1,월요일,1,현지인(a),79975.0,20260427
30230,대덕구,1,월요일,2,외지인(b),68831.0,20260427
30230,대덕구,1,월요일,3,외국인(c),714.45,20260427
30110,동구,2,화요일,1,현지인(a),92400.0,20260428
30110,동구,2,화요일,2,외지인(b),102746.0,20260428
30110,동구,2,화요일,3,외국인(c),1128.97,20260428
30140,중구,2,화요일,1,현지인(a),127522.5,20260428
30140,중구,2,화요일,2,외지인(b),131873.0,20260428
30140,중구,2,화요일,3,외국인(c),522.8699999999999,20260428
30170,서구,2,화요일,1,현지인(a),274760.5,20260428
30170,서구,2,화요일,2,외지인(b),155907.5,20260428
30170,서구,2,화요일,3,외국인(c),1162.0500000000002,20260428
30200,유성구,2,화요일,1,현지인(a),253736.0,20260428
30200,유성구,2,화요일,2,외지인(b),154255.5,20260428
30200,유성구,2,화요일,3,외국인(c),1778.29,20260428
30230,대덕구,2,화요일,1,현지인(a),80013.5,20260428
30230,대덕구,2,화요일,2,외지인(b),71781.5,20260428
30230,대덕구,2,화요일,3,외국인(c),805.3700000000002,20260428
30110,동구,3,수요일,1,현지인(a),93121.0,20260429
30110,동구,3,수요일,2,외지인(b),109648.0,20260429
30110,동구,3,수요일,3,외국인(c),1299.5900000000001,20260429
30140,중구,3,수요일,1,현지인(a),128019.5,20260429
30140,중구,3,수요일,2,외지인(b),134946.0,20260429
30140,중구,3,수요일,3,외국인(c),503.76,20260429
30170,서구,3,수요일,1,현지인(a),278015.5,20260429
30170,서구,3,수요일,2,외지인(b),164321.5,20260429
30170,서구,3,수요일,3,외국인(c),1238.4100000000003,20260429
30200,유성구,3,수요일,1,현지인(a),256473.0,20260429
30200,유성구,3,수요일,2,외지인(b),163681.0,20260429
30200,유성구,3,수요일,3,외국인(c),1861.04,20260429
30230,대덕구,3,수요일,1,현지인(a),80153.5,20260429
30230,대덕구,3,수요일,2,외지인(b),72740.5,20260429
30230,대덕구,3,수요일,3,외국인(c),784.0100000000001,20260429
30110,동구,4,목요일,1,현지인(a),94748.5,20260430
30110,동구,4,목요일,2,외지인(b),129542.0,20260430
30110,동구,4,목요일,3,외국인(c),1315.06,20260430
30140,중구,4,목요일,1,현지인(a),130798.5,20260430
30140,중구,4,목요일,2,외지인(b),161336.0,20260430
30140,중구,4,목요일,3,외국인(c),587.21,20260430
30170,서구,4,목요일,1,현지인(a),284189.5,20260430
30170,서구,4,목요일,2,외지인(b),188538.0,20260430
30170,서구,4,목요일,3,외국인(c),1263.3000000000004,20260430
30200,유성구,4,목요일,1,현지인(a),260232.0,20260430
30200,유성구,4,목요일,2,외지인(b),183011.5,20260430
30200,유성구,4,목요일,3,외국인(c),1701.62,20260430
30230,대덕구,4,목요일,1,현지인(a),82190.5,20260430
30230,대덕구,4,목요일,2,외지인(b),83419.0,20260430
30230,대덕구,4,목요일,3,외국인(c),702.6699999999998,20260430
30110,동구,5,금요일,1,현지인(a),95805.5,20260501
30110,동구,5,금요일,2,외지인(b),158494.0,20260501
30110,동구,5,금요일,3,외국인(c),1364.56,20260501
30140,중구,5,금요일,1,현지인(a),122241.0,20260501
30140,중구,5,금요일,2,외지인(b),180047.0,20260501
30140,중구,5,금요일,3,외국인(c),739.93,20260501
30170,서구,5,금요일,1,현지인(a),261880.5,20260501
30170,서구,5,금요일,2,외지인(b),218690.5,20260501
30170,서구,5,금요일,3,외국인(c),1319.85,20260501
30200,유성구,5,금요일,1,현지인(a),238542.5,20260501
30200,유성구,5,금요일,2,외지인(b),217714.0,20260501
30200,유성구,5,금요일,3,외국인(c),1620.6700000000005,20260501
30230,대덕구,5,금요일,1,현지인(a),75008.5,20260501
30230,대덕구,5,금요일,2,외지인(b),100884.0,20260501
30230,대덕구,5,금요일,3,외국인(c),1005.0200000000001,20260501
30110,동구,6,토요일,1,현지인(a),92284.5,20260502
30110,동구,6,토요일,2,외지인(b),167734.0,20260502
30110,동구,6,토요일,3,외국인(c),1364.0499999999997,20260502
30140,중구,6,토요일,1,현지인(a),117848.5,20260502
30140,중구,6,토요일,2,외지인(b),188786.5,20260502
30140,중구,6,토요일,3,외국인(c),687.88,20260502
30170,서구,6,토요일,1,현지인(a),253113.0,20260502
30170,서구,6,토요일,2,외지인(b),247502.5,20260502
30170,서구,6,토요일,3,외국인(c),1393.25,20260502
30200,유성구,6,토요일,1,현지인(a),223272.0,20260502
30200,유성구,6,토요일,2,외지인(b),238154.0,20260502
30200,유성구,6,토요일,3,외국인(c),1648.2900000000004,20260502
30230,대덕구,6,토요일,1,현지인(a),72219.0,20260502
30230,대덕구,6,토요일,2,외지인(b),99228.5,20260502
30230,대덕구,6,토요일,3,외국인(c),711.8400000000001,20260502
30110,동구,7,일요일,1,현지인(a),90051.5,20260503
30110,동구,7,일요일,2,외지인(b),146366.5,20260503
30110,동구,7,일요일,3,외국인(c),1366.7599999999995,20260503
30140,중구,7,일요일,1,현지인(a),114506.0,20260503
30140,중구,7,일요일,2,외지인(b),155673.0,20260503
30140,중구,7,일요일,3,외국인(c),640.23,20260503
30170,서구,7,일요일,1,현지인(a),247145.5,20260503
30170,서구,7,일요일,2,외지인(b),193319.0,20260503
30170,서구,7,일요일,3,외국인(c),1292.1499999999996,20260503
30200,유성구,7,일요일,1,현지인(a),222943.0,20260503
30200,유성구,7,일요일,2,외지인(b),199360.0,20260503
30200,유성구,7,일요일,3,외국인(c),1790.1900000000003,20260503
30230,대덕구,7,일요일,1,현지인(a),68992.0,20260503
30230,대덕구,7,일요일,2,외지인(b),86754.5,20260503
30230,대덕구,7,일요일,3,외국인(c),751.3399999999999,20260503
30110,동구,1,월요일,1,현지인(a),106060.5,20260504
30110,동구,1,월요일,2,외지인(b),124288.5,20260504
30110,동구,1,월요일,3,외국인(c),1283.5599999999997,20260504
30140,중구,1,월요일,1,현지인(a),132825.0,20260504
30140,중구,1,월요일,2,외지인(b),154129.5,20260504
30140,중구,1,월요일,3,외국인(c),654.5999999999999,20260504
30170,서구,1,월요일,1,현지인(a),288099.0,20260504
30170,서구,1,월요일,2,외지인(b),190564.5,20260504
30170,서구,1,월요일,3,외국인(c),1183.6500000000005,20260504
30200,유성구,1,월요일,1,현지인(a),267634.5,20260504
30200,유성구,1,월요일,2,외지인(b),175171.5,20260504
30200,유성구,1,월요일,3,외국인(c),1680.7700000000002,20260504
30230,대덕구,1,월요일,1,현지인(a),81756.5,20260504
30230,대덕구,1,월요일,2,외지인(b),79093.0,20260504
30230,대덕구,1,월요일,3,외국인(c),699.6999999999998,20260504
30110,동구,2,화요일,1,현지인(a),98248.5,20260505
30110,동구,2,화요일,2,외지인(b),132688.5,20260505
30110,동구,2,화요일,3,외국인(c),1225.4099999999996,20260505
30140,중구,2,화요일,1,현지인(a),123070.5,20260505
30140,중구,2,화요일,2,외지인(b),149593.5,20260505
30140,중구,2,화요일,3,외국인(c),632.53,20260505
30170,서구,2,화요일,1,현지인(a),265342.0,20260505
30170,서구,2,화요일,2,외지인(b),179133.5,20260505
30170,서구,2,화요일,3,외국인(c),1146.39,20260505
30200,유성구,2,화요일,1,현지인(a),249980.5,20260505
30200,유성구,2,화요일,2,외지인(b),193935.0,20260505
30200,유성구,2,화요일,3,외국인(c),1641.4,20260505
30230,대덕구,2,화요일,1,현지인(a),75796.0,20260505
30230,대덕구,2,화요일,2,외지인(b),82750.5,20260505
30230,대덕구,2,화요일,3,외국인(c),628.5599999999998,20260505
30110,동구,3,수요일,1,현지인(a),109809.0,20260506
30110,동구,3,수요일,2,외지인(b),93926.0,20260506
30110,동구,3,수요일,3,외국인(c),1118.03,20260506
30140,중구,3,수요일,1,현지인(a),135481.5,20260506
30140,중구,3,수요일,2,외지인(b),106953.0,20260506
30140,중구,3,수요일,3,외국인(c),554.32,20260506
30170,서구,3,수요일,1,현지인(a),300107.5,20260506
30170,서구,3,수요일,2,외지인(b),141634.5,20260506
30170,서구,3,수요일,3,외국인(c),1189.2700000000004,20260506
30200,유성구,3,수요일,1,현지인(a),288711.5,20260506
30200,유성구,3,수요일,2,외지인(b),136486.0,20260506
30200,유성구,3,수요일,3,외국인(c),1893.2100000000012,20260506
30230,대덕구,3,수요일,1,현지인(a),87118.5,20260506
30230,대덕구,3,수요일,2,외지인(b),63861.0,20260506
30230,대덕구,3,수요일,3,외국인(c),783.3499999999998,20260506
30110,동구,4,목요일,1,현지인(a),108437.0,20260507
30110,동구,4,목요일,2,외지인(b),99988.0,20260507
30110,동구,4,목요일,3,외국인(c),1221.9399999999998,20260507
30140,중구,4,목요일,1,현지인(a),135054.5,20260507
30140,중구,4,목요일,2,외지인(b),113631.0,20260507
30140,중구,4,목요일,3,외국인(c),511.40999999999985,20260507
30170,서구,4,목요일,1,현지인(a),297860.5,20260507
30170,서구,4,목요일,2,외지인(b),148774.5,20260507
30170,서구,4,목요일,3,외국인(c),1131.08,20260507
30200,유성구,4,목요일,1,현지인(a),286471.5,20260507
30200,유성구,4,목요일,2,외지인(b),144651.5,20260507
30200,유성구,4,목요일,3,외국인(c),1853.0900000000001,20260507
30230,대덕구,4,목요일,1,현지인(a),85676.5,20260507
30230,대덕구,4,목요일,2,외지인(b),66206.0,20260507
30230,대덕구,4,목요일,3,외국인(c),732.0399999999998,20260507
30110,동구,5,금요일,1,현지인(a),109532.5,20260508
30110,동구,5,금요일,2,외지인(b),125615.0,20260508
30110,동구,5,금요일,3,외국인(c),1151.83,20260508
30140,중구,5,금요일,1,현지인(a),139107.5,20260508
30140,중구,5,금요일,2,외지인(b),149523.5,20260508
30140,중구,5,금요일,3,외국인(c),567.1099999999999,20260508
30170,서구,5,금요일,1,현지인(a),303803.5,20260508
30170,서구,5,금요일,2,외지인(b),182983.5,20260508
30170,서구,5,금요일,3,외국인(c),1207.2,20260508
30200,유성구,5,금요일,1,현지인(a),290503.5,20260508
30200,유성구,5,금요일,2,외지인(b),177758.0,20260508
30200,유성구,5,금요일,3,외국인(c),1875.86,20260508
30230,대덕구,5,금요일,1,현지인(a),87724.0,20260508
30230,대덕구,5,금요일,2,외지인(b),79936.5,20260508
30230,대덕구,5,금요일,3,외국인(c),867.1600000000002,20260508
30110,동구,6,토요일,1,현지인(a),97135.5,20260509
30110,동구,6,토요일,2,외지인(b),165707.5,20260509
30110,동구,6,토요일,3,외국인(c),1150.6199999999997,20260509
30140,중구,6,토요일,1,현지인(a),125100.5,20260509
30140,중구,6,토요일,2,외지인(b),192916.5,20260509
30140,중구,6,토요일,3,외국인(c),605.3499999999999,20260509
30170,서구,6,토요일,1,현지인(a),272944.0,20260509
30170,서구,6,토요일,2,외지인(b),243369.0,20260509
30170,서구,6,토요일,3,외국인(c),1193.2600000000002,20260509
30200,유성구,6,토요일,1,현지인(a),248657.5,20260509
30200,유성구,6,토요일,2,외지인(b),243883.5,20260509
30200,유성구,6,토요일,3,외국인(c),1582.3,20260509
30230,대덕구,6,토요일,1,현지인(a),77276.5,20260509
30230,대덕구,6,토요일,2,외지인(b),100919.0,20260509
30230,대덕구,6,토요일,3,외국인(c),640.3499999999999,20260509
30110,동구,7,일요일,1,현지인(a),94699.5,20260510
30110,동구,7,일요일,2,외지인(b),144886.0,20260510
30110,동구,7,일요일,3,외국인(c),1173.07,20260510
30140,중구,7,일요일,1,현지인(a),120998.5,20260510
30140,중구,7,일요일,2,외지인(b),159120.5,20260510
30140,중구,7,일요일,3,외국인(c),539.37,20260510
30170,서구,7,일요일,1,현지인(a),264687.5,20260510
30170,서구,7,일요일,2,외지인(b),193364.5,20260510
30170,서구,7,일요일,3,외국인(c),1202.1800000000005,20260510
30200,유성구,7,일요일,1,현지인(a),245745.5,20260510
30200,유성구,7,일요일,2,외지인(b),197298.5,20260510
30200,유성구,7,일요일,3,외국인(c),1600.0600000000004,20260510
30230,대덕구,7,일요일,1,현지인(a),74466.0,20260510
30230,대덕구,7,일요일,2,외지인(b),83643.0,20260510
30230,대덕구,7,일요일,3,외국인(c),611.5500000000001,20260510
30110,동구,1,월요일,1,현지인(a),108437.0,20260511
30110,동구,1,월요일,2,외지인(b),96264.0,20260511
30110,동구,1,월요일,3,외국인(c),1192.7700000000002,20260511
30140,중구,1,월요일,1,현지인(a),135194.5,20260511
30140,중구,1,월요일,2,외지인(b),110015.5,20260511
30140,중구,1,월요일,3,외국인(c),534.43,20260511
30170,서구,1,월요일,1,현지인(a),294983.5,20260511
30170,서구,1,월요일,2,외지인(b),145022.5,20260511
30170,서구,1,월요일,3,외국인(c),1188.63,20260511
30200,유성구,1,월요일,1,현지인(a),285572.0,20260511
30200,유성구,1,월요일,2,외지인(b),138071.5,20260511
30200,유성구,1,월요일,3,외국인(c),1829.38,20260511
30230,대덕구,1,월요일,1,현지인(a),85368.5,20260511
30230,대덕구,1,월요일,2,외지인(b),63504.0,20260511
30230,대덕구,1,월요일,3,외국인(c),752.69,20260511
30110,동구,2,화요일,1,현지인(a),107338.0,20260512
30110,동구,2,화요일,2,외지인(b),93495.5,20260512
30110,동구,2,화요일,3,외국인(c),1137.2199999999996,20260512
30140,중구,2,화요일,1,현지인(a),133444.5,20260512
30140,중구,2,화요일,2,외지인(b),108976.0,20260512
30140,중구,2,화요일,3,외국인(c),503.92,20260512
30170,서구,2,화요일,1,현지인(a),293338.5,20260512
30170,서구,2,화요일,2,외지인(b),144462.5,20260512
30170,서구,2,화요일,3,외국인(c),1212.1700000000003,20260512
30200,유성구,2,화요일,1,현지인(a),285582.5,20260512
30200,유성구,2,화요일,2,외지인(b),142467.5,20260512
30200,유성구,2,화요일,3,외국인(c),1989.2900000000004,20260512
30230,대덕구,2,화요일,1,현지인(a),85025.5,20260512
30230,대덕구,2,화요일,2,외지인(b),63497.0,20260512
30230,대덕구,2,화요일,3,외국인(c),759.4699999999999,20260512
30110,동구,3,수요일,1,현지인(a),109473.0,20260513
30110,동구,3,수요일,2,외지인(b),99127.0,20260513
30110,동구,3,수요일,3,외국인(c),1193.4,20260513
30140,중구,3,수요일,1,현지인(a),136391.5,20260513
30140,중구,3,수요일,2,외지인(b),114233.0,20260513
30140,중구,3,수요일,3,외국인(c),558.2000000000002,20260513
30170,서구,3,수요일,1,현지인(a),300825.0,20260513
30170,서구,3,수요일,2,외지인(b),152901.0,20260513
30170,서구,3,수요일,3,외국인(c),1330.2299999999998,20260513
30200,유성구,3,수요일,1,현지인(a),290087.0,20260513
30200,유성구,3,수요일,2,외지인(b),154122.5,20260513
30200,유성구,3,수요일,3,외국인(c),2110.73,20260513
30230,대덕구,3,수요일,1,현지인(a),86824.5,20260513
30230,대덕구,3,수요일,2,외지인(b),69891.5,20260513
30230,대덕구,3,수요일,3,외국인(c),866.02,20260513
30110,동구,4,목요일,1,현지인(a),109851.0,20260514
30110,동구,4,목요일,2,외지인(b),101633.0,20260514
30110,동구,4,목요일,3,외국인(c),1208.45,20260514
30140,중구,4,목요일,1,현지인(a),135611.0,20260514
30140,중구,4,목요일,2,외지인(b),119591.5,20260514
30140,중구,4,목요일,3,외국인(c),544.8000000000001,20260514
30170,서구,4,목요일,1,현지인(a),298599.0,20260514
30170,서구,4,목요일,2,외지인(b),159173.0,20260514
30170,서구,4,목요일,3,외국인(c),1264.13,20260514
30200,유성구,4,목요일,1,현지인(a),288617.0,20260514
30200,유성구,4,목요일,2,외지인(b),158644.5,20260514
30200,유성구,4,목요일,3,외국인(c),2130.58,20260514
30230,대덕구,4,목요일,1,현지인(a),86009.0,20260514
30230,대덕구,4,목요일,2,외지인(b),68890.5,20260514
30230,대덕구,4,목요일,3,외국인(c),712.9399999999998,20260514
30110,동구,5,금요일,1,현지인(a),108664.5,20260515
30110,동구,5,금요일,2,외지인(b),122139.5,20260515
30110,동구,5,금요일,3,외국인(c),1169.5199999999998,20260515
30140,중구,5,금요일,1,현지인(a),137501.0,20260515
30140,중구,5,금요일,2,외지인(b),140133.0,20260515
30140,중구,5,금요일,3,외국인(c),581.1699999999998,20260515
30170,서구,5,금요일,1,현지인(a),302197.0,20260515
30170,서구,5,금요일,2,외지인(b),182693.0,20260515
30170,서구,5,금요일,3,외국인(c),1230.4300000000003,20260515
30200,유성구,5,금요일,1,현지인(a),287955.5,20260515
30200,유성구,5,금요일,2,외지인(b),178598.0,20260515
30200,유성구,5,금요일,3,외국인(c),2027.2500000000005,20260515
30230,대덕구,5,금요일,1,현지인(a),87391.5,20260515
30230,대덕구,5,금요일,2,외지인(b),76415.5,20260515
30230,대덕구,5,금요일,3,외국인(c),740.0799999999999,20260515
30110,동구,6,토요일,1,현지인(a),96974.5,20260516
30110,동구,6,토요일,2,외지인(b),163128.0,20260516
30110,동구,6,토요일,3,외국인(c),1281.2799999999997,20260516
30140,중구,6,토요일,1,현지인(a),124351.5,20260516
30140,중구,6,토요일,2,외지인(b),178916.5,20260516
30140,중구,6,토요일,3,외국인(c),576.33,20260516
30170,서구,6,토요일,1,현지인(a),273273.0,20260516
30170,서구,6,토요일,2,외지인(b),247849.0,20260516
30170,서구,6,토요일,3,외국인(c),1270.3599999999997,20260516
30200,유성구,6,토요일,1,현지인(a),248342.5,20260516
30200,유성구,6,토요일,2,외지인(b),248682.0,20260516
30200,유성구,6,토요일,3,외국인(c),1886.5399999999995,20260516
30230,대덕구,6,토요일,1,현지인(a),76552.0,20260516
30230,대덕구,6,토요일,2,외지인(b),96208.0,20260516
30230,대덕구,6,토요일,3,외국인(c),573.5799999999999,20260516
30110,동구,7,일요일,1,현지인(a),96099.5,20260517
30110,동구,7,일요일,2,외지인(b),138967.5,20260517
30110,동구,7,일요일,3,외국인(c),1235.7000000000005,20260517
30140,중구,7,일요일,1,현지인(a),121681.0,20260517
30140,중구,7,일요일,2,외지인(b),149873.5,20260517
30140,중구,7,일요일,3,외국인(c),592.7799999999999,20260517
30170,서구,7,일요일,1,현지인(a),265877.5,20260517
30170,서구,7,일요일,2,외지인(b),202783.0,20260517
30170,서구,7,일요일,3,외국인(c),1494.4600000000003,20260517
30200,유성구,7,일요일,1,현지인(a),243197.5,20260517
30200,유성구,7,일요일,2,외지인(b),194449.5,20260517
30200,유성구,7,일요일,3,외국인(c),1850.0900000000006,20260517
30230,대덕구,7,일요일,1,현지인(a),73328.5,20260517
30230,대덕구,7,일요일,2,외지인(b),83594.0,20260517
30230,대덕구,7,일요일,3,외국인(c),659.37,20260517
30110,동구,1,월요일,1,현지인(a),108839.5,20260518
30110,동구,1,월요일,2,외지인(b),100432.5,20260518
30110,동구,1,월요일,3,외국인(c),1245.8400000000001,20260518
30140,중구,1,월요일,1,현지인(a),135040.5,20260518
30140,중구,1,월요일,2,외지인(b),114471.0,20260518
30140,중구,1,월요일,3,외국인(c),577.19,20260518
30170,서구,1,월요일,1,현지인(a),295487.5,20260518
30170,서구,1,월요일,2,외지인(b),151144.0,20260518
30170,서구,1,월요일,3,외국인(c),1337.38,20260518
30200,유성구,1,월요일,1,현지인(a),285204.5,20260518
30200,유성구,1,월요일,2,외지인(b),149996.0,20260518
30200,유성구,1,월요일,3,외국인(c),2138.64,20260518
30230,대덕구,1,월요일,1,현지인(a),86292.5,20260518
30230,대덕구,1,월요일,2,외지인(b),66983.0,20260518
30230,대덕구,1,월요일,3,외국인(c),815.8199999999998,20260518
30110,동구,2,화요일,1,현지인(a),108356.5,20260519
30110,동구,2,화요일,2,외지인(b),101675.0,20260519
30110,동구,2,화요일,3,외국인(c),1164.8700000000003,20260519
30140,중구,2,화요일,1,현지인(a),135621.5,20260519
30140,중구,2,화요일,2,외지인(b),130011.0,20260519
30140,중구,2,화요일,3,외국인(c),586.0099999999999,20260519
30170,서구,2,화요일,1,현지인(a),296401.0,20260519
30170,서구,2,화요일,2,외지인(b),153443.5,20260519
30170,서구,2,화요일,3,외국인(c),1432.2600000000004,20260519
30200,유성구,2,화요일,1,현지인(a),286765.5,20260519
30200,유성구,2,화요일,2,외지인(b),158602.5,20260519
30200,유성구,2,화요일,3,외국인(c),2157.129999999999,20260519
30230,대덕구,2,화요일,1,현지인(a),86317.0,20260519
30230,대덕구,2,화요일,2,외지인(b),70899.5,20260519
30230,대덕구,2,화요일,3,외국인(c),841.97,20260519
30110,동구,3,수요일,1,현지인(a),105668.5,20260520
30110,동구,3,수요일,2,외지인(b),97100.5,20260520
30110,동구,3,수요일,3,외국인(c),1221.5800000000002,20260520
30140,중구,3,수요일,1,현지인(a),131278.0,20260520
30140,중구,3,수요일,2,외지인(b),109081.0,20260520
30140,중구,3,수요일,3,외국인(c),539.06,20260520
30170,서구,3,수요일,1,현지인(a),288169.0,20260520
30170,서구,3,수요일,2,외지인(b),146877.5,20260520
30170,서구,3,수요일,3,외국인(c),1306.4400000000003,20260520
30200,유성구,3,수요일,1,현지인(a),279653.5,20260520
30200,유성구,3,수요일,2,외지인(b),145719.0,20260520
30200,유성구,3,수요일,3,외국인(c),2098.6499999999996,20260520
30230,대덕구,3,수요일,1,현지인(a),83503.0,20260520
30230,대덕구,3,수요일,2,외지인(b),64729.0,20260520
30230,대덕구,3,수요일,3,외국인(c),764.3699999999999,20260520
30110,동구,4,목요일,1,현지인(a),107859.5,20260521
30110,동구,4,목요일,2,외지인(b),107863.0,20260521
30110,동구,4,목요일,3,외국인(c),1247.8800000000006,20260521
30140,중구,4,목요일,1,현지인(a),135184.0,20260521
30140,중구,4,목요일,2,외지인(b),134319.5,20260521
30140,중구,4,목요일,3,외국인(c),621.0099999999998,20260521
30170,서구,4,목요일,1,현지인(a),296159.5,20260521
30170,서구,4,목요일,2,외지인(b),156072.0,20260521
30170,서구,4,목요일,3,외국인(c),1351.0600000000002,20260521
30200,유성구,4,목요일,1,현지인(a),284662.0,20260521
30200,유성구,4,목요일,2,외지인(b),153898.5,20260521
30200,유성구,4,목요일,3,외국인(c),2221.5099999999998,20260521
30230,대덕구,4,목요일,1,현지인(a),85263.5,20260521
30230,대덕구,4,목요일,2,외지인(b),69209.0,20260521
30230,대덕구,4,목요일,3,외국인(c),762.4900000000001,20260521
30110,동구,5,금요일,1,현지인(a),108594.5,20260522
30110,동구,5,금요일,2,외지인(b),133434.0,20260522
30110,동구,5,금요일,3,외국인(c),1129.8700000000003,20260522
30140,중구,5,금요일,1,현지인(a),138362.0,20260522
30140,중구,5,금요일,2,외지인(b),157041.5,20260522
30140,중구,5,금요일,3,외국인(c),582.7,20260522
30170,서구,5,금요일,1,현지인(a),302869.0,20260522
30170,서구,5,금요일,2,외지인(b),190246.0,20260522
30170,서구,5,금요일,3,외국인(c),1346.1900000000003,20260522
30200,유성구,5,금요일,1,현지인(a),285425.0,20260522
30200,유성구,5,금요일,2,외지인(b),183872.5,20260522
30200,유성구,5,금요일,3,외국인(c),1777.8300000000002,20260522
30230,대덕구,5,금요일,1,현지인(a),87419.5,20260522
30230,대덕구,5,금요일,2,외지인(b),81690.0,20260522
30230,대덕구,5,금요일,3,외국인(c),687.54,20260522
30110,동구,6,토요일,1,현지인(a),96302.5,20260523
30110,동구,6,토요일,2,외지인(b),172266.5,20260523
30110,동구,6,토요일,3,외국인(c),1230.9800000000005,20260523
30140,중구,6,토요일,1,현지인(a),123970.0,20260523
30140,중구,6,토요일,2,외지인(b),204130.5,20260523
30140,중구,6,토요일,3,외국인(c),541.55,20260523
30170,서구,6,토요일,1,현지인(a),268845.5,20260523
30170,서구,6,토요일,2,외지인(b),253918.0,20260523
30170,서구,6,토요일,3,외국인(c),1264.5399999999997,20260523
30200,유성구,6,토요일,1,현지인(a),241720.5,20260523
30200,유성구,6,토요일,2,외지인(b),241440.5,20260523
30200,유성구,6,토요일,3,외국인(c),1628.61,20260523
30230,대덕구,6,토요일,1,현지인(a),75715.5,20260523
30230,대덕구,6,토요일,2,외지인(b),102998.0,20260523
30230,대덕구,6,토요일,3,외국인(c),677.0600000000002,20260523
30110,동구,7,일요일,1,현지인(a),91892.5,20260524
30110,동구,7,일요일,2,외지인(b),168672.0,20260524
30110,동구,7,일요일,3,외국인(c),1214.32,20260524
30140,중구,7,일요일,1,현지인(a),117544.0,20260524
30140,중구,7,일요일,2,외지인(b),193511.5,20260524
30140,중구,7,일요일,3,외국인(c),670.2399999999998,20260524
30170,서구,7,일요일,1,현지인(a),251443.5,20260524
30170,서구,7,일요일,2,외지인(b),222211.5,20260524
30170,서구,7,일요일,3,외국인(c),1266.0700000000002,20260524
30200,유성구,7,일요일,1,현지인(a),228305.0,20260524
30200,유성구,7,일요일,2,외지인(b),223387.5,20260524
30200,유성구,7,일요일,3,외국인(c),1536.13,20260524
30230,대덕구,7,일요일,1,현지인(a),71606.5,20260524
30230,대덕구,7,일요일,2,외지인(b),96505.5,20260524
30230,대덕구,7,일요일,3,외국인(c),702.1600000000003,20260524
30110,동구,1,월요일,1,현지인(a),95788.0,20260525
30110,동구,1,월요일,2,외지인(b),143003.0,20260525
30110,동구,1,월요일,3,외국인(c),1191.7700000000002,20260525
30140,중구,1,월요일,1,현지인(a),120008.0,20260525
30140,중구,1,월요일,2,외지인(b),150167.5,20260525
30140,중구,1,월요일,3,외국인(c),550.9100000000002,20260525
30170,서구,1,월요일,1,현지인(a),260491.0,20260525
30170,서구,1,월요일,2,외지인(b),189535.5,20260525
30170,서구,1,월요일,3,외국인(c),1229.5400000000002,20260525
30200,유성구,1,월요일,1,현지인(a),240537.5,20260525
30200,유성구,1,월요일,2,외지인(b),187036.5,20260525
30200,유성구,1,월요일,3,외국인(c),1632.4900000000002,20260525
30230,대덕구,1,월요일,1,현지인(a),74410.0,20260525
30230,대덕구,1,월요일,2,외지인(b),85463.0,20260525
30230,대덕구,1,월요일,3,외국인(c),642.9200000000001,20260525
30110,동구,2,화요일,1,현지인(a),108395.0,20260526
30110,동구,2,화요일,2,외지인(b),100698.5,20260526
30110,동구,2,화요일,3,외국인(c),1181.68,20260526
30140,중구,2,화요일,1,현지인(a),133325.5,20260526
30140,중구,2,화요일,2,외지인(b),112290.5,20260526
30140,중구,2,화요일,3,외국인(c),668.42,20260526
30170,서구,2,화요일,1,현지인(a),294640.5,20260526
30170,서구,2,화요일,2,외지인(b),153244.0,20260526
30170,서구,2,화요일,3,외국인(c),1160.62,20260526
30200,유성구,2,화요일,1,현지인(a),284525.5,20260526
30200,유성구,2,화요일,2,외지인(b),148396.5,20260526
30200,유성구,2,화요일,3,외국인(c),1666.7099999999998,20260526
30230,대덕구,2,화요일,1,현지인(a),85550.5,20260526
30230,대덕구,2,화요일,2,외지인(b),66003.0,20260526
30230,대덕구,2,화요일,3,외국인(c),729.5300000000001,20260526
30110,동구,3,수요일,1,현지인(a),108622.5,20260527
30110,동구,3,수요일,2,외지인(b),102543.0,20260527
30110,동구,3,수요일,3,외국인(c),1116.58,20260527
30140,중구,3,수요일,1,현지인(a),133854.0,20260527
30140,중구,3,수요일,2,외지인(b),112024.5,20260527
30140,중구,3,수요일,3,외국인(c),518.6199999999999,20260527
30170,서구,3,수요일,1,현지인(a),296639.0,20260527
30170,서구,3,수요일,2,외지인(b),157741.5,20260527
30170,서구,3,수요일,3,외국인(c),1187.76,20260527
30200,유성구,3,수요일,1,현지인(a),285670.0,20260527
30200,유성구,3,수요일,2,외지인(b),154980.0,20260527
30200,유성구,3,수요일,3,외국인(c),1750.3300000000002,20260527
30230,대덕구,3,수요일,1,현지인(a),85718.5,20260527
30230,대덕구,3,수요일,2,외지인(b),69520.5,20260527
30230,대덕구,3,수요일,3,외국인(c),730.5399999999998,20260527
30110,동구,4,목요일,1,현지인(a),107544.5,20260528
30110,동구,4,목요일,2,외지인(b),105997.5,20260528
30110,동구,4,목요일,3,외국인(c),1004.3999999999999,20260528
30140,중구,4,목요일,1,현지인(a),133472.5,20260528
30140,중구,4,목요일,2,외지인(b),119220.5,20260528
30140,중구,4,목요일,3,외국인(c),497.5900000000001,20260528
30170,서구,4,목요일,1,현지인(a),295900.5,20260528
30170,서구,4,목요일,2,외지인(b),161808.5,20260528
30170,서구,4,목요일,3,외국인(c),1258.7700000000002,20260528
30200,유성구,4,목요일,1,현지인(a),285460.0,20260528
30200,유성구,4,목요일,2,외지인(b),159390.0,20260528
30200,유성구,4,목요일,3,외국인(c),1699.0399999999993,20260528
30230,대덕구,4,목요일,1,현지인(a),86037.0,20260528
30230,대덕구,4,목요일,2,외지인(b),70745.5,20260528
30230,대덕구,4,목요일,3,외국인(c),812.0400000000001,20260528
30110,동구,5,금요일,1,현지인(a),108507.0,20260529
30110,동구,5,금요일,2,외지인(b),128467.5,20260529
30110,동구,5,금요일,3,외국인(c),1096.63,20260529
30140,중구,5,금요일,1,현지인(a),137228.0,20260529
30140,중구,5,금요일,2,외지인(b),153097.0,20260529
30140,중구,5,금요일,3,외국인(c),579.21,20260529
30170,서구,5,금요일,1,현지인(a),301570.5,20260529
30170,서구,5,금요일,2,외지인(b),184040.5,20260529
30170,서구,5,금요일,3,외국인(c),1207.6299999999999,20260529
30200,유성구,5,금요일,1,현지인(a),286681.5,20260529
30200,유성구,5,금요일,2,외지인(b),182857.5,20260529
30200,유성구,5,금요일,3,외국인(c),1675.6899999999998,20260529
30230,대덕구,5,금요일,1,현지인(a),87160.5,20260529
30230,대덕구,5,금요일,2,외지인(b),79744.0,20260529
30230,대덕구,5,금요일,3,외국인(c),693.2,20260529
30110,동구,6,토요일,1,현지인(a),97961.5,20260530
30110,동구,6,토요일,2,외지인(b),162214.5,20260530
30110,동구,6,토요일,3,외국인(c),1029.54,20260530
30140,중구,6,토요일,1,현지인(a),124743.5,20260530
30140,중구,6,토요일,2,외지인(b),190620.5,20260530
30140,중구,6,토요일,3,외국인(c),648.2,20260530
30170,서구,6,토요일,1,현지인(a),274988.0,20260530
30170,서구,6,토요일,2,외지인(b),248965.5,20260530
30170,서구,6,토요일,3,외국인(c),1110.6300000000003,20260530
30200,유성구,6,토요일,1,현지인(a),248314.5,20260530
30200,유성구,6,토요일,2,외지인(b),240324.0,20260530
30200,유성구,6,토요일,3,외국인(c),1447.11,20260530
30230,대덕구,6,토요일,1,현지인(a),77626.5,20260530
30230,대덕구,6,토요일,2,외지인(b),96967.5,20260530
30230,대덕구,6,토요일,3,외국인(c),594.33,20260530
30110,동구,7,일요일,1,현지인(a),95445.0,20260531
30110,동구,7,일요일,2,외지인(b),139478.5,20260531
30110,동구,7,일요일,3,외국인(c),961.08,20260531
30140,중구,7,일요일,1,현지인(a),120680.0,20260531
30140,중구,7,일요일,2,외지인(b),162309.0,20260531
30140,중구,7,일요일,3,외국인(c),602.2699999999999,20260531
30170,서구,7,일요일,1,현지인(a),265615.0,20260531
30170,서구,7,일요일,2,외지인(b),198723.0,20260531
30170,서구,7,일요일,3,외국인(c),1074.2399999999996,20260531
30200,유성구,7,일요일,1,현지인(a),244163.5,20260531
30200,유성구,7,일요일,2,외지인(b),197900.5,20260531
30200,유성구,7,일요일,3,외국인(c),1376.57,20260531
30230,대덕구,7,일요일,1,현지인(a),73556.0,20260531
30230,대덕구,7,일요일,2,외지인(b),82481.0,20260531
30230,대덕구,7,일요일,3,외국인(c),550.16,20260531
30110,동구,1,월요일,1,현지인(a),111254.5,20260601
30110,동구,1,월요일,2,외지인(b),89838.0,20260601
30110,동구,1,월요일,3,외국인(c),880.6999999999997,20260601
30140,중구,1,월요일,1,현지인(a),137504.5,20260601
30140,중구,1,월요일,2,외지인(b),102805.5,20260601
30140,중구,1,월요일,3,외국인(c),495.7100000000001,20260601
30170,서구,1,월요일,1,현지인(a),307065.5,20260601
30170,서구,1,월요일,2,외지인(b),137795.0,20260601
30170,서구,1,월요일,3,외국인(c),1021.8199999999999,20260601
30200,유성구,1,월요일,1,현지인(a),295260.0,20260601
30200,유성구,1,월요일,2,외지인(b),137217.5,20260601
30200,유성구,1,월요일,3,외국인(c),1440.9800000000002,20260601
30230,대덕구,1,월요일,1,현지인(a),88112.5,20260601
30230,대덕구,1,월요일,2,외지인(b),63528.5,20260601
30230,대덕구,1,월요일,3,외국인(c),561.6299999999999,20260601
30110,동구,2,화요일,1,현지인(a),112591.5,20260602
30110,동구,2,화요일,2,외지인(b),101314.5,20260602
30110,동구,2,화요일,3,외국인(c),918.6699999999998,20260602
30140,중구,2,화요일,1,현지인(a),139244.0,20260602
30140,중구,2,화요일,2,외지인(b),117694.5,20260602
30140,중구,2,화요일,3,외국인(c),415.7,20260602
30170,서구,2,화요일,1,현지인(a),311787.0,20260602
30170,서구,2,화요일,2,외지인(b),152145.0,20260602
30170,서구,2,화요일,3,외국인(c),985.6300000000002,20260602
30200,유성구,2,화요일,1,현지인(a),300023.5,20260602
30200,유성구,2,화요일,2,외지인(b),152887.0,20260602
30200,유성구,2,화요일,3,외국인(c),1467.8300000000002,20260602
30230,대덕구,2,화요일,1,현지인(a),90202.0,20260602
30230,대덕구,2,화요일,2,외지인(b),68495.0,20260602
30230,대덕구,2,화요일,3,외국인(c),574.15,20260602
30110,동구,3,수요일,1,현지인(a),102252.5,20260603
30110,동구,3,수요일,2,외지인(b),112528.5,20260603
30110,동구,3,수요일,3,외국인(c),870.1200000000001,20260603
30140,중구,3,수요일,1,현지인(a),127834.0,20260603
30140,중구,3,수요일,2,외지인(b),130000.5,20260603
30140,중구,3,수요일,3,외국인(c),487.5099999999999,20260603
30170,서구,3,수요일,1,현지인(a),281466.5,20260603
30170,서구,3,수요일,2,외지인(b),160181.0,20260603
30170,서구,3,수요일,3,외국인(c),1012.63,20260603
30200,유성구,3,수요일,1,현지인(a),264337.5,20260603
30200,유성구,3,수요일,2,외지인(b),165322.5,20260603
30200,유성구,3,수요일,3,외국인(c),1347.8199999999997,20260603
30230,대덕구,3,수요일,1,현지인(a),79831.5,20260603
30230,대덕구,3,수요일,2,외지인(b),72289.0,20260603
30230,대덕구,3,수요일,3,외국인(c),547.9500000000002,20260603
30110,동구,4,목요일,1,현지인(a),110369.0,20260604
30110,동구,4,목요일,2,외지인(b),91234.5,20260604
30110,동구,4,목요일,3,외국인(c),837.8499999999999,20260604
30140,중구,4,목요일,1,현지인(a),135817.5,20260604
30140,중구,4,목요일,2,외지인(b),105304.5,20260604
30140,중구,4,목요일,3,외국인(c),507.8799999999999,20260604
30170,서구,4,목요일,1,현지인(a),302134.0,20260604
30170,서구,4,목요일,2,외지인(b),140854.0,20260604
30170,서구,4,목요일,3,외국인(c),928.4600000000002,20260604
30200,유성구,4,목요일,1,현지인(a),292764.5,20260604
30200,유성구,4,목요일,2,외지인(b),143349.5,20260604
30200,유성구,4,목요일,3,외국인(c),1386.6000000000004,20260604
30230,대덕구,4,목요일,1,현지인(a),87643.5,20260604
30230,대덕구,4,목요일,2,외지인(b),64246.0,20260604
30230,대덕구,4,목요일,3,외국인(c),529.19,20260604
30110,동구,5,금요일,1,현지인(a),111233.5,20260605
30110,동구,5,금요일,2,외지인(b),114128.0,20260605
30110,동구,5,금요일,3,외국인(c),857.9699999999999,20260605
30140,중구,5,금요일,1,현지인(a),139485.5,20260605
30140,중구,5,금요일,2,외지인(b),130032.0,20260605
30140,중구,5,금요일,3,외국인(c),517.9499999999999,20260605
30170,서구,5,금요일,1,현지인(a),309043.0,20260605
30170,서구,5,금요일,2,외지인(b),165459.0,20260605
30170,서구,5,금요일,3,외국인(c),981.68,20260605
30200,유성구,5,금요일,1,현지인(a),295071.0,20260605
30200,유성구,5,금요일,2,외지인(b),165385.5,20260605
30200,유성구,5,금요일,3,외국인(c),1358.4099999999999,20260605
30230,대덕구,5,금요일,1,현지인(a),89743.5,20260605
30230,대덕구,5,금요일,2,외지인(b),76457.5,20260605
30230,대덕구,5,금요일,3,외국인(c),622.36,20260605
30110,동구,6,토요일,1,현지인(a),96684.0,20260606
30110,동구,6,토요일,2,외지인(b),149838.5,20260606
30110,동구,6,토요일,3,외국인(c),912.5299999999999,20260606
30140,중구,6,토요일,1,현지인(a),121642.5,20260606
30140,중구,6,토요일,2,외지인(b),169011.5,20260606
30140,중구,6,토요일,3,외국인(c),575.02,20260606
30170,서구,6,토요일,1,현지인(a),268530.5,20260606
30170,서구,6,토요일,2,외지인(b),204690.5,20260606
30170,서구,6,토요일,3,외국인(c),1108.7199999999998,20260606
30200,유성구,6,토요일,1,현지인(a),245108.5,20260606
30200,유성구,6,토요일,2,외지인(b),223023.5,20260606
30200,유성구,6,토요일,3,외국인(c),1366.26,20260606
30230,대덕구,6,토요일,1,현지인(a),75659.5,20260606
30230,대덕구,6,토요일,2,외지인(b),89096.0,20260606
30230,대덕구,6,토요일,3,외국인(c),567.3700000000002,20260606
30110,동구,7,일요일,1,현지인(a),96327.0,20260607
30110,동구,7,일요일,2,외지인(b),122507.0,20260607
30110,동구,7,일요일,3,외국인(c),913.4200000000001,20260607
30140,중구,7,일요일,1,현지인(a),119962.5,20260607
30140,중구,7,일요일,2,외지인(b),130098.5,20260607
30140,중구,7,일요일,3,외국인(c),533.81,20260607
30170,서구,7,일요일,1,현지인(a),267085.0,20260607
30170,서구,7,일요일,2,외지인(b),165739.0,20260607
30170,서구,7,일요일,3,외국인(c),1144.5700000000002,20260607
30200,유성구,7,일요일,1,현지인(a),246578.5,20260607
30200,유성구,7,일요일,2,외지인(b),169879.5,20260607
30200,유성구,7,일요일,3,외국인(c),1285.3700000000001,20260607
30230,대덕구,7,일요일,1,현지인(a),74483.5,20260607
30230,대덕구,7,일요일,2,외지인(b),73003.0,20260607
30230,대덕구,7,일요일,3,외국인(c),570.93,20260607
30110,동구,1,월요일,1,현지인(a),111104.0,20260608
30110,동구,1,월요일,2,외지인(b),96932.5,20260608
30110,동구,1,월요일,3,외국인(c),799.5300000000001,20260608
30140,중구,1,월요일,1,현지인(a),137049.5,20260608
30140,중구,1,월요일,2,외지인(b),110026.0,20260608
30140,중구,1,월요일,3,외국인(c),509.56999999999994,20260608
30170,서구,1,월요일,1,현지인(a),304122.0,20260608
30170,서구,1,월요일,2,외지인(b),146079.5,20260608
30170,서구,1,월요일,3,외국인(c),1128.95,20260608
30200,유성구,1,월요일,1,현지인(a),293947.5,20260608
30200,유성구,1,월요일,2,외지인(b),145824.0,20260608
30200,유성구,1,월요일,3,외국인(c),1593.3500000000001,20260608
30230,대덕구,1,월요일,1,현지인(a),88403.0,20260608
30230,대덕구,1,월요일,2,외지인(b),66584.0,20260608
30230,대덕구,1,월요일,3,외국인(c),670.0600000000001,20260608
30110,동구,2,화요일,1,현지인(a),110915.0,20260609
30110,동구,2,화요일,2,외지인(b),99575.0,20260609
30110,동구,2,화요일,3,외국인(c),930.93,20260609
30140,중구,2,화요일,1,현지인(a),137259.5,20260609
30140,중구,2,화요일,2,외지인(b),125888.0,20260609
30140,중구,2,화요일,3,외국인(c),620.1700000000001,20260609
30170,서구,2,화요일,1,현지인(a),305966.5,20260609
30170,서구,2,화요일,2,외지인(b),153482.0,20260609
30170,서구,2,화요일,3,외국인(c),1222.51,20260609
30200,유성구,2,화요일,1,현지인(a),296530.5,20260609
30200,유성구,2,화요일,2,외지인(b),158039.0,20260609
30200,유성구,2,화요일,3,외국인(c),1618.4699999999996,20260609
30230,대덕구,2,화요일,1,현지인(a),88609.5,20260609
30230,대덕구,2,화요일,2,외지인(b),69251.0,20260609
30230,대덕구,2,화요일,3,외국인(c),726.2600000000003,20260609
30110,동구,3,수요일,1,현지인(a),111545.0,20260610
30110,동구,3,수요일,2,외지인(b),102154.5,20260610
30110,동구,3,수요일,3,외국인(c),969.7599999999996,20260610
30140,중구,3,수요일,1,현지인(a),138295.5,20260610
30140,중구,3,수요일,2,외지인(b),129073.0,20260610
30140,중구,3,수요일,3,외국인(c),590.0500000000001,20260610
30170,서구,3,수요일,1,현지인(a),309015.0,20260610
30170,서구,3,수요일,2,외지인(b),157031.0,20260610
30170,서구,3,수요일,3,외국인(c),1266.36,20260610
30200,유성구,3,수요일,1,현지인(a),295988.0,20260610
30200,유성구,3,수요일,2,외지인(b),157199.0,20260610
30200,유성구,3,수요일,3,외국인(c),1701.5199999999998,20260610
30230,대덕구,3,수요일,1,현지인(a),89397.0,20260610
30230,대덕구,3,수요일,2,외지인(b),69118.0,20260610
30230,대덕구,3,수요일,3,외국인(c),804.0899999999999,20260610
30110,동구,4,목요일,1,현지인(a),110547.5,20260611
30110,동구,4,목요일,2,외지인(b),105987.0,20260611
30110,동구,4,목요일,3,외국인(c),1117.4099999999999,20260611
30140,중구,4,목요일,1,현지인(a),138523.0,20260611
30140,중구,4,목요일,2,외지인(b),131862.5,20260611
30140,중구,4,목요일,3,외국인(c),657.9600000000002,20260611
30170,서구,4,목요일,1,현지인(a),306831.0,20260611
30170,서구,4,목요일,2,외지인(b),158847.5,20260611
30170,서구,4,목요일,3,외국인(c),1289.4200000000003,20260611
30200,유성구,4,목요일,1,현지인(a),295074.5,20260611
30200,유성구,4,목요일,2,외지인(b),160769.0,20260611
30200,유성구,4,목요일,3,외국인(c),1767.6499999999994,20260611
30230,대덕구,4,목요일,1,현지인(a),88280.5,20260611
30230,대덕구,4,목요일,2,외지인(b),71312.5,20260611
30230,대덕구,4,목요일,3,외국인(c),771.5299999999999,20260611
30110,동구,5,금요일,1,현지인(a),110299.0,20260612
30110,동구,5,금요일,2,외지인(b),116319.0,20260612
30110,동구,5,금요일,3,외국인(c),1188.9899999999996,20260612
30140,중구,5,금요일,1,현지인(a),138628.0,20260612
30140,중구,5,금요일,2,외지인(b),129717.0,20260612
30140,중구,5,금요일,3,외국인(c),625.6400000000002,20260612
30170,서구,5,금요일,1,현지인(a),307181.0,20260612
30170,서구,5,금요일,2,외지인(b),171969.0,20260612
30170,서구,5,금요일,3,외국인(c),1335.12,20260612
30200,유성구,5,금요일,1,현지인(a),293370.0,20260612
30200,유성구,5,금요일,2,외지인(b),170971.5,20260612
30200,유성구,5,금요일,3,외국인(c),1703.3700000000003,20260612
30230,대덕구,5,금요일,1,현지인(a),89008.5,20260612
30230,대덕구,5,금요일,2,외지인(b),76548.5,20260612
30230,대덕구,5,금요일,3,외국인(c),697.43,20260612
30110,동구,6,토요일,1,현지인(a),98119.0,20260613
30110,동구,6,토요일,2,외지인(b),153503.0,20260613
30110,동구,6,토요일,3,외국인(c),1068.2100000000003,20260613
30140,중구,6,토요일,1,현지인(a),124645.5,20260613
30140,중구,6,토요일,2,외지인(b),174548.5,20260613
30140,중구,6,토요일,3,외국인(c),662.0,20260613
30170,서구,6,토요일,1,현지인(a),277861.5,20260613
30170,서구,6,토요일,2,외지인(b),235970.0,20260613
30170,서구,6,토요일,3,외국인(c),1344.8799999999999,20260613
30200,유성구,6,토요일,1,현지인(a),251345.5,20260613
30200,유성구,6,토요일,2,외지인(b),218956.5,20260613
30200,유성구,6,토요일,3,외국인(c),1551.7199999999993,20260613
30230,대덕구,6,토요일,1,현지인(a),77528.5,20260613
30230,대덕구,6,토요일,2,외지인(b),94549.0,20260613
30230,대덕구,6,토요일,3,외국인(c),570.6,20260613
30110,동구,7,일요일,1,현지인(a),94279.5,20260614
30110,동구,7,일요일,2,외지인(b),122430.0,20260614
30110,동구,7,일요일,3,외국인(c),1048.62,20260614
30140,중구,7,일요일,1,현지인(a),118975.5,20260614
30140,중구,7,일요일,2,외지인(b),132937.0,20260614
30140,중구,7,일요일,3,외국인(c),612.74,20260614
30170,서구,7,일요일,1,현지인(a),263340.0,20260614
30170,서구,7,일요일,2,외지인(b),171696.0,20260614
30170,서구,7,일요일,3,외국인(c),1204.6399999999996,20260614
30200,유성구,7,일요일,1,현지인(a),244814.5,20260614
30200,유성구,7,일요일,2,외지인(b),175413.0,20260614
30200,유성구,7,일요일,3,외국인(c),1464.2300000000002,20260614
30230,대덕구,7,일요일,1,현지인(a),73360.0,20260614
30230,대덕구,7,일요일,2,외지인(b),77024.5,20260614
30230,대덕구,7,일요일,3,외국인(c),606.4999999999999,20260614
30110,동구,1,월요일,1,현지인(a),110540.5,20260615
30110,동구,1,월요일,2,외지인(b),100541.0,20260615
30110,동구,1,월요일,3,외국인(c),902.9500000000003,20260615
30140,중구,1,월요일,1,현지인(a),135513.0,20260615
30140,중구,1,월요일,2,외지인(b),113946.0,20260615
30140,중구,1,월요일,3,외국인(c),673.27,20260615
30170,서구,1,월요일,1,현지인(a),303373.0,20260615
30170,서구,1,월요일,2,외지인(b),154983.5,20260615
30170,서구,1,월요일,3,외국인(c),1244.53,20260615
30200,유성구,1,월요일,1,현지인(a),292908.0,20260615
30200,유성구,1,월요일,2,외지인(b),151098.5,20260615
30200,유성구,1,월요일,3,외국인(c),1914.8499999999997,20260615
30230,대덕구,1,월요일,1,현지인(a),87948.0,20260615
30230,대덕구,1,월요일,2,외지인(b),70812.0,20260615
30230,대덕구,1,월요일,3,외국인(c),702.45,20260615
30110,동구,2,화요일,1,현지인(a),108794.0,20260616
30110,동구,2,화요일,2,외지인(b),100719.5,20260616
30110,동구,2,화요일,3,외국인(c),979.5599999999998,20260616
30140,중구,2,화요일,1,현지인(a),136272.5,20260616
30140,중구,2,화요일,2,외지인(b),117813.5,20260616
30140,중구,2,화요일,3,외국인(c),678.87,20260616
30170,서구,2,화요일,1,현지인(a),303761.5,20260616
30170,서구,2,화요일,2,외지인(b),158693.5,20260616
30170,서구,2,화요일,3,외국인(c),1331.76,20260616
30200,유성구,2,화요일,1,현지인(a),293520.5,20260616
30200,유성구,2,화요일,2,외지인(b),160846.0,20260616
30200,유성구,2,화요일,3,외국인(c),2032.16,20260616
30230,대덕구,2,화요일,1,현지인(a),88595.5,20260616
30230,대덕구,2,화요일,2,외지인(b),72383.5,20260616
30230,대덕구,2,화요일,3,외국인(c),791.6400000000002,20260616
30110,동구,3,수요일,1,현지인(a),107320.5,20260617
30110,동구,3,수요일,2,외지인(b),99722.0,20260617
30110,동구,3,수요일,3,외국인(c),1002.49,20260617
30140,중구,3,수요일,1,현지인(a),135306.5,20260617
30140,중구,3,수요일,2,외지인(b),113792.0,20260617
30140,중구,3,수요일,3,외국인(c),531.3100000000001,20260617
30170,서구,3,수요일,1,현지인(a),303604.0,20260617
30170,서구,3,수요일,2,외지인(b),158105.5,20260617
30170,서구,3,수요일,3,외국인(c),1270.56,20260617
30200,유성구,3,수요일,1,현지인(a),291686.5,20260617
30200,유성구,3,수요일,2,외지인(b),159169.5,20260617
30200,유성구,3,수요일,3,외국인(c),2070.9300000000003,20260617
30230,대덕구,3,수요일,1,현지인(a),87871.0,20260617
30230,대덕구,3,수요일,2,외지인(b),72142.0,20260617
30230,대덕구,3,수요일,3,외국인(c),698.9599999999999,20260617
30110,동구,4,목요일,1,현지인(a),108076.5,20260618
30110,동구,4,목요일,2,외지인(b),106218.0,20260618
30110,동구,4,목요일,3,외국인(c),1141.4299999999998,20260618
30140,중구,4,목요일,1,현지인(a),136636.5,20260618
30140,중구,4,목요일,2,외지인(b),123210.5,20260618
30140,중구,4,목요일,3,외국인(c),616.6300000000001,20260618
30170,서구,4,목요일,1,현지인(a),303516.5,20260618
30170,서구,4,목요일,2,외지인(b),163821.0,20260618
30170,서구,4,목요일,3,외국인(c),1201.72,20260618
30200,유성구,4,목요일,1,현지인(a),292537.0,20260618
30200,유성구,4,목요일,2,외지인(b),163138.5,20260618
30200,유성구,4,목요일,3,외국인(c),1892.0400000000002,20260618
30230,대덕구,4,목요일,1,현지인(a),88172.0,20260618
30230,대덕구,4,목요일,2,외지인(b),74903.5,20260618
30230,대덕구,4,목요일,3,외국인(c),720.3900000000002,20260618
30110,동구,5,금요일,1,현지인(a),107457.0,20260619
30110,동구,5,금요일,2,외지인(b),123833.5,20260619
30110,동구,5,금요일,3,외국인(c),1186.4600000000003,20260619
30140,중구,5,금요일,1,현지인(a),137259.5,20260619
30140,중구,5,금요일,2,외지인(b),149464.0,20260619
30140,중구,5,금요일,3,외국인(c),716.3700000000002,20260619
30170,서구,5,금요일,1,현지인(a),304129.0,20260619
30170,서구,5,금요일,2,외지인(b),179735.5,20260619
30170,서구,5,금요일,3,외국인(c),1213.0699999999997,20260619
30200,유성구,5,금요일,1,현지인(a),289177.0,20260619
30200,유성구,5,금요일,2,외지인(b),176687.0,20260619
30200,유성구,5,금요일,3,외국인(c),1650.8500000000001,20260619
30230,대덕구,5,금요일,1,현지인(a),88077.5,20260619
30230,대덕구,5,금요일,2,외지인(b),78935.5,20260619
30230,대덕구,5,금요일,3,외국인(c),738.9799999999999,20260619
30110,동구,6,토요일,1,현지인(a),95004.0,20260620
30110,동구,6,토요일,2,외지인(b),153132.0,20260620
30110,동구,6,토요일,3,외국인(c),1075.82,20260620
30140,중구,6,토요일,1,현지인(a),122825.5,20260620
30140,중구,6,토요일,2,외지인(b),187467.0,20260620
30140,중구,6,토요일,3,외국인(c),687.6399999999999,20260620
30170,서구,6,토요일,1,현지인(a),272188.0,20260620
30170,서구,6,토요일,2,외지인(b),232690.5,20260620
30170,서구,6,토요일,3,외국인(c),1174.8799999999999,20260620
30200,유성구,6,토요일,1,현지인(a),242203.5,20260620
30200,유성구,6,토요일,2,외지인(b),218799.0,20260620
30200,유성구,6,토요일,3,외국인(c),1467.61,20260620
30230,대덕구,6,토요일,1,현지인(a),75995.5,20260620
30230,대덕구,6,토요일,2,외지인(b),90366.5,20260620
30230,대덕구,6,토요일,3,외국인(c),642.9100000000002,20260620
30110,동구,7,일요일,1,현지인(a),95189.5,20260621
30110,동구,7,일요일,2,외지인(b),141319.5,20260621
30110,동구,7,일요일,3,외국인(c),920.68,20260621
30140,중구,7,일요일,1,현지인(a),122143.0,20260621
30140,중구,7,일요일,2,외지인(b),164731.0,20260621
30140,중구,7,일요일,3,외국인(c),603.08,20260621
30170,서구,7,일요일,1,현지인(a),267921.5,20260621
30170,서구,7,일요일,2,외지인(b),190522.5,20260621
30170,서구,7,일요일,3,외국인(c),1414.07,20260621
30200,유성구,7,일요일,1,현지인(a),242277.0,20260621
30200,유성구,7,일요일,2,외지인(b),184817.5,20260621
30200,유성구,7,일요일,3,외국인(c),1611.4999999999998,20260621
30230,대덕구,7,일요일,1,현지인(a),74494.0,20260621
30230,대덕구,7,일요일,2,외지인(b),82201.0,20260621
30230,대덕구,7,일요일,3,외국인(c),675.1700000000001,20260621
30110,동구,1,월요일,1,현지인(a),106039.5,20260622
30110,동구,1,월요일,2,외지인(b),107817.5,20260622
30110,동구,1,월요일,3,외국인(c),1019.98,20260622
30140,중구,1,월요일,1,현지인(a),135611.0,20260622
30140,중구,1,월요일,2,외지인(b),124106.5,20260622
30140,중구,1,월요일,3,외국인(c),568.7400000000001,20260622
30170,서구,1,월요일,1,현지인(a),300440.0,20260622
30170,서구,1,월요일,2,외지인(b),163023.0,20260622
30170,서구,1,월요일,3,외국인(c),1703.97,20260622
30200,유성구,1,월요일,1,현지인(a),282254.0,20260622
30200,유성구,1,월요일,2,외지인(b),157748.5,20260622
30200,유성구,1,월요일,3,외국인(c),2338.98,20260622
30230,대덕구,1,월요일,1,현지인(a),87370.5,20260622
30230,대덕구,1,월요일,2,외지인(b),72338.0,20260622
30230,대덕구,1,월요일,3,외국인(c),769.7599999999999,20260622
30110,동구,2,화요일,1,현지인(a),105304.5,20260623
30110,동구,2,화요일,2,외지인(b),111933.5,20260623
30110,동구,2,화요일,3,외국인(c),958.5100000000001,20260623
30140,중구,2,화요일,1,현지인(a),137116.0,20260623
30140,중구,2,화요일,2,외지인(b),140241.5,20260623
30140,중구,2,화요일,3,외국인(c),711.6999999999999,20260623
30170,서구,2,화요일,1,현지인(a),301668.5,20260623
30170,서구,2,화요일,2,외지인(b),168308.0,20260623
30170,서구,2,화요일,3,외국인(c),1781.4799999999998,20260623
30200,유성구,2,화요일,1,현지인(a),283433.5,20260623
30200,유성구,2,화요일,2,외지인(b),163950.5,20260623
30200,유성구,2,화요일,3,외국인(c),2490.9500000000003,20260623
30230,대덕구,2,화요일,1,현지인(a),88459.0,20260623
30230,대덕구,2,화요일,2,외지인(b),76286.0,20260623
30230,대덕구,2,화요일,3,외국인(c),808.4300000000001,20260623
30110,동구,3,수요일,1,현지인(a),104625.5,20260624
30110,동구,3,수요일,2,외지인(b),112413.0,20260624
30110,동구,3,수요일,3,외국인(c),1022.8199999999997,20260624
30140,중구,3,수요일,1,현지인(a),136941.0,20260624
30140,중구,3,수요일,2,외지인(b),140532.0,20260624
30140,중구,3,수요일,3,외국인(c),583.5499999999997,20260624
30170,서구,3,수요일,1,현지인(a),302743.0,20260624
30170,서구,3,수요일,2,외지인(b),170068.5,20260624
30170,서구,3,수요일,3,외국인(c),1763.1000000000004,20260624
30200,유성구,3,수요일,1,현지인(a),283405.5,20260624
30200,유성구,3,수요일,2,외지인(b),168581.0,20260624
30200,유성구,3,수요일,3,외국인(c),2605.58,20260624
30230,대덕구,3,수요일,1,현지인(a),88025.0,20260624
30230,대덕구,3,수요일,2,외지인(b),74819.5,20260624
30230,대덕구,3,수요일,3,외국인(c),698.0999999999997,20260624
30110,동구,4,목요일,1,현지인(a),103376.0,20260625
30110,동구,4,목요일,2,외지인(b),110292.0,20260625
30110,동구,4,목요일,3,외국인(c),1092.41,20260625
30140,중구,4,목요일,1,현지인(a),136265.5,20260625
30140,중구,4,목요일,2,외지인(b),139622.0,20260625
30140,중구,4,목요일,3,외국인(c),642.34,20260625
30170,서구,4,목요일,1,현지인(a),299635.0,20260625
30170,서구,4,목요일,2,외지인(b),168952.0,20260625
30170,서구,4,목요일,3,외국인(c),1805.2500000000002,20260625
30200,유성구,4,목요일,1,현지인(a),280577.5,20260625
30200,유성구,4,목요일,2,외지인(b),164871.0,20260625
30200,유성구,4,목요일,3,외국인(c),2456.1099999999997,20260625
30230,대덕구,4,목요일,1,현지인(a),86380.0,20260625
30230,대덕구,4,목요일,2,외지인(b),74564.0,20260625
30230,대덕구,4,목요일,3,외국인(c),690.1899999999999,20260625
30110,동구,5,금요일,1,현지인(a),105486.5,20260626
30110,동구,5,금요일,2,외지인(b),128824.5,20260626
30110,동구,5,금요일,3,외국인(c),1168.7699999999998,20260626
30140,중구,5,금요일,1,현지인(a),138236.0,20260626
30140,중구,5,금요일,2,외지인(b),146387.5,20260626
30140,중구,5,금요일,3,외국인(c),687.55,20260626
30170,서구,5,금요일,1,현지인(a),304055.5,20260626
30170,서구,5,금요일,2,외지인(b),190333.5,20260626
30170,서구,5,금요일,3,외국인(c),1700.3799999999999,20260626
30200,유성구,5,금요일,1,현지인(a),283150.0,20260626
30200,유성구,5,금요일,2,외지인(b),185318.0,20260626
30200,유성구,5,금요일,3,외국인(c),1989.2199999999998,20260626
30230,대덕구,5,금요일,1,현지인(a),88217.5,20260626
30230,대덕구,5,금요일,2,외지인(b),83552.0,20260626
30230,대덕구,5,금요일,3,외국인(c),668.46,20260626
30110,동구,6,토요일,1,현지인(a),94629.5,20260627
30110,동구,6,토요일,2,외지인(b),159883.5,20260627
30110,동구,6,토요일,3,외국인(c),995.8000000000001,20260627
30140,중구,6,토요일,1,현지인(a),123732.0,20260627
30140,중구,6,토요일,2,외지인(b),184156.0,20260627
30140,중구,6,토요일,3,외국인(c),595.8699999999999,20260627
30170,서구,6,토요일,1,현지인(a),273147.0,20260627
30170,서구,6,토요일,2,외지인(b),240551.5,20260627
30170,서구,6,토요일,3,외국인(c),1492.17,20260627
30200,유성구,6,토요일,1,현지인(a),242616.5,20260627
30200,유성구,6,토요일,2,외지인(b),226667.0,20260627
30200,유성구,6,토요일,3,외국인(c),1682.3999999999999,20260627
30230,대덕구,6,토요일,1,현지인(a),76594.0,20260627
30230,대덕구,6,토요일,2,외지인(b),97769.0,20260627
30230,대덕구,6,토요일,3,외국인(c),581.0799999999999,20260627
30110,동구,7,일요일,1,현지인(a),91406.0,20260628
30110,동구,7,일요일,2,외지인(b),132713.0,20260628
30110,동구,7,일요일,3,외국인(c),1037.8000000000002,20260628
30140,중구,7,일요일,1,현지인(a),119423.5,20260628
30140,중구,7,일요일,2,외지인(b),142310.0,20260628
30140,중구,7,일요일,3,외국인(c),540.5500000000001,20260628
30170,서구,7,일요일,1,현지인(a),262867.5,20260628
30170,서구,7,일요일,2,외지인(b),181639.5,20260628
30170,서구,7,일요일,3,외국인(c),1392.4900000000002,20260628
30200,유성구,7,일요일,1,현지인(a),237860.0,20260628
30200,유성구,7,일요일,2,외지인(b),188429.5,20260628
30200,유성구,7,일요일,3,외국인(c),1662.0800000000004,20260628
30230,대덕구,7,일요일,1,현지인(a),73734.5,20260628
30230,대덕구,7,일요일,2,외지인(b),81389.0,20260628
30230,대덕구,7,일요일,3,외국인(c),603.46,20260628
30110,동구,1,월요일,1,현지인(a),103656.0,20260629
30110,동구,1,월요일,2,외지인(b),108524.5,20260629
30110,동구,1,월요일,3,외국인(c),961.74,20260629
30140,중구,1,월요일,1,현지인(a),134323.0,20260629
30140,중구,1,월요일,2,외지인(b),123501.0,20260629
30140,중구,1,월요일,3,외국인(c),621.1500000000001,20260629
30170,서구,1,월요일,1,현지인(a),298553.5,20260629
30170,서구,1,월요일,2,외지인(b),169701.0,20260629
30170,서구,1,월요일,3,외국인(c),1455.7900000000002,20260629
30200,유성구,1,월요일,1,현지인(a),280346.5,20260629
30200,유성구,1,월요일,2,외지인(b),166565.0,20260629
30200,유성구,1,월요일,3,외국인(c),1959.6200000000001,20260629
30230,대덕구,1,월요일,1,현지인(a),86205.0,20260629
30230,대덕구,1,월요일,2,외지인(b),74921.0,20260629
30230,대덕구,1,월요일,3,외국인(c),732.2899999999998,20260629
30110,동구,2,화요일,1,현지인(a),102606.0,20260630
30110,동구,2,화요일,2,외지인(b),108825.5,20260630
30110,동구,2,화요일,3,외국인(c),999.3099999999997,20260630
30140,중구,2,화요일,1,현지인(a),135026.5,20260630
30140,중구,2,화요일,2,외지인(b),136545.5,20260630
30140,중구,2,화요일,3,외국인(c),624.87,20260630
30170,서구,2,화요일,1,현지인(a),300219.5,20260630
30170,서구,2,화요일,2,외지인(b),169498.0,20260630
30170,서구,2,화요일,3,외국인(c),1492.9999999999995,20260630
30200,유성구,2,화요일,1,현지인(a),281487.5,20260630
30200,유성구,2,화요일,2,외지인(b),167468.0,20260630
30200,유성구,2,화요일,3,외국인(c),2008.9199999999994,20260630
30230,대덕구,2,화요일,1,현지인(a),86530.5,20260630
30230,대덕구,2,화요일,2,외지인(b),77238.0,20260630
30230,대덕구,2,화요일,3,외국인(c),849.76,20260630
30110,동구,3,수요일,1,현지인(a),97114.5,20260701
30110,동구,3,수요일,2,외지인(b),92624.0,20260701
30110,동구,3,수요일,3,외국인(c),1007.6799999999998,20260701
30140,중구,3,수요일,1,현지인(a),132597.5,20260701
30140,중구,3,수요일,2,외지인(b),120911.0,20260701
30140,중구,3,수요일,3,외국인(c),593.3299999999999,20260701
30170,서구,3,수요일,1,현지인(a),292162.5,20260701
30170,서구,3,수요일,2,외지인(b),144581.5,20260701
30170,서구,3,수요일,3,외국인(c),1318.29,20260701
30200,유성구,3,수요일,1,현지인(a),272051.5,20260701
30200,유성구,3,수요일,2,외지인(b),138533.5,20260701
30200,유성구,3,수요일,3,외국인(c),1977.0000000000005,20260701
30230,대덕구,3,수요일,1,현지인(a),83279.0,20260701
30230,대덕구,3,수요일,2,외지인(b),61400.5,20260701
30230,대덕구,3,수요일,3,외국인(c),669.9100000000001,20260701
30110,동구,4,목요일,1,현지인(a),97380.5,20260702
30110,동구,4,목요일,2,외지인(b),95161.5,20260702
30110,동구,4,목요일,3,외국인(c),1029.2700000000002,20260702
30140,중구,4,목요일,1,현지인(a),131768.0,20260702
30140,중구,4,목요일,2,외지인(b),122262.0,20260702
30140,중구,4,목요일,3,외국인(c),610.4300000000001,20260702
30170,서구,4,목요일,1,현지인(a),291581.5,20260702
30170,서구,4,목요일,2,외지인(b),145988.5,20260702
30170,서구,4,목요일,3,외국인(c),1316.6100000000001,20260702
30200,유성구,4,목요일,1,현지인(a),270613.0,20260702
30200,유성구,4,목요일,2,외지인(b),142761.5,20260702
30200,유성구,4,목요일,3,외국인(c),1846.2599999999998,20260702
30230,대덕구,4,목요일,1,현지인(a),82610.5,20260702
30230,대덕구,4,목요일,2,외지인(b),62100.5,20260702
30230,대덕구,4,목요일,3,외국인(c),649.63,20260702
30110,동구,5,금요일,1,현지인(a),98616.0,20260703
30110,동구,5,금요일,2,외지인(b),113403.5,20260703
30110,동구,5,금요일,3,외국인(c),1047.7800000000004,20260703
30140,중구,5,금요일,1,현지인(a),132874.0,20260703
30140,중구,5,금요일,2,외지인(b),131068.0,20260703
30140,중구,5,금요일,3,외국인(c),514.14,20260703
30170,서구,5,금요일,1,현지인(a),296373.0,20260703
30170,서구,5,금요일,2,외지인(b),170663.5,20260703
30170,서구,5,금요일,3,외국인(c),1469.88,20260703
30200,유성구,5,금요일,1,현지인(a),273381.5,20260703
30200,유성구,5,금요일,2,외지인(b),164724.0,20260703
30200,유성구,5,금요일,3,외국인(c),2008.8000000000004,20260703
30230,대덕구,5,금요일,1,현지인(a),84567.0,20260703
30230,대덕구,5,금요일,2,외지인(b),73048.5,20260703
30230,대덕구,5,금요일,3,외국인(c),704.1099999999999,20260703
30110,동구,6,토요일,1,현지인(a),90478.5,20260704
30110,동구,6,토요일,2,외지인(b),152407.5,20260704
30110,동구,6,토요일,3,외국인(c),980.8900000000003,20260704
30140,중구,6,토요일,1,현지인(a),120431.5,20260704
30140,중구,6,토요일,2,외지인(b),172620.0,20260704
30140,중구,6,토요일,3,외국인(c),618.4200000000001,20260704
30170,서구,6,토요일,1,현지인(a),269017.0,20260704
30170,서구,6,토요일,2,외지인(b),234937.5,20260704
30170,서구,6,토요일,3,외국인(c),1311.3500000000001,20260704
30200,유성구,6,토요일,1,현지인(a),238364.0,20260704
30200,유성구,6,토요일,2,외지인(b),232753.5,20260704
30200,유성구,6,토요일,3,외국인(c),1772.2,20260704
30230,대덕구,6,토요일,1,현지인(a),74756.5,20260704
30230,대덕구,6,토요일,2,외지인(b),93460.5,20260704
30230,대덕구,6,토요일,3,외국인(c),565.9699999999999,20260704
30110,동구,7,일요일,1,현지인(a),86457.0,20260705
30110,동구,7,일요일,2,외지인(b),123231.5,20260705
30110,동구,7,일요일,3,외국인(c),1134.9600000000003,20260705
30140,중구,7,일요일,1,현지인(a),115129.0,20260705
30140,중구,7,일요일,2,외지인(b),137294.5,20260705
30140,중구,7,일요일,3,외국인(c),612.2,20260705
30170,서구,7,일요일,1,현지인(a),255766.0,20260705
30170,서구,7,일요일,2,외지인(b),177656.5,20260705
30170,서구,7,일요일,3,외국인(c),1262.3500000000001,20260705
30200,유성구,7,일요일,1,현지인(a),231574.0,20260705
30200,유성구,7,일요일,2,외지인(b),175917.0,20260705
30200,유성구,7,일요일,3,외국인(c),1791.0400000000004,20260705
30230,대덕구,7,일요일,1,현지인(a),70997.5,20260705
30230,대덕구,7,일요일,2,외지인(b),71921.5,20260705
30230,대덕구,7,일요일,3,외국인(c),621.4100000000001,20260705
30110,동구,1,월요일,1,현지인(a),96246.5,20260706
30110,동구,1,월요일,2,외지인(b),91822.5,20260706
30110,동구,1,월요일,3,외국인(c),933.0200000000002,20260706
30140,중구,1,월요일,1,현지인(a),129482.5,20260706
30140,중구,1,월요일,2,외지인(b),106508.5,20260706
30140,중구,1,월요일,3,외국인(c),555.0000000000001,20260706
30170,서구,1,월요일,1,현지인(a),285824.0,20260706
30170,서구,1,월요일,2,외지인(b),143367.0,20260706
30170,서구,1,월요일,3,외국인(c),1274.72,20260706
30200,유성구,1,월요일,1,현지인(a),265499.5,20260706
30200,유성구,1,월요일,2,외지인(b),133521.5,20260706
30200,유성구,1,월요일,3,외국인(c),1845.0800000000006,20260706
30230,대덕구,1,월요일,1,현지인(a),81630.5,20260706
30230,대덕구,1,월요일,2,외지인(b),59374.0,20260706
30230,대덕구,1,월요일,3,외국인(c),683.62,20260706
30110,동구,2,화요일,1,현지인(a),95487.0,20260707
30110,동구,2,화요일,2,외지인(b),92596.0,20260707
30110,동구,2,화요일,3,외국인(c),967.26,20260707
30140,중구,2,화요일,1,현지인(a),130392.5,20260707
30140,중구,2,화요일,2,외지인(b),119987.0,20260707
30140,중구,2,화요일,3,외국인(c),608.51,20260707
30170,서구,2,화요일,1,현지인(a),284973.5,20260707
30170,서구,2,화요일,2,외지인(b),143976.0,20260707
30170,서구,2,화요일,3,외국인(c),1420.26,20260707
30200,유성구,2,화요일,1,현지인(a),266637.0,20260707
30200,유성구,2,화요일,2,외지인(b),137718.0,20260707
30200,유성구,2,화요일,3,외국인(c),1961.9000000000005,20260707
30230,대덕구,2,화요일,1,현지인(a),82390.0,20260707
30230,대덕구,2,화요일,2,외지인(b),61614.0,20260707
30230,대덕구,2,화요일,3,외국인(c),670.4899999999998,20260707
30110,동구,3,수요일,1,현지인(a),94510.5,20260708
30110,동구,3,수요일,2,외지인(b),89365.5,20260708
30110,동구,3,수요일,3,외국인(c),1045.38,20260708
30140,중구,3,수요일,1,현지인(a),126941.5,20260708
30140,중구,3,수요일,2,외지인(b),105955.5,20260708
30140,중구,3,수요일,3,외국인(c),661.3300000000002,20260708
30170,서구,3,수요일,1,현지인(a),281599.5,20260708
30170,서구,3,수요일,2,외지인(b),141354.5,20260708
30170,서구,3,수요일,3,외국인(c),1496.0600000000009,20260708
30200,유성구,3,수요일,1,현지인(a),263063.5,20260708
30200,유성구,3,수요일,2,외지인(b),137980.5,20260708
30200,유성구,3,수요일,3,외국인(c),2142.6400000000003,20260708
30230,대덕구,3,수요일,1,현지인(a),81000.5,20260708
30230,대덕구,3,수요일,2,외지인(b),60105.5,20260708
30230,대덕구,3,수요일,3,외국인(c),654.8800000000001,20260708
30110,동구,4,목요일,1,현지인(a),95263.0,20260709
30110,동구,4,목요일,2,외지인(b),93733.5,20260709
30110,동구,4,목요일,3,외국인(c),1273.8700000000001,20260709
30140,중구,4,목요일,1,현지인(a),129346.0,20260709
30140,중구,4,목요일,2,외지인(b),116448.5,20260709
30140,중구,4,목요일,3,외국인(c),728.4799999999999,20260709
30170,서구,4,목요일,1,현지인(a),284588.5,20260709
30170,서구,4,목요일,2,외지인(b),142800.0,20260709
30170,서구,4,목요일,3,외국인(c),1635.9999999999995,20260709
30200,유성구,4,목요일,1,현지인(a),265142.5,20260709
30200,유성구,4,목요일,2,외지인(b),141480.5,20260709
30200,유성구,4,목요일,3,외국인(c),2571.37,20260709
30230,대덕구,4,목요일,1,현지인(a),81634.0,20260709
30230,대덕구,4,목요일,2,외지인(b),60840.5,20260709
30230,대덕구,4,목요일,3,외국인(c),722.43,20260709
30110,동구,5,금요일,1,현지인(a),97534.5,20260710
30110,동구,5,금요일,2,외지인(b),117719.0,20260710
30110,동구,5,금요일,3,외국인(c),1392.5400000000004,20260710
30140,중구,5,금요일,1,현지인(a),133920.5,20260710
30140,중구,5,금요일,2,외지인(b),134718.5,20260710
30140,중구,5,금요일,3,외국인(c),786.6000000000003,20260710
30170,서구,5,금요일,1,현지인(a),293653.5,20260710
30170,서구,5,금요일,2,외지인(b),171783.5,20260710
30170,서구,5,금요일,3,외국인(c),1740.1500000000003,20260710
30200,유성구,5,금요일,1,현지인(a),272167.0,20260710
30200,유성구,5,금요일,2,외지인(b),168518.0,20260710
30200,유성구,5,금요일,3,외국인(c),2562.2900000000004,20260710
30230,대덕구,5,금요일,1,현지인(a),83975.5,20260710
30230,대덕구,5,금요일,2,외지인(b),75841.5,20260710
30230,대덕구,5,금요일,3,외국인(c),767.3499999999999,20260710
30110,동구,6,토요일,1,현지인(a),90272.0,20260711
30110,동구,6,토요일,2,외지인(b),155151.5,20260711
30110,동구,6,토요일,3,외국인(c),1720.1299999999999,20260711
30140,중구,6,토요일,1,현지인(a),121796.5,20260711
30140,중구,6,토요일,2,외지인(b),179417.0,20260711
30140,중구,6,토요일,3,외국인(c),977.0200000000001,20260711
30170,서구,6,토요일,1,현지인(a),267449.0,20260711
30170,서구,6,토요일,2,외지인(b),232813.0,20260711
30170,서구,6,토요일,3,외국인(c),2267.6400000000003,20260711
30200,유성구,6,토요일,1,현지인(a),239046.5,20260711
30200,유성구,6,토요일,2,외지인(b),231609.0,20260711
30200,유성구,6,토요일,3,외국인(c),3107.7100000000005,20260711
30230,대덕구,6,토요일,1,현지인(a),74042.5,20260711
30230,대덕구,6,토요일,2,외지인(b),93579.5,20260711
30230,대덕구,6,토요일,3,외국인(c),827.8800000000002,20260711
30110,동구,7,일요일,1,현지인(a),86289.0,20260712
30110,동구,7,일요일,2,외지인(b),127368.5,20260712
30110,동구,7,일요일,3,외국인(c),1772.3199999999997,20260712
30140,중구,7,일요일,1,현지인(a),116683.0,20260712
30140,중구,7,일요일,2,외지인(b),140882.0,20260712
30140,중구,7,일요일,3,외국인(c),874.8900000000001,20260712
30170,서구,7,일요일,1,현지인(a),256182.5,20260712
30170,서구,7,일요일,2,외지인(b),177520.0,20260712
30170,서구,7,일요일,3,외국인(c),2595.210000000001,20260712
30200,유성구,7,일요일,1,현지인(a),233275.0,20260712
30200,유성구,7,일요일,2,외지인(b),187047.0,20260712
30200,유성구,7,일요일,3,외국인(c),3692.080000000001,20260712
30230,대덕구,7,일요일,1,현지인(a),71113.0,20260712
30230,대덕구,7,일요일,2,외지인(b),75950.0,20260712
30230,대덕구,7,일요일,3,외국인(c),795.8299999999999,20260712
30110,동구,1,월요일,1,현지인(a),95669.0,20260713
30110,동구,1,월요일,2,외지인(b),96243.0,20260713
30110,동구,1,월요일,3,외국인(c),1833.9500000000007,20260713
30140,중구,1,월요일,1,현지인(a),129045.0,20260713
30140,중구,1,월요일,2,외지인(b),115696.0,20260713
30140,중구,1,월요일,3,외국인(c),946.11,20260713
30170,서구,1,월요일,1,현지인(a),285288.5,20260713
30170,서구,1,월요일,2,외지인(b),150416.0,20260713
30170,서구,1,월요일,3,외국인(c),2446.51,20260713
30200,유성구,1,월요일,1,현지인(a),264953.5,20260713
30200,유성구,1,월요일,2,외지인(b),144389.0,20260713
30200,유성구,1,월요일,3,외국인(c),2535.9100000000003,20260713
30230,대덕구,1,월요일,1,현지인(a),81924.5,20260713
30230,대덕구,1,월요일,2,외지인(b),65030.0,20260713
30230,대덕구,1,월요일,3,외국인(c),672.27,20260713
30110,동구,2,화요일,1,현지인(a),95154.5,20260714
30110,동구,2,화요일,2,외지인(b),93933.0,20260714
30110,동구,2,화요일,3,외국인(c),1089.3700000000001,20260714
30140,중구,2,화요일,1,현지인(a),129132.5,20260714
30140,중구,2,화요일,2,외지인(b),112266.0,20260714
30140,중구,2,화요일,3,외국인(c),650.1700000000001,20260714
30170,서구,2,화요일,1,현지인(a),286195.0,20260714
30170,서구,2,화요일,2,외지인(b),152880.0,20260714
30170,서구,2,화요일,3,외국인(c),1726.3199999999997,20260714
30200,유성구,2,화요일,1,현지인(a),265888.0,20260714
30200,유성구,2,화요일,2,외지인(b),144494.0,20260714
30200,유성구,2,화요일,3,외국인(c),2047.34,20260714
30230,대덕구,2,화요일,1,현지인(a),81385.5,20260714
30230,대덕구,2,화요일,2,외지인(b),64690.5,20260714
30230,대덕구,2,화요일,3,외국인(c),719.8999999999997,20260714
30110,동구,3,수요일,1,현지인(a),95651.5,20260715
30110,동구,3,수요일,2,외지인(b),97489.0,20260715
30110,동구,3,수요일,3,외국인(c),1101.4799999999996,20260715
30140,중구,3,수요일,1,현지인(a),130035.5,20260715
30140,중구,3,수요일,2,외지인(b),116662.0,20260715
30140,중구,3,수요일,3,외국인(c),625.15,20260715
30170,서구,3,수요일,1,현지인(a),288358.0,20260715
30170,서구,3,수요일,2,외지인(b),159880.0,20260715
30170,서구,3,수요일,3,외국인(c),1336.4599999999998,20260715
30200,유성구,3,수요일,1,현지인(a),267526.0,20260715
30200,유성구,3,수요일,2,외지인(b),153944.0,20260715
30200,유성구,3,수요일,3,외국인(c),1826.6000000000004,20260715
30230,대덕구,3,수요일,1,현지인(a),81886.0,20260715
30230,대덕구,3,수요일,2,외지인(b),67536.0,20260715
30230,대덕구,3,수요일,3,외국인(c),738.1300000000001,20260715
30110,동구,4,목요일,1,현지인(a),96320.0,20260716
30110,동구,4,목요일,2,외지인(b),117621.0,20260716
30110,동구,4,목요일,3,외국인(c),1058.5899999999997,20260716
30140,중구,4,목요일,1,현지인(a),131568.5,20260716
30140,중구,4,목요일,2,외지인(b),146338.5,20260716
30140,중구,4,목요일,3,외국인(c),657.9300000000001,20260716
30170,서구,4,목요일,1,현지인(a),291427.5,20260716
30170,서구,4,목요일,2,외지인(b),179511.5,20260716
30170,서구,4,목요일,3,외국인(c),1346.0499999999997,20260716
30200,유성구,4,목요일,1,현지인(a),269048.5,20260716
30200,유성구,4,목요일,2,외지인(b),172522.0,20260716
30200,유성구,4,목요일,3,외국인(c),1866.77,20260716
30230,대덕구,4,목요일,1,현지인(a),82607.0,20260716
30230,대덕구,4,목요일,2,외지인(b),75243.0,20260716
30230,대덕구,4,목요일,3,외국인(c),766.3700000000001,20260716
30110,동구,5,금요일,1,현지인(a),87090.5,20260717
30110,동구,5,금요일,2,외지인(b),141043.0,20260717
30110,동구,5,금요일,3,외국인(c),1009.55,20260717
30140,중구,5,금요일,1,현지인(a),116455.5,20260717
30140,중구,5,금요일,2,외지인(b),176935.5,20260717
30140,중구,5,금요일,3,외국인(c),628.07,20260717
30170,서구,5,금요일,1,현지인(a),253347.5,20260717
30170,서구,5,금요일,2,외지인(b),200830.0,20260717
30170,서구,5,금요일,3,외국인(c),1313.31,20260717
30200,유성구,5,금요일,1,현지인(a),226915.5,20260717
30200,유성구,5,금요일,2,외지인(b),200900.0,20260717
30200,유성구,5,금요일,3,외국인(c),1629.1100000000001,20260717
30230,대덕구,5,금요일,1,현지인(a),71750.0,20260717
30230,대덕구,5,금요일,2,외지인(b),87010.0,20260717
30230,대덕구,5,금요일,3,외국인(c),659.1,20260717
30110,동구,6,토요일,1,현지인(a),85407.0,20260718
30110,동구,6,토요일,2,외지인(b),142684.5,20260718
30110,동구,6,토요일,3,외국인(c),1076.5300000000002,20260718
30140,중구,6,토요일,1,현지인(a),115517.5,20260718
30140,중구,6,토요일,2,외지인(b),175553.0,20260718
30140,중구,6,토요일,3,외국인(c),657.4200000000001,20260718
30170,서구,6,토요일,1,현지인(a),253547.0,20260718
30170,서구,6,토요일,2,외지인(b),220311.0,20260718
30170,서구,6,토요일,3,외국인(c),1159.98,20260718
30200,유성구,6,토요일,1,현지인(a),221210.5,20260718
30200,유성구,6,토요일,2,외지인(b),209751.5,20260718
30200,유성구,6,토요일,3,외국인(c),1443.33,20260718
30230,대덕구,6,토요일,1,현지인(a),70388.5,20260718
30230,대덕구,6,토요일,2,외지인(b),84518.0,20260718
30230,대덕구,6,토요일,3,외국인(c),595.88,20260718
30110,동구,7,일요일,1,현지인(a),86649.5,20260719
30110,동구,7,일요일,2,외지인(b),127578.5,20260719
30110,동구,7,일요일,3,외국인(c),1008.8899999999998,20260719
30140,중구,7,일요일,1,현지인(a),116525.5,20260719
30140,중구,7,일요일,2,외지인(b),154028.0,20260719
30140,중구,7,일요일,3,외국인(c),600.3199999999999,20260719
30170,서구,7,일요일,1,현지인(a),256571.0,20260719
30170,서구,7,일요일,2,외지인(b),179686.5,20260719
30170,서구,7,일요일,3,외국인(c),1535.8299999999997,20260719
30200,유성구,7,일요일,1,현지인(a),230177.5,20260719
30200,유성구,7,일요일,2,외지인(b),176134.0,20260719
30200,유성구,7,일요일,3,외국인(c),1507.94,20260719
30230,대덕구,7,일요일,1,현지인(a),70224.0,20260719
30230,대덕구,7,일요일,2,외지인(b),76030.5,20260719
30230,대덕구,7,일요일,3,외국인(c),576.77,20260719
30110,동구,1,월요일,1,현지인(a),94668.0,20260720
30110,동구,1,월요일,2,외지인(b),99550.5,20260720
30110,동구,1,월요일,3,외국인(c),946.9100000000003,20260720
30140,중구,1,월요일,1,현지인(a),128138.5,20260720
30140,중구,1,월요일,2,외지인(b),116868.5,20260720
30140,중구,1,월요일,3,외국인(c),615.4800000000001,20260720
30170,서구,1,월요일,1,현지인(a),284641.0,20260720
30170,서구,1,월요일,2,외지인(b),157664.5,20260720
30170,서구,1,월요일,3,외국인(c),1212.4399999999998,20260720
30200,유성구,1,월요일,1,현지인(a),262129.0,20260720
30200,유성구,1,월요일,2,외지인(b),144431.0,20260720
30200,유성구,1,월요일,3,외국인(c),1587.3999999999999,20260720
30230,대덕구,1,월요일,1,현지인(a),81007.5,20260720
30230,대덕구,1,월요일,2,외지인(b),66090.5,20260720
30230,대덕구,1,월요일,3,외국인(c),746.6399999999999,20260720
30110,동구,2,화요일,1,현지인(a),93663.5,20260721
30110,동구,2,화요일,2,외지인(b),97919.5,20260721
30110,동구,2,화요일,3,외국인(c),952.4700000000003,20260721
30140,중구,2,화요일,1,현지인(a),128054.5,20260721
30140,중구,2,화요일,2,외지인(b),120088.5,20260721
30140,중구,2,화요일,3,외국인(c),624.9799999999999,20260721
30170,서구,2,화요일,1,현지인(a),284319.0,20260721
30170,서구,2,화요일,2,외지인(b),160881.0,20260721
30170,서구,2,화요일,3,외국인(c),1236.72,20260721
30200,유성구,2,화요일,1,현지인(a),263732.0,20260721
30200,유성구,2,화요일,2,외지인(b),156082.5,20260721
30200,유성구,2,화요일,3,외국인(c),1766.5700000000002,20260721
30230,대덕구,2,화요일,1,현지인(a),81368.0,20260721
30230,대덕구,2,화요일,2,외지인(b),67165.0,20260721
30230,대덕구,2,화요일,3,외국인(c),766.39,20260721
30110,동구,3,수요일,1,현지인(a),93733.5,20260722
30110,동구,3,수요일,2,외지인(b),100082.5,20260722
30110,동구,3,수요일,3,외국인(c),887.4100000000002,20260722
30140,중구,3,수요일,1,현지인(a),128852.5,20260722
30140,중구,3,수요일,2,외지인(b),122269.0,20260722
30140,중구,3,수요일,3,외국인(c),564.2899999999998,20260722
30170,서구,3,수요일,1,현지인(a),285050.5,20260722
30170,서구,3,수요일,2,외지인(b),166239.5,20260722
30170,서구,3,수요일,3,외국인(c),1204.31,20260722
30200,유성구,3,수요일,1,현지인(a),263564.0,20260722
30200,유성구,3,수요일,2,외지인(b),156558.5,20260722
30200,유성구,3,수요일,3,외국인(c),1846.5299999999995,20260722
30230,대덕구,3,수요일,1,현지인(a),81224.5,20260722
30230,대덕구,3,수요일,2,외지인(b),68512.5,20260722
30230,대덕구,3,수요일,3,외국인(c),802.39,20260722
30110,동구,4,목요일,1,현지인(a),93901.5,20260723
30110,동구,4,목요일,2,외지인(b),104450.5,20260723
30110,동구,4,목요일,3,외국인(c),934.5100000000002,20260723
30140,중구,4,목요일,1,현지인(a),128100.0,20260723
30140,중구,4,목요일,2,외지인(b),126714.0,20260723
30140,중구,4,목요일,3,외국인(c),577.4799999999998,20260723
30170,서구,4,목요일,1,현지인(a),283811.5,20260723
30170,서구,4,목요일,2,외지인(b),171514.0,20260723
30170,서구,4,목요일,3,외국인(c),1142.71,20260723
30200,유성구,4,목요일,1,현지인(a),263812.5,20260723
30200,유성구,4,목요일,2,외지인(b),164101.0,20260723
30200,유성구,4,목요일,3,외국인(c),1872.8299999999997,20260723
30230,대덕구,4,목요일,1,현지인(a),80979.5,20260723
30230,대덕구,4,목요일,2,외지인(b),71606.5,20260723
30230,대덕구,4,목요일,3,외국인(c),724.0299999999999,20260723
30110,동구,5,금요일,1,현지인(a),94472.0,20260724
30110,동구,5,금요일,2,외지인(b),122993.5,20260724
30110,동구,5,금요일,3,외국인(c),1040.5900000000001,20260724
30140,중구,5,금요일,1,현지인(a),130203.5,20260724
30140,중구,5,금요일,2,외지인(b),154532.0,20260724
30140,중구,5,금요일,3,외국인(c),613.6299999999999,20260724
30170,서구,5,금요일,1,현지인(a),287469.0,20260724
30170,서구,5,금요일,2,외지인(b),192388.0,20260724
30170,서구,5,금요일,3,외국인(c),1201.1,20260724
30200,유성구,5,금요일,1,현지인(a),264932.5,20260724
30200,유성구,5,금요일,2,외지인(b),180250.0,20260724
30200,유성구,5,금요일,3,외국인(c),1681.0699999999995,20260724
30230,대덕구,5,금요일,1,현지인(a),82274.5,20260724
30230,대덕구,5,금요일,2,외지인(b),79824.5,20260724
30230,대덕구,5,금요일,3,외국인(c),780.23,20260724
30110,동구,6,토요일,1,현지인(a),88375.0,20260725
30110,동구,6,토요일,2,외지인(b),151973.5,20260725
30110,동구,6,토요일,3,외국인(c),1088.3799999999999,20260725
30140,중구,6,토요일,1,현지인(a),119539.0,20260725
30140,중구,6,토요일,2,외지인(b),191730.0,20260725
30140,중구,6,토요일,3,외국인(c),641.6800000000001,20260725
30170,서구,6,토요일,1,현지인(a),263819.5,20260725
30170,서구,6,토요일,2,외지인(b),233838.5,20260725
30170,서구,6,토요일,3,외국인(c),1270.84,20260725
30200,유성구,6,토요일,1,현지인(a),232452.5,20260725
30200,유성구,6,토요일,2,외지인(b),219996.0,20260725
30200,유성구,6,토요일,3,외국인(c),1585.8200000000002,20260725
30230,대덕구,6,토요일,1,현지인(a),73391.5,20260725
30230,대덕구,6,토요일,2,외지인(b),93999.5,20260725
30230,대덕구,6,토요일,3,외국인(c),676.4399999999999,20260725
30110,동구,7,일요일,1,현지인(a),84395.5,20260726
30110,동구,7,일요일,2,외지인(b),133280.0,20260726
30110,동구,7,일요일,3,외국인(c),1087.09,20260726
30140,중구,7,일요일,1,현지인(a),114621.5,20260726
30140,중구,7,일요일,2,외지인(b),160366.5,20260726
30140,중구,7,일요일,3,외국인(c),639.27,20260726
30170,서구,7,일요일,1,현지인(a),251034.0,20260726
30170,서구,7,일요일,2,외지인(b),183834.0,20260726
30170,서구,7,일요일,3,외국인(c),1318.06,20260726
30200,유성구,7,일요일,1,현지인(a),226681.0,20260726
30200,유성구,7,일요일,2,외지인(b),185244.5,20260726
30200,유성구,7,일요일,3,외국인(c),1861.3400000000001,20260726
30230,대덕구,7,일요일,1,현지인(a),69772.5,20260726
30230,대덕구,7,일요일,2,외지인(b),79747.5,20260726
30230,대덕구,7,일요일,3,외국인(c),707.92,20260726
30110,동구,1,월요일,1,현지인(a),92666.0,20260727
30110,동구,1,월요일,2,외지인(b),110141.5,20260727
30110,동구,1,월요일,3,외국인(c),1008.4399999999999,20260727
30140,중구,1,월요일,1,현지인(a),125345.5,20260727
30140,중구,1,월요일,2,외지인(b),132195.0,20260727
30140,중구,1,월요일,3,외국인(c),558.2900000000003,20260727
30170,서구,1,월요일,1,현지인(a),277098.5,20260727
30170,서구,1,월요일,2,외지인(b),174461.0,20260727
30170,서구,1,월요일,3,외국인(c),1438.33,20260727
30200,유성구,1,월요일,1,현지인(a),254614.5,20260727
30200,유성구,1,월요일,2,외지인(b),161770.0,20260727
30200,유성구,1,월요일,3,외국인(c),2118.32,20260727
30230,대덕구,1,월요일,1,현지인(a),78445.5,20260727
30230,대덕구,1,월요일,2,외지인(b),72450.0,20260727
30230,대덕구,1,월요일,3,외국인(c),740.3899999999999,20260727
30110,동구,2,화요일,1,현지인(a),91651.0,20260728
30110,동구,2,화요일,2,외지인(b),112094.5,20260728
30110,동구,2,화요일,3,외국인(c),1068.38,20260728
30140,중구,2,화요일,1,현지인(a),124827.5,20260728
30140,중구,2,화요일,2,외지인(b),143993.5,20260728
30140,중구,2,화요일,3,외국인(c),607.1,20260728
30170,서구,2,화요일,1,현지인(a),276199.0,20260728
30170,서구,2,화요일,2,외지인(b),177366.0,20260728
30170,서구,2,화요일,3,외국인(c),1529.6600000000003,20260728
30200,유성구,2,화요일,1,현지인(a),256585.0,20260728
30200,유성구,2,화요일,2,외지인(b),170901.5,20260728
30200,유성구,2,화요일,3,외국인(c),2291.8499999999995,20260728
30230,대덕구,2,화요일,1,현지인(a),78606.5,20260728
30230,대덕구,2,화요일,2,외지인(b),75019.0,20260728
30230,대덕구,2,화요일,3,외국인(c),697.03,20260728
30110,동구,3,수요일,1,현지인(a),92400.0,20260729
30110,동구,3,수요일,2,외지인(b),118524.0,20260729
30110,동구,3,수요일,3,외국인(c),943.1799999999997,20260729
30140,중구,3,수요일,1,현지인(a),126077.0,20260729
30140,중구,3,수요일,2,외지인(b),152250.0,20260729
30140,중구,3,수요일,3,외국인(c),678.9200000000002,20260729
30170,서구,3,수요일,1,현지인(a),278649.0,20260729
30170,서구,3,수요일,2,외지인(b),186144.0,20260729
30170,서구,3,수요일,3,외국인(c),1626.6900000000003,20260729
30200,유성구,3,수요일,1,현지인(a),256231.5,20260729
30200,유성구,3,수요일,2,외지인(b),175637.0,20260729
30200,유성구,3,수요일,3,외국인(c),2398.329999999999,20260729
30230,대덕구,3,수요일,1,현지인(a),78169.0,20260729
30230,대덕구,3,수요일,2,외지인(b),76583.5,20260729
30230,대덕구,3,수요일,3,외국인(c),736.6399999999998,20260729
30110,동구,4,목요일,1,현지인(a),91217.0,20260730
30110,동구,4,목요일,2,외지인(b),118286.0,20260730
30110,동구,4,목요일,3,외국인(c),921.9300000000003,20260730
30140,중구,4,목요일,1,현지인(a),124656.0,20260730
30140,중구,4,목요일,2,외지인(b),153408.5,20260730
30140,중구,4,목요일,3,외국인(c),621.1100000000001,20260730
30170,서구,4,목요일,1,현지인(a),274487.5,20260730
30170,서구,4,목요일,2,외지인(b),184576.0,20260730
30170,서구,4,목요일,3,외국인(c),1424.75,20260730
30200,유성구,4,목요일,1,현지인(a),253830.5,20260730
30200,유성구,4,목요일,2,외지인(b),181394.5,20260730
30200,유성구,4,목요일,3,외국인(c),2414.5600000000004,20260730
30230,대덕구,4,목요일,1,현지인(a),77171.5,20260730
30230,대덕구,4,목요일,2,외지인(b),76342.0,20260730
30230,대덕구,4,목요일,3,외국인(c),680.77,20260730
30110,동구,5,금요일,1,현지인(a),92018.5,20260731
30110,동구,5,금요일,2,외지인(b),131435.5,20260731
30110,동구,5,금요일,3,외국인(c),1073.89,20260731
30140,중구,5,금요일,1,현지인(a),125429.5,20260731
30140,중구,5,금요일,2,외지인(b),151623.5,20260731
30140,중구,5,금요일,3,외국인(c),653.3900000000001,20260731
30170,서구,5,금요일,1,현지인(a),277081.0,20260731
30170,서구,5,금요일,2,외지인(b),203896.0,20260731
30170,서구,5,금요일,3,외국인(c),1473.2299999999996,20260731
30200,유성구,5,금요일,1,현지인(a),254387.0,20260731
30200,유성구,5,금요일,2,외지인(b),195352.5,20260731
30200,유성구,5,금요일,3,외국인(c),2190.149999999999,20260731
30230,대덕구,5,금요일,1,현지인(a),77742.0,20260731
30230,대덕구,5,금요일,2,외지인(b),84822.5,20260731
30230,대덕구,5,금요일,3,외국인(c),733.0300000000002,20260731
30110,동구,6,토요일,1,현지인(a),86485.0,20260801
30110,동구,6,토요일,2,외지인(b),144028.5,20260801
30110,동구,6,토요일,3,외국인(c),1126.7599999999998,20260801
30140,중구,6,토요일,1,현지인(a),115622.5,20260801
30140,중구,6,토요일,2,외지인(b),162379.0,20260801
30140,중구,6,토요일,3,외국인(c),620.16,20260801
30170,서구,6,토요일,1,현지인(a),256095.0,20260801
30170,서구,6,토요일,2,외지인(b),214620.0,20260801
30170,서구,6,토요일,3,외국인(c),1393.6999999999998,20260801
30200,유성구,6,토요일,1,현지인(a),227857.0,20260801
30200,유성구,6,토요일,2,외지인(b),212607.5,20260801
30200,유성구,6,토요일,3,외국인(c),1604.1999999999998,20260801
30230,대덕구,6,토요일,1,현지인(a),70987.0,20260801
30230,대덕구,6,토요일,2,외지인(b),86436.0,20260801
30230,대덕구,6,토요일,3,외국인(c),618.2000000000003,20260801
30110,동구,7,일요일,1,현지인(a),83881.0,20260802
30110,동구,7,일요일,2,외지인(b),124351.5,20260802
30110,동구,7,일요일,3,외국인(c),957.2499999999999,20260802
30140,중구,7,일요일,1,현지인(a),112836.5,20260802
30140,중구,7,일요일,2,외지인(b),137690.0,20260802
30140,중구,7,일요일,3,외국인(c),601.7800000000001,20260802
30170,서구,7,일요일,1,현지인(a),249553.5,20260802
30170,서구,7,일요일,2,외지인(b),174100.5,20260802
30170,서구,7,일요일,3,외국인(c),1237.2499999999998,20260802
30200,유성구,7,일요일,1,현지인(a),225694.0,20260802
30200,유성구,7,일요일,2,외지인(b),174331.5,20260802
30200,유성구,7,일요일,3,외국인(c),1635.4700000000005,20260802
30230,대덕구,7,일요일,1,현지인(a),68743.5,20260802
30230,대덕구,7,일요일,2,외지인(b),73871.0,20260802
30230,대덕구,7,일요일,3,외국인(c),655.2800000000002,20260802
30110,동구,1,월요일,1,현지인(a),91791.0,20260803
30110,동구,1,월요일,2,외지인(b),102504.5,20260803
30110,동구,1,월요일,3,외국인(c),943.24,20260803
30140,중구,1,월요일,1,현지인(a),125492.5,20260803
30140,중구,1,월요일,2,외지인(b),122276.0,20260803
30140,중구,1,월요일,3,외국인(c),661.7700000000001,20260803
30170,서구,1,월요일,1,현지인(a),277858.0,20260803
30170,서구,1,월요일,2,외지인(b),156894.5,20260803
30170,서구,1,월요일,3,외국인(c),1257.33,20260803
30200,유성구,1,월요일,1,현지인(a),260827.0,20260803
30200,유성구,1,월요일,2,외지인(b),145684.0,20260803
30200,유성구,1,월요일,3,외국인(c),1780.0900000000004,20260803
30230,대덕구,1,월요일,1,현지인(a),77840.0,20260803
30230,대덕구,1,월요일,2,외지인(b),67312.0,20260803
30230,대덕구,1,월요일,3,외국인(c),659.1199999999998,20260803
30110,동구,2,화요일,1,현지인(a),91346.5,20260804
30110,동구,2,화요일,2,외지인(b),100992.5,20260804
30110,동구,2,화요일,3,외국인(c),1073.7100000000003,20260804
30140,중구,2,화요일,1,현지인(a),125860.0,20260804
30140,중구,2,화요일,2,외지인(b),120046.5,20260804
30140,중구,2,화요일,3,외국인(c),654.38,20260804
30170,서구,2,화요일,1,현지인(a),277711.0,20260804
30170,서구,2,화요일,2,외지인(b),157192.0,20260804
30170,서구,2,화요일,3,외국인(c),1343.3499999999997,20260804
30200,유성구,2,화요일,1,현지인(a),262941.0,20260804
30200,유성구,2,화요일,2,외지인(b),150748.5,20260804
30200,유성구,2,화요일,3,외국인(c),1906.8600000000004,20260804
30230,대덕구,2,화요일,1,현지인(a),79492.0,20260804
30230,대덕구,2,화요일,2,외지인(b),66384.5,20260804
30230,대덕구,2,화요일,3,외국인(c),687.2999999999998,20260804
30110,동구,3,수요일,1,현지인(a),92508.5,20260805
30110,동구,3,수요일,2,외지인(b),98801.5,20260805
30110,동구,3,수요일,3,외국인(c),1319.0299999999997,20260805
30140,중구,3,수요일,1,현지인(a),126857.5,20260805
30140,중구,3,수요일,2,외지인(b),120963.5,20260805
30140,중구,3,수요일,3,외국인(c),662.5300000000001,20260805
30170,서구,3,수요일,1,현지인(a),282982.0,20260805
30170,서구,3,수요일,2,외지인(b),159152.0,20260805
30170,서구,3,수요일,3,외국인(c),1519.3000000000002,20260805
30200,유성구,3,수요일,1,현지인(a),265454.0,20260805
30200,유성구,3,수요일,2,외지인(b),152050.5,20260805
30200,유성구,3,수요일,3,외국인(c),2136.7500000000005,20260805
30230,대덕구,3,수요일,1,현지인(a),80122.0,20260805
30230,대덕구,3,수요일,2,외지인(b),67249.0,20260805
30230,대덕구,3,수요일,3,외국인(c),722.6599999999999,20260805
30110,동구,4,목요일,1,현지인(a),92291.5,20260806
30110,동구,4,목요일,2,외지인(b),100824.5,20260806
30110,동구,4,목요일,3,외국인(c),1019.4799999999998,20260806
30140,중구,4,목요일,1,현지인(a),125891.5,20260806
30140,중구,4,목요일,2,외지인(b),121117.5,20260806
30140,중구,4,목요일,3,외국인(c),571.71,20260806
30170,서구,4,목요일,1,현지인(a),280206.5,20260806
30170,서구,4,목요일,2,외지인(b),157857.0,20260806
30170,서구,4,목요일,3,외국인(c),1268.15,20260806
30200,유성구,4,목요일,1,현지인(a),263641.0,20260806
30200,유성구,4,목요일,2,외지인(b),153580.0,20260806
30200,유성구,4,목요일,3,외국인(c),2063.8999999999996,20260806
30230,대덕구,4,목요일,1,현지인(a),79761.5,20260806
30230,대덕구,4,목요일,2,외지인(b),69083.0,20260806
30230,대덕구,4,목요일,3,외국인(c),702.14,20260806
30110,동구,5,금요일,1,현지인(a),92564.5,20260807
30110,동구,5,금요일,2,외지인(b),115251.5,20260807
30110,동구,5,금요일,3,외국인(c),957.1,20260807
30140,중구,5,금요일,1,현지인(a),127330.0,20260807
30140,중구,5,금요일,2,외지인(b),133759.5,20260807
30140,중구,5,금요일,3,외국인(c),607.57,20260807
30170,서구,5,금요일,1,현지인(a),283510.5,20260807
30170,서구,5,금요일,2,외지인(b),179028.5,20260807
30170,서구,5,금요일,3,외국인(c),1388.1,20260807
30200,유성구,5,금요일,1,현지인(a),265219.5,20260807
30200,유성구,5,금요일,2,외지인(b),167286.0,20260807
30200,유성구,5,금요일,3,외국인(c),1974.8000000000002,20260807
30230,대덕구,5,금요일,1,현지인(a),80325.0,20260807
30230,대덕구,5,금요일,2,외지인(b),74697.0,20260807
30230,대덕구,5,금요일,3,외국인(c),750.2499999999997,20260807
30110,동구,6,토요일,1,현지인(a),86068.5,20260808
30110,동구,6,토요일,2,외지인(b),141641.5,20260808
30110,동구,6,토요일,3,외국인(c),1067.31,20260808
30140,중구,6,토요일,1,현지인(a),116749.5,20260808
30140,중구,6,토요일,2,외지인(b),164188.5,20260808
30140,중구,6,토요일,3,외국인(c),666.1100000000001,20260808
30170,서구,6,토요일,1,현지인(a),261586.5,20260808
30170,서구,6,토요일,2,외지인(b),222243.0,20260808
30170,서구,6,토요일,3,외국인(c),1395.6699999999998,20260808
30200,유성구,6,토요일,1,현지인(a),232109.5,20260808
30200,유성구,6,토요일,2,외지인(b),204694.0,20260808
30200,유성구,6,토요일,3,외국인(c),1751.52,20260808
30230,대덕구,6,토요일,1,현지인(a),72030.0,20260808
30230,대덕구,6,토요일,2,외지인(b),87041.5,20260808
30230,대덕구,6,토요일,3,외국인(c),662.0699999999998,20260808
30110,동구,7,일요일,1,현지인(a),84255.5,20260809
30110,동구,7,일요일,2,외지인(b),124579.0,20260809
30110,동구,7,일요일,3,외국인(c),1100.6899999999996,20260809
30140,중구,7,일요일,1,현지인(a),114639.0,20260809
30140,중구,7,일요일,2,외지인(b),137077.5,20260809
30140,중구,7,일요일,3,외국인(c),724.1099999999999,20260809
30170,서구,7,일요일,1,현지인(a),254082.5,20260809
30170,서구,7,일요일,2,외지인(b),174730.5,20260809
30170,서구,7,일요일,3,외국인(c),1495.6100000000001,20260809
30200,유성구,7,일요일,1,현지인(a),231241.5,20260809
30200,유성구,7,일요일,2,외지인(b),175343.0,20260809
30200,유성구,7,일요일,3,외국인(c),1845.2999999999993,20260809
30230,대덕구,7,일요일,1,현지인(a),70791.0,20260809
30230,대덕구,7,일요일,2,외지인(b),77126.0,20260809
30230,대덕구,7,일요일,3,외국인(c),688.0399999999998,20260809
30110,동구,1,월요일,1,현지인(a),93247.0,20260810
30110,동구,1,월요일,2,외지인(b),99438.5,20260810
30110,동구,1,월요일,3,외국인(c),1054.52,20260810
30140,중구,1,월요일,1,현지인(a),127151.5,20260810
30140,중구,1,월요일,2,외지인(b),120641.5,20260810
30140,중구,1,월요일,3,외국인(c),755.3200000000002,20260810
30170,서구,1,월요일,1,현지인(a),283328.5,20260810
30170,서구,1,월요일,2,외지인(b),158165.0,20260810
30170,서구,1,월요일,3,외국인(c),1466.72,20260810
30200,유성구,1,월요일,1,현지인(a),263469.5,20260810
30200,유성구,1,월요일,2,외지인(b),148452.5,20260810
30200,유성구,1,월요일,3,외국인(c),1892.5600000000002,20260810
30230,대덕구,1,월요일,1,현지인(a),81053.0,20260810
30230,대덕구,1,월요일,2,외지인(b),66867.5,20260810
30230,대덕구,1,월요일,3,외국인(c),778.0000000000002,20260810
30110,동구,2,화요일,1,현지인(a),92750.0,20260811
30110,동구,2,화요일,2,외지인(b),103313.0,20260811
30110,동구,2,화요일,3,외국인(c),934.1000000000001,20260811
30140,중구,2,화요일,1,현지인(a),128086.0,20260811
30140,중구,2,화요일,2,외지인(b),125065.5,20260811
30140,중구,2,화요일,3,외국인(c),709.8599999999999,20260811
30170,서구,2,화요일,1,현지인(a),284868.5,20260811
30170,서구,2,화요일,2,외지인(b),162900.5,20260811
30170,서구,2,화요일,3,외국인(c),1538.5399999999995,20260811
30200,유성구,2,화요일,1,현지인(a),267414.0,20260811
30200,유성구,2,화요일,2,외지인(b),158858.0,20260811
30200,유성구,2,화요일,3,외국인(c),2009.6399999999994,20260811
30230,대덕구,2,화요일,1,현지인(a),82155.5,20260811
30230,대덕구,2,화요일,2,외지인(b),69468.0,20260811
30230,대덕구,2,화요일,3,외국인(c),769.59,20260811
30110,동구,3,수요일,1,현지인(a),92708.0,20260812
30110,동구,3,수요일,2,외지인(b),101923.5,20260812
30110,동구,3,수요일,3,외국인(c),1026.4899999999998,20260812
30140,중구,3,수요일,1,현지인(a),127974.0,20260812
30140,중구,3,수요일,2,외지인(b),125933.5,20260812
30140,중구,3,수요일,3,외국인(c),691.3100000000002,20260812
30170,서구,3,수요일,1,현지인(a),285684.0,20260812
30170,서구,3,수요일,2,외지인(b),165389.0,20260812
30170,서구,3,수요일,3,외국인(c),1510.5400000000004,20260812
30200,유성구,3,수요일,1,현지인(a),269552.5,20260812
30200,유성구,3,수요일,2,외지인(b),160748.0,20260812
30200,유성구,3,수요일,3,외국인(c),2016.19,20260812
30230,대덕구,3,수요일,1,현지인(a),81966.5,20260812
30230,대덕구,3,수요일,2,외지인(b),71816.5,20260812
30230,대덕구,3,수요일,3,외국인(c),787.2399999999998,20260812
30110,동구,4,목요일,1,현지인(a),92876.0,20260813
30110,동구,4,목요일,2,외지인(b),108433.5,20260813
30110,동구,4,목요일,3,외국인(c),1010.2899999999996,20260813
30140,중구,4,목요일,1,현지인(a),127022.0,20260813
30140,중구,4,목요일,2,외지인(b),133448.0,20260813
30140,중구,4,목요일,3,외국인(c),687.3999999999999,20260813
30170,서구,4,목요일,1,현지인(a),283451.0,20260813
30170,서구,4,목요일,2,외지인(b),169137.5,20260813
30170,서구,4,목요일,3,외국인(c),1556.750000000001,20260813
30200,유성구,4,목요일,1,현지인(a),267494.5,20260813
30200,유성구,4,목요일,2,외지인(b),166551.0,20260813
30200,유성구,4,목요일,3,외국인(c),2014.9499999999998,20260813
30230,대덕구,4,목요일,1,현지인(a),81228.0,20260813
30230,대덕구,4,목요일,2,외지인(b),73577.0,20260813
30230,대덕구,4,목요일,3,외국인(c),749.5300000000001,20260813
30110,동구,5,금요일,1,현지인(a),93243.5,20260814
30110,동구,5,금요일,2,외지인(b),127064.0,20260814
30110,동구,5,금요일,3,외국인(c),1117.81,20260814
30140,중구,5,금요일,1,현지인(a),127900.5,20260814
30140,중구,5,금요일,2,외지인(b),146440.0,20260814
30140,중구,5,금요일,3,외국인(c),778.22,20260814
30170,서구,5,금요일,1,현지인(a),284847.5,20260814
30170,서구,5,금요일,2,외지인(b),188436.5,20260814
30170,서구,5,금요일,3,외국인(c),1590.63,20260814
30200,유성구,5,금요일,1,현지인(a),265450.5,20260814
30200,유성구,5,금요일,2,외지인(b),181496.0,20260814
30200,유성구,5,금요일,3,외국인(c),1934.92,20260814
30230,대덕구,5,금요일,1,현지인(a),81284.0,20260814
30230,대덕구,5,금요일,2,외지인(b),81994.5,20260814
30230,대덕구,5,금요일,3,외국인(c),775.82,20260814
30110,동구,6,토요일,1,현지인(a),83310.5,20260815
30110,동구,6,토요일,2,외지인(b),152586.0,20260815
30110,동구,6,토요일,3,외국인(c),1148.2000000000005,20260815
30140,중구,6,토요일,1,현지인(a),112206.5,20260815
30140,중구,6,토요일,2,외지인(b),179739.0,20260815
30140,중구,6,토요일,3,외국인(c),777.7199999999998,20260815
30170,서구,6,토요일,1,현지인(a),242917.5,20260815
30170,서구,6,토요일,2,외지인(b),216636.0,20260815
30170,서구,6,토요일,3,외국인(c),1511.8299999999997,20260815
30200,유성구,6,토요일,1,현지인(a),218025.5,20260815
30200,유성구,6,토요일,2,외지인(b),212548.0,20260815
30200,유성구,6,토요일,3,외국인(c),1834.27,20260815
30230,대덕구,6,토요일,1,현지인(a),68628.0,20260815
30230,대덕구,6,토요일,2,외지인(b),95641.0,20260815
30230,대덕구,6,토요일,3,외국인(c),687.61,20260815
30110,동구,7,일요일,1,현지인(a),81539.5,20260816
30110,동구,7,일요일,2,외지인(b),143223.5,20260816
30110,동구,7,일요일,3,외국인(c),1239.42,20260816
30140,중구,7,일요일,1,현지인(a),110176.5,20260816
30140,중구,7,일요일,2,외지인(b),172963.0,20260816
30140,중구,7,일요일,3,외국인(c),797.6600000000001,20260816
30170,서구,7,일요일,1,현지인(a),241020.5,20260816
30170,서구,7,일요일,2,외지인(b),204015.0,20260816
30170,서구,7,일요일,3,외국인(c),1479.38,20260816
30200,유성구,7,일요일,1,현지인(a),214508.0,20260816
30200,유성구,7,일요일,2,외지인(b),200882.5,20260816
30200,유성구,7,일요일,3,외국인(c),1805.1799999999996,20260816
30230,대덕구,7,일요일,1,현지인(a),66689.0,20260816
30230,대덕구,7,일요일,2,외지인(b),86618.0,20260816
30230,대덕구,7,일요일,3,외국인(c),661.97,20260816
30110,동구,1,월요일,1,현지인(a),84476.0,20260817
30110,동구,1,월요일,2,외지인(b),125415.5,20260817
30110,동구,1,월요일,3,외국인(c),961.5700000000003,20260817
30140,중구,1,월요일,1,현지인(a),112798.0,20260817
30140,중구,1,월요일,2,외지인(b),139828.5,20260817
30140,중구,1,월요일,3,외국인(c),558.8700000000002,20260817
30170,서구,1,월요일,1,현지인(a),244968.5,20260817
30170,서구,1,월요일,2,외지인(b),178678.5,20260817
30170,서구,1,월요일,3,외국인(c),1213.3800000000003,20260817
30200,유성구,1,월요일,1,현지인(a),223104.0,20260817
30200,유성구,1,월요일,2,외지인(b),182497.0,20260817
30200,유성구,1,월요일,3,외국인(c),1843.37,20260817
30230,대덕구,1,월요일,1,현지인(a),69618.5,20260817
30230,대덕구,1,월요일,2,외지인(b),78592.5,20260817
30230,대덕구,1,월요일,3,외국인(c),619.1,20260817
30110,동구,2,화요일,1,현지인(a),94199.0,20260818
30110,동구,2,화요일,2,외지인(b),103936.0,20260818
30110,동구,2,화요일,3,외국인(c),1002.5899999999999,20260818
30140,중구,2,화요일,1,현지인(a),128838.5,20260818
30140,중구,2,화요일,2,외지인(b),136146.5,20260818
30140,중구,2,화요일,3,외국인(c),634.39,20260818
30170,서구,2,화요일,1,현지인(a),283349.5,20260818
30170,서구,2,화요일,2,외지인(b),159068.0,20260818
30170,서구,2,화요일,3,외국인(c),1333.8299999999995,20260818
30200,유성구,2,화요일,1,현지인(a),266028.0,20260818
30200,유성구,2,화요일,2,외지인(b),155288.0,20260818
30200,유성구,2,화요일,3,외국인(c),1982.5299999999995,20260818
30230,대덕구,2,화요일,1,현지인(a),82330.5,20260818
30230,대덕구,2,화요일,2,외지인(b),71900.5,20260818
30230,대덕구,2,화요일,3,외국인(c),673.7799999999999,20260818
30110,동구,3,수요일,1,현지인(a),94832.5,20260819
30110,동구,3,수요일,2,외지인(b),101710.0,20260819
30110,동구,3,수요일,3,외국인(c),1044.82,20260819
30140,중구,3,수요일,1,현지인(a),129794.0,20260819
30140,중구,3,수요일,2,외지인(b),134396.5,20260819
30140,중구,3,수요일,3,외국인(c),683.0800000000002,20260819
30170,서구,3,수요일,1,현지인(a),285463.5,20260819
30170,서구,3,수요일,2,외지인(b),164234.0,20260819
30170,서구,3,수요일,3,외국인(c),1595.8000000000004,20260819
30200,유성구,3,수요일,1,현지인(a),267638.0,20260819
30200,유성구,3,수요일,2,외지인(b),159677.0,20260819
30200,유성구,3,수요일,3,외국인(c),2077.4699999999993,20260819
30230,대덕구,3,수요일,1,현지인(a),82719.0,20260819
30230,대덕구,3,수요일,2,외지인(b),71963.5,20260819
30230,대덕구,3,수요일,3,외국인(c),808.6199999999997,20260819
30110,동구,4,목요일,1,현지인(a),94787.0,20260820
30110,동구,4,목요일,2,외지인(b),106718.5,20260820
30110,동구,4,목요일,3,외국인(c),1416.0400000000002,20260820
30140,중구,4,목요일,1,현지인(a),130182.5,20260820
30140,중구,4,목요일,2,외지인(b),138890.5,20260820
30140,중구,4,목요일,3,외국인(c),714.4400000000002,20260820
30170,서구,4,목요일,1,현지인(a),285068.0,20260820
30170,서구,4,목요일,2,외지인(b),164955.0,20260820
30170,서구,4,목요일,3,외국인(c),1630.4399999999994,20260820
30200,유성구,4,목요일,1,현지인(a),266927.5,20260820
30200,유성구,4,목요일,2,외지인(b),161759.5,20260820
30200,유성구,4,목요일,3,외국인(c),2139.71,20260820
30230,대덕구,4,목요일,1,현지인(a),83086.5,20260820
30230,대덕구,4,목요일,2,외지인(b),71729.0,20260820
30230,대덕구,4,목요일,3,외국인(c),888.93,20260820
30110,동구,5,금요일,1,현지인(a),96061.0,20260821
30110,동구,5,금요일,2,외지인(b),117246.5,20260821
30110,동구,5,금요일,3,외국인(c),1454.0500000000006,20260821
30140,중구,5,금요일,1,현지인(a),130742.5,20260821
30140,중구,5,금요일,2,외지인(b),146247.5,20260821
30140,중구,5,금요일,3,외국인(c),704.9100000000001,20260821
30170,서구,5,금요일,1,현지인(a),288438.5,20260821
30170,서구,5,금요일,2,외지인(b),177429.0,20260821
30170,서구,5,금요일,3,외국인(c),1582.18,20260821
30200,유성구,5,금요일,1,현지인(a),268054.5,20260821
30200,유성구,5,금요일,2,외지인(b),172375.0,20260821
30200,유성구,5,금요일,3,외국인(c),1876.6700000000008,20260821
30230,대덕구,5,금요일,1,현지인(a),83205.5,20260821
30230,대덕구,5,금요일,2,외지인(b),76818.0,20260821
30230,대덕구,5,금요일,3,외국인(c),738.9599999999999,20260821
