areaCode,areaNm,daywkDivCd,daywkDivNm,touDivCd,touDivNm,touNum,baseYmd
30,대전광역시,1,월요일,1,현지인(a),594450.5,20180101
30,대전광역시,1,월요일,2,외지인(b),221154.5,20180101
30,대전광역시,2,화요일,1,현지인(a),686451.5,20180102
30,대전광역시,2,화요일,2,외지인(b),162270.5,20180102
30,대전광역시,3,수요일,1,현지인(a),690658.5,20180103
30,대전광역시,3,수요일,2,외지인(b),162190.0,20180103
30,대전광역시,4,목요일,1,현지인(a),689419.5,20180104
30,대전광역시,4,목요일,2,외지인(b),167447.0,20180104
30,대전광역시,5,금요일,1,현지인(a),697014.5,20180105
30,대전광역시,5,금요일,2,외지인(b),191761.5,20180105
30,대전광역시,6,토요일,1,현지인(a),644752.5,20180106
30,대전광역시,6,토요일,2,외지인(b),258415.5,20180106
30,대전광역시,7,일요일,1,현지인(a),623707.0,20180107
30,대전광역시,7,일요일,2,외지인(b),217633.5,20180107
30,대전광역시,1,월요일,1,현지인(a),675409.0,20180108
30,대전광역시,1,월요일,2,외지인(b),165690.0,20180108
30,대전광역시,2,화요일,1,현지인(a),675255.0,20180109
30,대전광역시,2,화요일,2,외지인(b),168206.5,20180109
30,대전광역시,3,수요일,1,현지인(a),671706.0,20180110
30,대전광역시,3,수요일,2,외지인(b),167181.0,20180110
30,대전광역시,4,목요일,1,현지인(a),669630.5,20180111
30,대전광역시,4,목요일,2,외지인(b),173197.5,20180111
30,대전광역시,5,금요일,1,현지인(a),682419.5,20180112
30,대전광역시,5,금요일,2,외지인(b),202713.0,20180112
30,대전광역시,6,토요일,1,현지인(a),638711.5,20180113
30,대전광역시,6,토요일,2,외지인(b),277998.0,20180113
30,대전광역시,7,일요일,1,현지인(a),617879.5,20180114
30,대전광역시,7,일요일,2,외지인(b),231378.0,20180114
30,대전광역시,1,월요일,1,현지인(a),677810.0,20180115
30,대전광역시,1,월요일,2,외지인(b),191548.0,20180115
30,대전광역시,2,화요일,1,현지인(a),674471.0,20180116
30,대전광역시,2,화요일,2,외지인(b),193042.5,20180116
30,대전광역시,3,수요일,1,현지인(a),681324.0,20180117
30,대전광역시,3,수요일,2,외지인(b),195727.0,20180117
30,대전광역시,4,목요일,1,현지인(a),679084.0,20180118
30,대전광역시,4,목요일,2,외지인(b),203700.0,20180118
30,대전광역시,5,금요일,1,현지인(a),686801.5,20180119
30,대전광역시,5,금요일,2,외지인(b),222666.5,20180119
30,대전광역시,6,토요일,1,현지인(a),638522.5,20180120
30,대전광역시,6,토요일,2,외지인(b),296348.5,20180120
30,대전광역시,7,일요일,1,현지인(a),616605.5,20180121
30,대전광역시,7,일요일,2,외지인(b),251230.0,20180121
30,대전광역시,1,월요일,1,현지인(a),666711.5,20180122
30,대전광역시,1,월요일,2,외지인(b),194124.0,20180122
30,대전광역시,2,화요일,1,현지인(a),663995.5,20180123
30,대전광역시,2,화요일,2,외지인(b),197802.5,20180123
30,대전광역시,3,수요일,1,현지인(a),664363.0,20180124
30,대전광역시,3,수요일,2,외지인(b),195951.0,20180124
30,대전광역시,4,목요일,1,현지인(a),668230.5,20180125
30,대전광역시,4,목요일,2,외지인(b),201316.5,20180125
30,대전광역시,5,금요일,1,현지인(a),668206.0,20180126
30,대전광역시,5,금요일,2,외지인(b),223888.0,20180126
30,대전광역시,6,토요일,1,현지인(a),629128.5,20180127
30,대전광역시,6,토요일,2,외지인(b),289492.0,20180127
30,대전광역시,7,일요일,1,현지인(a),611117.5,20180128
30,대전광역시,7,일요일,2,외지인(b),250666.5,20180128
30,대전광역시,1,월요일,1,현지인(a),663656.0,20180129
30,대전광역시,1,월요일,2,외지인(b),199013.5,20180129
30,대전광역시,2,화요일,1,현지인(a),667390.5,20180130
30,대전광역시,2,화요일,2,외지인(b),204578.5,20180130
30,대전광역시,3,수요일,1,현지인(a),680176.0,20180131
30,대전광역시,3,수요일,2,외지인(b),202846.0,20180131
30,대전광역시,4,목요일,1,현지인(a),686962.5,20180201
30,대전광역시,4,목요일,2,외지인(b),150699.5,20180201
30,대전광역시,5,금요일,1,현지인(a),696734.5,20180202
30,대전광역시,5,금요일,2,외지인(b),181786.5,20180202
30,대전광역시,6,토요일,1,현지인(a),643951.0,20180203
30,대전광역시,6,토요일,2,외지인(b),253249.5,20180203
30,대전광역시,7,일요일,1,현지인(a),626752.0,20180204
30,대전광역시,7,일요일,2,외지인(b),213839.5,20180204
30,대전광역시,1,월요일,1,현지인(a),672469.0,20180205
30,대전광역시,1,월요일,2,외지인(b),155095.5,20180205
30,대전광역시,2,화요일,1,현지인(a),675573.5,20180206
30,대전광역시,2,화요일,2,외지인(b),159684.0,20180206
30,대전광역시,3,수요일,1,현지인(a),685965.0,20180207
30,대전광역시,3,수요일,2,외지인(b),167181.0,20180207
30,대전광역시,4,목요일,1,현지인(a),686234.5,20180208
30,대전광역시,4,목요일,2,외지인(b),175945.0,20180208
30,대전광역시,5,금요일,1,현지인(a),693175.0,20180209
30,대전광역시,5,금요일,2,외지인(b),197921.5,20180209
30,대전광역시,6,토요일,1,현지인(a),650426.0,20180210
30,대전광역시,6,토요일,2,외지인(b),253592.5,20180210
30,대전광역시,7,일요일,1,현지인(a),621246.5,20180211
30,대전광역시,7,일요일,2,외지인(b),206346.0,20180211
30,대전광역시,1,월요일,1,현지인(a),669767.0,20180212
30,대전광역시,1,월요일,2,외지인(b),169435.0,20180212
30,대전광역시,2,화요일,1,현지인(a),685163.5,20180213
30,대전광역시,2,화요일,2,외지인(b),188646.5,20180213
30,대전광역시,3,수요일,1,현지인(a),694008.0,20180214
30,대전광역시,3,수요일,2,외지인(b),233740.5,20180214
30,대전광역시,4,목요일,1,현지인(a),530778.5,20180215
30,대전광역시,4,목요일,2,외지인(b),360104.5,20180215
30,대전광역시,5,금요일,1,현지인(a),464908.5,20180216
30,대전광역시,5,금요일,2,외지인(b),481138.0,20180216
30,대전광역시,6,토요일,1,현지인(a),527324.0,20180217
30,대전광역시,6,토요일,2,외지인(b),376638.5,20180217
30,대전광역시,7,일요일,1,현지인(a),561645.0,20180218
30,대전광역시,7,일요일,2,외지인(b),243768.0,20180218
30,대전광역시,1,월요일,1,현지인(a),668920.0,20180219
30,대전광역시,1,월요일,2,외지인(b),199822.0,20180219
30,대전광역시,2,화요일,1,현지인(a),672220.5,20180220
30,대전광역시,2,화요일,2,외지인(b),199675.0,20180220
30,대전광역시,3,수요일,1,현지인(a),678349.0,20180221
30,대전광역시,3,수요일,2,외지인(b),201421.5,20180221
30,대전광역시,4,목요일,1,현지인(a),677936.0,20180222
30,대전광역시,4,목요일,2,외지인(b),215183.5,20180222
30,대전광역시,5,금요일,1,현지인(a),688173.5,20180223
30,대전광역시,5,금요일,2,외지인(b),241451.0,20180223
30,대전광역시,6,토요일,1,현지인(a),649096.0,20180224
30,대전광역시,6,토요일,2,외지인(b),303982.0,20180224
30,대전광역시,7,일요일,1,현지인(a),624148.0,20180225
30,대전광역시,7,일요일,2,외지인(b),267893.5,20180225
30,대전광역시,1,월요일,1,현지인(a),676746.0,20180226
30,대전광역시,1,월요일,2,외지인(b),224518.0,20180226
30,대전광역시,2,화요일,1,현지인(a),677775.0,20180227
30,대전광역시,2,화요일,2,외지인(b),231847.0,20180227
30,대전광역시,3,수요일,1,현지인(a),678044.5,20180228
30,대전광역시,3,수요일,2,외지인(b),244135.5,20180228
30,대전광역시,4,목요일,1,현지인(a),651486.5,20180301
30,대전광역시,4,목요일,2,외지인(b),225669.5,20180301
30,대전광역시,5,금요일,1,현지인(a),717192.0,20180302
30,대전광역시,5,금요일,2,외지인(b),209247.5,20180302
30,대전광역시,6,토요일,1,현지인(a),665185.5,20180303
30,대전광역시,6,토요일,2,외지인(b),273969.5,20180303
30,대전광역시,7,일요일,1,현지인(a),655133.5,20180304
30,대전광역시,7,일요일,2,외지인(b),248153.5,20180304
30,대전광역시,1,월요일,1,현지인(a),698670.0,20180305
30,대전광역시,1,월요일,2,외지인(b),196315.0,20180305
30,대전광역시,2,화요일,1,현지인(a),710153.5,20180306
30,대전광역시,2,화요일,2,외지인(b),211701.0,20180306
30,대전광역시,3,수요일,1,현지인(a),708442.0,20180307
30,대전광역시,3,수요일,2,외지인(b),211351.0,20180307
30,대전광역시,4,목요일,1,현지인(a),702922.5,20180308
30,대전광역시,4,목요일,2,외지인(b),215344.5,20180308
30,대전광역시,5,금요일,1,현지인(a),721570.5,20180309
30,대전광역시,5,금요일,2,외지인(b),240166.5,20180309
30,대전광역시,6,토요일,1,현지인(a),674208.5,20180310
30,대전광역시,6,토요일,2,외지인(b),301857.5,20180310
30,대전광역시,7,일요일,1,현지인(a),651714.0,20180311
30,대전광역시,7,일요일,2,외지인(b),261754.5,20180311
30,대전광역시,1,월요일,1,현지인(a),705908.0,20180312
30,대전광역시,1,월요일,2,외지인(b),218631.0,20180312
30,대전광역시,2,화요일,1,현지인(a),709688.0,20180313
30,대전광역시,2,화요일,2,외지인(b),230993.0,20180313
30,대전광역시,3,수요일,1,현지인(a),718203.5,20180314
30,대전광역시,3,수요일,2,외지인(b),232841.0,20180314
30,대전광역시,4,목요일,1,현지인(a),702744.0,20180315
30,대전광역시,4,목요일,2,외지인(b),253039.5,20180315
30,대전광역시,5,금요일,1,현지인(a),721962.5,20180316
30,대전광역시,5,금요일,2,외지인(b),275891.0,20180316
30,대전광역시,6,토요일,1,현지인(a),670236.0,20180317
30,대전광역시,6,토요일,2,외지인(b),340567.5,20180317
30,대전광역시,7,일요일,1,현지인(a),642771.5,20180318
30,대전광역시,7,일요일,2,외지인(b),297776.5,20180318
30,대전광역시,1,월요일,1,현지인(a),691873.0,20180319
30,대전광역시,1,월요일,2,외지인(b),248832.5,20180319
30,대전광역시,2,화요일,1,현지인(a),703584.0,20180320
30,대전광역시,2,화요일,2,외지인(b),259199.5,20180320
30,대전광역시,3,수요일,1,현지인(a),699181.0,20180321
30,대전광역시,3,수요일,2,외지인(b),253645.0,20180321
30,대전광역시,4,목요일,1,현지인(a),707990.5,20180322
30,대전광역시,4,목요일,2,외지인(b),266241.5,20180322
30,대전광역시,5,금요일,1,현지인(a),718938.5,20180323
30,대전광역시,5,금요일,2,외지인(b),295669.5,20180323
30,대전광역시,6,토요일,1,현지인(a),662385.5,20180324
30,대전광역시,6,토요일,2,외지인(b),351795.5,20180324
30,대전광역시,7,일요일,1,현지인(a),644962.5,20180325
30,대전광역시,7,일요일,2,외지인(b),309172.5,20180325
30,대전광역시,1,월요일,1,현지인(a),703251.5,20180326
30,대전광역시,1,월요일,2,외지인(b),265790.0,20180326
30,대전광역시,2,화요일,1,현지인(a),704760.0,20180327
30,대전광역시,2,화요일,2,외지인(b),270966.5,20180327
30,대전광역시,3,수요일,1,현지인(a),712537.0,20180328
30,대전광역시,3,수요일,2,외지인(b),275163.0,20180328
30,대전광역시,4,목요일,1,현지인(a),707056.0,20180329
30,대전광역시,4,목요일,2,외지인(b),276598.0,20180329
30,대전광역시,5,금요일,1,현지인(a),720160.0,20180330
30,대전광역시,5,금요일,2,외지인(b),300786.5,20180330
30,대전광역시,6,토요일,1,현지인(a),668454.5,20180331
30,대전광역시,6,토요일,2,외지인(b),353570.0,20180331
30,대전광역시,7,일요일,1,현지인(a),639523.5,20180401
30,대전광역시,7,일요일,2,외지인(b),225071.0,20180401
30,대전광역시,1,월요일,1,현지인(a),674271.5,20180402
30,대전광역시,1,월요일,2,외지인(b),144189.5,20180402
30,대전광역시,2,화요일,1,현지인(a),671786.5,20180403
30,대전광역시,2,화요일,2,외지인(b),150104.5,20180403
30,대전광역시,3,수요일,1,현지인(a),666505.0,20180404
30,대전광역시,3,수요일,2,외지인(b),148809.5,20180404
30,대전광역시,4,목요일,1,현지인(a),657079.5,20180405
30,대전광역시,4,목요일,2,외지인(b),158914.0,20180405
30,대전광역시,5,금요일,1,현지인(a),675041.5,20180406
30,대전광역시,5,금요일,2,외지인(b),193760.0,20180406
30,대전광역시,6,토요일,1,현지인(a),640622.5,20180407
30,대전광역시,6,토요일,2,외지인(b),286723.5,20180407
30,대전광역시,7,일요일,1,현지인(a),619741.5,20180408
30,대전광역시,7,일요일,2,외지인(b),237293.0,20180408
30,대전광역시,1,월요일,1,현지인(a),669651.5,20180409
30,대전광역시,1,월요일,2,외지인(b),158791.5,20180409
30,대전광역시,2,화요일,1,현지인(a),669210.5,20180410
30,대전광역시,2,화요일,2,외지인(b),162711.5,20180410
30,대전광역시,3,수요일,1,현지인(a),676147.5,20180411
30,대전광역시,3,수요일,2,외지인(b),168234.5,20180411
30,대전광역시,4,목요일,1,현지인(a),672283.5,20180412
30,대전광역시,4,목요일,2,외지인(b),178038.0,20180412
30,대전광역시,5,금요일,1,현지인(a),682528.0,20180413
30,대전광역시,5,금요일,2,외지인(b),207928.0,20180413
30,대전광역시,6,토요일,1,현지인(a),631547.0,20180414
30,대전광역시,6,토요일,2,외지인(b),300979.0,20180414
30,대전광역시,7,일요일,1,현지인(a),631911.0,20180415
30,대전광역시,7,일요일,2,외지인(b),259826.0,20180415
30,대전광역시,1,월요일,1,현지인(a),667831.5,20180416
30,대전광역시,1,월요일,2,외지인(b),168994.0,20180416
30,대전광역시,2,화요일,1,현지인(a),668734.5,20180417
30,대전광역시,2,화요일,2,외지인(b),174786.5,20180417
30,대전광역시,3,수요일,1,현지인(a),672325.5,20180418
30,대전광역시,3,수요일,2,외지인(b),179210.5,20180418
30,대전광역시,4,목요일,1,현지인(a),669315.5,20180419
30,대전광역시,4,목요일,2,외지인(b),182738.5,20180419
30,대전광역시,5,금요일,1,현지인(a),681873.5,20180420
30,대전광역시,5,금요일,2,외지인(b),220125.5,20180420
30,대전광역시,6,토요일,1,현지인(a),641497.5,20180421
30,대전광역시,6,토요일,2,외지인(b),302722.0,20180421
30,대전광역시,7,일요일,1,현지인(a),616798.0,20180422
30,대전광역시,7,일요일,2,외지인(b),242504.5,20180422
30,대전광역시,1,월요일,1,현지인(a),649057.5,20180423
30,대전광역시,1,월요일,2,외지인(b),174692.0,20180423
30,대전광역시,2,화요일,1,현지인(a),663106.5,20180424
30,대전광역시,2,화요일,2,외지인(b),181303.5,20180424
30,대전광역시,3,수요일,1,현지인(a),677642.0,20180425
30,대전광역시,3,수요일,2,외지인(b),189759.5,20180425
30,대전광역시,4,목요일,1,현지인(a),672045.5,20180426
30,대전광역시,4,목요일,2,외지인(b),196420.0,20180426
30,대전광역시,5,금요일,1,현지인(a),684701.5,20180427
30,대전광역시,5,금요일,2,외지인(b),230937.0,20180427
30,대전광역시,6,토요일,1,현지인(a),642946.5,20180428
30,대전광역시,6,토요일,2,외지인(b),323379.0,20180428
30,대전광역시,7,일요일,1,현지인(a),630616.0,20180429
30,대전광역시,7,일요일,2,외지인(b),274074.5,20180429
30,대전광역시,1,월요일,1,현지인(a),672924.0,20180430
30,대전광역시,1,월요일,2,외지인(b),200693.5,20180430
30,대전광역시,2,화요일,1,현지인(a),736477.0,20180501
30,대전광역시,2,화요일,2,외지인(b),169844.5,20180501
30,대전광역시,3,수요일,1,현지인(a),744278.5,20180502
30,대전광역시,3,수요일,2,외지인(b),148585.5,20180502
30,대전광역시,4,목요일,1,현지인(a),743050.0,20180503
30,대전광역시,4,목요일,2,외지인(b),163404.5,20180503
30,대전광역시,5,금요일,1,현지인(a),747705.0,20180504
30,대전광역시,5,금요일,2,외지인(b),208624.5,20180504
30,대전광역시,6,토요일,1,현지인(a),636881.0,20180505
30,대전광역시,6,토요일,2,외지인(b),327890.5,20180505
30,대전광역시,7,일요일,1,현지인(a),606616.5,20180506
30,대전광역시,7,일요일,2,외지인(b),319578.0,20180506
30,대전광역시,1,월요일,1,현지인(a),658819.0,20180507
30,대전광역시,1,월요일,2,외지인(b),263168.5,20180507
30,대전광역시,2,화요일,1,현지인(a),750050.0,20180508
30,대전광역시,2,화요일,2,외지인(b),171426.5,20180508
30,대전광역시,3,수요일,1,현지인(a),750480.5,20180509
30,대전광역시,3,수요일,2,외지인(b),167237.0,20180509
30,대전광역시,4,목요일,1,현지인(a),745780.0,20180510
30,대전광역시,4,목요일,2,외지인(b),180309.5,20180510
30,대전광역시,5,금요일,1,현지인(a),752416.0,20180511
30,대전광역시,5,금요일,2,외지인(b),213094.0,20180511
30,대전광역시,6,토요일,1,현지인(a),684201.0,20180512
30,대전광역시,6,토요일,2,외지인(b),284378.5,20180512
30,대전광역시,7,일요일,1,현지인(a),681838.5,20180513
30,대전광역시,7,일요일,2,외지인(b),249175.5,20180513
30,대전광역시,1,월요일,1,현지인(a),748408.5,20180514
30,대전광역시,1,월요일,2,외지인(b),174415.5,20180514
30,대전광역시,2,화요일,1,현지인(a),752038.0,20180515
30,대전광역시,2,화요일,2,외지인(b),186200.0,20180515
30,대전광역시,3,수요일,1,현지인(a),750393.0,20180516
30,대전광역시,3,수요일,2,외지인(b),186077.5,20180516
30,대전광역시,4,목요일,1,현지인(a),748566.0,20180517
30,대전광역시,4,목요일,2,외지인(b),188391.0,20180517
30,대전광역시,5,금요일,1,현지인(a),751079.0,20180518
30,대전광역시,5,금요일,2,외지인(b),217826.0,20180518
30,대전광역시,6,토요일,1,현지인(a),689762.5,20180519
30,대전광역시,6,토요일,2,외지인(b),309452.5,20180519
30,대전광역시,7,일요일,1,현지인(a),663838.0,20180520
30,대전광역시,7,일요일,2,외지인(b),269171.0,20180520
30,대전광역시,1,월요일,1,현지인(a),736361.5,20180521
30,대전광역시,1,월요일,2,외지인(b),219614.5,20180521
30,대전광역시,2,화요일,1,현지인(a),672812.0,20180522
30,대전광역시,2,화요일,2,외지인(b),234804.5,20180522
30,대전광역시,3,수요일,1,현지인(a),751065.0,20180523
30,대전광역시,3,수요일,2,외지인(b),189686.0,20180523
30,대전광역시,4,목요일,1,현지인(a),745822.0,20180524
30,대전광역시,4,목요일,2,외지인(b),200753.0,20180524
30,대전광역시,5,금요일,1,현지인(a),750057.0,20180525
30,대전광역시,5,금요일,2,외지인(b),226401.0,20180525
30,대전광역시,6,토요일,1,현지인(a),689290.0,20180526
30,대전광역시,6,토요일,2,외지인(b),316571.5,20180526
30,대전광역시,7,일요일,1,현지인(a),668220.0,20180527
30,대전광역시,7,일요일,2,외지인(b),259287.0,20180527
30,대전광역시,1,월요일,1,현지인(a),742707.0,20180528
30,대전광역시,1,월요일,2,외지인(b),191348.5,20180528
30,대전광역시,2,화요일,1,현지인(a),746378.5,20180529
30,대전광역시,2,화요일,2,외지인(b),196682.5,20180529
30,대전광역시,3,수요일,1,현지인(a),752671.5,20180530
30,대전광역시,3,수요일,2,외지인(b),200032.0,20180530
30,대전광역시,4,목요일,1,현지인(a),755338.5,20180531
30,대전광역시,4,목요일,2,외지인(b),203486.5,20180531
30,대전광역시,5,금요일,1,현지인(a),761782.0,20180601
30,대전광역시,5,금요일,2,외지인(b),181615.0,20180601
30,대전광역시,6,토요일,1,현지인(a),696342.5,20180602
30,대전광역시,6,토요일,2,외지인(b),279594.0,20180602
30,대전광역시,7,일요일,1,현지인(a),682958.5,20180603
30,대전광역시,7,일요일,2,외지인(b),237440.0,20180603
30,대전광역시,1,월요일,1,현지인(a),751695.0,20180604
30,대전광역시,1,월요일,2,외지인(b),156660.0,20180604
30,대전광역시,2,화요일,1,현지인(a),766794.0,20180605
30,대전광역시,2,화요일,2,외지인(b),176673.0,20180605
30,대전광역시,3,수요일,1,현지인(a),705600.0,20180606
30,대전광역시,3,수요일,2,외지인(b),219912.0,20180606
30,대전광역시,4,목요일,1,현지인(a),756626.5,20180607
30,대전광역시,4,목요일,2,외지인(b),161084.0,20180607
30,대전광역시,5,금요일,1,현지인(a),760760.0,20180608
30,대전광역시,5,금요일,2,외지인(b),196885.5,20180608
30,대전광역시,6,토요일,1,현지인(a),698113.5,20180609
30,대전광역시,6,토요일,2,외지인(b),281704.5,20180609
30,대전광역시,7,일요일,1,현지인(a),677148.5,20180610
30,대전광역시,7,일요일,2,외지인(b),236344.5,20180610
30,대전광역시,1,월요일,1,현지인(a),749577.5,20180611
30,대전광역시,1,월요일,2,외지인(b),165133.5,20180611
30,대전광역시,2,화요일,1,현지인(a),762856.5,20180612
30,대전광역시,2,화요일,2,외지인(b),178356.5,20180612
30,대전광역시,3,수요일,1,현지인(a),718014.5,20180613
30,대전광역시,3,수요일,2,외지인(b),188667.5,20180613
30,대전광역시,4,목요일,1,현지인(a),749444.5,20180614
30,대전광역시,4,목요일,2,외지인(b),169043.0,20180614
30,대전광역시,5,금요일,1,현지인(a),761162.5,20180615
30,대전광역시,5,금요일,2,외지인(b),205828.0,20180615
30,대전광역시,6,토요일,1,현지인(a),693091.0,20180616
30,대전광역시,6,토요일,2,외지인(b),288284.5,20180616
30,대전광역시,7,일요일,1,현지인(a),678902.0,20180617
30,대전광역시,7,일요일,2,외지인(b),245091.0,20180617
30,대전광역시,1,월요일,1,현지인(a),741422.5,20180618
30,대전광역시,1,월요일,2,외지인(b),174975.5,20180618
30,대전광역시,2,화요일,1,현지인(a),739448.5,20180619
30,대전광역시,2,화요일,2,외지인(b),180533.5,20180619
30,대전광역시,3,수요일,1,현지인(a),752027.5,20180620
30,대전광역시,3,수요일,2,외지인(b),186805.5,20180620
30,대전광역시,4,목요일,1,현지인(a),742476.0,20180621
30,대전광역시,4,목요일,2,외지인(b),194880.0,20180621
30,대전광역시,5,금요일,1,현지인(a),740649.0,20180622
30,대전광역시,5,금요일,2,외지인(b),224283.5,20180622
30,대전광역시,6,토요일,1,현지인(a),673767.5,20180623
30,대전광역시,6,토요일,2,외지인(b),295799.0,20180623
30,대전광역시,7,일요일,1,현지인(a),653551.5,20180624
30,대전광역시,7,일요일,2,외지인(b),257512.5,20180624
30,대전광역시,1,월요일,1,현지인(a),722802.5,20180625
30,대전광역시,1,월요일,2,외지인(b),197960.0,20180625
30,대전광역시,2,화요일,1,현지인(a),712670.0,20180626
30,대전광역시,2,화요일,2,외지인(b),197277.5,20180626
30,대전광역시,3,수요일,1,현지인(a),730296.0,20180627
30,대전광역시,3,수요일,2,외지인(b),201281.5,20180627
30,대전광역시,4,목요일,1,현지인(a),721329.0,20180628
30,대전광역시,4,목요일,2,외지인(b),208099.5,20180628
30,대전광역시,5,금요일,1,현지인(a),739721.5,20180629
30,대전광역시,5,금요일,2,외지인(b),235973.5,20180629
30,대전광역시,6,토요일,1,현지인(a),680298.5,20180630
30,대전광역시,6,토요일,2,외지인(b),297335.5,20180630
30,대전광역시,7,일요일,1,현지인(a),655014.5,20180701
30,대전광역시,7,일요일,2,외지인(b),203087.5,20180701
30,대전광역시,1,월요일,1,현지인(a),734002.5,20180702
30,대전광역시,1,월요일,2,외지인(b),154598.5,20180702
30,대전광역시,2,화요일,1,현지인(a),744334.5,20180703
30,대전광역시,2,화요일,2,외지인(b),161287.0,20180703
30,대전광역시,3,수요일,1,현지인(a),746546.5,20180704
30,대전광역시,3,수요일,2,외지인(b),169564.5,20180704
30,대전광역시,4,목요일,1,현지인(a),735343.0,20180705
30,대전광역시,4,목요일,2,외지인(b),176141.0,20180705
30,대전광역시,5,금요일,1,현지인(a),746893.0,20180706
30,대전광역시,5,금요일,2,외지인(b),203794.5,20180706
30,대전광역시,6,토요일,1,현지인(a),687781.5,20180707
30,대전광역시,6,토요일,2,외지인(b),285635.0,20180707
30,대전광역시,7,일요일,1,현지인(a),668640.0,20180708
30,대전광역시,7,일요일,2,외지인(b),237562.5,20180708
30,대전광역시,1,월요일,1,현지인(a),725655.0,20180709
30,대전광역시,1,월요일,2,외지인(b),174979.0,20180709
30,대전광역시,2,화요일,1,현지인(a),740628.0,20180710
30,대전광역시,2,화요일,2,외지인(b),187281.5,20180710
30,대전광역시,3,수요일,1,현지인(a),741671.0,20180711
30,대전광역시,3,수요일,2,외지인(b),191264.5,20180711
30,대전광역시,4,목요일,1,현지인(a),739889.5,20180712
30,대전광역시,4,목요일,2,외지인(b),193074.0,20180712
30,대전광역시,5,금요일,1,현지인(a),745759.0,20180713
30,대전광역시,5,금요일,2,외지인(b),215117.0,20180713
30,대전광역시,6,토요일,1,현지인(a),683588.5,20180714
30,대전광역시,6,토요일,2,외지인(b),284459.0,20180714
30,대전광역시,7,일요일,1,현지인(a),671870.5,20180715
30,대전광역시,7,일요일,2,외지인(b),248258.5,20180715
30,대전광역시,1,월요일,1,현지인(a),732238.5,20180716
30,대전광역시,1,월요일,2,외지인(b),190473.5,20180716
30,대전광역시,2,화요일,1,현지인(a),738636.5,20180717
30,대전광역시,2,화요일,2,외지인(b),195132.0,20180717
30,대전광역시,3,수요일,1,현지인(a),739053.0,20180718
30,대전광역시,3,수요일,2,외지인(b),199797.5,20180718
30,대전광역시,4,목요일,1,현지인(a),736148.0,20180719
30,대전광역시,4,목요일,2,외지인(b),203178.5,20180719
30,대전광역시,5,금요일,1,현지인(a),741601.0,20180720
30,대전광역시,5,금요일,2,외지인(b),228669.0,20180720
30,대전광역시,6,토요일,1,현지인(a),678107.5,20180721
30,대전광역시,6,토요일,2,외지인(b),293958.0,20180721
30,대전광역시,7,일요일,1,현지인(a),658357.0,20180722
30,대전광역시,7,일요일,2,외지인(b),255479.0,20180722
30,대전광역시,1,월요일,1,현지인(a),721301.0,20180723
30,대전광역시,1,월요일,2,외지인(b),209440.0,20180723
30,대전광역시,2,화요일,1,현지인(a),722459.5,20180724
30,대전광역시,2,화요일,2,외지인(b),211291.5,20180724
30,대전광역시,3,수요일,1,현지인(a),730177.0,20180725
30,대전광역시,3,수요일,2,외지인(b),219513.0,20180725
30,대전광역시,4,목요일,1,현지인(a),721658.0,20180726
30,대전광역시,4,목요일,2,외지인(b),224864.5,20180726
30,대전광역시,5,금요일,1,현지인(a),728416.5,20180727
30,대전광역시,5,금요일,2,외지인(b),246225.0,20180727
30,대전광역시,6,토요일,1,현지인(a),661860.5,20180728
30,대전광역시,6,토요일,2,외지인(b),294059.5,20180728
30,대전광역시,7,일요일,1,현지인(a),651021.0,20180729
30,대전광역시,7,일요일,2,외지인(b),276199.0,20180729
30,대전광역시,1,월요일,1,현지인(a),697571.0,20180730
30,대전광역시,1,월요일,2,외지인(b),240030.0,20180730
30,대전광역시,2,화요일,1,현지인(a),702278.5,20180731
30,대전광역시,2,화요일,2,외지인(b),241976.0,20180731
30,대전광역시,3,수요일,1,현지인(a),693245.0,20180801
30,대전광역시,3,수요일,2,외지인(b),198030.0,20180801
30,대전광역시,4,목요일,1,현지인(a),681947.0,20180802
30,대전광역시,4,목요일,2,외지인(b),206500.0,20180802
30,대전광역시,5,금요일,1,현지인(a),683175.5,20180803
30,대전광역시,5,금요일,2,외지인(b),229593.0,20180803
30,대전광역시,6,토요일,1,현지인(a),638491.0,20180804
30,대전광역시,6,토요일,2,외지인(b),276153.5,20180804
30,대전광역시,7,일요일,1,현지인(a),642106.5,20180805
30,대전광역시,7,일요일,2,외지인(b),239018.5,20180805
30,대전광역시,1,월요일,1,현지인(a),693955.5,20180806
30,대전광역시,1,월요일,2,외지인(b),184569.0,20180806
30,대전광역시,2,화요일,1,현지인(a),696762.5,20180807
30,대전광역시,2,화요일,2,외지인(b),187348.0,20180807
30,대전광역시,3,수요일,1,현지인(a),703867.5,20180808
30,대전광역시,3,수요일,2,외지인(b),192468.5,20180808
30,대전광역시,4,목요일,1,현지인(a),696472.0,20180809
30,대전광역시,4,목요일,2,외지인(b),192160.5,20180809
30,대전광역시,5,금요일,1,현지인(a),704816.0,20180810
30,대전광역시,5,금요일,2,외지인(b),219327.5,20180810
30,대전광역시,6,토요일,1,현지인(a),657594.0,20180811
30,대전광역시,6,토요일,2,외지인(b),293888.0,20180811
30,대전광역시,7,일요일,1,현지인(a),637749.0,20180812
30,대전광역시,7,일요일,2,외지인(b),241941.0,20180812
30,대전광역시,1,월요일,1,현지인(a),689559.5,20180813
30,대전광역시,1,월요일,2,외지인(b),194757.5,20180813
30,대전광역시,2,화요일,1,현지인(a),703209.5,20180814
30,대전광역시,2,화요일,2,외지인(b),208096.0,20180814
30,대전광역시,3,수요일,1,현지인(a),658651.0,20180815
30,대전광역시,3,수요일,2,외지인(b),223226.5,20180815
30,대전광역시,4,목요일,1,현지인(a),703118.5,20180816
30,대전광역시,4,목요일,2,외지인(b),197172.5,20180816
30,대전광역시,5,금요일,1,현지인(a),706429.5,20180817
30,대전광역시,5,금요일,2,외지인(b),217399.0,20180817
30,대전광역시,6,토요일,1,현지인(a),657597.5,20180818
30,대전광역시,6,토요일,2,외지인(b),280878.5,20180818
30,대전광역시,7,일요일,1,현지인(a),648970.0,20180819
30,대전광역시,7,일요일,2,외지인(b),246015.0,20180819
30,대전광역시,1,월요일,1,현지인(a),704833.5,20180820
30,대전광역시,1,월요일,2,외지인(b),195384.0,20180820
30,대전광역시,2,화요일,1,현지인(a),710185.0,20180821
30,대전광역시,2,화요일,2,외지인(b),201572.0,20180821
30,대전광역시,3,수요일,1,현지인(a),714318.5,20180822
30,대전광역시,3,수요일,2,외지인(b),203395.5,20180822
30,대전광역시,4,목요일,1,현지인(a),694799.0,20180823
30,대전광역시,4,목요일,2,외지인(b),187610.5,20180823
30,대전광역시,5,금요일,1,현지인(a),712047.0,20180824
30,대전광역시,5,금요일,2,외지인(b),215246.5,20180824
30,대전광역시,6,토요일,1,현지인(a),670418.0,20180825
30,대전광역시,6,토요일,2,외지인(b),305144.0,20180825
30,대전광역시,7,일요일,1,현지인(a),636744.5,20180826
30,대전광역시,7,일요일,2,외지인(b),257481.0,20180826
30,대전광역시,1,월요일,1,현지인(a),698572.0,20180827
30,대전광역시,1,월요일,2,외지인(b),207350.5,20180827
30,대전광역시,2,화요일,1,현지인(a),716954.0,20180828
30,대전광역시,2,화요일,2,외지인(b),212793.0,20180828
30,대전광역시,3,수요일,1,현지인(a),720114.5,20180829
30,대전광역시,3,수요일,2,외지인(b),221200.0,20180829
30,대전광역시,4,목요일,1,현지인(a),713142.5,20180830
30,대전광역시,4,목요일,2,외지인(b),224941.5,20180830
30,대전광역시,5,금요일,1,현지인(a),729816.5,20180831
30,대전광역시,5,금요일,2,외지인(b),246081.5,20180831
30,대전광역시,6,토요일,1,현지인(a),674814.0,20180901
30,대전광역시,6,토요일,2,외지인(b),280945.0,20180901
30,대전광역시,7,일요일,1,현지인(a),661888.5,20180902
30,대전광역시,7,일요일,2,외지인(b),252213.5,20180902
30,대전광역시,1,월요일,1,현지인(a),709292.5,20180903
30,대전광역시,1,월요일,2,외지인(b),185955.0,20180903
30,대전광역시,2,화요일,1,현지인(a),732746.0,20180904
30,대전광역시,2,화요일,2,외지인(b),196441.0,20180904
30,대전광역시,3,수요일,1,현지인(a),736596.0,20180905
30,대전광역시,3,수요일,2,외지인(b),203388.5,20180905
30,대전광역시,4,목요일,1,현지인(a),729736.0,20180906
30,대전광역시,4,목요일,2,외지인(b),206377.5,20180906
30,대전광역시,5,금요일,1,현지인(a),741321.0,20180907
30,대전광역시,5,금요일,2,외지인(b),231808.5,20180907
30,대전광역시,6,토요일,1,현지인(a),681208.5,20180908
30,대전광역시,6,토요일,2,외지인(b),314146.0,20180908
30,대전광역시,7,일요일,1,현지인(a),662599.0,20180909
30,대전광역시,7,일요일,2,외지인(b),261275.0,20180909
30,대전광역시,1,월요일,1,현지인(a),733740.0,20180910
30,대전광역시,1,월요일,2,외지인(b),208799.5,20180910
30,대전광역시,2,화요일,1,현지인(a),732865.0,20180911
30,대전광역시,2,화요일,2,외지인(b),216184.5,20180911
30,대전광역시,3,수요일,1,현지인(a),749255.5,20180912
30,대전광역시,3,수요일,2,외지인(b),221406.5,20180912
30,대전광역시,4,목요일,1,현지인(a),743137.5,20180913
30,대전광역시,4,목요일,2,외지인(b),228140.5,20180913
30,대전광역시,5,금요일,1,현지인(a),747869.5,20180914
30,대전광역시,5,금요일,2,외지인(b),247849.0,20180914
30,대전광역시,6,토요일,1,현지인(a),693703.5,20180915
30,대전광역시,6,토요일,2,외지인(b),317961.0,20180915
30,대전광역시,7,일요일,1,현지인(a),682216.5,20180916
30,대전광역시,7,일요일,2,외지인(b),276507.0,20180916
30,대전광역시,1,월요일,1,현지인(a),744012.5,20180917
30,대전광역시,1,월요일,2,외지인(b),223321.0,20180917
30,대전광역시,2,화요일,1,현지인(a),742542.5,20180918
30,대전광역시,2,화요일,2,외지인(b),231322.0,20180918
30,대전광역시,3,수요일,1,현지인(a),749822.5,20180919
30,대전광역시,3,수요일,2,외지인(b),236390.0,20180919
30,대전광역시,4,목요일,1,현지인(a),750477.0,20180920
30,대전광역시,4,목요일,2,외지인(b),234699.5,20180920
30,대전광역시,5,금요일,1,현지인(a),762349.0,20180921
30,대전광역시,5,금요일,2,외지인(b),252598.5,20180921
30,대전광역시,6,토요일,1,현지인(a),689486.0,20180922
30,대전광역시,6,토요일,2,외지인(b),327138.0,20180922
30,대전광역시,7,일요일,1,현지인(a),567745.5,20180923
30,대전광역시,7,일요일,2,외지인(b),386568.0,20180923
30,대전광역시,1,월요일,1,현지인(a),502911.5,20180924
30,대전광역시,1,월요일,2,외지인(b),499681.0,20180924
30,대전광역시,2,화요일,1,현지인(a),574091.0,20180925
30,대전광역시,2,화요일,2,외지인(b),392763.0,20180925
30,대전광역시,3,수요일,1,현지인(a),659050.0,20180926
30,대전광역시,3,수요일,2,외지인(b),291966.5,20180926
30,대전광역시,4,목요일,1,현지인(a),738794.0,20180927
30,대전광역시,4,목요일,2,외지인(b),231640.5,20180927
30,대전광역시,5,금요일,1,현지인(a),748286.0,20180928
30,대전광역시,5,금요일,2,외지인(b),243470.5,20180928
30,대전광역시,6,토요일,1,현지인(a),697056.5,20180929
30,대전광역시,6,토요일,2,외지인(b),291224.5,20180929
30,대전광역시,7,일요일,1,현지인(a),677204.5,20180930
30,대전광역시,7,일요일,2,외지인(b),259028.0,20180930
30,대전광역시,1,월요일,1,현지인(a),719110.0,20181001
30,대전광역시,1,월요일,2,외지인(b),153940.5,20181001
30,대전광역시,2,화요일,1,현지인(a),737261.0,20181002
30,대전광역시,2,화요일,2,외지인(b),176554.0,20181002
30,대전광역시,3,수요일,1,현지인(a),678286.0,20181003
30,대전광역시,3,수요일,2,외지인(b),195888.0,20181003
30,대전광역시,4,목요일,1,현지인(a),727814.5,20181004
30,대전광역시,4,목요일,2,외지인(b),174086.5,20181004
30,대전광역시,5,금요일,1,현지인(a),724367.0,20181005
30,대전광역시,5,금요일,2,외지인(b),192321.5,20181005
30,대전광역시,6,토요일,1,현지인(a),672987.0,20181006
30,대전광역시,6,토요일,2,외지인(b),249914.0,20181006
30,대전광역시,7,일요일,1,현지인(a),661769.5,20181007
30,대전광역시,7,일요일,2,외지인(b),229400.5,20181007
30,대전광역시,1,월요일,1,현지인(a),720590.5,20181008
30,대전광역시,1,월요일,2,외지인(b),196206.5,20181008
30,대전광역시,2,화요일,1,현지인(a),660362.5,20181009
30,대전광역시,2,화요일,2,외지인(b),196847.0,20181009
30,대전광역시,3,수요일,1,현지인(a),725809.0,20181010
30,대전광역시,3,수요일,2,외지인(b),177961.0,20181010
30,대전광역시,4,목요일,1,현지인(a),723026.5,20181011
30,대전광역시,4,목요일,2,외지인(b),188636.0,20181011
30,대전광역시,5,금요일,1,현지인(a),734744.5,20181012
30,대전광역시,5,금요일,2,외지인(b),213986.5,20181012
30,대전광역시,6,토요일,1,현지인(a),673246.0,20181013
30,대전광역시,6,토요일,2,외지인(b),295326.5,20181013
30,대전광역시,7,일요일,1,현지인(a),650695.5,20181014
30,대전광역시,7,일요일,2,외지인(b),245147.0,20181014
30,대전광역시,1,월요일,1,현지인(a),721294.0,20181015
30,대전광역시,1,월요일,2,외지인(b),183876.0,20181015
30,대전광역시,2,화요일,1,현지인(a),718651.5,20181016
30,대전광역시,2,화요일,2,외지인(b),188814.5,20181016
30,대전광역시,3,수요일,1,현지인(a),725326.0,20181017
30,대전광역시,3,수요일,2,외지인(b),194579.0,20181017
30,대전광역시,4,목요일,1,현지인(a),720755.0,20181018
30,대전광역시,4,목요일,2,외지인(b),203402.5,20181018
30,대전광역시,5,금요일,1,현지인(a),731451.0,20181019
30,대전광역시,5,금요일,2,외지인(b),243005.0,20181019
30,대전광역시,6,토요일,1,현지인(a),671636.0,20181020
30,대전광역시,6,토요일,2,외지인(b),323235.5,20181020
30,대전광역시,7,일요일,1,현지인(a),657853.0,20181021
30,대전광역시,7,일요일,2,외지인(b),265391.0,20181021
30,대전광역시,1,월요일,1,현지인(a),718214.0,20181022
30,대전광역시,1,월요일,2,외지인(b),193704.0,20181022
30,대전광역시,2,화요일,1,현지인(a),717594.5,20181023
30,대전광역시,2,화요일,2,외지인(b),198208.5,20181023
30,대전광역시,3,수요일,1,현지인(a),724661.0,20181024
30,대전광역시,3,수요일,2,외지인(b),203826.0,20181024
30,대전광역시,4,목요일,1,현지인(a),722680.0,20181025
30,대전광역시,4,목요일,2,외지인(b),210465.5,20181025
30,대전광역시,5,금요일,1,현지인(a),724087.0,20181026
30,대전광역시,5,금요일,2,외지인(b),235753.0,20181026
30,대전광역시,6,토요일,1,현지인(a),670344.5,20181027
30,대전광역시,6,토요일,2,외지인(b),330687.0,20181027
30,대전광역시,7,일요일,1,현지인(a),635540.5,20181028
30,대전광역시,7,일요일,2,외지인(b),263448.5,20181028
30,대전광역시,1,월요일,1,현지인(a),715204.0,20181029
30,대전광역시,1,월요일,2,외지인(b),200532.5,20181029
30,대전광역시,2,화요일,1,현지인(a),717419.5,20181030
30,대전광역시,2,화요일,2,외지인(b),205408.0,20181030
30,대전광역시,3,수요일,1,현지인(a),724437.0,20181031
30,대전광역시,3,수요일,2,외지인(b),205824.5,20181031
30,대전광역시,4,목요일,1,현지인(a),711854.5,20181101
30,대전광역시,4,목요일,2,외지인(b),148424.5,20181101
30,대전광역시,5,금요일,1,현지인(a),716607.5,20181102
30,대전광역시,5,금요일,2,외지인(b),186525.5,20181102
30,대전광역시,6,토요일,1,현지인(a),654143.0,20181103
30,대전광역시,6,토요일,2,외지인(b),291186.0,20181103
30,대전광역시,7,일요일,1,현지인(a),641186.0,20181104
30,대전광역시,7,일요일,2,외지인(b),244636.0,20181104
30,대전광역시,1,월요일,1,현지인(a),704396.0,20181105
30,대전광역시,1,월요일,2,외지인(b),152575.5,20181105
30,대전광역시,2,화요일,1,현지인(a),705274.5,20181106
30,대전광역시,2,화요일,2,외지인(b),155267.0,20181106
30,대전광역시,3,수요일,1,현지인(a),705215.0,20181107
30,대전광역시,3,수요일,2,외지인(b),158571.0,20181107
30,대전광역시,4,목요일,1,현지인(a),695607.5,20181108
30,대전광역시,4,목요일,2,외지인(b),165679.5,20181108
30,대전광역시,5,금요일,1,현지인(a),714528.5,20181109
30,대전광역시,5,금요일,2,외지인(b),202615.0,20181109
30,대전광역시,6,토요일,1,현지인(a),657041.0,20181110
30,대전광역시,6,토요일,2,외지인(b),298280.5,20181110
30,대전광역시,7,일요일,1,현지인(a),634984.0,20181111
30,대전광역시,7,일요일,2,외지인(b),247740.5,20181111
30,대전광역시,1,월요일,1,현지인(a),707318.5,20181112
30,대전광역시,1,월요일,2,외지인(b),164594.5,20181112
30,대전광역시,2,화요일,1,현지인(a),710073.0,20181113
30,대전광역시,2,화요일,2,외지인(b),168441.0,20181113
30,대전광역시,3,수요일,1,현지인(a),718872.0,20181114
30,대전광역시,3,수요일,2,외지인(b),174317.5,20181114
30,대전광역시,4,목요일,1,현지인(a),712869.5,20181115
30,대전광역시,4,목요일,2,외지인(b),180362.0,20181115
30,대전광역시,5,금요일,1,현지인(a),712757.5,20181116
30,대전광역시,5,금요일,2,외지인(b),218508.5,20181116
30,대전광역시,6,토요일,1,현지인(a),647738.0,20181117
30,대전광역시,6,토요일,2,외지인(b),314055.0,20181117
30,대전광역시,7,일요일,1,현지인(a),635862.5,20181118
30,대전광역시,7,일요일,2,외지인(b),268261.0,20181118
30,대전광역시,1,월요일,1,현지인(a),702324.0,20181119
30,대전광역시,1,월요일,2,외지인(b),180446.0,20181119
30,대전광역시,2,화요일,1,현지인(a),706216.0,20181120
30,대전광역시,2,화요일,2,외지인(b),185416.0,20181120
30,대전광역시,3,수요일,1,현지인(a),703801.0,20181121
30,대전광역시,3,수요일,2,외지인(b),182682.5,20181121
30,대전광역시,4,목요일,1,현지인(a),704189.5,20181122
30,대전광역시,4,목요일,2,외지인(b),191600.5,20181122
30,대전광역시,5,금요일,1,현지인(a),708144.5,20181123
30,대전광역시,5,금요일,2,외지인(b),227185.0,20181123
30,대전광역시,6,토요일,1,현지인(a),635309.5,20181124
30,대전광역시,6,토요일,2,외지인(b),312753.0,20181124
30,대전광역시,7,일요일,1,현지인(a),630430.5,20181125
30,대전광역시,7,일요일,2,외지인(b),272391.0,20181125
30,대전광역시,1,월요일,1,현지인(a),700756.0,20181126
30,대전광역시,1,월요일,2,외지인(b),190235.5,20181126
30,대전광역시,2,화요일,1,현지인(a),701862.0,20181127
30,대전광역시,2,화요일,2,외지인(b),191093.0,20181127
30,대전광역시,3,수요일,1,현지인(a),702740.5,20181128
30,대전광역시,3,수요일,2,외지인(b),196462.0,20181128
30,대전광역시,4,목요일,1,현지인(a),700682.5,20181129
30,대전광역시,4,목요일,2,외지인(b),198215.5,20181129
30,대전광역시,5,금요일,1,현지인(a),710153.5,20181130
30,대전광역시,5,금요일,2,외지인(b),226702.0,20181130
30,대전광역시,6,토요일,1,현지인(a),676501.0,20181201
30,대전광역시,6,토요일,2,외지인(b),282943.5,20181201
30,대전광역시,7,일요일,1,현지인(a),666767.5,20181202
30,대전광역시,7,일요일,2,외지인(b),235322.5,20181202
30,대전광역시,1,월요일,1,현지인(a),729228.5,20181203
30,대전광역시,1,월요일,2,외지인(b),149002.0,20181203
30,대전광역시,2,화요일,1,현지인(a),739732.0,20181204
30,대전광역시,2,화요일,2,외지인(b),152838.0,20181204
30,대전광역시,3,수요일,1,현지인(a),742938.0,20181205
30,대전광역시,3,수요일,2,외지인(b),157332.0,20181205
30,대전광역시,4,목요일,1,현지인(a),739686.5,20181206
30,대전광역시,4,목요일,2,외지인(b),165672.5,20181206
30,대전광역시,5,금요일,1,현지인(a),735682.5,20181207
30,대전광역시,5,금요일,2,외지인(b),193081.0,20181207
30,대전광역시,6,토요일,1,현지인(a),677624.5,20181208
30,대전광역시,6,토요일,2,외지인(b),288442.0,20181208
30,대전광역시,7,일요일,1,현지인(a),658273.0,20181209
30,대전광역시,7,일요일,2,외지인(b),234993.5,20181209
30,대전광역시,1,월요일,1,현지인(a),733334.0,20181210
30,대전광역시,1,월요일,2,외지인(b),166890.5,20181210
30,대전광역시,2,화요일,1,현지인(a),725609.5,20181211
30,대전광역시,2,화요일,2,외지인(b),161605.5,20181211
30,대전광역시,3,수요일,1,현지인(a),739060.0,20181212
30,대전광역시,3,수요일,2,외지인(b),172476.5,20181212
30,대전광역시,4,목요일,1,현지인(a),732189.5,20181213
30,대전광역시,4,목요일,2,외지인(b),179487.0,20181213
30,대전광역시,5,금요일,1,현지인(a),740113.5,20181214
30,대전광역시,5,금요일,2,외지인(b),209300.0,20181214
30,대전광역시,6,토요일,1,현지인(a),678475.0,20181215
30,대전광역시,6,토요일,2,외지인(b),308105.0,20181215
30,대전광역시,7,일요일,1,현지인(a),660502.5,20181216
30,대전광역시,7,일요일,2,외지인(b),255524.5,20181216
30,대전광역시,1,월요일,1,현지인(a),724083.5,20181217
30,대전광역시,1,월요일,2,외지인(b),182080.5,20181217
30,대전광역시,2,화요일,1,현지인(a),728658.0,20181218
30,대전광역시,2,화요일,2,외지인(b),187099.5,20181218
30,대전광역시,3,수요일,1,현지인(a),731570.0,20181219
30,대전광역시,3,수요일,2,외지인(b),189066.5,20181219
30,대전광역시,4,목요일,1,현지인(a),730348.5,20181220
30,대전광역시,4,목요일,2,외지인(b),192552.5,20181220
30,대전광역시,5,금요일,1,현지인(a),734496.0,20181221
30,대전광역시,5,금요일,2,외지인(b),224185.5,20181221
30,대전광역시,6,토요일,1,현지인(a),673400.0,20181222
30,대전광역시,6,토요일,2,외지인(b),318710.0,20181222
30,대전광역시,7,일요일,1,현지인(a),641028.5,20181223
30,대전광역시,7,일요일,2,외지인(b),270235.0,20181223
30,대전광역시,1,월요일,1,현지인(a),715914.5,20181224
30,대전광역시,1,월요일,2,외지인(b),237356.0,20181224
30,대전광역시,2,화요일,1,현지인(a),667040.5,20181225
30,대전광역시,2,화요일,2,외지인(b),250260.5,20181225
30,대전광역시,3,수요일,1,현지인(a),712901.0,20181226
30,대전광역시,3,수요일,2,외지인(b),207266.5,20181226
30,대전광역시,4,목요일,1,현지인(a),704739.0,20181227
30,대전광역시,4,목요일,2,외지인(b),206475.5,20181227
30,대전광역시,5,금요일,1,현지인(a),709681.0,20181228
30,대전광역시,5,금요일,2,외지인(b),228998.0,20181228
30,대전광역시,6,토요일,1,현지인(a),647178.0,20181229
30,대전광역시,6,토요일,2,외지인(b),304192.0,20181229
30,대전광역시,7,일요일,1,현지인(a),628810.0,20181230
30,대전광역시,7,일요일,2,외지인(b),283759.0,20181230
30,대전광역시,1,월요일,1,현지인(a),695877.0,20181231
30,대전광역시,1,월요일,2,외지인(b),265261.5,20181231
30,대전광역시,2,화요일,1,현지인(a),612797.5,20190101
30,대전광역시,2,화요일,2,외지인(b),200672.5,20190101
30,대전광역시,3,수요일,1,현지인(a),707301.0,20190102
30,대전광역시,3,수요일,2,외지인(b),158536.0,20190102
30,대전광역시,4,목요일,1,현지인(a),712467.0,20190103
30,대전광역시,4,목요일,2,외지인(b),165823.0,20190103
30,대전광역시,5,금요일,1,현지인(a),719624.5,20190104
30,대전광역시,5,금요일,2,외지인(b),186816.0,20190104
30,대전광역시,6,토요일,1,현지인(a),659697.5,20190105
30,대전광역시,6,토요일,2,외지인(b),257099.5,20190105
30,대전광역시,7,일요일,1,현지인(a),643972.0,20190106
30,대전광역시,7,일요일,2,외지인(b),213136.0,20190106
30,대전광역시,1,월요일,1,현지인(a),706419.0,20190107
30,대전광역시,1,월요일,2,외지인(b),172851.0,20190107
30,대전광역시,2,화요일,1,현지인(a),707567.0,20190108
30,대전광역시,2,화요일,2,외지인(b),184247.0,20190108
30,대전광역시,3,수요일,1,현지인(a),710423.0,20190109
30,대전광역시,3,수요일,2,외지인(b),183760.5,20190109
30,대전광역시,4,목요일,1,현지인(a),708547.0,20190110
30,대전광역시,4,목요일,2,외지인(b),187803.0,20190110
30,대전광역시,5,금요일,1,현지인(a),718252.5,20190111
30,대전광역시,5,금요일,2,외지인(b),212793.0,20190111
30,대전광역시,6,토요일,1,현지인(a),656971.0,20190112
30,대전광역시,6,토요일,2,외지인(b),284795.0,20190112
30,대전광역시,7,일요일,1,현지인(a),634452.0,20190113
30,대전광역시,7,일요일,2,외지인(b),232991.5,20190113
30,대전광역시,1,월요일,1,현지인(a),696724.0,20190114
30,대전광역시,1,월요일,2,외지인(b),188279.0,20190114
30,대전광역시,2,화요일,1,현지인(a),697669.0,20190115
30,대전광역시,2,화요일,2,외지인(b),198317.0,20190115
30,대전광역시,3,수요일,1,현지인(a),708008.0,20190116
30,대전광역시,3,수요일,2,외지인(b),198026.5,20190116
30,대전광역시,4,목요일,1,현지인(a),702796.5,20190117
30,대전광역시,4,목요일,2,외지인(b),202352.5,20190117
30,대전광역시,5,금요일,1,현지인(a),712096.0,20190118
30,대전광역시,5,금요일,2,외지인(b),222145.0,20190118
30,대전광역시,6,토요일,1,현지인(a),650692.0,20190119
30,대전광역시,6,토요일,2,외지인(b),296478.0,20190119
30,대전광역시,7,일요일,1,현지인(a),633521.0,20190120
30,대전광역시,7,일요일,2,외지인(b),246942.5,20190120
30,대전광역시,1,월요일,1,현지인(a),693759.5,20190121
30,대전광역시,1,월요일,2,외지인(b),197043.0,20190121
30,대전광역시,2,화요일,1,현지인(a),696615.5,20190122
30,대전광역시,2,화요일,2,외지인(b),204456.0,20190122
30,대전광역시,3,수요일,1,현지인(a),700441.0,20190123
30,대전광역시,3,수요일,2,외지인(b),207896.5,20190123
30,대전광역시,4,목요일,1,현지인(a),699356.0,20190124
30,대전광역시,4,목요일,2,외지인(b),209975.5,20190124
30,대전광역시,5,금요일,1,현지인(a),707707.0,20190125
30,대전광역시,5,금요일,2,외지인(b),228910.5,20190125
30,대전광역시,6,토요일,1,현지인(a),656659.5,20190126
30,대전광역시,6,토요일,2,외지인(b),301063.0,20190126
30,대전광역시,7,일요일,1,현지인(a),633664.5,20190127
30,대전광역시,7,일요일,2,외지인(b),242812.5,20190127
30,대전광역시,1,월요일,1,현지인(a),694725.5,20190128
30,대전광역시,1,월요일,2,외지인(b),203861.0,20190128
30,대전광역시,2,화요일,1,현지인(a),700080.5,20190129
30,대전광역시,2,화요일,2,외지인(b),211904.0,20190129
30,대전광역시,3,수요일,1,현지인(a),709093.0,20190130
30,대전광역시,3,수요일,2,외지인(b),212653.0,20190130
30,대전광역시,4,목요일,1,현지인(a),711536.0,20190131
30,대전광역시,4,목요일,2,외지인(b),211155.0,20190131
30,대전광역시,5,금요일,1,현지인(a),729025.5,20190201
30,대전광역시,5,금요일,2,외지인(b),186714.5,20190201
30,대전광역시,6,토요일,1,현지인(a),660425.5,20190202
30,대전광역시,6,토요일,2,외지인(b),261982.0,20190202
30,대전광역시,7,일요일,1,현지인(a),597761.5,20190203
30,대전광역시,7,일요일,2,외지인(b),299033.0,20190203
30,대전광역시,1,월요일,1,현지인(a),503072.5,20190204
30,대전광역시,1,월요일,2,외지인(b),369831.0,20190204
30,대전광역시,2,화요일,1,현지인(a),495348.0,20190205
30,대전광역시,2,화요일,2,외지인(b),464110.5,20190205
30,대전광역시,3,수요일,1,현지인(a),582298.5,20190206
30,대전광역시,3,수요일,2,외지인(b),300380.5,20190206
30,대전광역시,4,목요일,1,현지인(a),687022.0,20190207
30,대전광역시,4,목요일,2,외지인(b),184086.0,20190207
30,대전광역시,5,금요일,1,현지인(a),709359.0,20190208
30,대전광역시,5,금요일,2,외지인(b),190648.5,20190208
30,대전광역시,6,토요일,1,현지인(a),664275.5,20190209
30,대전광역시,6,토요일,2,외지인(b),250628.0,20190209
30,대전광역시,7,일요일,1,현지인(a),640262.0,20190210
30,대전광역시,7,일요일,2,외지인(b),209930.0,20190210
30,대전광역시,1,월요일,1,현지인(a),698645.5,20190211
30,대전광역시,1,월요일,2,외지인(b),176148.0,20190211
30,대전광역시,2,화요일,1,현지인(a),700136.5,20190212
30,대전광역시,2,화요일,2,외지인(b),180162.5,20190212
30,대전광역시,3,수요일,1,현지인(a),703300.5,20190213
30,대전광역시,3,수요일,2,외지인(b),185251.5,20190213
30,대전광역시,4,목요일,1,현지인(a),701183.0,20190214
30,대전광역시,4,목요일,2,외지인(b),193791.5,20190214
30,대전광역시,5,금요일,1,현지인(a),710335.5,20190215
30,대전광역시,5,금요일,2,외지인(b),217350.0,20190215
30,대전광역시,6,토요일,1,현지인(a),662977.0,20190216
30,대전광역시,6,토요일,2,외지인(b),293111.0,20190216
30,대전광역시,7,일요일,1,현지인(a),645291.5,20190217
30,대전광역시,7,일요일,2,외지인(b),247873.5,20190217
30,대전광역시,1,월요일,1,현지인(a),690063.5,20190218
30,대전광역시,1,월요일,2,외지인(b),194883.5,20190218
30,대전광역시,2,화요일,1,현지인(a),690480.0,20190219
30,대전광역시,2,화요일,2,외지인(b),189507.5,20190219
30,대전광역시,3,수요일,1,현지인(a),705813.5,20190220
30,대전광역시,3,수요일,2,외지인(b),201831.0,20190220
30,대전광역시,4,목요일,1,현지인(a),699576.5,20190221
30,대전광역시,4,목요일,2,외지인(b),217206.5,20190221
30,대전광역시,5,금요일,1,현지인(a),705771.5,20190222
30,대전광역시,5,금요일,2,외지인(b),236089.0,20190222
30,대전광역시,6,토요일,1,현지인(a),664615.0,20190223
30,대전광역시,6,토요일,2,외지인(b),321198.5,20190223
30,대전광역시,7,일요일,1,현지인(a),642582.5,20190224
30,대전광역시,7,일요일,2,외지인(b),280105.0,20190224
30,대전광역시,1,월요일,1,현지인(a),690060.0,20190225
30,대전광역시,1,월요일,2,외지인(b),226068.5,20190225
30,대전광역시,2,화요일,1,현지인(a),693630.0,20190226
30,대전광역시,2,화요일,2,외지인(b),229229.0,20190226
30,대전광역시,3,수요일,1,현지인(a),690886.0,20190227
30,대전광역시,3,수요일,2,외지인(b),233065.0,20190227
30,대전광역시,4,목요일,1,현지인(a),703930.5,20190228
30,대전광역시,4,목요일,2,외지인(b),257950.0,20190228
30,대전광역시,5,금요일,1,현지인(a),640815.0,20190301
30,대전광역시,5,금요일,2,외지인(b),269811.5,20190301
30,대전광역시,6,토요일,1,현지인(a),647944.5,20190302
30,대전광역시,6,토요일,2,외지인(b),303856.0,20190302
30,대전광역시,7,일요일,1,현지인(a),657055.0,20190303
30,대전광역시,7,일요일,2,외지인(b),271988.5,20190303
30,대전광역시,1,월요일,1,현지인(a),728913.5,20190304
30,대전광역시,1,월요일,2,외지인(b),226257.5,20190304
30,대전광역시,2,화요일,1,현지인(a),721647.5,20190305
30,대전광역시,2,화요일,2,외지인(b),230646.5,20190305
30,대전광역시,3,수요일,1,현지인(a),729578.5,20190306
30,대전광역시,3,수요일,2,외지인(b),233478.0,20190306
30,대전광역시,4,목요일,1,현지인(a),726313.0,20190307
30,대전광역시,4,목요일,2,외지인(b),243176.5,20190307
30,대전광역시,5,금요일,1,현지인(a),744089.5,20190308
30,대전광역시,5,금요일,2,외지인(b),260533.0,20190308
30,대전광역시,6,토요일,1,현지인(a),687939.0,20190309
30,대전광역시,6,토요일,2,외지인(b),320866.0,20190309
30,대전광역시,7,일요일,1,현지인(a),648651.5,20190310
30,대전광역시,7,일요일,2,외지인(b),273080.5,20190310
30,대전광역시,1,월요일,1,현지인(a),716989.0,20190311
30,대전광역시,1,월요일,2,외지인(b),240646.0,20190311
30,대전광역시,2,화요일,1,현지인(a),716240.0,20190312
30,대전광역시,2,화요일,2,외지인(b),246995.0,20190312
30,대전광역시,3,수요일,1,현지인(a),725714.5,20190313
30,대전광역시,3,수요일,2,외지인(b),251380.5,20190313
30,대전광역시,4,목요일,1,현지인(a),724223.5,20190314
30,대전광역시,4,목요일,2,외지인(b),257463.5,20190314
30,대전광역시,5,금요일,1,현지인(a),731454.5,20190315
30,대전광역시,5,금요일,2,외지인(b),273108.5,20190315
30,대전광역시,6,토요일,1,현지인(a),676175.5,20190316
30,대전광역시,6,토요일,2,외지인(b),333658.5,20190316
30,대전광역시,7,일요일,1,현지인(a),658045.5,20190317
30,대전광역시,7,일요일,2,외지인(b),300209.0,20190317
30,대전광역시,1,월요일,1,현지인(a),719642.0,20190318
30,대전광역시,1,월요일,2,외지인(b),255507.0,20190318
30,대전광역시,2,화요일,1,현지인(a),726271.0,20190319
30,대전광역시,2,화요일,2,외지인(b),260690.5,20190319
30,대전광역시,3,수요일,1,현지인(a),721934.5,20190320
30,대전광역시,3,수요일,2,외지인(b),259252.0,20190320
30,대전광역시,4,목요일,1,현지인(a),723327.5,20190321
30,대전광역시,4,목요일,2,외지인(b),267393.0,20190321
30,대전광역시,5,금요일,1,현지인(a),734363.0,20190322
30,대전광역시,5,금요일,2,외지인(b),288638.0,20190322
30,대전광역시,6,토요일,1,현지인(a),664363.0,20190323
30,대전광역시,6,토요일,2,외지인(b),335002.5,20190323
30,대전광역시,7,일요일,1,현지인(a),647741.5,20190324
30,대전광역시,7,일요일,2,외지인(b),295274.0,20190324
30,대전광역시,1,월요일,1,현지인(a),717731.0,20190325
30,대전광역시,1,월요일,2,외지인(b),261212.0,20190325
30,대전광역시,2,화요일,1,현지인(a),721087.5,20190326
30,대전광역시,2,화요일,2,외지인(b),269178.0,20190326
30,대전광역시,3,수요일,1,현지인(a),722095.5,20190327
30,대전광역시,3,수요일,2,외지인(b),270109.0,20190327
30,대전광역시,4,목요일,1,현지인(a),719208.0,20190328
30,대전광역시,4,목요일,2,외지인(b),273717.5,20190328
30,대전광역시,5,금요일,1,현지인(a),733085.5,20190329
30,대전광역시,5,금요일,2,외지인(b),295869.0,20190329
30,대전광역시,6,토요일,1,현지인(a),664569.5,20190330
30,대전광역시,6,토요일,2,외지인(b),346871.0,20190330
30,대전광역시,7,일요일,1,현지인(a),644777.0,20190331
30,대전광역시,7,일요일,2,외지인(b),313915.0,20190331
30,대전광역시,1,월요일,1,현지인(a),680053.5,20190401
30,대전광역시,1,월요일,2,외지인(b),138561.5,20190401
30,대전광역시,2,화요일,1,현지인(a),680505.0,20190402
30,대전광역시,2,화요일,2,외지인(b),142919.0,20190402
30,대전광역시,3,수요일,1,현지인(a),686262.5,20190403
30,대전광역시,3,수요일,2,외지인(b),148193.5,20190403
30,대전광역시,4,목요일,1,현지인(a),684540.5,20190404
30,대전광역시,4,목요일,2,외지인(b),155984.5,20190404
30,대전광역시,5,금요일,1,현지인(a),698575.5,20190405
30,대전광역시,5,금요일,2,외지인(b),189563.5,20190405
30,대전광역시,6,토요일,1,현지인(a),664678.0,20190406
30,대전광역시,6,토요일,2,외지인(b),293727.0,20190406
30,대전광역시,7,일요일,1,현지인(a),649579.0,20190407
30,대전광역시,7,일요일,2,외지인(b),248199.0,20190407
30,대전광역시,1,월요일,1,현지인(a),686476.0,20190408
30,대전광역시,1,월요일,2,외지인(b),157944.5,20190408
30,대전광역시,2,화요일,1,현지인(a),666165.5,20190409
30,대전광역시,2,화요일,2,외지인(b),155613.5,20190409
30,대전광역시,3,수요일,1,현지인(a),685520.5,20190410
30,대전광역시,3,수요일,2,외지인(b),161973.0,20190410
30,대전광역시,4,목요일,1,현지인(a),684449.5,20190411
30,대전광역시,4,목요일,2,외지인(b),167380.5,20190411
30,대전광역시,5,금요일,1,현지인(a),701732.5,20190412
30,대전광역시,5,금요일,2,외지인(b),201806.5,20190412
30,대전광역시,6,토요일,1,현지인(a),660443.0,20190413
30,대전광역시,6,토요일,2,외지인(b),292491.5,20190413
30,대전광역시,7,일요일,1,현지인(a),624316.0,20190414
30,대전광역시,7,일요일,2,외지인(b),232151.5,20190414
30,대전광역시,1,월요일,1,현지인(a),681516.5,20190415
30,대전광역시,1,월요일,2,외지인(b),170271.5,20190415
30,대전광역시,2,화요일,1,현지인(a),680739.5,20190416
30,대전광역시,2,화요일,2,외지인(b),170341.5,20190416
30,대전광역시,3,수요일,1,현지인(a),684285.0,20190417
30,대전광역시,3,수요일,2,외지인(b),174965.0,20190417
30,대전광역시,4,목요일,1,현지인(a),683998.0,20190418
30,대전광역시,4,목요일,2,외지인(b),180824.0,20190418
30,대전광역시,5,금요일,1,현지인(a),692562.5,20190419
30,대전광역시,5,금요일,2,외지인(b),213591.0,20190419
30,대전광역시,6,토요일,1,현지인(a),651420.0,20190420
30,대전광역시,6,토요일,2,외지인(b),298833.5,20190420
30,대전광역시,7,일요일,1,현지인(a),634018.0,20190421
30,대전광역시,7,일요일,2,외지인(b),245647.5,20190421
30,대전광역시,1,월요일,1,현지인(a),676805.5,20190422
30,대전광역시,1,월요일,2,외지인(b),174401.5,20190422
30,대전광역시,2,화요일,1,현지인(a),669081.0,20190423
30,대전광역시,2,화요일,2,외지인(b),179707.5,20190423
30,대전광역시,3,수요일,1,현지인(a),684523.0,20190424
30,대전광역시,3,수요일,2,외지인(b),187453.0,20190424
30,대전광역시,4,목요일,1,현지인(a),671706.0,20190425
30,대전광역시,4,목요일,2,외지인(b),191779.0,20190425
30,대전광역시,5,금요일,1,현지인(a),689132.5,20190426
30,대전광역시,5,금요일,2,외지인(b),224507.5,20190426
30,대전광역시,6,토요일,1,현지인(a),651700.0,20190427
30,대전광역시,6,토요일,2,외지인(b),313488.0,20190427
30,대전광역시,7,일요일,1,현지인(a),627396.0,20190428
30,대전광역시,7,일요일,2,외지인(b),257453.0,20190428
30,대전광역시,1,월요일,1,현지인(a),663120.5,20190429
30,대전광역시,1,월요일,2,외지인(b),184632.0,20190429
30,대전광역시,2,화요일,1,현지인(a),687193.5,20190430
30,대전광역시,2,화요일,2,외지인(b),198334.5,20190430
30,대전광역시,3,수요일,1,현지인(a),740484.5,20190501
30,대전광역시,3,수요일,2,외지인(b),169218.0,20190501
30,대전광역시,4,목요일,1,현지인(a),749252.0,20190502
30,대전광역시,4,목요일,2,외지인(b),158046.0,20190502
30,대전광역시,5,금요일,1,현지인(a),751163.0,20190503
30,대전광역시,5,금요일,2,외지인(b),206276.0,20190503
30,대전광역시,6,토요일,1,현지인(a),655700.5,20190504
30,대전광역시,6,토요일,2,외지인(b),321881.0,20190504
30,대전광역시,7,일요일,1,현지인(a),633944.5,20190505
30,대전광역시,7,일요일,2,외지인(b),323284.5,20190505
30,대전광역시,1,월요일,1,현지인(a),656344.5,20190506
30,대전광역시,1,월요일,2,외지인(b),254327.5,20190506
30,대전광역시,2,화요일,1,현지인(a),751873.5,20190507
30,대전광역시,2,화요일,2,외지인(b),161000.0,20190507
30,대전광역시,3,수요일,1,현지인(a),760942.0,20190508
30,대전광역시,3,수요일,2,외지인(b),166274.5,20190508
30,대전광역시,4,목요일,1,현지인(a),749241.5,20190509
30,대전광역시,4,목요일,2,외지인(b),170436.0,20190509
30,대전광역시,5,금요일,1,현지인(a),754568.5,20190510
30,대전광역시,5,금요일,2,외지인(b),202790.0,20190510
30,대전광역시,6,토요일,1,현지인(a),688779.0,20190511
30,대전광역시,6,토요일,2,외지인(b),297913.0,20190511
30,대전광역시,7,일요일,1,현지인(a),672822.5,20190512
30,대전광역시,7,일요일,2,외지인(b),258891.5,20190512
30,대전광역시,1,월요일,1,현지인(a),739280.5,20190513
30,대전광역시,1,월요일,2,외지인(b),165767.0,20190513
30,대전광역시,2,화요일,1,현지인(a),749486.5,20190514
30,대전광역시,2,화요일,2,외지인(b),170180.5,20190514
30,대전광역시,3,수요일,1,현지인(a),756038.5,20190515
30,대전광역시,3,수요일,2,외지인(b),179175.5,20190515
30,대전광역시,4,목요일,1,현지인(a),745759.0,20190516
30,대전광역시,4,목요일,2,외지인(b),180670.0,20190516
30,대전광역시,5,금요일,1,현지인(a),751884.0,20190517
30,대전광역시,5,금요일,2,외지인(b),218683.5,20190517
30,대전광역시,6,토요일,1,현지인(a),681093.0,20190518
30,대전광역시,6,토요일,2,외지인(b),302564.5,20190518
30,대전광역시,7,일요일,1,현지인(a),667824.5,20190519
30,대전광역시,7,일요일,2,외지인(b),256525.5,20190519
30,대전광역시,1,월요일,1,현지인(a),740176.5,20190520
30,대전광역시,1,월요일,2,외지인(b),173607.0,20190520
30,대전광역시,2,화요일,1,현지인(a),745489.5,20190521
30,대전광역시,2,화요일,2,외지인(b),177376.5,20190521
30,대전광역시,3,수요일,1,현지인(a),749430.5,20190522
30,대전광역시,3,수요일,2,외지인(b),180253.5,20190522
30,대전광역시,4,목요일,1,현지인(a),745556.0,20190523
30,대전광역시,4,목요일,2,외지인(b),186812.5,20190523
30,대전광역시,5,금요일,1,현지인(a),748664.0,20190524
30,대전광역시,5,금요일,2,외지인(b),223097.0,20190524
30,대전광역시,6,토요일,1,현지인(a),683844.0,20190525
30,대전광역시,6,토요일,2,외지인(b),310019.5,20190525
30,대전광역시,7,일요일,1,현지인(a),664797.0,20190526
30,대전광역시,7,일요일,2,외지인(b),256518.5,20190526
30,대전광역시,1,월요일,1,현지인(a),725483.5,20190527
30,대전광역시,1,월요일,2,외지인(b),175374.5,20190527
30,대전광역시,2,화요일,1,현지인(a),747554.5,20190528
30,대전광역시,2,화요일,2,외지인(b),182990.5,20190528
30,대전광역시,3,수요일,1,현지인(a),754474.0,20190529
30,대전광역시,3,수요일,2,외지인(b),184870.0,20190529
30,대전광역시,4,목요일,1,현지인(a),747712.0,20190530
30,대전광역시,4,목요일,2,외지인(b),189199.5,20190530
30,대전광역시,5,금요일,1,현지인(a),755678.0,20190531
30,대전광역시,5,금요일,2,외지인(b),219716.0,20190531
30,대전광역시,6,토요일,1,현지인(a),698470.5,20190601
30,대전광역시,6,토요일,2,외지인(b),273906.5,20190601
30,대전광역시,7,일요일,1,현지인(a),685349.0,20190602
30,대전광역시,7,일요일,2,외지인(b),226366.0,20190602
30,대전광역시,1,월요일,1,현지인(a),758863.0,20190603
30,대전광역시,1,월요일,2,외지인(b),147640.5,20190603
30,대전광역시,2,화요일,1,현지인(a),760112.5,20190604
30,대전광역시,2,화요일,2,외지인(b),152383.0,20190604
30,대전광역시,3,수요일,1,현지인(a),771830.5,20190605
30,대전광역시,3,수요일,2,외지인(b),175633.5,20190605
30,대전광역시,4,목요일,1,현지인(a),673288.0,20190606
30,대전광역시,4,목요일,2,외지인(b),219054.5,20190606
30,대전광역시,5,금요일,1,현지인(a),729172.5,20190607
30,대전광역시,5,금요일,2,외지인(b),193791.5,20190607
30,대전광역시,6,토요일,1,현지인(a),683613.0,20190608
30,대전광역시,6,토요일,2,외지인(b),274676.5,20190608
30,대전광역시,7,일요일,1,현지인(a),668255.0,20190609
30,대전광역시,7,일요일,2,외지인(b),220545.5,20190609
30,대전광역시,1,월요일,1,현지인(a),755429.5,20190610
30,대전광역시,1,월요일,2,외지인(b),154476.0,20190610
30,대전광역시,2,화요일,1,현지인(a),753284.0,20190611
30,대전광역시,2,화요일,2,외지인(b),159915.0,20190611
30,대전광역시,3,수요일,1,현지인(a),758222.5,20190612
30,대전광역시,3,수요일,2,외지인(b),163803.5,20190612
30,대전광역시,4,목요일,1,현지인(a),754229.0,20190613
30,대전광역시,4,목요일,2,외지인(b),168794.5,20190613
30,대전광역시,5,금요일,1,현지인(a),754568.5,20190614
30,대전광역시,5,금요일,2,외지인(b),190984.5,20190614
30,대전광역시,6,토요일,1,현지인(a),691225.5,20190615
30,대전광역시,6,토요일,2,외지인(b),276346.0,20190615
30,대전광역시,7,일요일,1,현지인(a),673837.5,20190616
30,대전광역시,7,일요일,2,외지인(b),226740.5,20190616
30,대전광역시,1,월요일,1,현지인(a),742280.0,20190617
30,대전광역시,1,월요일,2,외지인(b),166509.0,20190617
30,대전광역시,2,화요일,1,현지인(a),745045.0,20190618
30,대전광역시,2,화요일,2,외지인(b),173152.0,20190618
30,대전광역시,3,수요일,1,현지인(a),747078.5,20190619
30,대전광역시,3,수요일,2,외지인(b),179326.0,20190619
30,대전광역시,4,목요일,1,현지인(a),740281.5,20190620
30,대전광역시,4,목요일,2,외지인(b),186217.5,20190620
30,대전광역시,5,금요일,1,현지인(a),740089.0,20190621
30,대전광역시,5,금요일,2,외지인(b),207819.5,20190621
30,대전광역시,6,토요일,1,현지인(a),671594.0,20190622
30,대전광역시,6,토요일,2,외지인(b),286524.0,20190622
30,대전광역시,7,일요일,1,현지인(a),653761.5,20190623
30,대전광역시,7,일요일,2,외지인(b),247411.5,20190623
30,대전광역시,1,월요일,1,현지인(a),723432.5,20190624
30,대전광역시,1,월요일,2,외지인(b),182178.5,20190624
30,대전광역시,2,화요일,1,현지인(a),721168.0,20190625
30,대전광역시,2,화요일,2,외지인(b),185965.5,20190625
30,대전광역시,3,수요일,1,현지인(a),720898.5,20190626
30,대전광역시,3,수요일,2,외지인(b),184555.0,20190626
30,대전광역시,4,목요일,1,현지인(a),719687.5,20190627
30,대전광역시,4,목요일,2,외지인(b),190085.0,20190627
30,대전광역시,5,금요일,1,현지인(a),725746.0,20190628
30,대전광역시,5,금요일,2,외지인(b),215778.5,20190628
30,대전광역시,6,토요일,1,현지인(a),656838.0,20190629
30,대전광역시,6,토요일,2,외지인(b),281463.0,20190629
30,대전광역시,7,일요일,1,현지인(a),654311.0,20190630
30,대전광역시,7,일요일,2,외지인(b),242259.5,20190630
30,대전광역시,1,월요일,1,현지인(a),721192.5,20190701
30,대전광역시,1,월요일,2,외지인(b),150773.0,20190701
30,대전광역시,2,화요일,1,현지인(a),723005.5,20190702
30,대전광역시,2,화요일,2,외지인(b),155949.5,20190702
30,대전광역시,3,수요일,1,현지인(a),726722.5,20190703
30,대전광역시,3,수요일,2,외지인(b),162270.5,20190703
30,대전광역시,4,목요일,1,현지인(a),720692.0,20190704
30,대전광역시,4,목요일,2,외지인(b),167436.5,20190704
30,대전광역시,5,금요일,1,현지인(a),729907.5,20190705
30,대전광역시,5,금요일,2,외지인(b),201859.0,20190705
30,대전광역시,6,토요일,1,현지인(a),659018.5,20190706
30,대전광역시,6,토요일,2,외지인(b),274410.5,20190706
30,대전광역시,7,일요일,1,현지인(a),643377.0,20190707
30,대전광역시,7,일요일,2,외지인(b),228091.5,20190707
30,대전광역시,1,월요일,1,현지인(a),721717.5,20190708
30,대전광역시,1,월요일,2,외지인(b),195447.0,20190708
30,대전광역시,2,화요일,1,현지인(a),725676.0,20190709
30,대전광역시,2,화요일,2,외지인(b),202363.0,20190709
30,대전광역시,3,수요일,1,현지인(a),723695.0,20190710
30,대전광역시,3,수요일,2,외지인(b),213160.5,20190710
30,대전광역시,4,목요일,1,현지인(a),721476.0,20190711
30,대전광역시,4,목요일,2,외지인(b),215992.0,20190711
30,대전광역시,5,금요일,1,현지인(a),737936.5,20190712
30,대전광역시,5,금요일,2,외지인(b),240712.5,20190712
30,대전광역시,6,토요일,1,현지인(a),667058.0,20190713
30,대전광역시,6,토요일,2,외지인(b),306271.0,20190713
30,대전광역시,7,일요일,1,현지인(a),644672.0,20190714
30,대전광역시,7,일요일,2,외지인(b),261831.5,20190714
30,대전광역시,1,월요일,1,현지인(a),712512.5,20190715
30,대전광역시,1,월요일,2,외지인(b),209832.0,20190715
30,대전광역시,2,화요일,1,현지인(a),717822.0,20190716
30,대전광역시,2,화요일,2,외지인(b),213059.0,20190716
30,대전광역시,3,수요일,1,현지인(a),722746.5,20190717
30,대전광역시,3,수요일,2,외지인(b),212674.0,20190717
30,대전광역시,4,목요일,1,현지인(a),717538.5,20190718
30,대전광역시,4,목요일,2,외지인(b),203322.0,20190718
30,대전광역시,5,금요일,1,현지인(a),722970.5,20190719
30,대전광역시,5,금요일,2,외지인(b),229743.5,20190719
30,대전광역시,6,토요일,1,현지인(a),645032.5,20190720
30,대전광역시,6,토요일,2,외지인(b),287658.0,20190720
30,대전광역시,7,일요일,1,현지인(a),639824.5,20190721
30,대전광역시,7,일요일,2,외지인(b),251748.0,20190721
30,대전광역시,1,월요일,1,현지인(a),708582.0,20190722
30,대전광역시,1,월요일,2,외지인(b),214732.0,20190722
30,대전광역시,2,화요일,1,현지인(a),712547.5,20190723
30,대전광역시,2,화요일,2,외지인(b),238056.0,20190723
30,대전광역시,3,수요일,1,현지인(a),717706.5,20190724
30,대전광역시,3,수요일,2,외지인(b),237303.5,20190724
30,대전광역시,4,목요일,1,현지인(a),697945.5,20190725
30,대전광역시,4,목요일,2,외지인(b),236568.5,20190725
30,대전광역시,5,금요일,1,현지인(a),705645.5,20190726
30,대전광역시,5,금요일,2,외지인(b),261698.5,20190726
30,대전광역시,6,토요일,1,현지인(a),646394.0,20190727
30,대전광역시,6,토요일,2,외지인(b),312991.0,20190727
30,대전광역시,7,일요일,1,현지인(a),618464.0,20190728
30,대전광역시,7,일요일,2,외지인(b),274844.5,20190728
30,대전광역시,1,월요일,1,현지인(a),682129.0,20190729
30,대전광역시,1,월요일,2,외지인(b),250040.0,20190729
30,대전광역시,2,화요일,1,현지인(a),685464.5,20190730
30,대전광역시,2,화요일,2,외지인(b),251471.5,20190730
30,대전광역시,3,수요일,1,현지인(a),692779.5,20190731
30,대전광역시,3,수요일,2,외지인(b),259266.0,20190731
30,대전광역시,4,목요일,1,현지인(a),665598.5,20190801
30,대전광역시,4,목요일,2,외지인(b),184982.0,20190801
30,대전광역시,5,금요일,1,현지인(a),670159.0,20190802
30,대전광역시,5,금요일,2,외지인(b),213395.0,20190802
30,대전광역시,6,토요일,1,현지인(a),613305.0,20190803
30,대전광역시,6,토요일,2,외지인(b),272321.0,20190803
30,대전광역시,7,일요일,1,현지인(a),616301.0,20190804
30,대전광역시,7,일요일,2,외지인(b),238087.5,20190804
30,대전광역시,1,월요일,1,현지인(a),668885.0,20190805
30,대전광역시,1,월요일,2,외지인(b),187281.5,20190805
30,대전광역시,2,화요일,1,현지인(a),674975.0,20190806
30,대전광역시,2,화요일,2,외지인(b),186634.0,20190806
30,대전광역시,3,수요일,1,현지인(a),687365.0,20190807
30,대전광역시,3,수요일,2,외지인(b),187852.0,20190807
30,대전광역시,4,목요일,1,현지인(a),676977.0,20190808
30,대전광역시,4,목요일,2,외지인(b),188975.5,20190808
30,대전광역시,5,금요일,1,현지인(a),683273.5,20190809
30,대전광역시,5,금요일,2,외지인(b),209436.5,20190809
30,대전광역시,6,토요일,1,현지인(a),634480.0,20190810
30,대전광역시,6,토요일,2,외지인(b),263256.0,20190810
30,대전광역시,7,일요일,1,현지인(a),621530.0,20190811
30,대전광역시,7,일요일,2,외지인(b),226460.5,20190811
30,대전광역시,1,월요일,1,현지인(a),680235.5,20190812
30,대전광역시,1,월요일,2,외지인(b),190701.0,20190812
30,대전광역시,2,화요일,1,현지인(a),682493.0,20190813
30,대전광역시,2,화요일,2,외지인(b),194911.5,20190813
30,대전광역시,3,수요일,1,현지인(a),695779.0,20190814
30,대전광역시,3,수요일,2,외지인(b),214991.0,20190814
30,대전광역시,4,목요일,1,현지인(a),623448.0,20190815
30,대전광역시,4,목요일,2,외지인(b),229309.5,20190815
30,대전광역시,5,금요일,1,현지인(a),674212.0,20190816
30,대전광역시,5,금요일,2,외지인(b),223195.0,20190816
30,대전광역시,6,토요일,1,현지인(a),627133.5,20190817
30,대전광역시,6,토요일,2,외지인(b),273129.5,20190817
30,대전광역시,7,일요일,1,현지인(a),626619.0,20190818
30,대전광역시,7,일요일,2,외지인(b),240051.0,20190818
30,대전광역시,1,월요일,1,현지인(a),689962.0,20190819
30,대전광역시,1,월요일,2,외지인(b),190673.0,20190819
30,대전광역시,2,화요일,1,현지인(a),693210.0,20190820
30,대전광역시,2,화요일,2,외지인(b),199206.0,20190820
30,대전광역시,3,수요일,1,현지인(a),697371.5,20190821
30,대전광역시,3,수요일,2,외지인(b),201435.5,20190821
30,대전광역시,4,목요일,1,현지인(a),699051.5,20190822
30,대전광역시,4,목요일,2,외지인(b),203185.5,20190822
30,대전광역시,5,금요일,1,현지인(a),709264.5,20190823
30,대전광역시,5,금요일,2,외지인(b),231934.5,20190823
30,대전광역시,6,토요일,1,현지인(a),647290.0,20190824
30,대전광역시,6,토요일,2,외지인(b),316036.0,20190824
30,대전광역시,7,일요일,1,현지인(a),630017.5,20190825
30,대전광역시,7,일요일,2,외지인(b),271803.0,20190825
30,대전광역시,1,월요일,1,현지인(a),693553.0,20190826
30,대전광역시,1,월요일,2,외지인(b),207396.0,20190826
30,대전광역시,2,화요일,1,현지인(a),691876.5,20190827
30,대전광역시,2,화요일,2,외지인(b),210437.5,20190827
30,대전광역시,3,수요일,1,현지인(a),704791.5,20190828
30,대전광역시,3,수요일,2,외지인(b),215526.5,20190828
30,대전광역시,4,목요일,1,현지인(a),695772.0,20190829
30,대전광역시,4,목요일,2,외지인(b),218753.5,20190829
30,대전광역시,5,금요일,1,현지인(a),703055.5,20190830
30,대전광역시,5,금요일,2,외지인(b),242385.5,20190830
30,대전광역시,6,토요일,1,현지인(a),645449.0,20190831
30,대전광역시,6,토요일,2,외지인(b),324282.0,20190831
30,대전광역시,7,일요일,1,현지인(a),647867.5,20190901
30,대전광역시,7,일요일,2,외지인(b),246225.0,20190901
30,대전광역시,1,월요일,1,현지인(a),720674.5,20190902
30,대전광역시,1,월요일,2,외지인(b),185920.0,20190902
30,대전광역시,2,화요일,1,현지인(a),723590.0,20190903
30,대전광역시,2,화요일,2,외지인(b),194820.5,20190903
30,대전광역시,3,수요일,1,현지인(a),730656.5,20190904
30,대전광역시,3,수요일,2,외지인(b),196150.5,20190904
30,대전광역시,4,목요일,1,현지인(a),717475.5,20190905
30,대전광역시,4,목요일,2,외지인(b),200326.0,20190905
30,대전광역시,5,금요일,1,현지인(a),752272.5,20190906
30,대전광역시,5,금요일,2,외지인(b),229922.0,20190906
30,대전광역시,6,토요일,1,현지인(a),638494.5,20190907
30,대전광역시,6,토요일,2,외지인(b),213752.0,20190907
30,대전광역시,7,일요일,1,현지인(a),637654.5,20190908
30,대전광역시,7,일요일,2,외지인(b),219404.5,20190908
30,대전광역시,1,월요일,1,현지인(a),737922.5,20190909
30,대전광역시,1,월요일,2,외지인(b),212523.5,20190909
30,대전광역시,2,화요일,1,현지인(a),747418.0,20190910
30,대전광역시,2,화요일,2,외지인(b),222894.0,20190910
30,대전광역시,3,수요일,1,현지인(a),755534.5,20190911
30,대전광역시,3,수요일,2,외지인(b),263095.0,20190911
30,대전광역시,4,목요일,1,현지인(a),562516.5,20190912
30,대전광역시,4,목요일,2,외지인(b),375207.0,20190912
30,대전광역시,5,금요일,1,현지인(a),498683.5,20190913
30,대전광역시,5,금요일,2,외지인(b),485376.5,20190913
30,대전광역시,6,토요일,1,현지인(a),567364.0,20190914
30,대전광역시,6,토요일,2,외지인(b),376656.0,20190914
30,대전광역시,7,일요일,1,현지인(a),658612.5,20190915
30,대전광역시,7,일요일,2,외지인(b),284718.0,20190915
30,대전광역시,1,월요일,1,현지인(a),739210.5,20190916
30,대전광역시,1,월요일,2,외지인(b),226597.0,20190916
30,대전광역시,2,화요일,1,현지인(a),743431.5,20190917
30,대전광역시,2,화요일,2,외지인(b),229446.0,20190917
30,대전광역시,3,수요일,1,현지인(a),746249.0,20190918
30,대전광역시,3,수요일,2,외지인(b),237160.0,20190918
30,대전광역시,4,목요일,1,현지인(a),741916.0,20190919
30,대전광역시,4,목요일,2,외지인(b),241692.5,20190919
30,대전광역시,5,금요일,1,현지인(a),749952.0,20190920
30,대전광역시,5,금요일,2,외지인(b),261982.0,20190920
30,대전광역시,6,토요일,1,현지인(a),672654.5,20190921
30,대전광역시,6,토요일,2,외지인(b),312630.5,20190921
30,대전광역시,7,일요일,1,현지인(a),635666.5,20190922
30,대전광역시,7,일요일,2,외지인(b),243932.5,20190922
30,대전광역시,1,월요일,1,현지인(a),737222.5,20190923
30,대전광역시,1,월요일,2,외지인(b),231679.0,20190923
30,대전광역시,2,화요일,1,현지인(a),726943.0,20190924
30,대전광역시,2,화요일,2,외지인(b),234374.0,20190924
30,대전광역시,3,수요일,1,현지인(a),737761.5,20190925
30,대전광역시,3,수요일,2,외지인(b),244125.0,20190925
30,대전광역시,4,목요일,1,현지인(a),718928.0,20190926
30,대전광역시,4,목요일,2,외지인(b),245952.0,20190926
30,대전광역시,5,금요일,1,현지인(a),734195.0,20190927
30,대전광역시,5,금요일,2,외지인(b),267141.0,20190927
30,대전광역시,6,토요일,1,현지인(a),664338.5,20190928
30,대전광역시,6,토요일,2,외지인(b),321814.5,20190928
30,대전광역시,7,일요일,1,현지인(a),649565.0,20190929
30,대전광역시,7,일요일,2,외지인(b),276510.5,20190929
30,대전광역시,1,월요일,1,현지인(a),721336.0,20190930
30,대전광역시,1,월요일,2,외지인(b),234111.5,20190930
30,대전광역시,2,화요일,1,현지인(a),707773.5,20191001
30,대전광역시,2,화요일,2,외지인(b),153968.5,20191001
30,대전광역시,3,수요일,1,현지인(a),710419.5,20191002
30,대전광역시,3,수요일,2,외지인(b),170012.5,20191002
30,대전광역시,4,목요일,1,현지인(a),666610.0,20191003
30,대전광역시,4,목요일,2,외지인(b),204589.0,20191003
30,대전광역시,5,금요일,1,현지인(a),717398.5,20191004
30,대전광역시,5,금요일,2,외지인(b),211176.0,20191004
30,대전광역시,6,토요일,1,현지인(a),659190.0,20191005
30,대전광역시,6,토요일,2,외지인(b),282471.0,20191005
30,대전광역시,7,일요일,1,현지인(a),652141.0,20191006
30,대전광역시,7,일요일,2,외지인(b),232778.0,20191006
30,대전광역시,1,월요일,1,현지인(a),704000.5,20191007
30,대전광역시,1,월요일,2,외지인(b),166757.5,20191007
30,대전광역시,2,화요일,1,현지인(a),731377.5,20191008
30,대전광역시,2,화요일,2,외지인(b),191191.0,20191008
30,대전광역시,3,수요일,1,현지인(a),664548.5,20191009
30,대전광역시,3,수요일,2,외지인(b),205033.5,20191009
30,대전광역시,4,목요일,1,현지인(a),717426.5,20191010
30,대전광역시,4,목요일,2,외지인(b),179095.0,20191010
30,대전광역시,5,금요일,1,현지인(a),732704.0,20191011
30,대전광역시,5,금요일,2,외지인(b),211687.0,20191011
30,대전광역시,6,토요일,1,현지인(a),674513.0,20191012
30,대전광역시,6,토요일,2,외지인(b),290846.5,20191012
30,대전광역시,7,일요일,1,현지인(a),652120.0,20191013
30,대전광역시,7,일요일,2,외지인(b),245864.5,20191013
30,대전광역시,1,월요일,1,현지인(a),714987.0,20191014
30,대전광역시,1,월요일,2,외지인(b),183123.5,20191014
30,대전광역시,2,화요일,1,현지인(a),719768.0,20191015
30,대전광역시,2,화요일,2,외지인(b),191691.5,20191015
30,대전광역시,3,수요일,1,현지인(a),721448.0,20191016
30,대전광역시,3,수요일,2,외지인(b),195125.0,20191016
30,대전광역시,4,목요일,1,현지인(a),715774.5,20191017
30,대전광역시,4,목요일,2,외지인(b),203329.0,20191017
30,대전광역시,5,금요일,1,현지인(a),726036.5,20191018
30,대전광역시,5,금요일,2,외지인(b),234780.0,20191018
30,대전광역시,6,토요일,1,현지인(a),670673.5,20191019
30,대전광역시,6,토요일,2,외지인(b),324831.5,20191019
30,대전광역시,7,일요일,1,현지인(a),653369.5,20191020
30,대전광역시,7,일요일,2,외지인(b),259448.0,20191020
30,대전광역시,1,월요일,1,현지인(a),712701.5,20191021
30,대전광역시,1,월요일,2,외지인(b),191513.0,20191021
30,대전광역시,2,화요일,1,현지인(a),716065.0,20191022
30,대전광역시,2,화요일,2,외지인(b),198086.0,20191022
30,대전광역시,3,수요일,1,현지인(a),721784.0,20191023
30,대전광역시,3,수요일,2,외지인(b),203707.0,20191023
30,대전광역시,4,목요일,1,현지인(a),719141.5,20191024
30,대전광역시,4,목요일,2,외지인(b),212558.5,20191024
30,대전광역시,5,금요일,1,현지인(a),731706.5,20191025
30,대전광역시,5,금요일,2,외지인(b),244912.5,20191025
30,대전광역시,6,토요일,1,현지인(a),668804.5,20191026
30,대전광역시,6,토요일,2,외지인(b),331950.5,20191026
30,대전광역시,7,일요일,1,현지인(a),647276.0,20191027
30,대전광역시,7,일요일,2,외지인(b),279863.5,20191027
30,대전광역시,1,월요일,1,현지인(a),714819.0,20191028
30,대전광역시,1,월요일,2,외지인(b),205324.0,20191028
30,대전광역시,2,화요일,1,현지인(a),714318.5,20191029
30,대전광역시,2,화요일,2,외지인(b),205467.5,20191029
30,대전광역시,3,수요일,1,현지인(a),720832.0,20191030
30,대전광역시,3,수요일,2,외지인(b),208740.0,20191030
30,대전광역시,4,목요일,1,현지인(a),717167.5,20191031
30,대전광역시,4,목요일,2,외지인(b),215306.0,20191031
30,대전광역시,5,금요일,1,현지인(a),751159.5,20191101
30,대전광역시,5,금요일,2,외지인(b),190946.0,20191101
30,대전광역시,6,토요일,1,현지인(a),680060.5,20191102
30,대전광역시,6,토요일,2,외지인(b),294367.5,20191102
30,대전광역시,7,일요일,1,현지인(a),667835.0,20191103
30,대전광역시,7,일요일,2,외지인(b),246862.0,20191103
30,대전광역시,1,월요일,1,현지인(a),748156.5,20191104
30,대전광역시,1,월요일,2,외지인(b),161980.0,20191104
30,대전광역시,2,화요일,1,현지인(a),750925.0,20191105
30,대전광역시,2,화요일,2,외지인(b),163562.0,20191105
30,대전광역시,3,수요일,1,현지인(a),754530.0,20191106
30,대전광역시,3,수요일,2,외지인(b),170999.5,20191106
30,대전광역시,4,목요일,1,현지인(a),747145.0,20191107
30,대전광역시,4,목요일,2,외지인(b),177205.0,20191107
30,대전광역시,5,금요일,1,현지인(a),751607.5,20191108
30,대전광역시,5,금요일,2,외지인(b),212971.5,20191108
30,대전광역시,6,토요일,1,현지인(a),677369.0,20191109
30,대전광역시,6,토요일,2,외지인(b),310429.0,20191109
30,대전광역시,7,일요일,1,현지인(a),656799.5,20191110
30,대전광역시,7,일요일,2,외지인(b),255545.5,20191110
30,대전광역시,1,월요일,1,현지인(a),747624.5,20191111
30,대전광역시,1,월요일,2,외지인(b),179266.5,20191111
30,대전광역시,2,화요일,1,현지인(a),754782.0,20191112
30,대전광역시,2,화요일,2,외지인(b),182612.5,20191112
30,대전광역시,3,수요일,1,현지인(a),749105.0,20191113
30,대전광역시,3,수요일,2,외지인(b),182241.5,20191113
30,대전광역시,4,목요일,1,현지인(a),744401.0,20191114
30,대전광역시,4,목요일,2,외지인(b),189070.0,20191114
30,대전광역시,5,금요일,1,현지인(a),748615.0,20191115
30,대전광역시,5,금요일,2,외지인(b),226201.5,20191115
30,대전광역시,6,토요일,1,현지인(a),672283.5,20191116
30,대전광역시,6,토요일,2,외지인(b),317352.0,20191116
30,대전광역시,7,일요일,1,현지인(a),641592.0,20191117
30,대전광역시,7,일요일,2,외지인(b),261908.5,20191117
30,대전광역시,1,월요일,1,현지인(a),738514.0,20191118
30,대전광역시,1,월요일,2,외지인(b),187621.0,20191118
30,대전광역시,2,화요일,1,현지인(a),741954.5,20191119
30,대전광역시,2,화요일,2,외지인(b),187936.0,20191119
30,대전광역시,3,수요일,1,현지인(a),749017.5,20191120
30,대전광역시,3,수요일,2,외지인(b),195128.5,20191120
30,대전광역시,4,목요일,1,현지인(a),749234.5,20191121
30,대전광역시,4,목요일,2,외지인(b),205086.0,20191121
30,대전광역시,5,금요일,1,현지인(a),750547.0,20191122
30,대전광역시,5,금요일,2,외지인(b),239074.5,20191122
30,대전광역시,6,토요일,1,현지인(a),675853.5,20191123
30,대전광역시,6,토요일,2,외지인(b),336245.0,20191123
30,대전광역시,7,일요일,1,현지인(a),662980.5,20191124
30,대전광역시,7,일요일,2,외지인(b),278446.0,20191124
30,대전광역시,1,월요일,1,현지인(a),742136.5,20191125
30,대전광역시,1,월요일,2,외지인(b),202352.5,20191125
30,대전광역시,2,화요일,1,현지인(a),750277.5,20191126
30,대전광역시,2,화요일,2,외지인(b),204711.5,20191126
30,대전광역시,3,수요일,1,현지인(a),752629.5,20191127
30,대전광역시,3,수요일,2,외지인(b),211039.5,20191127
30,대전광역시,4,목요일,1,현지인(a),747855.5,20191128
30,대전광역시,4,목요일,2,외지인(b),212411.5,20191128
30,대전광역시,5,금요일,1,현지인(a),747187.0,20191129
30,대전광역시,5,금요일,2,외지인(b),245514.5,20191129
30,대전광역시,6,토요일,1,현지인(a),676070.5,20191130
30,대전광역시,6,토요일,2,외지인(b),335804.0,20191130
30,대전광역시,7,일요일,1,현지인(a),663701.5,20191201
30,대전광역시,7,일요일,2,외지인(b),231003.5,20191201
30,대전광역시,1,월요일,1,현지인(a),752437.0,20191202
30,대전광역시,1,월요일,2,외지인(b),155512.0,20191202
30,대전광역시,2,화요일,1,현지인(a),756395.5,20191203
30,대전광역시,2,화요일,2,외지인(b),156488.5,20191203
30,대전광역시,3,수요일,1,현지인(a),766199.0,20191204
30,대전광역시,3,수요일,2,외지인(b),161682.5,20191204
30,대전광역시,4,목요일,1,현지인(a),756668.5,20191205
30,대전광역시,4,목요일,2,외지인(b),169809.5,20191205
30,대전광역시,5,금요일,1,현지인(a),760340.0,20191206
30,대전광역시,5,금요일,2,외지인(b),201211.5,20191206
30,대전광역시,6,토요일,1,현지인(a),690977.0,20191207
30,대전광역시,6,토요일,2,외지인(b),298151.0,20191207
30,대전광역시,7,일요일,1,현지인(a),673225.0,20191208
30,대전광역시,7,일요일,2,외지인(b),243845.0,20191208
30,대전광역시,1,월요일,1,현지인(a),747726.0,20191209
30,대전광역시,1,월요일,2,외지인(b),171839.5,20191209
30,대전광역시,2,화요일,1,현지인(a),762321.0,20191210
30,대전광역시,2,화요일,2,외지인(b),176942.5,20191210
30,대전광역시,3,수요일,1,현지인(a),760798.5,20191211
30,대전광역시,3,수요일,2,외지인(b),180327.0,20191211
30,대전광역시,4,목요일,1,현지인(a),754159.0,20191212
30,대전광역시,4,목요일,2,외지인(b),186914.0,20191212
30,대전광역시,5,금요일,1,현지인(a),761229.0,20191213
30,대전광역시,5,금요일,2,외지인(b),219348.5,20191213
30,대전광역시,6,토요일,1,현지인(a),690917.5,20191214
30,대전광역시,6,토요일,2,외지인(b),312585.0,20191214
30,대전광역시,7,일요일,1,현지인(a),673760.5,20191215
30,대전광역시,7,일요일,2,외지인(b),264435.5,20191215
30,대전광역시,1,월요일,1,현지인(a),744226.0,20191216
30,대전광역시,1,월요일,2,외지인(b),188629.0,20191216
30,대전광역시,2,화요일,1,현지인(a),739679.5,20191217
30,대전광역시,2,화요일,2,외지인(b),193179.0,20191217
30,대전광역시,3,수요일,1,현지인(a),749756.0,20191218
30,대전광역시,3,수요일,2,외지인(b),198698.5,20191218
30,대전광역시,4,목요일,1,현지인(a),743550.5,20191219
30,대전광역시,4,목요일,2,외지인(b),205635.5,20191219
30,대전광역시,5,금요일,1,현지인(a),745927.0,20191220
30,대전광역시,5,금요일,2,외지인(b),233331.0,20191220
30,대전광역시,6,토요일,1,현지인(a),679857.5,20191221
30,대전광역시,6,토요일,2,외지인(b),326231.5,20191221
30,대전광역시,7,일요일,1,현지인(a),651430.5,20191222
30,대전광역시,7,일요일,2,외지인(b),272034.0,20191222
30,대전광역시,1,월요일,1,현지인(a),722928.5,20191223
30,대전광역시,1,월요일,2,외지인(b),208936.0,20191223
30,대전광역시,2,화요일,1,현지인(a),742420.0,20191224
30,대전광역시,2,화요일,2,외지인(b),229176.5,20191224
30,대전광역시,3,수요일,1,현지인(a),676886.0,20191225
30,대전광역시,3,수요일,2,외지인(b),253627.5,20191225
30,대전광역시,4,목요일,1,현지인(a),711497.5,20191226
30,대전광역시,4,목요일,2,외지인(b),211827.0,20191226
30,대전광역시,5,금요일,1,현지인(a),727713.0,20191227
30,대전광역시,5,금요일,2,외지인(b),241192.0,20191227
30,대전광역시,6,토요일,1,현지인(a),663656.0,20191228
30,대전광역시,6,토요일,2,외지인(b),316603.0,20191228
30,대전광역시,7,일요일,1,현지인(a),637504.0,20191229
30,대전광역시,7,일요일,2,외지인(b),273812.0,20191229
30,대전광역시,1,월요일,1,현지인(a),707224.0,20191230
30,대전광역시,1,월요일,2,외지인(b),227216.5,20191230
30,대전광역시,2,화요일,1,현지인(a),723359.0,20191231
30,대전광역시,2,화요일,2,외지인(b),253767.5,20191231
30,대전광역시,3,수요일,1,현지인(a),636937.0,20200101
30,대전광역시,3,수요일,2,외지인(b),202741.0,20200101
30,대전광역시,3,수요일,3,외국인(c),1929.53,20200101
30,대전광역시,4,목요일,1,현지인(a),714679.0,20200102
30,대전광역시,4,목요일,2,외지인(b),163649.5,20200102
30,대전광역시,4,목요일,3,외국인(c),1893.8400000000004,20200102
30,대전광역시,5,금요일,1,현지인(a),728672.0,20200103
30,대전광역시,5,금요일,2,외지인(b),185493.0,20200103
30,대전광역시,5,금요일,3,외국인(c),1973.7199999999998,20200103
30,대전광역시,6,토요일,1,현지인(a),667726.5,20200104
30,대전광역시,6,토요일,2,외지인(b),256854.5,20200104
30,대전광역시,6,토요일,3,외국인(c),1924.1100000000004,20200104
30,대전광역시,7,일요일,1,현지인(a),653653.0,20200105
30,대전광역시,7,일요일,2,외지인(b),214098.5,20200105
30,대전광역시,7,일요일,3,외국인(c),1802.46,20200105
30,대전광역시,1,월요일,1,현지인(a),709131.5,20200106
30,대전광역시,1,월요일,2,외지인(b),165259.5,20200106
30,대전광역시,1,월요일,3,외국인(c),1855.4900000000002,20200106
30,대전광역시,2,화요일,1,현지인(a),709586.5,20200107
30,대전광역시,2,화요일,2,외지인(b),170614.5,20200107
30,대전광역시,2,화요일,3,외국인(c),1872.94,20200107
30,대전광역시,3,수요일,1,현지인(a),723345.0,20200108
30,대전광역시,3,수요일,2,외지인(b),174926.5,20200108
30,대전광역시,3,수요일,3,외국인(c),1906.45,20200108
30,대전광역시,4,목요일,1,현지인(a),727653.5,20200109
30,대전광역시,4,목요일,2,외지인(b),185328.5,20200109
30,대전광역시,4,목요일,3,외국인(c),1865.0300000000002,20200109
30,대전광역시,5,금요일,1,현지인(a),735556.5,20200110
30,대전광역시,5,금요일,2,외지인(b),209685.0,20200110
30,대전광역시,5,금요일,3,외국인(c),1705.7599999999998,20200110
30,대전광역시,6,토요일,1,현지인(a),682104.5,20200111
30,대전광역시,6,토요일,2,외지인(b),282285.5,20200111
30,대전광역시,6,토요일,3,외국인(c),1719.2900000000002,20200111
30,대전광역시,7,일요일,1,현지인(a),648070.5,20200112
30,대전광역시,7,일요일,2,외지인(b),231273.0,20200112
30,대전광역시,7,일요일,3,외국인(c),1786.22,20200112
30,대전광역시,1,월요일,1,현지인(a),717041.5,20200113
30,대전광역시,1,월요일,2,외지인(b),187554.5,20200113
30,대전광역시,1,월요일,3,외국인(c),1849.6599999999996,20200113
30,대전광역시,2,화요일,1,현지인(a),721283.5,20200114
30,대전광역시,2,화요일,2,외지인(b),193865.0,20200114
30,대전광역시,2,화요일,3,외국인(c),1883.4899999999998,20200114
30,대전광역시,3,수요일,1,현지인(a),725511.5,20200115
30,대전광역시,3,수요일,2,외지인(b),198005.5,20200115
30,대전광역시,3,수요일,3,외국인(c),1849.7499999999995,20200115
30,대전광역시,4,목요일,1,현지인(a),725046.0,20200116
30,대전광역시,4,목요일,2,외지인(b),200676.0,20200116
30,대전광역시,4,목요일,3,외국인(c),1859.57,20200116
30,대전광역시,5,금요일,1,현지인(a),729008.0,20200117
30,대전광역시,5,금요일,2,외지인(b),218865.5,20200117
30,대전광역시,5,금요일,3,외국인(c),1787.8100000000006,20200117
30,대전광역시,6,토요일,1,현지인(a),676000.5,20200118
30,대전광역시,6,토요일,2,외지인(b),282058.0,20200118
30,대전광역시,6,토요일,3,외국인(c),1719.3099999999997,20200118
30,대전광역시,7,일요일,1,현지인(a),655011.0,20200119
30,대전광역시,7,일요일,2,외지인(b),233796.5,20200119
30,대전광역시,7,일요일,3,외국인(c),1617.5100000000002,20200119
30,대전광역시,1,월요일,1,현지인(a),714878.5,20200120
30,대전광역시,1,월요일,2,외지인(b),197487.5,20200120
30,대전광역시,1,월요일,3,외국인(c),1690.8200000000006,20200120
30,대전광역시,2,화요일,1,현지인(a),722473.5,20200121
30,대전광역시,2,화요일,2,외지인(b),206521.0,20200121
30,대전광역시,2,화요일,3,외국인(c),1737.0100000000002,20200121
30,대전광역시,3,수요일,1,현지인(a),724157.0,20200122
30,대전광역시,3,수요일,2,외지인(b),208257.0,20200122
30,대전광역시,3,수요일,3,외국인(c),1752.1500000000005,20200122
30,대전광역시,4,목요일,1,현지인(a),731083.5,20200123
30,대전광역시,4,목요일,2,외지인(b),249770.5,20200123
30,대전광역시,4,목요일,3,외국인(c),1738.23,20200123
30,대전광역시,5,금요일,1,현지인(a),552156.5,20200124
30,대전광역시,5,금요일,2,외지인(b),364686.0,20200124
30,대전광역시,5,금요일,3,외국인(c),1709.42,20200124
30,대전광역시,6,토요일,1,현지인(a),490367.5,20200125
30,대전광역시,6,토요일,2,외지인(b),474810.0,20200125
30,대전광역시,6,토요일,3,외국인(c),1731.7399999999998,20200125
30,대전광역시,7,일요일,1,현지인(a),566352.5,20200126
30,대전광역시,7,일요일,2,외지인(b),366100.0,20200126
30,대전광역시,7,일요일,3,외국인(c),1736.4800000000002,20200126
30,대전광역시,1,월요일,1,현지인(a),599630.5,20200127
30,대전광역시,1,월요일,2,외지인(b),261047.5,20200127
30,대전광역시,1,월요일,3,외국인(c),1750.38,20200127
30,대전광역시,2,화요일,1,현지인(a),708347.5,20200128
30,대전광역시,2,화요일,2,외지인(b),204568.0,20200128
30,대전광역시,2,화요일,3,외국인(c),1797.6000000000001,20200128
30,대전광역시,3,수요일,1,현지인(a),715512.0,20200129
30,대전광역시,3,수요일,2,외지인(b),199832.5,20200129
30,대전광역시,3,수요일,3,외국인(c),1795.4200000000003,20200129
30,대전광역시,4,목요일,1,현지인(a),715743.0,20200130
30,대전광역시,4,목요일,2,외지인(b),202289.5,20200130
30,대전광역시,4,목요일,3,외국인(c),1809.5,20200130
30,대전광역시,5,금요일,1,현지인(a),723229.5,20200131
30,대전광역시,5,금요일,2,외지인(b),215600.0,20200131
30,대전광역시,5,금요일,3,외국인(c),1777.8400000000001,20200131
30,대전광역시,6,토요일,1,현지인(a),670369.0,20200201
30,대전광역시,6,토요일,2,외지인(b),219642.5,20200201
30,대전광역시,6,토요일,3,외국인(c),1217.9699999999998,20200201
30,대전광역시,7,일요일,1,현지인(a),648396.0,20200202
30,대전광역시,7,일요일,2,외지인(b),178517.5,20200202
30,대전광역시,7,일요일,3,외국인(c),1209.8899999999996,20200202
30,대전광역시,1,월요일,1,현지인(a),715291.5,20200203
30,대전광역시,1,월요일,2,외지인(b),152117.0,20200203
30,대전광역시,1,월요일,3,외국인(c),1248.5200000000002,20200203
30,대전광역시,2,화요일,1,현지인(a),720748.0,20200204
30,대전광역시,2,화요일,2,외지인(b),158067.0,20200204
30,대전광역시,2,화요일,3,외국인(c),1316.5600000000004,20200204
30,대전광역시,3,수요일,1,현지인(a),719169.5,20200205
30,대전광역시,3,수요일,2,외지인(b),156243.5,20200205
30,대전광역시,3,수요일,3,외국인(c),1231.6700000000003,20200205
30,대전광역시,4,목요일,1,현지인(a),711354.0,20200206
30,대전광역시,4,목요일,2,외지인(b),159229.0,20200206
30,대전광역시,4,목요일,3,외국인(c),1291.6500000000005,20200206
30,대전광역시,5,금요일,1,현지인(a),723583.0,20200207
30,대전광역시,5,금요일,2,외지인(b),181275.5,20200207
30,대전광역시,5,금요일,3,외국인(c),1284.1500000000003,20200207
30,대전광역시,6,토요일,1,현지인(a),666032.5,20200208
30,대전광역시,6,토요일,2,외지인(b),237629.0,20200208
30,대전광역시,6,토요일,3,외국인(c),1249.4600000000005,20200208
30,대전광역시,7,일요일,1,현지인(a),640930.5,20200209
30,대전광역시,7,일요일,2,외지인(b),198929.5,20200209
30,대전광역시,7,일요일,3,외국인(c),1238.7800000000002,20200209
30,대전광역시,1,월요일,1,현지인(a),713146.0,20200210
30,대전광역시,1,월요일,2,외지인(b),170576.0,20200210
30,대전광역시,1,월요일,3,외국인(c),1247.2900000000004,20200210
30,대전광역시,2,화요일,1,현지인(a),718413.5,20200211
30,대전광역시,2,화요일,2,외지인(b),173467.0,20200211
30,대전광역시,2,화요일,3,외국인(c),1286.1800000000003,20200211
30,대전광역시,3,수요일,1,현지인(a),709453.5,20200212
30,대전광역시,3,수요일,2,외지인(b),171881.5,20200212
30,대전광역시,3,수요일,3,외국인(c),1258.7800000000002,20200212
30,대전광역시,4,목요일,1,현지인(a),722298.5,20200213
30,대전광역시,4,목요일,2,외지인(b),184135.0,20200213
30,대전광역시,4,목요일,3,외국인(c),1265.24,20200213
30,대전광역시,5,금요일,1,현지인(a),738682.0,20200214
30,대전광역시,5,금요일,2,외지인(b),210661.5,20200214
30,대전광역시,5,금요일,3,외국인(c),1260.3300000000004,20200214
30,대전광역시,6,토요일,1,현지인(a),676847.5,20200215
30,대전광역시,6,토요일,2,외지인(b),275047.5,20200215
30,대전광역시,6,토요일,3,외국인(c),1214.9599999999998,20200215
30,대전광역시,7,일요일,1,현지인(a),648756.5,20200216
30,대전광역시,7,일요일,2,외지인(b),223625.5,20200216
30,대전광역시,7,일요일,3,외국인(c),1175.2999999999997,20200216
30,대전광역시,1,월요일,1,현지인(a),702989.0,20200217
30,대전광역시,1,월요일,2,외지인(b),176151.5,20200217
30,대전광역시,1,월요일,3,외국인(c),1200.8200000000006,20200217
30,대전광역시,2,화요일,1,현지인(a),716023.0,20200218
30,대전광역시,2,화요일,2,외지인(b),186595.5,20200218
30,대전광역시,2,화요일,3,외국인(c),1141.43,20200218
30,대전광역시,3,수요일,1,현지인(a),721815.5,20200219
30,대전광역시,3,수요일,2,외지인(b),194645.5,20200219
30,대전광역시,3,수요일,3,외국인(c),1177.8799999999999,20200219
30,대전광역시,4,목요일,1,현지인(a),716033.5,20200220
30,대전광역시,4,목요일,2,외지인(b),196507.5,20200220
30,대전광역시,4,목요일,3,외국인(c),1095.9099999999999,20200220
30,대전광역시,5,금요일,1,현지인(a),707682.5,20200221
30,대전광역시,5,금요일,2,외지인(b),203812.0,20200221
30,대전광역시,5,금요일,3,외국인(c),610.7699999999999,20200221
30,대전광역시,6,토요일,1,현지인(a),630497.0,20200222
30,대전광역시,6,토요일,2,외지인(b),226131.5,20200222
30,대전광역시,6,토요일,3,외국인(c),1106.3699999999997,20200222
30,대전광역시,7,일요일,1,현지인(a),585826.5,20200223
30,대전광역시,7,일요일,2,외지인(b),175791.0,20200223
30,대전광역시,7,일요일,3,외국인(c),1052.6499999999999,20200223
30,대전광역시,1,월요일,1,현지인(a),640878.0,20200224
30,대전광역시,1,월요일,2,외지인(b),161133.0,20200224
30,대전광역시,1,월요일,3,외국인(c),1158.7099999999998,20200224
30,대전광역시,2,화요일,1,현지인(a),618394.0,20200225
30,대전광역시,2,화요일,2,외지인(b),153664.0,20200225
30,대전광역시,2,화요일,3,외국인(c),1129.5400000000004,20200225
30,대전광역시,3,수요일,1,현지인(a),637735.0,20200226
30,대전광역시,3,수요일,2,외지인(b),160268.5,20200226
30,대전광역시,3,수요일,3,외국인(c),1136.9099999999999,20200226
30,대전광역시,4,목요일,1,현지인(a),624683.5,20200227
30,대전광역시,4,목요일,2,외지인(b),159320.0,20200227
30,대전광역시,4,목요일,3,외국인(c),1070.0399999999997,20200227
30,대전광역시,5,금요일,1,현지인(a),622618.5,20200228
30,대전광역시,5,금요일,2,외지인(b),167058.5,20200228
30,대전광역시,5,금요일,3,외국인(c),811.4599999999999,20200228
30,대전광역시,6,토요일,1,현지인(a),597226.0,20200229
30,대전광역시,6,토요일,2,외지인(b),180827.5,20200229
30,대전광역시,6,토요일,3,외국인(c),633.2599999999999,20200229
30,대전광역시,7,일요일,1,현지인(a),553612.5,20200301
30,대전광역시,7,일요일,2,외지인(b),116585.0,20200301
30,대전광역시,7,일요일,3,외국인(c),58.87000000000002,20200301
30,대전광역시,1,월요일,1,현지인(a),615233.5,20200302
30,대전광역시,1,월요일,2,외지인(b),115804.5,20200302
30,대전광역시,1,월요일,3,외국인(c),74.84999999999997,20200302
30,대전광역시,2,화요일,1,현지인(a),619416.0,20200303
30,대전광역시,2,화요일,2,외지인(b),118534.5,20200303
30,대전광역시,2,화요일,3,외국인(c),67.05999999999999,20200303
30,대전광역시,3,수요일,1,현지인(a),613116.0,20200304
30,대전광역시,3,수요일,2,외지인(b),120396.5,20200304
30,대전광역시,3,수요일,3,외국인(c),61.779999999999994,20200304
30,대전광역시,4,목요일,1,현지인(a),617606.5,20200305
30,대전광역시,4,목요일,2,외지인(b),123672.5,20200305
30,대전광역시,4,목요일,3,외국인(c),65.12,20200305
30,대전광역시,5,금요일,1,현지인(a),637182.0,20200306
30,대전광역시,5,금요일,2,외지인(b),143717.0,20200306
30,대전광역시,5,금요일,3,외국인(c),56.490000000000016,20200306
30,대전광역시,6,토요일,1,현지인(a),592854.5,20200307
30,대전광역시,6,토요일,2,외지인(b),167300.0,20200307
30,대전광역시,6,토요일,3,외국인(c),62.93000000000001,20200307
30,대전광역시,7,일요일,1,현지인(a),574136.5,20200308
30,대전광역시,7,일요일,2,외지인(b),150363.5,20200308
30,대전광역시,7,일요일,3,외국인(c),67.69000000000001,20200308
30,대전광역시,1,월요일,1,현지인(a),633486.0,20200309
30,대전광역시,1,월요일,2,외지인(b),142565.5,20200309
30,대전광역시,1,월요일,3,외국인(c),70.08000000000001,20200309
30,대전광역시,2,화요일,1,현지인(a),621134.5,20200310
30,대전광역시,2,화요일,2,외지인(b),139552.0,20200310
30,대전광역시,2,화요일,3,외국인(c),52.970000000000006,20200310
30,대전광역시,3,수요일,1,현지인(a),639726.5,20200311
30,대전광역시,3,수요일,2,외지인(b),146895.0,20200311
30,대전광역시,3,수요일,3,외국인(c),61.720000000000006,20200311
30,대전광역시,4,목요일,1,현지인(a),635663.0,20200312
30,대전광역시,4,목요일,2,외지인(b),148648.5,20200312
30,대전광역시,4,목요일,3,외국인(c),63.099999999999994,20200312
30,대전광역시,5,금요일,1,현지인(a),645344.0,20200313
30,대전광역시,5,금요일,2,외지인(b),166999.0,20200313
30,대전광역시,5,금요일,3,외국인(c),59.04000000000002,20200313
30,대전광역시,6,토요일,1,현지인(a),611912.0,20200314
30,대전광역시,6,토요일,2,외지인(b),200007.5,20200314
30,대전광역시,6,토요일,3,외국인(c),70.43999999999996,20200314
30,대전광역시,7,일요일,1,현지인(a),571049.5,20200315
30,대전광역시,7,일요일,2,외지인(b),174870.5,20200315
30,대전광역시,7,일요일,3,외국인(c),59.05999999999999,20200315
30,대전광역시,1,월요일,1,현지인(a),638683.5,20200316
30,대전광역시,1,월요일,2,외지인(b),161234.5,20200316
30,대전광역시,1,월요일,3,외국인(c),73.19,20200316
30,대전광역시,2,화요일,1,현지인(a),634382.0,20200317
30,대전광역시,2,화요일,2,외지인(b),159701.5,20200317
30,대전광역시,2,화요일,3,외국인(c),68.71999999999997,20200317
30,대전광역시,3,수요일,1,현지인(a),648595.5,20200318
30,대전광역시,3,수요일,2,외지인(b),165648.0,20200318
30,대전광역시,3,수요일,3,외국인(c),59.31000000000001,20200318
30,대전광역시,4,목요일,1,현지인(a),628817.0,20200319
30,대전광역시,4,목요일,2,외지인(b),162648.5,20200319
30,대전광역시,4,목요일,3,외국인(c),64.16,20200319
30,대전광역시,5,금요일,1,현지인(a),660562.0,20200320
30,대전광역시,5,금요일,2,외지인(b),188342.0,20200320
30,대전광역시,5,금요일,3,외국인(c),74.05000000000001,20200320
30,대전광역시,6,토요일,1,현지인(a),620844.0,20200321
30,대전광역시,6,토요일,2,외지인(b),220720.5,20200321
30,대전광역시,6,토요일,3,외국인(c),43.93000000000001,20200321
30,대전광역시,7,일요일,1,현지인(a),581973.0,20200322
30,대전광역시,7,일요일,2,외지인(b),193571.0,20200322
30,대전광역시,7,일요일,3,외국인(c),52.48,20200322
30,대전광역시,1,월요일,1,현지인(a),638449.0,20200323
30,대전광역시,1,월요일,2,외지인(b),174786.5,20200323
30,대전광역시,1,월요일,3,외국인(c),64.07000000000001,20200323
30,대전광역시,2,화요일,1,현지인(a),638659.0,20200324
30,대전광역시,2,화요일,2,외지인(b),173460.0,20200324
30,대전광역시,2,화요일,3,외국인(c),55.71,20200324
30,대전광역시,3,수요일,1,현지인(a),642645.5,20200325
30,대전광역시,3,수요일,2,외지인(b),178181.5,20200325
30,대전광역시,3,수요일,3,외국인(c),74.34999999999998,20200325
30,대전광역시,4,목요일,1,현지인(a),627084.5,20200326
30,대전광역시,4,목요일,2,외지인(b),177758.0,20200326
30,대전광역시,4,목요일,3,외국인(c),65.82,20200326
30,대전광역시,5,금요일,1,현지인(a),636237.0,20200327
30,대전광역시,5,금요일,2,외지인(b),198236.5,20200327
30,대전광역시,5,금요일,3,외국인(c),79.77999999999997,20200327
30,대전광역시,6,토요일,1,현지인(a),603645.0,20200328
30,대전광역시,6,토요일,2,외지인(b),230286.0,20200328
30,대전광역시,6,토요일,3,외국인(c),75.31000000000002,20200328
30,대전광역시,7,일요일,1,현지인(a),577300.5,20200329
30,대전광역시,7,일요일,2,외지인(b),206990.0,20200329
30,대전광역시,7,일요일,3,외국인(c),67.30999999999999,20200329
30,대전광역시,1,월요일,1,현지인(a),634368.0,20200330
30,대전광역시,1,월요일,2,외지인(b),186791.5,20200330
30,대전광역시,1,월요일,3,외국인(c),64.39999999999999,20200330
30,대전광역시,2,화요일,1,현지인(a),637749.0,20200331
30,대전광역시,2,화요일,2,외지인(b),186854.5,20200331
30,대전광역시,2,화요일,3,외국인(c),72.11999999999999,20200331
30,대전광역시,3,수요일,1,현지인(a),627658.5,20200401
30,대전광역시,3,수요일,2,외지인(b),118779.5,20200401
30,대전광역시,3,수요일,3,외국인(c),111.21000000000001,20200401
30,대전광역시,4,목요일,1,현지인(a),629160.0,20200402
30,대전광역시,4,목요일,2,외지인(b),125671.0,20200402
30,대전광역시,4,목요일,3,외국인(c),122.72000000000003,20200402
30,대전광역시,5,금요일,1,현지인(a),639061.5,20200403
30,대전광역시,5,금요일,2,외지인(b),149936.5,20200403
30,대전광역시,5,금요일,3,외국인(c),120.49,20200403
30,대전광역시,6,토요일,1,현지인(a),592651.5,20200404
30,대전광역시,6,토요일,2,외지인(b),193802.0,20200404
30,대전광역시,6,토요일,3,외국인(c),117.85999999999999,20200404
30,대전광역시,7,일요일,1,현지인(a),565554.5,20200405
30,대전광역시,7,일요일,2,외지인(b),167167.0,20200405
30,대전광역시,7,일요일,3,외국인(c),113.52000000000001,20200405
30,대전광역시,1,월요일,1,현지인(a),634182.5,20200406
30,대전광역시,1,월요일,2,외지인(b),136104.5,20200406
30,대전광역시,1,월요일,3,외국인(c),118.72999999999995,20200406
30,대전광역시,2,화요일,1,현지인(a),638445.5,20200407
30,대전광역시,2,화요일,2,외지인(b),136678.5,20200407
30,대전광역시,2,화요일,3,외국인(c),114.09,20200407
30,대전광역시,3,수요일,1,현지인(a),640566.5,20200408
30,대전광역시,3,수요일,2,외지인(b),140448.0,20200408
30,대전광역시,3,수요일,3,외국인(c),125.20000000000003,20200408
30,대전광역시,4,목요일,1,현지인(a),640976.0,20200409
30,대전광역시,4,목요일,2,외지인(b),143528.0,20200409
30,대전광역시,4,목요일,3,외국인(c),122.04,20200409
30,대전광역시,5,금요일,1,현지인(a),654930.5,20200410
30,대전광역시,5,금요일,2,외지인(b),166411.0,20200410
30,대전광역시,5,금요일,3,외국인(c),120.67999999999999,20200410
30,대전광역시,6,토요일,1,현지인(a),610851.5,20200411
30,대전광역시,6,토요일,2,외지인(b),206605.0,20200411
30,대전광역시,6,토요일,3,외국인(c),114.99999999999999,20200411
30,대전광역시,7,일요일,1,현지인(a),564357.5,20200412
30,대전광역시,7,일요일,2,외지인(b),173180.0,20200412
30,대전광역시,7,일요일,3,외국인(c),103.80000000000001,20200412
30,대전광역시,1,월요일,1,현지인(a),640059.0,20200413
30,대전광역시,1,월요일,2,외지인(b),152113.5,20200413
30,대전광역시,1,월요일,3,외국인(c),110.04999999999995,20200413
30,대전광역시,2,화요일,1,현지인(a),655840.5,20200414
30,대전광역시,2,화요일,2,외지인(b),162862.0,20200414
30,대전광역시,2,화요일,3,외국인(c),120.99999999999999,20200414
30,대전광역시,3,수요일,1,현지인(a),617386.0,20200415
30,대전광역시,3,수요일,2,외지인(b),163121.0,20200415
30,대전광역시,3,수요일,3,외국인(c),104.79,20200415
30,대전광역시,4,목요일,1,현지인(a),644770.0,20200416
30,대전광역시,4,목요일,2,외지인(b),157769.5,20200416
30,대전광역시,4,목요일,3,외국인(c),118.44000000000001,20200416
30,대전광역시,5,금요일,1,현지인(a),652410.5,20200417
30,대전광역시,5,금요일,2,외지인(b),178188.5,20200417
30,대전광역시,5,금요일,3,외국인(c),113.38999999999999,20200417
30,대전광역시,6,토요일,1,현지인(a),614110.0,20200418
30,대전광역시,6,토요일,2,외지인(b),224878.5,20200418
30,대전광역시,6,토요일,3,외국인(c),111.91000000000001,20200418
30,대전광역시,7,일요일,1,현지인(a),561704.5,20200419
30,대전광역시,7,일요일,2,외지인(b),188198.5,20200419
30,대전광역시,7,일요일,3,외국인(c),114.15,20200419
30,대전광역시,1,월요일,1,현지인(a),638879.5,20200420
30,대전광역시,1,월요일,2,외지인(b),162641.5,20200420
30,대전광역시,1,월요일,3,외국인(c),122.11,20200420
30,대전광역시,2,화요일,1,현지인(a),643408.5,20200421
30,대전광역시,2,화요일,2,외지인(b),167576.5,20200421
30,대전광역시,2,화요일,3,외국인(c),119.32999999999996,20200421
30,대전광역시,3,수요일,1,현지인(a),644227.5,20200422
30,대전광역시,3,수요일,2,외지인(b),169655.5,20200422
30,대전광역시,3,수요일,3,외국인(c),111.79,20200422
30,대전광역시,4,목요일,1,현지인(a),651322.0,20200423
30,대전광역시,4,목요일,2,외지인(b),175854.0,20200423
30,대전광역시,4,목요일,3,외국인(c),114.39999999999999,20200423
30,대전광역시,5,금요일,1,현지인(a),664905.5,20200424
30,대전광역시,5,금요일,2,외지인(b),197599.5,20200424
30,대전광역시,5,금요일,3,외국인(c),110.62999999999998,20200424
30,대전광역시,6,토요일,1,현지인(a),617515.5,20200425
30,대전광역시,6,토요일,2,외지인(b),244832.0,20200425
30,대전광역시,6,토요일,3,외국인(c),113.11999999999999,20200425
30,대전광역시,7,일요일,1,현지인(a),593820.5,20200426
30,대전광역시,7,일요일,2,외지인(b),211984.5,20200426
30,대전광역시,7,일요일,3,외국인(c),108.97,20200426
30,대전광역시,1,월요일,1,현지인(a),653558.5,20200427
30,대전광역시,1,월요일,2,외지인(b),181331.5,20200427
30,대전광역시,1,월요일,3,외국인(c),120.86,20200427
30,대전광역시,2,화요일,1,현지인(a),660628.5,20200428
30,대전광역시,2,화요일,2,외지인(b),185794.0,20200428
30,대전광역시,2,화요일,3,외국인(c),121.64000000000001,20200428
30,대전광역시,3,수요일,1,현지인(a),674506.0,20200429
30,대전광역시,3,수요일,2,외지인(b),206972.5,20200429
30,대전광역시,3,수요일,3,외국인(c),119.42999999999996,20200429
30,대전광역시,4,목요일,1,현지인(a),600481.0,20200430
30,대전광역시,4,목요일,2,외지인(b),249385.5,20200430
30,대전광역시,4,목요일,3,외국인(c),110.84,20200430
30,대전광역시,5,금요일,1,현지인(a),638470.0,20200501
30,대전광역시,5,금요일,2,외지인(b),223065.5,20200501
30,대전광역시,5,금요일,3,외국인(c),108.22999999999999,20200501
30,대전광역시,6,토요일,1,현지인(a),617316.0,20200502
30,대전광역시,6,토요일,2,외지인(b),266738.5,20200502
30,대전광역시,6,토요일,3,외국인(c),106.72000000000001,20200502
30,대전광역시,7,일요일,1,현지인(a),611051.0,20200503
30,대전광역시,7,일요일,2,외지인(b),232099.0,20200503
30,대전광역시,7,일요일,3,외국인(c),105.51000000000002,20200503
30,대전광역시,1,월요일,1,현지인(a),687067.5,20200504
30,대전광역시,1,월요일,2,외지인(b),187698.0,20200504
30,대전광역시,1,월요일,3,외국인(c),113.21000000000002,20200504
30,대전광역시,2,화요일,1,현지인(a),630024.5,20200505
30,대전광역시,2,화요일,2,외지인(b),187925.5,20200505
30,대전광역시,2,화요일,3,외국인(c),104.94,20200505
30,대전광역시,3,수요일,1,현지인(a),701459.5,20200506
30,대전광역시,3,수요일,2,외지인(b),156327.5,20200506
30,대전광역시,3,수요일,3,외국인(c),108.89000000000001,20200506
30,대전광역시,4,목요일,1,현지인(a),702471.0,20200507
30,대전광역시,4,목요일,2,외지인(b),167366.5,20200507
30,대전광역시,4,목요일,3,외국인(c),115.56,20200507
30,대전광역시,5,금요일,1,현지인(a),717916.5,20200508
30,대전광역시,5,금요일,2,외지인(b),201551.0,20200508
30,대전광역시,5,금요일,3,외국인(c),116.14000000000001,20200508
30,대전광역시,6,토요일,1,현지인(a),640640.0,20200509
30,대전광역시,6,토요일,2,외지인(b),257120.5,20200509
30,대전광역시,6,토요일,3,외국인(c),113.01000000000002,20200509
30,대전광역시,7,일요일,1,현지인(a),626160.5,20200510
30,대전광역시,7,일요일,2,외지인(b),221347.0,20200510
30,대전광역시,7,일요일,3,외국인(c),105.72999999999999,20200510
30,대전광역시,1,월요일,1,현지인(a),700465.5,20200511
30,대전광역시,1,월요일,2,외지인(b),171454.5,20200511
30,대전광역시,1,월요일,3,외국인(c),109.19000000000001,20200511
30,대전광역시,2,화요일,1,현지인(a),697767.0,20200512
30,대전광역시,2,화요일,2,외지인(b),173078.5,20200512
30,대전광역시,2,화요일,3,외국인(c),111.98999999999998,20200512
30,대전광역시,3,수요일,1,현지인(a),707924.0,20200513
30,대전광역시,3,수요일,2,외지인(b),174181.0,20200513
30,대전광역시,3,수요일,3,외국인(c),114.53999999999999,20200513
30,대전광역시,4,목요일,1,현지인(a),705061.0,20200514
30,대전광역시,4,목요일,2,외지인(b),178440.5,20200514
30,대전광역시,4,목요일,3,외국인(c),115.57999999999998,20200514
30,대전광역시,5,금요일,1,현지인(a),700476.0,20200515
30,대전광역시,5,금요일,2,외지인(b),200333.0,20200515
30,대전광역시,5,금요일,3,외국인(c),115.95,20200515
30,대전광역시,6,토요일,1,현지인(a),668762.5,20200516
30,대전광역시,6,토요일,2,외지인(b),260508.5,20200516
30,대전광역시,6,토요일,3,외국인(c),113.09,20200516
30,대전광역시,7,일요일,1,현지인(a),646478.0,20200517
30,대전광역시,7,일요일,2,외지인(b),225337.0,20200517
30,대전광역시,7,일요일,3,외국인(c),111.88999999999999,20200517
30,대전광역시,1,월요일,1,현지인(a),694725.5,20200518
30,대전광역시,1,월요일,2,외지인(b),176417.5,20200518
30,대전광역시,1,월요일,3,외국인(c),109.94999999999996,20200518
30,대전광역시,2,화요일,1,현지인(a),696906.0,20200519
30,대전광역시,2,화요일,2,외지인(b),179252.5,20200519
30,대전광역시,2,화요일,3,외국인(c),104.92,20200519
30,대전광역시,3,수요일,1,현지인(a),713783.0,20200520
30,대전광역시,3,수요일,2,외지인(b),188188.0,20200520
30,대전광역시,3,수요일,3,외국인(c),112.24999999999997,20200520
30,대전광역시,4,목요일,1,현지인(a),713006.0,20200521
30,대전광역시,4,목요일,2,외지인(b),191695.0,20200521
30,대전광역시,4,목요일,3,외국인(c),104.05999999999999,20200521
30,대전광역시,5,금요일,1,현지인(a),714892.5,20200522
30,대전광역시,5,금요일,2,외지인(b),213388.0,20200522
30,대전광역시,5,금요일,3,외국인(c),106.28000000000002,20200522
30,대전광역시,6,토요일,1,현지인(a),669966.5,20200523
30,대전광역시,6,토요일,2,외지인(b),273941.5,20200523
30,대전광역시,6,토요일,3,외국인(c),108.55,20200523
30,대전광역시,7,일요일,1,현지인(a),637871.5,20200524
30,대전광역시,7,일요일,2,외지인(b),229316.5,20200524
30,대전광역시,7,일요일,3,외국인(c),107.64000000000001,20200524
30,대전광역시,1,월요일,1,현지인(a),705145.0,20200525
30,대전광역시,1,월요일,2,외지인(b),194344.5,20200525
30,대전광역시,1,월요일,3,외국인(c),107.03,20200525
30,대전광역시,2,화요일,1,현지인(a),707402.5,20200526
30,대전광역시,2,화요일,2,외지인(b),196164.5,20200526
30,대전광역시,2,화요일,3,외국인(c),107.22999999999999,20200526
30,대전광역시,3,수요일,1,현지인(a),719481.0,20200527
30,대전광역시,3,수요일,2,외지인(b),200109.0,20200527
30,대전광역시,3,수요일,3,외국인(c),102.51999999999998,20200527
30,대전광역시,4,목요일,1,현지인(a),713454.0,20200528
30,대전광역시,4,목요일,2,외지인(b),204638.0,20200528
30,대전광역시,4,목요일,3,외국인(c),106.65999999999998,20200528
30,대전광역시,5,금요일,1,현지인(a),724706.5,20200529
30,대전광역시,5,금요일,2,외지인(b),227486.0,20200529
30,대전광역시,5,금요일,3,외국인(c),88.89999999999999,20200529
30,대전광역시,6,토요일,1,현지인(a),667775.5,20200530
30,대전광역시,6,토요일,2,외지인(b),288456.0,20200530
30,대전광역시,6,토요일,3,외국인(c),90.99999999999999,20200530
30,대전광역시,7,일요일,1,현지인(a),647916.5,20200531
30,대전광역시,7,일요일,2,외지인(b),251331.5,20200531
30,대전광역시,7,일요일,3,외국인(c),90.44999999999999,20200531
30,대전광역시,1,월요일,1,현지인(a),730236.5,20200601
30,대전광역시,1,월요일,2,외지인(b),141837.5,20200601
30,대전광역시,1,월요일,3,외국인(c),156.63999999999996,20200601
30,대전광역시,2,화요일,1,현지인(a),729046.5,20200602
30,대전광역시,2,화요일,2,외지인(b),146611.5,20200602
30,대전광역시,2,화요일,3,외국인(c),183.87999999999997,20200602
30,대전광역시,3,수요일,1,현지인(a),735878.5,20200603
30,대전광역시,3,수요일,2,외지인(b),153125.0,20200603
30,대전광역시,3,수요일,3,외국인(c),188.32000000000005,20200603
30,대전광역시,4,목요일,1,현지인(a),734496.0,20200604
30,대전광역시,4,목요일,2,외지인(b),158434.5,20200604
30,대전광역시,4,목요일,3,외국인(c),182.55,20200604
30,대전광역시,5,금요일,1,현지인(a),742570.5,20200605
30,대전광역시,5,금요일,2,외지인(b),188989.5,20200605
30,대전광역시,5,금요일,3,외국인(c),191.45000000000002,20200605
30,대전광역시,6,토요일,1,현지인(a),657436.5,20200606
30,대전광역시,6,토요일,2,외지인(b),249854.5,20200606
30,대전광역시,6,토요일,3,외국인(c),182.51000000000013,20200606
30,대전광역시,7,일요일,1,현지인(a),657877.5,20200607
30,대전광역시,7,일요일,2,외지인(b),210903.0,20200607
30,대전광역시,7,일요일,3,외국인(c),172.56,20200607
30,대전광역시,1,월요일,1,현지인(a),730492.0,20200608
30,대전광역시,1,월요일,2,외지인(b),164871.0,20200608
30,대전광역시,1,월요일,3,외국인(c),178.41000000000005,20200608
30,대전광역시,2,화요일,1,현지인(a),732368.0,20200609
30,대전광역시,2,화요일,2,외지인(b),169277.5,20200609
30,대전광역시,2,화요일,3,외국인(c),182.48,20200609
30,대전광역시,3,수요일,1,현지인(a),727751.5,20200610
30,대전광역시,3,수요일,2,외지인(b),172700.5,20200610
30,대전광역시,3,수요일,3,외국인(c),178.47,20200610
30,대전광역시,4,목요일,1,현지인(a),736851.5,20200611
30,대전광역시,4,목요일,2,외지인(b),179042.5,20200611
30,대전광역시,4,목요일,3,외국인(c),125.05000000000001,20200611
30,대전광역시,5,금요일,1,현지인(a),740488.0,20200612
30,대전광역시,5,금요일,2,외지인(b),198219.0,20200612
30,대전광역시,5,금요일,3,외국인(c),121.83000000000001,20200612
30,대전광역시,6,토요일,1,현지인(a),681530.5,20200613
30,대전광역시,6,토요일,2,외지인(b),257306.0,20200613
30,대전광역시,6,토요일,3,외국인(c),126.11,20200613
30,대전광역시,7,일요일,1,현지인(a),658119.0,20200614
30,대전광역시,7,일요일,2,외지인(b),216608.0,20200614
30,대전광역시,7,일요일,3,외국인(c),114.23000000000002,20200614
30,대전광역시,1,월요일,1,현지인(a),735031.5,20200615
30,대전광역시,1,월요일,2,외지인(b),182199.5,20200615
30,대전광역시,1,월요일,3,외국인(c),122.69000000000004,20200615
30,대전광역시,2,화요일,1,현지인(a),731258.5,20200616
30,대전광역시,2,화요일,2,외지인(b),183508.5,20200616
30,대전광역시,2,화요일,3,외국인(c),122.45,20200616
30,대전광역시,3,수요일,1,현지인(a),724010.0,20200617
30,대전광역시,3,수요일,2,외지인(b),181510.0,20200617
30,대전광역시,3,수요일,3,외국인(c),126.43,20200617
30,대전광역시,4,목요일,1,현지인(a),713034.0,20200618
30,대전광역시,4,목요일,2,외지인(b),181079.5,20200618
30,대전광역시,4,목요일,3,외국인(c),122.25000000000007,20200618
30,대전광역시,5,금요일,1,현지인(a),720370.0,20200619
30,대전광역시,5,금요일,2,외지인(b),193007.5,20200619
30,대전광역시,5,금요일,3,외국인(c),121.72000000000001,20200619
30,대전광역시,6,토요일,1,현지인(a),639828.0,20200620
30,대전광역시,6,토요일,2,외지인(b),221735.5,20200620
30,대전광역시,6,토요일,3,외국인(c),124.25,20200620
30,대전광역시,7,일요일,1,현지인(a),616332.5,20200621
30,대전광역시,7,일요일,2,외지인(b),186812.5,20200621
30,대전광역시,7,일요일,3,외국인(c),119.08000000000001,20200621
30,대전광역시,1,월요일,1,현지인(a),697833.5,20200622
30,대전광역시,1,월요일,2,외지인(b),167107.5,20200622
30,대전광역시,1,월요일,3,외국인(c),125.39000000000003,20200622
30,대전광역시,2,화요일,1,현지인(a),698411.0,20200623
30,대전광역시,2,화요일,2,외지인(b),169697.5,20200623
30,대전광역시,2,화요일,3,외국인(c),118.2,20200623
30,대전광역시,3,수요일,1,현지인(a),694176.0,20200624
30,대전광역시,3,수요일,2,외지인(b),169260.0,20200624
30,대전광역시,3,수요일,3,외국인(c),124.44000000000003,20200624
30,대전광역시,4,목요일,1,현지인(a),697669.0,20200625
30,대전광역시,4,목요일,2,외지인(b),171076.5,20200625
30,대전광역시,4,목요일,3,외국인(c),124.62000000000003,20200625
30,대전광역시,5,금요일,1,현지인(a),712369.0,20200626
30,대전광역시,5,금요일,2,외지인(b),192685.5,20200626
30,대전광역시,5,금요일,3,외국인(c),123.55000000000001,20200626
30,대전광역시,6,토요일,1,현지인(a),644392.0,20200627
30,대전광역시,6,토요일,2,외지인(b),222901.0,20200627
30,대전광역시,6,토요일,3,외국인(c),128.97999999999996,20200627
30,대전광역시,7,일요일,1,현지인(a),610596.0,20200628
30,대전광역시,7,일요일,2,외지인(b),191670.5,20200628
30,대전광역시,7,일요일,3,외국인(c),125.24000000000001,20200628
30,대전광역시,1,월요일,1,현지인(a),683707.5,20200629
30,대전광역시,1,월요일,2,외지인(b),174279.0,20200629
30,대전광역시,1,월요일,3,외국인(c),122.79000000000003,20200629
30,대전광역시,2,화요일,1,현지인(a),685419.0,20200630
30,대전광역시,2,화요일,2,외지인(b),174475.0,20200630
30,대전광역시,2,화요일,3,외국인(c),127.15000000000002,20200630
30,대전광역시,3,수요일,1,현지인(a),695534.0,20200701
30,대전광역시,3,수요일,2,외지인(b),126028.0,20200701
30,대전광역시,3,수요일,3,외국인(c),104.64000000000001,20200701
30,대전광역시,4,목요일,1,현지인(a),687813.0,20200702
30,대전광역시,4,목요일,2,외지인(b),131715.5,20200702
30,대전광역시,4,목요일,3,외국인(c),112.26,20200702
30,대전광역시,5,금요일,1,현지인(a),689454.5,20200703
30,대전광역시,5,금요일,2,외지인(b),154021.0,20200703
30,대전광역시,5,금요일,3,외국인(c),108.74000000000001,20200703
30,대전광역시,6,토요일,1,현지인(a),636205.5,20200704
30,대전광역시,6,토요일,2,외지인(b),197484.0,20200704
30,대전광역시,6,토요일,3,외국인(c),84.32999999999998,20200704
30,대전광역시,7,일요일,1,현지인(a),612377.5,20200705
30,대전광역시,7,일요일,2,외지인(b),166432.0,20200705
30,대전광역시,7,일요일,3,외국인(c),60.13000000000001,20200705
30,대전광역시,1,월요일,1,현지인(a),680505.0,20200706
30,대전광역시,1,월요일,2,외지인(b),141305.5,20200706
30,대전광역시,1,월요일,3,외국인(c),88.43,20200706
30,대전광역시,2,화요일,1,현지인(a),685002.5,20200707
30,대전광역시,2,화요일,2,외지인(b),142278.5,20200707
30,대전광역시,2,화요일,3,외국인(c),82.88,20200707
30,대전광역시,3,수요일,1,현지인(a),685212.5,20200708
30,대전광역시,3,수요일,2,외지인(b),144067.0,20200708
30,대전광역시,3,수요일,3,외국인(c),96.94999999999999,20200708
30,대전광역시,4,목요일,1,현지인(a),682762.5,20200709
30,대전광역시,4,목요일,2,외지인(b),147938.0,20200709
30,대전광역시,4,목요일,3,외국인(c),114.02,20200709
30,대전광역시,5,금요일,1,현지인(a),694491.0,20200710
30,대전광역시,5,금요일,2,외지인(b),167275.5,20200710
30,대전광역시,5,금요일,3,외국인(c),85.83999999999999,20200710
30,대전광역시,6,토요일,1,현지인(a),644703.5,20200711
30,대전광역시,6,토요일,2,외지인(b),211977.5,20200711
30,대전광역시,6,토요일,3,외국인(c),91.16,20200711
30,대전광역시,7,일요일,1,현지인(a),600859.0,20200712
30,대전광역시,7,일요일,2,외지인(b),180481.0,20200712
30,대전광역시,7,일요일,3,외국인(c),67.21000000000001,20200712
30,대전광역시,1,월요일,1,현지인(a),665763.0,20200713
30,대전광역시,1,월요일,2,외지인(b),148466.5,20200713
30,대전광역시,1,월요일,3,외국인(c),84.03,20200713
30,대전광역시,2,화요일,1,현지인(a),685503.0,20200714
30,대전광역시,2,화요일,2,외지인(b),154850.5,20200714
30,대전광역시,2,화요일,3,외국인(c),101.88000000000001,20200714
30,대전광역시,3,수요일,1,현지인(a),691705.0,20200715
30,대전광역시,3,수요일,2,외지인(b),162092.0,20200715
30,대전광역시,3,수요일,3,외국인(c),77.50999999999999,20200715
30,대전광역시,4,목요일,1,현지인(a),698761.0,20200716
30,대전광역시,4,목요일,2,외지인(b),165949.0,20200716
30,대전광역시,4,목요일,3,외국인(c),65.13999999999999,20200716
30,대전광역시,5,금요일,1,현지인(a),701085.0,20200717
30,대전광역시,5,금요일,2,외지인(b),189791.0,20200717
30,대전광역시,5,금요일,3,외국인(c),86.52000000000001,20200717
30,대전광역시,6,토요일,1,현지인(a),646478.0,20200718
30,대전광역시,6,토요일,2,외지인(b),237930.0,20200718
30,대전광역시,6,토요일,3,외국인(c),77.87,20200718
30,대전광역시,7,일요일,1,현지인(a),623808.5,20200719
30,대전광역시,7,일요일,2,외지인(b),201446.0,20200719
30,대전광역시,7,일요일,3,외국인(c),61.2,20200719
30,대전광역시,1,월요일,1,현지인(a),684855.5,20200720
30,대전광역시,1,월요일,2,외지인(b),167156.5,20200720
30,대전광역시,1,월요일,3,외국인(c),86.02,20200720
30,대전광역시,2,화요일,1,현지인(a),696584.0,20200721
30,대전광역시,2,화요일,2,외지인(b),173404.0,20200721
30,대전광역시,2,화요일,3,외국인(c),99.94000000000001,20200721
30,대전광역시,3,수요일,1,현지인(a),694883.0,20200722
30,대전광역시,3,수요일,2,외지인(b),171906.0,20200722
30,대전광역시,3,수요일,3,외국인(c),93.16,20200722
30,대전광역시,4,목요일,1,현지인(a),677894.0,20200723
30,대전광역시,4,목요일,2,외지인(b),170649.5,20200723
30,대전광역시,4,목요일,3,외국인(c),86.62,20200723
30,대전광역시,5,금요일,1,현지인(a),706986.0,20200724
30,대전광역시,5,금요일,2,외지인(b),197897.0,20200724
30,대전광역시,5,금요일,3,외국인(c),96.09000000000002,20200724
30,대전광역시,6,토요일,1,현지인(a),651665.0,20200725
30,대전광역시,6,토요일,2,외지인(b),249214.0,20200725
30,대전광역시,6,토요일,3,외국인(c),78.22,20200725
30,대전광역시,7,일요일,1,현지인(a),626608.5,20200726
30,대전광역시,7,일요일,2,외지인(b),217028.0,20200726
30,대전광역시,7,일요일,3,외국인(c),71.24000000000001,20200726
30,대전광역시,1,월요일,1,현지인(a),690364.5,20200727
30,대전광역시,1,월요일,2,외지인(b),181454.0,20200727
30,대전광역시,1,월요일,3,외국인(c),84.83000000000001,20200727
30,대전광역시,2,화요일,1,현지인(a),691883.5,20200728
30,대전광역시,2,화요일,2,외지인(b),183050.0,20200728
30,대전광역시,2,화요일,3,외국인(c),106.65,20200728
30,대전광역시,3,수요일,1,현지인(a),685860.0,20200729
30,대전광역시,3,수요일,2,외지인(b),184726.5,20200729
30,대전광역시,3,수요일,3,외국인(c),95.42999999999999,20200729
30,대전광역시,4,목요일,1,현지인(a),704200.0,20200730
30,대전광역시,4,목요일,2,외지인(b),181580.0,20200730
30,대전광역시,4,목요일,3,외국인(c),107.91,20200730
30,대전광역시,5,금요일,1,현지인(a),700094.5,20200731
30,대전광역시,5,금요일,2,외지인(b),216615.0,20200731
30,대전광역시,5,금요일,3,외국인(c),109.55999999999999,20200731
30,대전광역시,6,토요일,1,현지인(a),631655.5,20200801
30,대전광역시,6,토요일,2,외지인(b),221984.0,20200801
30,대전광역시,6,토요일,3,외국인(c),87.24000000000001,20200801
30,대전광역시,7,일요일,1,현지인(a),618233.0,20200802
30,대전광역시,7,일요일,2,외지인(b),200658.5,20200802
30,대전광역시,7,일요일,3,외국인(c),71.08000000000001,20200802
30,대전광역시,1,월요일,1,현지인(a),682059.0,20200803
30,대전광역시,1,월요일,2,외지인(b),164451.0,20200803
30,대전광역시,1,월요일,3,외국인(c),100.83,20200803
30,대전광역시,2,화요일,1,현지인(a),686476.0,20200804
30,대전광역시,2,화요일,2,외지인(b),166197.5,20200804
30,대전광역시,2,화요일,3,외국인(c),125.23999999999998,20200804
30,대전광역시,3,수요일,1,현지인(a),698096.0,20200805
30,대전광역시,3,수요일,2,외지인(b),164864.0,20200805
30,대전광역시,3,수요일,3,외국인(c),123.46999999999998,20200805
30,대전광역시,4,목요일,1,현지인(a),692223.0,20200806
30,대전광역시,4,목요일,2,외지인(b),159337.5,20200806
30,대전광역시,4,목요일,3,외국인(c),139.41,20200806
30,대전광역시,5,금요일,1,현지인(a),695677.5,20200807
30,대전광역시,5,금요일,2,외지인(b),183435.0,20200807
30,대전광역시,5,금요일,3,외국인(c),114.00999999999999,20200807
30,대전광역시,6,토요일,1,현지인(a),637140.0,20200808
30,대전광역시,6,토요일,2,외지인(b),225123.5,20200808
30,대전광역시,6,토요일,3,외국인(c),121.25000000000003,20200808
30,대전광역시,7,일요일,1,현지인(a),630322.0,20200809
30,대전광역시,7,일요일,2,외지인(b),193259.5,20200809
30,대전광역시,7,일요일,3,외국인(c),86.11,20200809
30,대전광역시,1,월요일,1,현지인(a),694001.0,20200810
30,대전광역시,1,월요일,2,외지인(b),162925.0,20200810
30,대전광역시,1,월요일,3,외국인(c),110.22000000000001,20200810
30,대전광역시,2,화요일,1,현지인(a),698411.0,20200811
30,대전광역시,2,화요일,2,외지인(b),162025.5,20200811
30,대전광역시,2,화요일,3,외국인(c),134.19,20200811
30,대전광역시,3,수요일,1,현지인(a),706524.0,20200812
30,대전광역시,3,수요일,2,외지인(b),172798.5,20200812
30,대전광역시,3,수요일,3,외국인(c),129.95,20200812
30,대전광역시,4,목요일,1,현지인(a),705379.5,20200813
30,대전광역시,4,목요일,2,외지인(b),184793.0,20200813
30,대전광역시,4,목요일,3,외국인(c),139.06000000000003,20200813
30,대전광역시,5,금요일,1,현지인(a),702726.5,20200814
30,대전광역시,5,금요일,2,외지인(b),214403.0,20200814
30,대전광역시,5,금요일,3,외국인(c),144.19,20200814
30,대전광역시,6,토요일,1,현지인(a),622349.0,20200815
30,대전광역시,6,토요일,2,외지인(b),270991.0,20200815
30,대전광역시,6,토요일,3,외국인(c),123.76999999999997,20200815
30,대전광역시,7,일요일,1,현지인(a),601254.5,20200816
30,대전광역시,7,일요일,2,외지인(b),255157.0,20200816
30,대전광역시,7,일요일,3,외국인(c),98.14,20200816
30,대전광역시,1,월요일,1,현지인(a),634469.5,20200817
30,대전광역시,1,월요일,2,외지인(b),211900.5,20200817
30,대전광역시,1,월요일,3,외국인(c),108.94999999999999,20200817
30,대전광역시,2,화요일,1,현지인(a),692898.5,20200818
30,대전광역시,2,화요일,2,외지인(b),179875.5,20200818
30,대전광역시,2,화요일,3,외국인(c),143.58,20200818
30,대전광역시,3,수요일,1,현지인(a),696612.0,20200819
30,대전광역시,3,수요일,2,외지인(b),176613.5,20200819
30,대전광역시,3,수요일,3,외국인(c),137.63000000000002,20200819
30,대전광역시,4,목요일,1,현지인(a),691229.0,20200820
30,대전광역시,4,목요일,2,외지인(b),175924.0,20200820
30,대전광역시,4,목요일,3,외국인(c),141.58,20200820
30,대전광역시,5,금요일,1,현지인(a),699751.5,20200821
30,대전광역시,5,금요일,2,외지인(b),190008.0,20200821
30,대전광역시,5,금요일,3,외국인(c),138.47,20200821
30,대전광역시,6,토요일,1,현지인(a),631064.0,20200822
30,대전광역시,6,토요일,2,외지인(b),217311.5,20200822
30,대전광역시,6,토요일,3,외국인(c),129.09000000000003,20200822
30,대전광역시,7,일요일,1,현지인(a),583548.0,20200823
30,대전광역시,7,일요일,2,외지인(b),181947.5,20200823
30,대전광역시,7,일요일,3,외국인(c),91.74,20200823
30,대전광역시,1,월요일,1,현지인(a),668395.0,20200824
30,대전광역시,1,월요일,2,외지인(b),165102.0,20200824
30,대전광역시,1,월요일,3,외국인(c),127.14,20200824
30,대전광역시,2,화요일,1,현지인(a),667824.5,20200825
30,대전광역시,2,화요일,2,외지인(b),165060.0,20200825
30,대전광역시,2,화요일,3,외국인(c),148.8,20200825
30,대전광역시,3,수요일,1,현지인(a),663201.0,20200826
30,대전광역시,3,수요일,2,외지인(b),159166.0,20200826
30,대전광역시,3,수요일,3,외국인(c),127.34,20200826
30,대전광역시,4,목요일,1,현지인(a),671989.5,20200827
30,대전광역시,4,목요일,2,외지인(b),159561.5,20200827
30,대전광역시,4,목요일,3,외국인(c),155.82000000000002,20200827
30,대전광역시,5,금요일,1,현지인(a),675185.0,20200828
30,대전광역시,5,금요일,2,외지인(b),184684.5,20200828
30,대전광역시,5,금요일,3,외국인(c),149.88000000000002,20200828
30,대전광역시,6,토요일,1,현지인(a),613315.5,20200829
30,대전광역시,6,토요일,2,외지인(b),210269.5,20200829
30,대전광역시,6,토요일,3,외국인(c),120.86999999999999,20200829
30,대전광역시,7,일요일,1,현지인(a),577297.0,20200830
30,대전광역시,7,일요일,2,외지인(b),186518.5,20200830
30,대전광역시,7,일요일,3,외국인(c),82.28999999999999,20200830
30,대전광역시,1,월요일,1,현지인(a),674555.0,20200831
30,대전광역시,1,월요일,2,외지인(b),174562.5,20200831
30,대전광역시,1,월요일,3,외국인(c),115.37999999999998,20200831
30,대전광역시,2,화요일,1,현지인(a),688877.0,20200901
30,대전광역시,2,화요일,2,외지인(b),133465.5,20200901
30,대전광역시,2,화요일,3,외국인(c),134.11,20200901
30,대전광역시,3,수요일,1,현지인(a),681460.5,20200902
30,대전광역시,3,수요일,2,외지인(b),130102.0,20200902
30,대전광역시,3,수요일,3,외국인(c),143.43000000000004,20200902
30,대전광역시,4,목요일,1,현지인(a),694204.0,20200903
30,대전광역시,4,목요일,2,외지인(b),134295.0,20200903
30,대전광역시,4,목요일,3,외국인(c),114.52000000000002,20200903
30,대전광역시,5,금요일,1,현지인(a),706135.5,20200904
30,대전광역시,5,금요일,2,외지인(b),160713.0,20200904
30,대전광역시,5,금요일,3,외국인(c),130.76000000000002,20200904
30,대전광역시,6,토요일,1,현지인(a),636296.5,20200905
30,대전광역시,6,토요일,2,외지인(b),190648.5,20200905
30,대전광역시,6,토요일,3,외국인(c),93.04999999999998,20200905
30,대전광역시,7,일요일,1,현지인(a),586141.5,20200906
30,대전광역시,7,일요일,2,외지인(b),159992.0,20200906
30,대전광역시,7,일요일,3,외국인(c),76.07000000000001,20200906
30,대전광역시,1,월요일,1,현지인(a),673106.0,20200907
30,대전광역시,1,월요일,2,외지인(b),136192.0,20200907
30,대전광역시,1,월요일,3,외국인(c),101.86000000000001,20200907
30,대전광역시,2,화요일,1,현지인(a),707248.5,20200908
30,대전광역시,2,화요일,2,외지인(b),153408.5,20200908
30,대전광역시,2,화요일,3,외국인(c),114.75,20200908
30,대전광역시,3,수요일,1,현지인(a),704812.5,20200909
30,대전광역시,3,수요일,2,외지인(b),154763.0,20200909
30,대전광역시,3,수요일,3,외국인(c),115.37,20200909
30,대전광역시,4,목요일,1,현지인(a),706387.5,20200910
30,대전광역시,4,목요일,2,외지인(b),162130.5,20200910
30,대전광역시,4,목요일,3,외국인(c),127.06000000000002,20200910
30,대전광역시,5,금요일,1,현지인(a),700213.5,20200911
30,대전광역시,5,금요일,2,외지인(b),177705.5,20200911
30,대전광역시,5,금요일,3,외국인(c),120.36999999999999,20200911
30,대전광역시,6,토요일,1,현지인(a),625803.5,20200912
30,대전광역시,6,토요일,2,외지인(b),212604.0,20200912
30,대전광역시,6,토요일,3,외국인(c),116.73000000000002,20200912
30,대전광역시,7,일요일,1,현지인(a),602595.0,20200913
30,대전광역시,7,일요일,2,외지인(b),187372.5,20200913
30,대전광역시,7,일요일,3,외국인(c),74.57000000000001,20200913
30,대전광역시,1,월요일,1,현지인(a),709016.0,20200914
30,대전광역시,1,월요일,2,외지인(b),166705.0,20200914
30,대전광역시,1,월요일,3,외국인(c),92.72000000000003,20200914
30,대전광역시,2,화요일,1,현지인(a),710195.5,20200915
30,대전광역시,2,화요일,2,외지인(b),171377.5,20200915
30,대전광역시,2,화요일,3,외국인(c),134.49,20200915
30,대전광역시,3,수요일,1,현지인(a),710377.5,20200916
30,대전광역시,3,수요일,2,외지인(b),172819.5,20200916
30,대전광역시,3,수요일,3,외국인(c),124.4,20200916
30,대전광역시,4,목요일,1,현지인(a),712103.0,20200917
30,대전광역시,4,목요일,2,외지인(b),176841.0,20200917
30,대전광역시,4,목요일,3,외국인(c),117.77,20200917
30,대전광역시,5,금요일,1,현지인(a),726250.0,20200918
30,대전광역시,5,금요일,2,외지인(b),199038.0,20200918
30,대전광역시,5,금요일,3,외국인(c),106.99000000000002,20200918
30,대전광역시,6,토요일,1,현지인(a),651560.0,20200919
30,대전광역시,6,토요일,2,외지인(b),244373.5,20200919
30,대전광역시,6,토요일,3,외국인(c),101.00000000000001,20200919
30,대전광역시,7,일요일,1,현지인(a),624001.0,20200920
30,대전광역시,7,일요일,2,외지인(b),214011.0,20200920
30,대전광역시,7,일요일,3,외국인(c),36.61,20200920
30,대전광역시,1,월요일,1,현지인(a),715893.5,20200921
30,대전광역시,1,월요일,2,외지인(b),186007.5,20200921
30,대전광역시,1,월요일,3,외국인(c),110.88,20200921
30,대전광역시,2,화요일,1,현지인(a),717412.5,20200922
30,대전광역시,2,화요일,2,외지인(b),192202.5,20200922
30,대전광역시,2,화요일,3,외국인(c),118.95999999999997,20200922
30,대전광역시,3,수요일,1,현지인(a),722760.5,20200923
30,대전광역시,3,수요일,2,외지인(b),194761.0,20200923
30,대전광역시,3,수요일,3,외국인(c),126.09999999999998,20200923
30,대전광역시,4,목요일,1,현지인(a),723544.5,20200924
30,대전광역시,4,목요일,2,외지인(b),199857.0,20200924
30,대전광역시,4,목요일,3,외국인(c),117.41,20200924
30,대전광역시,5,금요일,1,현지인(a),732196.5,20200925
30,대전광역시,5,금요일,2,외지인(b),215512.5,20200925
30,대전광역시,5,금요일,3,외국인(c),119.13000000000001,20200925
30,대전광역시,6,토요일,1,현지인(a),674516.5,20200926
30,대전광역시,6,토요일,2,외지인(b),255202.5,20200926
30,대전광역시,6,토요일,3,외국인(c),91.91000000000001,20200926
30,대전광역시,7,일요일,1,현지인(a),643219.5,20200927
30,대전광역시,7,일요일,2,외지인(b),220545.5,20200927
30,대전광역시,7,일요일,3,외국인(c),85.28000000000002,20200927
30,대전광역시,1,월요일,1,현지인(a),727965.0,20200928
30,대전광역시,1,월요일,2,외지인(b),204106.0,20200928
30,대전광역시,1,월요일,3,외국인(c),113.87000000000002,20200928
30,대전광역시,2,화요일,1,현지인(a),732501.0,20200929
30,대전광역시,2,화요일,2,외지인(b),228595.5,20200929
30,대전광역시,2,화요일,3,외국인(c),129.02,20200929
30,대전광역시,3,수요일,1,현지인(a),581945.0,20200930
30,대전광역시,3,수요일,2,외지인(b),279394.5,20200930
30,대전광역시,3,수요일,3,외국인(c),134.67,20200930
30,대전광역시,4,목요일,1,현지인(a),520093.0,20201001
30,대전광역시,4,목요일,2,외지인(b),295176.0,20201001
30,대전광역시,4,목요일,3,외국인(c),97.89,20201001
30,대전광역시,5,금요일,1,현지인(a),548996.0,20201002
30,대전광역시,5,금요일,2,외지인(b),269062.5,20201002
30,대전광역시,5,금요일,3,외국인(c),79.58999999999999,20201002
30,대전광역시,6,토요일,1,현지인(a),596760.5,20201003
30,대전광역시,6,토요일,2,외지인(b),230720.0,20201003
30,대전광역시,6,토요일,3,외국인(c),67.24000000000001,20201003
30,대전광역시,7,일요일,1,현지인(a),623773.5,20201004
30,대전광역시,7,일요일,2,외지인(b),178689.0,20201004
30,대전광역시,7,일요일,3,외국인(c),66.85,20201004
30,대전광역시,1,월요일,1,현지인(a),700728.0,20201005
30,대전광역시,1,월요일,2,외지인(b),145008.5,20201005
30,대전광역시,1,월요일,3,외국인(c),108.86,20201005
30,대전광역시,2,화요일,1,현지인(a),698726.0,20201006
30,대전광역시,2,화요일,2,외지인(b),144609.5,20201006
30,대전광역시,2,화요일,3,외국인(c),111.91999999999997,20201006
30,대전광역시,3,수요일,1,현지인(a),705208.0,20201007
30,대전광역시,3,수요일,2,외지인(b),150626.0,20201007
30,대전광역시,3,수요일,3,외국인(c),108.84,20201007
30,대전광역시,4,목요일,1,현지인(a),711550.0,20201008
30,대전광역시,4,목요일,2,외지인(b),169596.0,20201008
30,대전광역시,4,목요일,3,외국인(c),94.25999999999999,20201008
30,대전광역시,5,금요일,1,현지인(a),640941.0,20201009
30,대전광역시,5,금요일,2,외지인(b),213591.0,20201009
30,대전광역시,5,금요일,3,외국인(c),107.39,20201009
30,대전광역시,6,토요일,1,현지인(a),644647.5,20201010
30,대전광역시,6,토요일,2,외지인(b),232862.0,20201010
30,대전광역시,6,토요일,3,외국인(c),102.45,20201010
30,대전광역시,7,일요일,1,현지인(a),625030.0,20201011
30,대전광역시,7,일요일,2,외지인(b),190015.0,20201011
30,대전광역시,7,일요일,3,외국인(c),76.46,20201011
30,대전광역시,1,월요일,1,현지인(a),700658.0,20201012
30,대전광역시,1,월요일,2,외지인(b),159082.0,20201012
30,대전광역시,1,월요일,3,외국인(c),104.03999999999998,20201012
30,대전광역시,2,화요일,1,현지인(a),700276.5,20201013
30,대전광역시,2,화요일,2,외지인(b),159211.5,20201013
30,대전광역시,2,화요일,3,외국인(c),102.77000000000001,20201013
30,대전광역시,3,수요일,1,현지인(a),703909.5,20201014
30,대전광역시,3,수요일,2,외지인(b),162946.0,20201014
30,대전광역시,3,수요일,3,외국인(c),134.23,20201014
30,대전광역시,4,목요일,1,현지인(a),704298.0,20201015
30,대전광역시,4,목요일,2,외지인(b),168938.0,20201015
30,대전광역시,4,목요일,3,외국인(c),111.09,20201015
30,대전광역시,5,금요일,1,현지인(a),715155.0,20201016
30,대전광역시,5,금요일,2,외지인(b),192969.0,20201016
30,대전광역시,5,금요일,3,외국인(c),96.25,20201016
30,대전광역시,6,토요일,1,현지인(a),659900.5,20201017
30,대전광역시,6,토요일,2,외지인(b),260130.5,20201017
30,대전광역시,6,토요일,3,외국인(c),85.93999999999998,20201017
30,대전광역시,7,일요일,1,현지인(a),636492.5,20201018
30,대전광역시,7,일요일,2,외지인(b),225232.0,20201018
30,대전광역시,7,일요일,3,외국인(c),65.19,20201018
30,대전광역시,1,월요일,1,현지인(a),706422.5,20201019
30,대전광역시,1,월요일,2,외지인(b),175654.5,20201019
30,대전광역시,1,월요일,3,외국인(c),104.69999999999997,20201019
30,대전광역시,2,화요일,1,현지인(a),709135.0,20201020
30,대전광역시,2,화요일,2,외지인(b),179497.5,20201020
30,대전광역시,2,화요일,3,외국인(c),108.39999999999999,20201020
30,대전광역시,3,수요일,1,현지인(a),706506.5,20201021
30,대전광역시,3,수요일,2,외지인(b),181457.5,20201021
30,대전광역시,3,수요일,3,외국인(c),118.24,20201021
30,대전광역시,4,목요일,1,현지인(a),706093.5,20201022
30,대전광역시,4,목요일,2,외지인(b),184800.0,20201022
30,대전광역시,4,목요일,3,외국인(c),114.20999999999997,20201022
30,대전광역시,5,금요일,1,현지인(a),729400.0,20201023
30,대전광역시,5,금요일,2,외지인(b),213986.5,20201023
30,대전광역시,5,금요일,3,외국인(c),116.24,20201023
30,대전광역시,6,토요일,1,현지인(a),659554.0,20201024
30,대전광역시,6,토요일,2,외지인(b),278593.0,20201024
30,대전광역시,6,토요일,3,외국인(c),90.42999999999999,20201024
30,대전광역시,7,일요일,1,현지인(a),634182.5,20201025
30,대전광역시,7,일요일,2,외지인(b),239295.0,20201025
30,대전광역시,7,일요일,3,외국인(c),64.98,20201025
30,대전광역시,1,월요일,1,현지인(a),709877.0,20201026
30,대전광역시,1,월요일,2,외지인(b),189364.0,20201026
30,대전광역시,1,월요일,3,외국인(c),87.74,20201026
30,대전광역시,2,화요일,1,현지인(a),708487.5,20201027
30,대전광역시,2,화요일,2,외지인(b),188216.0,20201027
30,대전광역시,2,화요일,3,외국인(c),115.56,20201027
30,대전광역시,3,수요일,1,현지인(a),712022.5,20201028
30,대전광역시,3,수요일,2,외지인(b),193830.0,20201028
30,대전광역시,3,수요일,3,외국인(c),118.58,20201028
30,대전광역시,4,목요일,1,현지인(a),708781.5,20201029
30,대전광역시,4,목요일,2,외지인(b),208292.0,20201029
30,대전광역시,4,목요일,3,외국인(c),126.24,20201029
30,대전광역시,5,금요일,1,현지인(a),717227.0,20201030
30,대전광역시,5,금요일,2,외지인(b),237793.5,20201030
30,대전광역시,5,금요일,3,외국인(c),119.88000000000001,20201030
30,대전광역시,6,토요일,1,현지인(a),661199.0,20201031
30,대전광역시,6,토요일,2,외지인(b),298949.0,20201031
30,대전광역시,6,토요일,3,외국인(c),86.77,20201031
30,대전광역시,7,일요일,1,현지인(a),635145.0,20201101
30,대전광역시,7,일요일,2,외지인(b),206846.5,20201101
30,대전광역시,7,일요일,3,외국인(c),66.49,20201101
30,대전광역시,1,월요일,1,현지인(a),736463.0,20201102
30,대전광역시,1,월요일,2,외지인(b),154980.0,20201102
30,대전광역시,1,월요일,3,외국인(c),104.64,20201102
30,대전광역시,2,화요일,1,현지인(a),735556.5,20201103
30,대전광역시,2,화요일,2,외지인(b),156261.0,20201103
30,대전광역시,2,화요일,3,외국인(c),125.92,20201103
30,대전광역시,3,수요일,1,현지인(a),742346.5,20201104
30,대전광역시,3,수요일,2,외지인(b),160608.0,20201104
30,대전광역시,3,수요일,3,외국인(c),142.36,20201104
30,대전광역시,4,목요일,1,현지인(a),744502.5,20201105
30,대전광역시,4,목요일,2,외지인(b),163677.5,20201105
30,대전광역시,4,목요일,3,외국인(c),135.77,20201105
30,대전광역시,5,금요일,1,현지인(a),747470.5,20201106
30,대전광역시,5,금요일,2,외지인(b),191516.5,20201106
30,대전광역시,5,금요일,3,외국인(c),128.74,20201106
30,대전광역시,6,토요일,1,현지인(a),680837.5,20201107
30,대전광역시,6,토요일,2,외지인(b),266665.0,20201107
30,대전광역시,6,토요일,3,외국인(c),82.82000000000001,20201107
30,대전광역시,7,일요일,1,현지인(a),650258.0,20201108
30,대전광역시,7,일요일,2,외지인(b),223216.0,20201108
30,대전광역시,7,일요일,3,외국인(c),84.68,20201108
30,대전광역시,1,월요일,1,현지인(a),737632.0,20201109
30,대전광역시,1,월요일,2,외지인(b),165809.0,20201109
30,대전광역시,1,월요일,3,외국인(c),108.58000000000003,20201109
30,대전광역시,2,화요일,1,현지인(a),744754.5,20201110
30,대전광역시,2,화요일,2,외지인(b),168553.0,20201110
30,대전광역시,2,화요일,3,외국인(c),139.53000000000003,20201110
30,대전광역시,3,수요일,1,현지인(a),747099.5,20201111
30,대전광역시,3,수요일,2,외지인(b),173414.5,20201111
30,대전광역시,3,수요일,3,외국인(c),102.11999999999998,20201111
30,대전광역시,4,목요일,1,현지인(a),736246.0,20201112
30,대전광역시,4,목요일,2,외지인(b),190487.5,20201112
30,대전광역시,4,목요일,3,외국인(c),103.64000000000001,20201112
30,대전광역시,5,금요일,1,현지인(a),745440.5,20201113
30,대전광역시,5,금요일,2,외지인(b),217217.0,20201113
30,대전광역시,5,금요일,3,외국인(c),105.10000000000002,20201113
30,대전광역시,6,토요일,1,현지인(a),665850.5,20201114
30,대전광역시,6,토요일,2,외지인(b),279849.5,20201114
30,대전광역시,6,토요일,3,외국인(c),95.4,20201114
30,대전광역시,7,일요일,1,현지인(a),651668.5,20201115
30,대전광역시,7,일요일,2,외지인(b),239722.0,20201115
30,대전광역시,7,일요일,3,외국인(c),65.07,20201115
30,대전광역시,1,월요일,1,현지인(a),730278.5,20201116
30,대전광역시,1,월요일,2,외지인(b),182154.0,20201116
30,대전광역시,1,월요일,3,외국인(c),93.61,20201116
30,대전광역시,2,화요일,1,현지인(a),728770.0,20201117
30,대전광역시,2,화요일,2,외지인(b),194715.5,20201117
30,대전광역시,2,화요일,3,외국인(c),123.43,20201117
30,대전광역시,3,수요일,1,현지인(a),738965.5,20201118
30,대전광역시,3,수요일,2,외지인(b),185808.0,20201118
30,대전광역시,3,수요일,3,외국인(c),116.29999999999998,20201118
30,대전광역시,4,목요일,1,현지인(a),723397.5,20201119
30,대전광역시,4,목요일,2,외지인(b),176715.0,20201119
30,대전광역시,4,목요일,3,외국인(c),116.22,20201119
30,대전광역시,5,금요일,1,현지인(a),734254.5,20201120
30,대전광역시,5,금요일,2,외지인(b),208477.5,20201120
30,대전광역시,5,금요일,3,외국인(c),96.54,20201120
30,대전광역시,6,토요일,1,현지인(a),663904.5,20201121
30,대전광역시,6,토요일,2,외지인(b),268681.0,20201121
30,대전광역시,6,토요일,3,외국인(c),81.78000000000002,20201121
30,대전광역시,7,일요일,1,현지인(a),630969.5,20201122
30,대전광역시,7,일요일,2,외지인(b),222866.0,20201122
30,대전광역시,7,일요일,3,외국인(c),57.53999999999999,20201122
30,대전광역시,1,월요일,1,현지인(a),725046.0,20201123
30,대전광역시,1,월요일,2,외지인(b),180092.5,20201123
30,대전광역시,1,월요일,3,외국인(c),98.64000000000001,20201123
30,대전광역시,2,화요일,1,현지인(a),732518.5,20201124
30,대전광역시,2,화요일,2,외지인(b),182689.5,20201124
30,대전광역시,2,화요일,3,외국인(c),117.68999999999998,20201124
30,대전광역시,3,수요일,1,현지인(a),732847.5,20201125
30,대전광역시,3,수요일,2,외지인(b),181513.5,20201125
30,대전광역시,3,수요일,3,외국인(c),119.07000000000001,20201125
30,대전광역시,4,목요일,1,현지인(a),729603.0,20201126
30,대전광역시,4,목요일,2,외지인(b),184124.5,20201126
30,대전광역시,4,목요일,3,외국인(c),96.15,20201126
30,대전광역시,5,금요일,1,현지인(a),724388.0,20201127
30,대전광역시,5,금요일,2,외지인(b),203409.5,20201127
30,대전광역시,5,금요일,3,외국인(c),101.25999999999996,20201127
30,대전광역시,6,토요일,1,현지인(a),651273.0,20201128
30,대전광역시,6,토요일,2,외지인(b),250575.5,20201128
30,대전광역시,6,토요일,3,외국인(c),92.62,20201128
30,대전광역시,7,일요일,1,현지인(a),629804.0,20201129
30,대전광역시,7,일요일,2,외지인(b),215061.0,20201129
30,대전광역시,7,일요일,3,외국인(c),52.03999999999999,20201129
30,대전광역시,1,월요일,1,현지인(a),716425.5,20201130
30,대전광역시,1,월요일,2,외지인(b),177842.0,20201130
30,대전광역시,1,월요일,3,외국인(c),87.42999999999999,20201130
30,대전광역시,2,화요일,1,현지인(a),700224.0,20201201
30,대전광역시,2,화요일,2,외지인(b),129066.0,20201201
30,대전광역시,2,화요일,3,외국인(c),103.03000000000002,20201201
30,대전광역시,3,수요일,1,현지인(a),701585.5,20201202
30,대전광역시,3,수요일,2,외지인(b),132307.0,20201202
30,대전광역시,3,수요일,3,외국인(c),107.07999999999998,20201202
30,대전광역시,4,목요일,1,현지인(a),693220.5,20201203
30,대전광역시,4,목요일,2,외지인(b),138169.5,20201203
30,대전광역시,4,목요일,3,외국인(c),108.83,20201203
30,대전광역시,5,금요일,1,현지인(a),700766.5,20201204
30,대전광역시,5,금요일,2,외지인(b),159792.5,20201204
30,대전광역시,5,금요일,3,외국인(c),98.85000000000001,20201204
30,대전광역시,6,토요일,1,현지인(a),639338.0,20201205
30,대전광역시,6,토요일,2,외지인(b),210024.5,20201205
30,대전광역시,6,토요일,3,외국인(c),83.6,20201205
30,대전광역시,7,일요일,1,현지인(a),619934.0,20201206
30,대전광역시,7,일요일,2,외지인(b),180341.0,20201206
30,대전광역시,7,일요일,3,외국인(c),53.13999999999999,20201206
30,대전광역시,1,월요일,1,현지인(a),687540.0,20201207
30,대전광역시,1,월요일,2,외지인(b),144623.5,20201207
30,대전광역시,1,월요일,3,외국인(c),69.80000000000001,20201207
30,대전광역시,2,화요일,1,현지인(a),679759.5,20201208
30,대전광역시,2,화요일,2,외지인(b),144518.5,20201208
30,대전광역시,2,화요일,3,외국인(c),117.76,20201208
30,대전광역시,3,수요일,1,현지인(a),683214.0,20201209
30,대전광역시,3,수요일,2,외지인(b),147399.0,20201209
30,대전광역시,3,수요일,3,외국인(c),140.74,20201209
30,대전광역시,4,목요일,1,현지인(a),677134.5,20201210
30,대전광역시,4,목요일,2,외지인(b),151025.0,20201210
30,대전광역시,4,목요일,3,외국인(c),142.08999999999997,20201210
30,대전광역시,5,금요일,1,현지인(a),686238.0,20201211
30,대전광역시,5,금요일,2,외지인(b),170548.0,20201211
30,대전광역시,5,금요일,3,외국인(c),133.67999999999998,20201211
30,대전광역시,6,토요일,1,현지인(a),623213.5,20201212
30,대전광역시,6,토요일,2,외지인(b),209639.5,20201212
30,대전광역시,6,토요일,3,외국인(c),118.83999999999999,20201212
30,대전광역시,7,일요일,1,현지인(a),574381.5,20201213
30,대전광역시,7,일요일,2,외지인(b),165798.5,20201213
30,대전광역시,7,일요일,3,외국인(c),55.53999999999999,20201213
30,대전광역시,1,월요일,1,현지인(a),661286.5,20201214
30,대전광역시,1,월요일,2,외지인(b),151203.5,20201214
30,대전광역시,1,월요일,3,외국인(c),75.41999999999999,20201214
30,대전광역시,2,화요일,1,현지인(a),661713.5,20201215
30,대전광역시,2,화요일,2,외지인(b),151196.5,20201215
30,대전광역시,2,화요일,3,외국인(c),146.94,20201215
30,대전광역시,3,수요일,1,현지인(a),667145.5,20201216
30,대전광역시,3,수요일,2,외지인(b),154479.5,20201216
30,대전광역시,3,수요일,3,외국인(c),149.98999999999995,20201216
30,대전광역시,4,목요일,1,현지인(a),666477.0,20201217
30,대전광역시,4,목요일,2,외지인(b),159183.5,20201217
30,대전광역시,4,목요일,3,외국인(c),147.32000000000005,20201217
30,대전광역시,5,금요일,1,현지인(a),679241.5,20201218
30,대전광역시,5,금요일,2,외지인(b),182231.0,20201218
30,대전광역시,5,금요일,3,외국인(c),155.96000000000004,20201218
30,대전광역시,6,토요일,1,현지인(a),626888.5,20201219
30,대전광역시,6,토요일,2,외지인(b),216345.5,20201219
30,대전광역시,6,토요일,3,외국인(c),117.83,20201219
30,대전광역시,7,일요일,1,현지인(a),600754.0,20201220
30,대전광역시,7,일요일,2,외지인(b),183526.0,20201220
30,대전광역시,7,일요일,3,외국인(c),56.06,20201220
30,대전광역시,1,월요일,1,현지인(a),668734.5,20201221
30,대전광역시,1,월요일,2,외지인(b),164797.5,20201221
30,대전광역시,1,월요일,3,외국인(c),84.85999999999999,20201221
30,대전광역시,2,화요일,1,현지인(a),669147.5,20201222
30,대전광역시,2,화요일,2,외지인(b),165231.5,20201222
30,대전광역시,2,화요일,3,외국인(c),121.12,20201222
30,대전광역시,3,수요일,1,현지인(a),670316.5,20201223
30,대전광역시,3,수요일,2,외지인(b),170135.0,20201223
30,대전광역시,3,수요일,3,외국인(c),115.52,20201223
30,대전광역시,4,목요일,1,현지인(a),675258.5,20201224
30,대전광역시,4,목요일,2,외지인(b),189913.5,20201224
30,대전광역시,4,목요일,3,외국인(c),106.17,20201224
30,대전광역시,5,금요일,1,현지인(a),587023.5,20201225
30,대전광역시,5,금요일,2,외지인(b),201316.5,20201225
30,대전광역시,5,금요일,3,외국인(c),97.48999999999998,20201225
30,대전광역시,6,토요일,1,현지인(a),594832.0,20201226
30,대전광역시,6,토요일,2,외지인(b),217486.5,20201226
30,대전광역시,6,토요일,3,외국인(c),77.37,20201226
30,대전광역시,7,일요일,1,현지인(a),566849.5,20201227
30,대전광역시,7,일요일,2,외지인(b),185097.5,20201227
30,대전광역시,7,일요일,3,외국인(c),65.24,20201227
30,대전광역시,1,월요일,1,현지인(a),663386.5,20201228
30,대전광역시,1,월요일,2,외지인(b),178591.0,20201228
30,대전광역시,1,월요일,3,외국인(c),83.44,20201228
30,대전광역시,2,화요일,1,현지인(a),651224.0,20201229
30,대전광역시,2,화요일,2,외지인(b),174629.0,20201229
30,대전광역시,2,화요일,3,외국인(c),106.91999999999999,20201229
30,대전광역시,3,수요일,1,현지인(a),651357.0,20201230
30,대전광역시,3,수요일,2,외지인(b),174468.0,20201230
30,대전광역시,3,수요일,3,외국인(c),110.24,20201230
30,대전광역시,4,목요일,1,현지인(a),662168.5,20201231
30,대전광역시,4,목요일,2,외지인(b),205247.0,20201231
30,대전광역시,4,목요일,3,외국인(c),82.91,20201231
30,대전광역시,5,금요일,1,현지인(a),530663.0,20210101
30,대전광역시,5,금요일,2,외지인(b),155242.5,20210101
30,대전광역시,5,금요일,3,외국인(c),178.9,20210101
30,대전광역시,6,토요일,1,현지인(a),561900.5,20210102
30,대전광역시,6,토요일,2,외지인(b),183753.5,20210102
30,대전광역시,6,토요일,3,외국인(c),174.74000000000004,20210102
30,대전광역시,7,일요일,1,현지인(a),551253.5,20210103
30,대전광역시,7,일요일,2,외지인(b),150405.5,20210103
30,대전광역시,7,일요일,3,외국인(c),181.20000000000007,20210103
30,대전광역시,1,월요일,1,현지인(a),645081.5,20210104
30,대전광역시,1,월요일,2,외지인(b),128215.5,20210104
30,대전광역시,1,월요일,3,외국인(c),181.11000000000004,20210104
30,대전광역시,2,화요일,1,현지인(a),641508.0,20210105
30,대전광역시,2,화요일,2,외지인(b),127568.0,20210105
30,대전광역시,2,화요일,3,외국인(c),181.0400000000001,20210105
30,대전광역시,3,수요일,1,현지인(a),642824.0,20210106
30,대전광역시,3,수요일,2,외지인(b),129433.5,20210106
30,대전광역시,3,수요일,3,외국인(c),182.33999999999997,20210106
30,대전광역시,4,목요일,1,현지인(a),625670.5,20210107
30,대전광역시,4,목요일,2,외지인(b),112014.0,20210107
30,대전광역시,4,목요일,3,외국인(c),179.29999999999998,20210107
30,대전광역시,5,금요일,1,현지인(a),639026.5,20210108
30,대전광역시,5,금요일,2,외지인(b),135285.5,20210108
30,대전광역시,5,금요일,3,외국인(c),178.27000000000004,20210108
30,대전광역시,6,토요일,1,현지인(a),597471.0,20210109
30,대전광역시,6,토요일,2,외지인(b),174755.0,20210109
30,대전광역시,6,토요일,3,외국인(c),183.93000000000004,20210109
30,대전광역시,7,일요일,1,현지인(a),556979.5,20210110
30,대전광역시,7,일요일,2,외지인(b),144746.0,20210110
30,대전광역시,7,일요일,3,외국인(c),181.29999999999995,20210110
30,대전광역시,1,월요일,1,현지인(a),646079.0,20210111
30,대전광역시,1,월요일,2,외지인(b),139716.5,20210111
30,대전광역시,1,월요일,3,외국인(c),186.72999999999993,20210111
30,대전광역시,2,화요일,1,현지인(a),650436.5,20210112
30,대전광역시,2,화요일,2,외지인(b),144662.0,20210112
30,대전광역시,2,화요일,3,외국인(c),188.88000000000002,20210112
30,대전광역시,3,수요일,1,현지인(a),654594.5,20210113
30,대전광역시,3,수요일,2,외지인(b),146006.0,20210113
30,대전광역시,3,수요일,3,외국인(c),187.75999999999996,20210113
30,대전광역시,4,목요일,1,현지인(a),656414.5,20210114
30,대전광역시,4,목요일,2,외지인(b),154122.5,20210114
30,대전광역시,4,목요일,3,외국인(c),183.11999999999995,20210114
30,대전광역시,5,금요일,1,현지인(a),659008.0,20210115
30,대전광역시,5,금요일,2,외지인(b),170072.0,20210115
30,대전광역시,5,금요일,3,외국인(c),180.27999999999997,20210115
30,대전광역시,6,토요일,1,현지인(a),606431.0,20210116
30,대전광역시,6,토요일,2,외지인(b),210220.5,20210116
30,대전광역시,6,토요일,3,외국인(c),177.91,20210116
30,대전광역시,7,일요일,1,현지인(a),565827.5,20210117
30,대전광역시,7,일요일,2,외지인(b),173684.0,20210117
30,대전광역시,7,일요일,3,외국인(c),172.03,20210117
30,대전광역시,1,월요일,1,현지인(a),636394.5,20210118
30,대전광역시,1,월요일,2,외지인(b),139083.0,20210118
30,대전광역시,1,월요일,3,외국인(c),174.98,20210118
30,대전광역시,2,화요일,1,현지인(a),655644.5,20210119
30,대전광역시,2,화요일,2,외지인(b),158343.5,20210119
30,대전광역시,2,화요일,3,외국인(c),176.86000000000007,20210119
30,대전광역시,3,수요일,1,현지인(a),669746.0,20210120
30,대전광역시,3,수요일,2,외지인(b),166292.0,20210120
30,대전광역시,3,수요일,3,외국인(c),179.80000000000004,20210120
30,대전광역시,4,목요일,1,현지인(a),656901.0,20210121
30,대전광역시,4,목요일,2,외지인(b),166740.0,20210121
30,대전광역시,4,목요일,3,외국인(c),175.0,20210121
30,대전광역시,5,금요일,1,현지인(a),668395.0,20210122
30,대전광역시,5,금요일,2,외지인(b),185682.0,20210122
30,대전광역시,5,금요일,3,외국인(c),178.61999999999995,20210122
30,대전광역시,6,토요일,1,현지인(a),618583.0,20210123
30,대전광역시,6,토요일,2,외지인(b),229817.0,20210123
30,대전광역시,6,토요일,3,외국인(c),176.74999999999991,20210123
30,대전광역시,7,일요일,1,현지인(a),589858.5,20210124
30,대전광역시,7,일요일,2,외지인(b),196427.0,20210124
30,대전광역시,7,일요일,3,외국인(c),179.23,20210124
30,대전광역시,1,월요일,1,현지인(a),660807.0,20210125
30,대전광역시,1,월요일,2,외지인(b),168868.0,20210125
30,대전광역시,1,월요일,3,외국인(c),182.37,20210125
30,대전광역시,2,화요일,1,현지인(a),651087.5,20210126
30,대전광역시,2,화요일,2,외지인(b),165382.0,20210126
30,대전광역시,2,화요일,3,외국인(c),183.61,20210126
30,대전광역시,3,수요일,1,현지인(a),664919.5,20210127
30,대전광역시,3,수요일,2,외지인(b),172963.0,20210127
30,대전광역시,3,수요일,3,외국인(c),182.09,20210127
30,대전광역시,4,목요일,1,현지인(a),649348.0,20210128
30,대전광역시,4,목요일,2,외지인(b),163135.0,20210128
30,대전광역시,4,목요일,3,외국인(c),180.56,20210128
30,대전광역시,5,금요일,1,현지인(a),666610.0,20210129
30,대전광역시,5,금요일,2,외지인(b),184145.5,20210129
30,대전광역시,5,금요일,3,외국인(c),182.5,20210129
30,대전광역시,6,토요일,1,현지인(a),615191.5,20210130
30,대전광역시,6,토요일,2,외지인(b),226366.0,20210130
30,대전광역시,6,토요일,3,외국인(c),181.23000000000002,20210130
30,대전광역시,7,일요일,1,현지인(a),592693.5,20210131
30,대전광역시,7,일요일,2,외지인(b),201558.0,20210131
30,대전광역시,7,일요일,3,외국인(c),179.48999999999995,20210131
30,대전광역시,1,월요일,1,현지인(a),673141.0,20210201
30,대전광역시,1,월요일,2,외지인(b),125156.5,20210201
30,대전광역시,1,월요일,3,외국인(c),226.16999999999996,20210201
30,대전광역시,2,화요일,1,현지인(a),672343.0,20210202
30,대전광역시,2,화요일,2,외지인(b),131505.5,20210202
30,대전광역시,2,화요일,3,외국인(c),224.71,20210202
30,대전광역시,3,수요일,1,현지인(a),678643.0,20210203
30,대전광역시,3,수요일,2,외지인(b),134813.0,20210203
30,대전광역시,3,수요일,3,외국인(c),220.99999999999997,20210203
30,대전광역시,4,목요일,1,현지인(a),674159.5,20210204
30,대전광역시,4,목요일,2,외지인(b),134837.5,20210204
30,대전광역시,4,목요일,3,외국인(c),224.64000000000001,20210204
30,대전광역시,5,금요일,1,현지인(a),687977.5,20210205
30,대전광역시,5,금요일,2,외지인(b),158382.0,20210205
30,대전광역시,5,금요일,3,외국인(c),226.96999999999997,20210205
30,대전광역시,6,토요일,1,현지인(a),632905.0,20210206
30,대전광역시,6,토요일,2,외지인(b),207522.0,20210206
30,대전광역시,6,토요일,3,외국인(c),223.12999999999994,20210206
30,대전광역시,7,일요일,1,현지인(a),606154.5,20210207
30,대전광역시,7,일요일,2,외지인(b),173820.5,20210207
30,대전광역시,7,일요일,3,외국인(c),221.06999999999994,20210207
30,대전광역시,1,월요일,1,현지인(a),677236.0,20210208
30,대전광역시,1,월요일,2,외지인(b),151126.5,20210208
30,대전광역시,1,월요일,3,외국인(c),221.39,20210208
30,대전광역시,2,화요일,1,현지인(a),687543.5,20210209
30,대전광역시,2,화요일,2,외지인(b),159635.0,20210209
30,대전광역시,2,화요일,3,외국인(c),230.10999999999999,20210209
30,대전광역시,3,수요일,1,현지인(a),692709.5,20210210
30,대전광역시,3,수요일,2,외지인(b),191845.5,20210210
30,대전광역시,3,수요일,3,외국인(c),232.03999999999994,20210210
30,대전광역시,4,목요일,1,현지인(a),555054.5,20210211
30,대전광역시,4,목요일,2,외지인(b),242641.0,20210211
30,대전광역시,4,목요일,3,외국인(c),231.26999999999998,20210211
30,대전광역시,5,금요일,1,현지인(a),509379.5,20210212
30,대전광역시,5,금요일,2,외지인(b),276017.0,20210212
30,대전광역시,5,금요일,3,외국인(c),229.10999999999999,20210212
30,대전광역시,6,토요일,1,현지인(a),551243.0,20210213
30,대전광역시,6,토요일,2,외지인(b),256462.5,20210213
30,대전광역시,6,토요일,3,외국인(c),235.02999999999997,20210213
30,대전광역시,7,일요일,1,현지인(a),583887.5,20210214
30,대전광역시,7,일요일,2,외지인(b),190995.0,20210214
30,대전광역시,7,일요일,3,외국인(c),246.31,20210214
30,대전광역시,1,월요일,1,현지인(a),673641.5,20210215
30,대전광역시,1,월요일,2,외지인(b),164979.5,20210215
30,대전광역시,1,월요일,3,외국인(c),256.57,20210215
30,대전광역시,2,화요일,1,현지인(a),667810.5,20210216
30,대전광역시,2,화요일,2,외지인(b),159033.0,20210216
30,대전광역시,2,화요일,3,외국인(c),262.87000000000006,20210216
30,대전광역시,3,수요일,1,현지인(a),671069.0,20210217
30,대전광역시,3,수요일,2,외지인(b),163117.5,20210217
30,대전광역시,3,수요일,3,외국인(c),267.04,20210217
30,대전광역시,4,목요일,1,현지인(a),691649.0,20210218
30,대전광역시,4,목요일,2,외지인(b),171951.5,20210218
30,대전광역시,4,목요일,3,외국인(c),262.96000000000004,20210218
30,대전광역시,5,금요일,1,현지인(a),699230.0,20210219
30,대전광역시,5,금요일,2,외지인(b),197477.0,20210219
30,대전광역시,5,금요일,3,외국인(c),266.58,20210219
30,대전광역시,6,토요일,1,현지인(a),667975.0,20210220
30,대전광역시,6,토요일,2,외지인(b),255734.5,20210220
30,대전광역시,6,토요일,3,외국인(c),264.28,20210220
30,대전광역시,7,일요일,1,현지인(a),621995.5,20210221
30,대전광역시,7,일요일,2,외지인(b),221581.5,20210221
30,대전광역시,7,일요일,3,외국인(c),259.33,20210221
30,대전광역시,1,월요일,1,현지인(a),685972.0,20210222
30,대전광역시,1,월요일,2,외지인(b),185353.0,20210222
30,대전광역시,1,월요일,3,외국인(c),278.64,20210222
30,대전광역시,2,화요일,1,현지인(a),684554.5,20210223
30,대전광역시,2,화요일,2,외지인(b),186826.5,20210223
30,대전광역시,2,화요일,3,외국인(c),278.36,20210223
30,대전광역시,3,수요일,1,현지인(a),690907.0,20210224
30,대전광역시,3,수요일,2,외지인(b),192143.0,20210224
30,대전광역시,3,수요일,3,외국인(c),280.34999999999997,20210224
30,대전광역시,4,목요일,1,현지인(a),682612.0,20210225
30,대전광역시,4,목요일,2,외지인(b),193585.0,20210225
30,대전광역시,4,목요일,3,외국인(c),281.2900000000001,20210225
30,대전광역시,5,금요일,1,현지인(a),697214.0,20210226
30,대전광역시,5,금요일,2,외지인(b),220724.0,20210226
30,대전광역시,5,금요일,3,외국인(c),283.25000000000006,20210226
30,대전광역시,6,토요일,1,현지인(a),639884.0,20210227
30,대전광역시,6,토요일,2,외지인(b),290248.0,20210227
30,대전광역시,6,토요일,3,외국인(c),276.79,20210227
30,대전광역시,7,일요일,1,현지인(a),593369.0,20210228
30,대전광역시,7,일요일,2,외지인(b),282411.5,20210228
30,대전광역시,7,일요일,3,외국인(c),269.71999999999997,20210228
30,대전광역시,1,월요일,1,현지인(a),599298.0,20210301
30,대전광역시,1,월요일,2,외지인(b),189511.0,20210301
30,대전광역시,1,월요일,3,외국인(c),289.7299999999999,20210301
30,대전광역시,2,화요일,1,현지인(a),712432.0,20210302
30,대전광역시,2,화요일,2,외지인(b),170128.0,20210302
30,대전광역시,2,화요일,3,외국인(c),299.3,20210302
30,대전광역시,3,수요일,1,현지인(a),719127.5,20210303
30,대전광역시,3,수요일,2,외지인(b),178913.0,20210303
30,대전광역시,3,수요일,3,외국인(c),303.71999999999997,20210303
30,대전광역시,4,목요일,1,현지인(a),703104.5,20210304
30,대전광역시,4,목요일,2,외지인(b),182455.0,20210304
30,대전광역시,4,목요일,3,외국인(c),300.86000000000007,20210304
30,대전광역시,5,금요일,1,현지인(a),730929.5,20210305
30,대전광역시,5,금요일,2,외지인(b),202643.0,20210305
30,대전광역시,5,금요일,3,외국인(c),304.38000000000017,20210305
30,대전광역시,6,토요일,1,현지인(a),669459.0,20210306
30,대전광역시,6,토요일,2,외지인(b),249693.5,20210306
30,대전광역시,6,토요일,3,외국인(c),293.82,20210306
30,대전광역시,7,일요일,1,현지인(a),642362.0,20210307
30,대전광역시,7,일요일,2,외지인(b),222796.0,20210307
30,대전광역시,7,일요일,3,외국인(c),290.8399999999999,20210307
30,대전광역시,1,월요일,1,현지인(a),711889.5,20210308
30,대전광역시,1,월요일,2,외지인(b),187582.5,20210308
30,대전광역시,1,월요일,3,외국인(c),300.30000000000007,20210308
30,대전광역시,2,화요일,1,현지인(a),710251.5,20210309
30,대전광역시,2,화요일,2,외지인(b),190624.0,20210309
30,대전광역시,2,화요일,3,외국인(c),299.4900000000001,20210309
30,대전광역시,3,수요일,1,현지인(a),720986.0,20210310
30,대전광역시,3,수요일,2,외지인(b),197400.0,20210310
30,대전광역시,3,수요일,3,외국인(c),299.4099999999999,20210310
30,대전광역시,4,목요일,1,현지인(a),716233.0,20210311
30,대전광역시,4,목요일,2,외지인(b),200049.5,20210311
30,대전광역시,4,목요일,3,외국인(c),299.0000000000001,20210311
30,대전광역시,5,금요일,1,현지인(a),713058.5,20210312
30,대전광역시,5,금요일,2,외지인(b),216755.0,20210312
30,대전광역시,5,금요일,3,외국인(c),308.57,20210312
30,대전광역시,6,토요일,1,현지인(a),669987.5,20210313
30,대전광역시,6,토요일,2,외지인(b),272391.0,20210313
30,대전광역시,6,토요일,3,외국인(c),304.96999999999997,20210313
30,대전광역시,7,일요일,1,현지인(a),635680.5,20210314
30,대전광역시,7,일요일,2,외지인(b),235277.0,20210314
30,대전광역시,7,일요일,3,외국인(c),296.99,20210314
30,대전광역시,1,월요일,1,현지인(a),713384.0,20210315
30,대전광역시,1,월요일,2,외지인(b),200602.5,20210315
30,대전광역시,1,월요일,3,외국인(c),295.79,20210315
30,대전광역시,2,화요일,1,현지인(a),714038.5,20210316
30,대전광역시,2,화요일,2,외지인(b),203455.0,20210316
30,대전광역시,2,화요일,3,외국인(c),304.10999999999996,20210316
30,대전광역시,3,수요일,1,현지인(a),721633.5,20210317
30,대전광역시,3,수요일,2,외지인(b),208309.5,20210317
30,대전광역시,3,수요일,3,외국인(c),310.24999999999994,20210317
30,대전광역시,4,목요일,1,현지인(a),716873.5,20210318
30,대전광역시,4,목요일,2,외지인(b),213542.0,20210318
30,대전광역시,4,목요일,3,외국인(c),308.26000000000005,20210318
30,대전광역시,5,금요일,1,현지인(a),727377.0,20210319
30,대전광역시,5,금요일,2,외지인(b),233831.5,20210319
30,대전광역시,5,금요일,3,외국인(c),311.06,20210319
30,대전광역시,6,토요일,1,현지인(a),650611.5,20210320
30,대전광역시,6,토요일,2,외지인(b),278526.5,20210320
30,대전광역시,6,토요일,3,외국인(c),299.81999999999994,20210320
30,대전광역시,7,일요일,1,현지인(a),633325.0,20210321
30,대전광역시,7,일요일,2,외지인(b),249413.5,20210321
30,대전광역시,7,일요일,3,외국인(c),297.56,20210321
30,대전광역시,1,월요일,1,현지인(a),706947.5,20210322
30,대전광역시,1,월요일,2,외지인(b),211340.5,20210322
30,대전광역시,1,월요일,3,외국인(c),301.12000000000006,20210322
30,대전광역시,2,화요일,1,현지인(a),713191.5,20210323
30,대전광역시,2,화요일,2,외지인(b),214347.0,20210323
30,대전광역시,2,화요일,3,외국인(c),304.33,20210323
30,대전광역시,3,수요일,1,현지인(a),717318.0,20210324
30,대전광역시,3,수요일,2,외지인(b),217147.0,20210324
30,대전광역시,3,수요일,3,외국인(c),304.34999999999997,20210324
30,대전광역시,4,목요일,1,현지인(a),718508.0,20210325
30,대전광역시,4,목요일,2,외지인(b),222806.5,20210325
30,대전광역시,4,목요일,3,외국인(c),300.5100000000001,20210325
30,대전광역시,5,금요일,1,현지인(a),727744.5,20210326
30,대전광역시,5,금요일,2,외지인(b),244692.0,20210326
30,대전광역시,5,금요일,3,외국인(c),307.39000000000004,20210326
30,대전광역시,6,토요일,1,현지인(a),649677.0,20210327
30,대전광역시,6,토요일,2,외지인(b),288246.0,20210327
30,대전광역시,6,토요일,3,외국인(c),303.7100000000001,20210327
30,대전광역시,7,일요일,1,현지인(a),619776.5,20210328
30,대전광역시,7,일요일,2,외지인(b),246291.5,20210328
30,대전광역시,7,일요일,3,외국인(c),300.27000000000004,20210328
30,대전광역시,1,월요일,1,현지인(a),703692.5,20210329
30,대전광역시,1,월요일,2,외지인(b),215820.5,20210329
30,대전광역시,1,월요일,3,외국인(c),300.11999999999995,20210329
30,대전광역시,2,화요일,1,현지인(a),710150.0,20210330
30,대전광역시,2,화요일,2,외지인(b),220433.5,20210330
30,대전광역시,2,화요일,3,외국인(c),297.0399999999999,20210330
30,대전광역시,3,수요일,1,현지인(a),719915.0,20210331
30,대전광역시,3,수요일,2,외지인(b),222141.5,20210331
30,대전광역시,3,수요일,3,외국인(c),300.60999999999996,20210331
30,대전광역시,4,목요일,1,현지인(a),697245.5,20210401
30,대전광역시,4,목요일,2,외지인(b),129178.0,20210401
30,대전광역시,4,목요일,3,외국인(c),267.8699999999999,20210401
30,대전광역시,5,금요일,1,현지인(a),711809.0,20210402
30,대전광역시,5,금요일,2,외지인(b),162886.5,20210402
30,대전광역시,5,금요일,3,외국인(c),273.43,20210402
30,대전광역시,6,토요일,1,현지인(a),639460.5,20210403
30,대전광역시,6,토요일,2,외지인(b),220468.5,20210403
30,대전광역시,6,토요일,3,외국인(c),263.7299999999999,20210403
30,대전광역시,7,일요일,1,현지인(a),628827.5,20210404
30,대전광역시,7,일요일,2,외지인(b),189238.0,20210404
30,대전광역시,7,일요일,3,외국인(c),258.6499999999999,20210404
30,대전광역시,1,월요일,1,현지인(a),695012.5,20210405
30,대전광역시,1,월요일,2,외지인(b),139884.5,20210405
30,대전광역시,1,월요일,3,외국인(c),265.95,20210405
30,대전광역시,2,화요일,1,현지인(a),690224.5,20210406
30,대전광역시,2,화요일,2,외지인(b),134690.5,20210406
30,대전광역시,2,화요일,3,외국인(c),264.91,20210406
30,대전광역시,3,수요일,1,현지인(a),688502.5,20210407
30,대전광역시,3,수요일,2,외지인(b),135114.0,20210407
30,대전광역시,3,수요일,3,외국인(c),266.71000000000004,20210407
30,대전광역시,4,목요일,1,현지인(a),680183.0,20210408
30,대전광역시,4,목요일,2,외지인(b),138687.5,20210408
30,대전광역시,4,목요일,3,외국인(c),269.48999999999995,20210408
30,대전광역시,5,금요일,1,현지인(a),689482.5,20210409
30,대전광역시,5,금요일,2,외지인(b),165725.0,20210409
30,대전광역시,5,금요일,3,외국인(c),267.81999999999994,20210409
30,대전광역시,6,토요일,1,현지인(a),639544.5,20210410
30,대전광역시,6,토요일,2,외지인(b),232652.0,20210410
30,대전광역시,6,토요일,3,외국인(c),267.2499999999999,20210410
30,대전광역시,7,일요일,1,현지인(a),615433.0,20210411
30,대전광역시,7,일요일,2,외지인(b),192507.0,20210411
30,대전광역시,7,일요일,3,외국인(c),277.0799999999999,20210411
30,대전광역시,1,월요일,1,현지인(a),668829.0,20210412
30,대전광역시,1,월요일,2,외지인(b),139345.5,20210412
30,대전광역시,1,월요일,3,외국인(c),281.77999999999986,20210412
30,대전광역시,2,화요일,1,현지인(a),682003.0,20210413
30,대전광역시,2,화요일,2,외지인(b),141099.0,20210413
30,대전광역시,2,화요일,3,외국인(c),279.65,20210413
30,대전광역시,3,수요일,1,현지인(a),686553.0,20210414
30,대전광역시,3,수요일,2,외지인(b),144392.5,20210414
30,대전광역시,3,수요일,3,외국인(c),301.96000000000004,20210414
30,대전광역시,4,목요일,1,현지인(a),689482.5,20210415
30,대전광역시,4,목요일,2,외지인(b),147276.5,20210415
30,대전광역시,4,목요일,3,외국인(c),295.07000000000005,20210415
30,대전광역시,5,금요일,1,현지인(a),690315.5,20210416
30,대전광역시,5,금요일,2,외지인(b),172224.5,20210416
30,대전광역시,5,금요일,3,외국인(c),320.3,20210416
30,대전광역시,6,토요일,1,현지인(a),642708.5,20210417
30,대전광역시,6,토요일,2,외지인(b),231399.0,20210417
30,대전광역시,6,토요일,3,외국인(c),312.36,20210417
30,대전광역시,7,일요일,1,현지인(a),624575.0,20210418
30,대전광역시,7,일요일,2,외지인(b),199860.5,20210418
30,대전광역시,7,일요일,3,외국인(c),308.5699999999998,20210418
30,대전광역시,1,월요일,1,현지인(a),690245.5,20210419
30,대전광역시,1,월요일,2,외지인(b),153811.0,20210419
30,대전광역시,1,월요일,3,외국인(c),319.49,20210419
30,대전광역시,2,화요일,1,현지인(a),691292.0,20210420
30,대전광역시,2,화요일,2,외지인(b),155127.0,20210420
30,대전광역시,2,화요일,3,외국인(c),317.03999999999996,20210420
30,대전광역시,3,수요일,1,현지인(a),696349.5,20210421
30,대전광역시,3,수요일,2,외지인(b),157426.5,20210421
30,대전광역시,3,수요일,3,외국인(c),314.4700000000001,20210421
30,대전광역시,4,목요일,1,현지인(a),691278.0,20210422
30,대전광역시,4,목요일,2,외지인(b),161465.5,20210422
30,대전광역시,4,목요일,3,외국인(c),315.4200000000001,20210422
30,대전광역시,5,금요일,1,현지인(a),702201.5,20210423
30,대전광역시,5,금요일,2,외지인(b),186375.0,20210423
30,대전광역시,5,금요일,3,외국인(c),318.79000000000013,20210423
30,대전광역시,6,토요일,1,현지인(a),650779.5,20210424
30,대전광역시,6,토요일,2,외지인(b),248395.0,20210424
30,대전광역시,6,토요일,3,외국인(c),307.73,20210424
30,대전광역시,7,일요일,1,현지인(a),625779.0,20210425
30,대전광역시,7,일요일,2,외지인(b),209107.5,20210425
30,대전광역시,7,일요일,3,외국인(c),306.57000000000005,20210425
30,대전광역시,1,월요일,1,현지인(a),695975.0,20210426
30,대전광역시,1,월요일,2,외지인(b),164027.5,20210426
30,대전광역시,1,월요일,3,외국인(c),315.11000000000007,20210426
30,대전광역시,2,화요일,1,현지인(a),692251.0,20210427
30,대전광역시,2,화요일,2,외지인(b),163040.5,20210427
30,대전광역시,2,화요일,3,외국인(c),314.48,20210427
30,대전광역시,3,수요일,1,현지인(a),695443.0,20210428
30,대전광역시,3,수요일,2,외지인(b),167373.5,20210428
30,대전광역시,3,수요일,3,외국인(c),314.37000000000006,20210428
30,대전광역시,4,목요일,1,현지인(a),693924.0,20210429
30,대전광역시,4,목요일,2,외지인(b),170954.0,20210429
30,대전광역시,4,목요일,3,외국인(c),316.55999999999995,20210429
30,대전광역시,5,금요일,1,현지인(a),706541.5,20210430
30,대전광역시,5,금요일,2,외지인(b),201075.0,20210430
30,대전광역시,5,금요일,3,외국인(c),321.77,20210430
30,대전광역시,6,토요일,1,현지인(a),670929.0,20210501
30,대전광역시,6,토요일,2,외지인(b),233488.5,20210501
30,대전광역시,6,토요일,3,외국인(c),313.9400000000001,20210501
30,대전광역시,7,일요일,1,현지인(a),651812.0,20210502
30,대전광역시,7,일요일,2,외지인(b),203409.5,20210502
30,대전광역시,7,일요일,3,외국인(c),302.68,20210502
30,대전광역시,1,월요일,1,현지인(a),735539.0,20210503
30,대전광역시,1,월요일,2,외지인(b),146156.5,20210503
30,대전광역시,1,월요일,3,외국인(c),310.9400000000001,20210503
30,대전광역시,2,화요일,1,현지인(a),735308.0,20210504
30,대전광역시,2,화요일,2,외지인(b),158606.0,20210504
30,대전광역시,2,화요일,3,외국인(c),316.85,20210504
30,대전광역시,3,수요일,1,현지인(a),676375.0,20210505
30,대전광역시,3,수요일,2,외지인(b),190974.0,20210505
30,대전광역시,3,수요일,3,외국인(c),318.04,20210505
30,대전광역시,4,목요일,1,현지인(a),736701.0,20210506
30,대전광역시,4,목요일,2,외지인(b),157601.5,20210506
30,대전광역시,4,목요일,3,외국인(c),317.11999999999995,20210506
30,대전광역시,5,금요일,1,현지인(a),732126.5,20210507
30,대전광역시,5,금요일,2,외지인(b),189731.5,20210507
30,대전광역시,5,금요일,3,외국인(c),321.51,20210507
30,대전광역시,6,토요일,1,현지인(a),659515.5,20210508
30,대전광역시,6,토요일,2,외지인(b),275471.0,20210508
30,대전광역시,6,토요일,3,외국인(c),318.7899999999999,20210508
30,대전광역시,7,일요일,1,현지인(a),644409.5,20210509
30,대전광역시,7,일요일,2,외지인(b),233628.5,20210509
30,대전광역시,7,일요일,3,외국인(c),314.91,20210509
30,대전광역시,1,월요일,1,현지인(a),722974.0,20210510
30,대전광역시,1,월요일,2,외지인(b),150804.5,20210510
30,대전광역시,1,월요일,3,외국인(c),325.81999999999994,20210510
30,대전광역시,2,화요일,1,현지인(a),738066.0,20210511
30,대전광역시,2,화요일,2,외지인(b),153310.5,20210511
30,대전광역시,2,화요일,3,외국인(c),320.4099999999999,20210511
30,대전광역시,3,수요일,1,현지인(a),748142.5,20210512
30,대전광역시,3,수요일,2,외지인(b),158532.5,20210512
30,대전광역시,3,수요일,3,외국인(c),315.41,20210512
30,대전광역시,4,목요일,1,현지인(a),744306.5,20210513
30,대전광역시,4,목요일,2,외지인(b),161448.0,20210513
30,대전광역시,4,목요일,3,외국인(c),313.42,20210513
30,대전광역시,5,금요일,1,현지인(a),750340.5,20210514
30,대전광역시,5,금요일,2,외지인(b),188510.0,20210514
30,대전광역시,5,금요일,3,외국인(c),311.78000000000003,20210514
30,대전광역시,6,토요일,1,현지인(a),682510.5,20210515
30,대전광역시,6,토요일,2,외지인(b),249966.5,20210515
30,대전광역시,6,토요일,3,외국인(c),308.31000000000006,20210515
30,대전광역시,7,일요일,1,현지인(a),630819.0,20210516
30,대전광역시,7,일요일,2,외지인(b),200060.0,20210516
30,대전광역시,7,일요일,3,외국인(c),313.47,20210516
30,대전광역시,1,월요일,1,현지인(a),729165.5,20210517
30,대전광역시,1,월요일,2,외지인(b),159537.0,20210517
30,대전광역시,1,월요일,3,외국인(c),310.71000000000015,20210517
30,대전광역시,2,화요일,1,현지인(a),754215.0,20210518
30,대전광역시,2,화요일,2,외지인(b),181034.0,20210518
30,대전광역시,2,화요일,3,외국인(c),311.1500000000002,20210518
30,대전광역시,3,수요일,1,현지인(a),678881.0,20210519
30,대전광역시,3,수요일,2,외지인(b),200907.0,20210519
30,대전광역시,3,수요일,3,외국인(c),307.71,20210519
30,대전광역시,4,목요일,1,현지인(a),722529.5,20210520
30,대전광역시,4,목요일,2,외지인(b),166019.0,20210520
30,대전광역시,4,목요일,3,외국인(c),309.45000000000005,20210520
30,대전광역시,5,금요일,1,현지인(a),739431.0,20210521
30,대전광역시,5,금요일,2,외지인(b),189927.5,20210521
30,대전광역시,5,금요일,3,외국인(c),316.15000000000003,20210521
30,대전광역시,6,토요일,1,현지인(a),680816.5,20210522
30,대전광역시,6,토요일,2,외지인(b),263109.0,20210522
30,대전광역시,6,토요일,3,외국인(c),304.63,20210522
30,대전광역시,7,일요일,1,현지인(a),654580.5,20210523
30,대전광역시,7,일요일,2,외지인(b),221581.5,20210523
30,대전광역시,7,일요일,3,외국인(c),308.43,20210523
30,대전광역시,1,월요일,1,현지인(a),739844.0,20210524
30,대전광역시,1,월요일,2,외지인(b),169830.5,20210524
30,대전광역시,1,월요일,3,외국인(c),312.42999999999995,20210524
30,대전광역시,2,화요일,1,현지인(a),739522.0,20210525
30,대전광역시,2,화요일,2,외지인(b),168997.5,20210525
30,대전광역시,2,화요일,3,외국인(c),314.76,20210525
30,대전광역시,3,수요일,1,현지인(a),744114.0,20210526
30,대전광역시,3,수요일,2,외지인(b),171416.0,20210526
30,대전광역시,3,수요일,3,외국인(c),316.31000000000006,20210526
30,대전광역시,4,목요일,1,현지인(a),738041.5,20210527
30,대전광역시,4,목요일,2,외지인(b),173085.5,20210527
30,대전광역시,4,목요일,3,외국인(c),313.41,20210527
30,대전광역시,5,금요일,1,현지인(a),771109.5,20210528
30,대전광역시,5,금요일,2,외지인(b),198089.5,20210528
30,대전광역시,5,금요일,3,외국인(c),313.88999999999993,20210528
30,대전광역시,6,토요일,1,현지인(a),680582.0,20210529
30,대전광역시,6,토요일,2,외지인(b),273451.5,20210529
30,대전광역시,6,토요일,3,외국인(c),302.6,20210529
30,대전광역시,7,일요일,1,현지인(a),660516.5,20210530
30,대전광역시,7,일요일,2,외지인(b),235980.5,20210530
30,대전광역시,7,일요일,3,외국인(c),313.82,20210530
30,대전광역시,1,월요일,1,현지인(a),753816.0,20210531
30,대전광역시,1,월요일,2,외지인(b),176722.0,20210531
30,대전광역시,1,월요일,3,외국인(c),314.04999999999995,20210531
30,대전광역시,2,화요일,1,현지인(a),761131.0,20210601
30,대전광역시,2,화요일,2,외지인(b),133147.0,20210601
30,대전광역시,2,화요일,3,외국인(c),313.7999999999997,20210601
30,대전광역시,3,수요일,1,현지인(a),764015.0,20210602
30,대전광역시,3,수요일,2,외지인(b),137476.5,20210602
30,대전광역시,3,수요일,3,외국인(c),310.61999999999995,20210602
30,대전광역시,4,목요일,1,현지인(a),741604.5,20210603
30,대전광역시,4,목요일,2,외지인(b),137693.5,20210603
30,대전광역시,4,목요일,3,외국인(c),309.26000000000005,20210603
30,대전광역시,5,금요일,1,현지인(a),770486.5,20210604
30,대전광역시,5,금요일,2,외지인(b),170103.5,20210604
30,대전광역시,5,금요일,3,외국인(c),311.4899999999999,20210604
30,대전광역시,6,토요일,1,현지인(a),689759.0,20210605
30,대전광역시,6,토요일,2,외지인(b),235168.5,20210605
30,대전광역시,6,토요일,3,외국인(c),308.4999999999999,20210605
30,대전광역시,7,일요일,1,현지인(a),665906.5,20210606
30,대전광역시,7,일요일,2,외지인(b),196952.0,20210606
30,대전광역시,7,일요일,3,외국인(c),305.93000000000006,20210606
30,대전광역시,1,월요일,1,현지인(a),758933.0,20210607
30,대전광역시,1,월요일,2,외지인(b),146881.0,20210607
30,대전광역시,1,월요일,3,외국인(c),310.52,20210607
30,대전광역시,2,화요일,1,현지인(a),749252.0,20210608
30,대전광역시,2,화요일,2,외지인(b),150724.0,20210608
30,대전광역시,2,화요일,3,외국인(c),317.71999999999997,20210608
30,대전광역시,3,수요일,1,현지인(a),759349.5,20210609
30,대전광역시,3,수요일,2,외지인(b),153594.0,20210609
30,대전광역시,3,수요일,3,외국인(c),321.74999999999994,20210609
30,대전광역시,4,목요일,1,현지인(a),757211.0,20210610
30,대전광역시,4,목요일,2,외지인(b),158686.5,20210610
30,대전광역시,4,목요일,3,외국인(c),319.20999999999987,20210610
30,대전광역시,5,금요일,1,현지인(a),763892.5,20210611
30,대전광역시,5,금요일,2,외지인(b),180229.0,20210611
30,대전광역시,5,금요일,3,외국인(c),324.16999999999985,20210611
30,대전광역시,6,토요일,1,현지인(a),688135.0,20210612
30,대전광역시,6,토요일,2,외지인(b),240152.5,20210612
30,대전광역시,6,토요일,3,외국인(c),321.9499999999999,20210612
30,대전광역시,7,일요일,1,현지인(a),655361.0,20210613
30,대전광역시,7,일요일,2,외지인(b),197946.0,20210613
30,대전광역시,7,일요일,3,외국인(c),312.6999999999999,20210613
30,대전광역시,1,월요일,1,현지인(a),753392.5,20210614
30,대전광역시,1,월요일,2,외지인(b),161518.0,20210614
30,대전광역시,1,월요일,3,외국인(c),318.6800000000001,20210614
30,대전광역시,2,화요일,1,현지인(a),749280.0,20210615
30,대전광역시,2,화요일,2,외지인(b),164643.5,20210615
30,대전광역시,2,화요일,3,외국인(c),322.49,20210615
30,대전광역시,3,수요일,1,현지인(a),759776.5,20210616
30,대전광역시,3,수요일,2,외지인(b),168787.5,20210616
30,대전광역시,3,수요일,3,외국인(c),328.31,20210616
30,대전광역시,4,목요일,1,현지인(a),751355.5,20210617
30,대전광역시,4,목요일,2,외지인(b),173481.0,20210617
30,대전광역시,4,목요일,3,외국인(c),328.69999999999993,20210617
30,대전광역시,5,금요일,1,현지인(a),757456.0,20210618
30,대전광역시,5,금요일,2,외지인(b),195195.0,20210618
30,대전광역시,5,금요일,3,외국인(c),328.37000000000006,20210618
30,대전광역시,6,토요일,1,현지인(a),681320.5,20210619
30,대전광역시,6,토요일,2,외지인(b),260067.5,20210619
30,대전광역시,6,토요일,3,외국인(c),320.20999999999987,20210619
30,대전광역시,7,일요일,1,현지인(a),656530.0,20210620
30,대전광역시,7,일요일,2,외지인(b),218291.5,20210620
30,대전광역시,7,일요일,3,외국인(c),317.79999999999995,20210620
30,대전광역시,1,월요일,1,현지인(a),745087.0,20210621
30,대전광역시,1,월요일,2,외지인(b),172326.0,20210621
30,대전광역시,1,월요일,3,외국인(c),313.0199999999999,20210621
30,대전광역시,2,화요일,1,현지인(a),745363.5,20210622
30,대전광역시,2,화요일,2,외지인(b),175623.0,20210622
30,대전광역시,2,화요일,3,외국인(c),320.2799999999999,20210622
30,대전광역시,3,수요일,1,현지인(a),738479.0,20210623
30,대전광역시,3,수요일,2,외지인(b),175028.0,20210623
30,대전광역시,3,수요일,3,외국인(c),312.38,20210623
30,대전광역시,4,목요일,1,현지인(a),743078.0,20210624
30,대전광역시,4,목요일,2,외지인(b),179116.0,20210624
30,대전광역시,4,목요일,3,외국인(c),315.24999999999983,20210624
30,대전광역시,5,금요일,1,현지인(a),746742.5,20210625
30,대전광역시,5,금요일,2,외지인(b),203269.5,20210625
30,대전광역시,5,금요일,3,외국인(c),317.59,20210625
30,대전광역시,6,토요일,1,현지인(a),670687.5,20210626
30,대전광역시,6,토요일,2,외지인(b),254271.5,20210626
30,대전광역시,6,토요일,3,외국인(c),309.16999999999996,20210626
30,대전광역시,7,일요일,1,현지인(a),641515.0,20210627
30,대전광역시,7,일요일,2,외지인(b),214728.5,20210627
30,대전광역시,7,일요일,3,외국인(c),311.22999999999996,20210627
30,대전광역시,1,월요일,1,현지인(a),736834.0,20210628
30,대전광역시,1,월요일,2,외지인(b),178668.0,20210628
30,대전광역시,1,월요일,3,외국인(c),322.80999999999983,20210628
30,대전광역시,2,화요일,1,현지인(a),737072.0,20210629
30,대전광역시,2,화요일,2,외지인(b),181541.5,20210629
30,대전광역시,2,화요일,3,외국인(c),329.83999999999986,20210629
30,대전광역시,3,수요일,1,현지인(a),747554.5,20210630
30,대전광역시,3,수요일,2,외지인(b),183638.0,20210630
30,대전광역시,3,수요일,3,외국인(c),313.0799999999999,20210630
30,대전광역시,4,목요일,1,현지인(a),731759.0,20210701
30,대전광역시,4,목요일,2,외지인(b),140038.5,20210701
30,대전광역시,4,목요일,3,외국인(c),342.6099999999999,20210701
30,대전광역시,5,금요일,1,현지인(a),743176.0,20210702
30,대전광역시,5,금요일,2,외지인(b),174293.0,20210702
30,대전광역시,5,금요일,3,외국인(c),354.82000000000005,20210702
30,대전광역시,6,토요일,1,현지인(a),660922.5,20210703
30,대전광역시,6,토요일,2,외지인(b),226768.5,20210703
30,대전광역시,6,토요일,3,외국인(c),355.6100000000001,20210703
30,대전광역시,7,일요일,1,현지인(a),649057.5,20210704
30,대전광역시,7,일요일,2,외지인(b),195146.0,20210704
30,대전광역시,7,일요일,3,외국인(c),344.2299999999999,20210704
30,대전광역시,1,월요일,1,현지인(a),726453.0,20210705
30,대전광역시,1,월요일,2,외지인(b),149222.5,20210705
30,대전광역시,1,월요일,3,외국인(c),351.66999999999985,20210705
30,대전광역시,2,화요일,1,현지인(a),717930.5,20210706
30,대전광역시,2,화요일,2,외지인(b),148564.5,20210706
30,대전광역시,2,화요일,3,외국인(c),355.15000000000003,20210706
30,대전광역시,3,수요일,1,현지인(a),728339.5,20210707
30,대전광역시,3,수요일,2,외지인(b),150461.5,20210707
30,대전광역시,3,수요일,3,외국인(c),348.9999999999999,20210707
30,대전광역시,4,목요일,1,현지인(a),731486.0,20210708
30,대전광역시,4,목요일,2,외지인(b),154966.0,20210708
30,대전광역시,4,목요일,3,외국인(c),351.80999999999995,20210708
30,대전광역시,5,금요일,1,현지인(a),738832.5,20210709
30,대전광역시,5,금요일,2,외지인(b),179263.0,20210709
30,대전광역시,5,금요일,3,외국인(c),351.97999999999996,20210709
30,대전광역시,6,토요일,1,현지인(a),671009.5,20210710
30,대전광역시,6,토요일,2,외지인(b),228161.5,20210710
30,대전광역시,6,토요일,3,외국인(c),349.69000000000017,20210710
30,대전광역시,7,일요일,1,현지인(a),644133.0,20210711
30,대전광역시,7,일요일,2,외지인(b),192108.0,20210711
30,대전광역시,7,일요일,3,외국인(c),344.90000000000003,20210711
30,대전광역시,1,월요일,1,현지인(a),719652.5,20210712
30,대전광역시,1,월요일,2,외지인(b),156688.0,20210712
30,대전광역시,1,월요일,3,외국인(c),352.1400000000001,20210712
30,대전광역시,2,화요일,1,현지인(a),719180.0,20210713
30,대전광역시,2,화요일,2,외지인(b),157619.0,20210713
30,대전광역시,2,화요일,3,외국인(c),346.1500000000001,20210713
30,대전광역시,3,수요일,1,현지인(a),722879.5,20210714
30,대전광역시,3,수요일,2,외지인(b),156646.0,20210714
30,대전광역시,3,수요일,3,외국인(c),342.7,20210714
30,대전광역시,4,목요일,1,현지인(a),711956.0,20210715
30,대전광역시,4,목요일,2,외지인(b),160531.0,20210715
30,대전광역시,4,목요일,3,외국인(c),341.01000000000016,20210715
30,대전광역시,5,금요일,1,현지인(a),721182.0,20210716
30,대전광역시,5,금요일,2,외지인(b),185531.5,20210716
30,대전광역시,5,금요일,3,외국인(c),337.49,20210716
30,대전광역시,6,토요일,1,현지인(a),662431.0,20210717
30,대전광역시,6,토요일,2,외지인(b),228588.5,20210717
30,대전광역시,6,토요일,3,외국인(c),330.56,20210717
30,대전광역시,7,일요일,1,현지인(a),634529.0,20210718
30,대전광역시,7,일요일,2,외지인(b),199500.0,20210718
30,대전광역시,7,일요일,3,외국인(c),328.94,20210718
30,대전광역시,1,월요일,1,현지인(a),702432.5,20210719
30,대전광역시,1,월요일,2,외지인(b),165441.5,20210719
30,대전광역시,1,월요일,3,외국인(c),330.6999999999999,20210719
30,대전광역시,2,화요일,1,현지인(a),703472.0,20210720
30,대전광역시,2,화요일,2,외지인(b),163786.0,20210720
30,대전광역시,2,화요일,3,외국인(c),332.28000000000003,20210720
30,대전광역시,3,수요일,1,현지인(a),705243.0,20210721
30,대전광역시,3,수요일,2,외지인(b),166383.0,20210721
30,대전광역시,3,수요일,3,외국인(c),336.75,20210721
30,대전광역시,4,목요일,1,현지인(a),692454.0,20210722
30,대전광역시,4,목요일,2,외지인(b),166831.0,20210722
30,대전광역시,4,목요일,3,외국인(c),336.09999999999985,20210722
30,대전광역시,5,금요일,1,현지인(a),702551.5,20210723
30,대전광역시,5,금요일,2,외지인(b),189728.0,20210723
30,대전광역시,5,금요일,3,외국인(c),342.5199999999999,20210723
30,대전광역시,6,토요일,1,현지인(a),649358.5,20210724
30,대전광역시,6,토요일,2,외지인(b),224707.0,20210724
30,대전광역시,6,토요일,3,외국인(c),338.76999999999987,20210724
30,대전광역시,7,일요일,1,현지인(a),615191.5,20210725
30,대전광역시,7,일요일,2,외지인(b),193343.5,20210725
30,대전광역시,7,일요일,3,외국인(c),330.7600000000001,20210725
30,대전광역시,1,월요일,1,현지인(a),687617.0,20210726
30,대전광역시,1,월요일,2,외지인(b),176417.5,20210726
30,대전광역시,1,월요일,3,외국인(c),336.36000000000007,20210726
30,대전광역시,2,화요일,1,현지인(a),670603.5,20210727
30,대전광역시,2,화요일,2,외지인(b),170436.0,20210727
30,대전광역시,2,화요일,3,외국인(c),334.5,20210727
30,대전광역시,3,수요일,1,현지인(a),670481.0,20210728
30,대전광역시,3,수요일,2,외지인(b),171192.0,20210728
30,대전광역시,3,수요일,3,외국인(c),335.3500000000001,20210728
30,대전광역시,4,목요일,1,현지인(a),664905.5,20210729
30,대전광역시,4,목요일,2,외지인(b),175759.5,20210729
30,대전광역시,4,목요일,3,외국인(c),332.60000000000014,20210729
30,대전광역시,5,금요일,1,현지인(a),670617.5,20210730
30,대전광역시,5,금요일,2,외지인(b),197176.0,20210730
30,대전광역시,5,금요일,3,외국인(c),334.04000000000013,20210730
30,대전광역시,6,토요일,1,현지인(a),614995.5,20210731
30,대전광역시,6,토요일,2,외지인(b),223034.0,20210731
30,대전광역시,6,토요일,3,외국인(c),333.17,20210731
30,대전광역시,7,일요일,1,현지인(a),579110.0,20210801
30,대전광역시,7,일요일,2,외지인(b),150741.5,20210801
30,대전광역시,7,일요일,3,외국인(c),410.23,20210801
30,대전광역시,1,월요일,1,현지인(a),656645.5,20210802
30,대전광역시,1,월요일,2,외지인(b),140745.5,20210802
30,대전광역시,1,월요일,3,외국인(c),428.85000000000014,20210802
30,대전광역시,2,화요일,1,현지인(a),670785.5,20210803
30,대전광역시,2,화요일,2,외지인(b),142513.0,20210803
30,대전광역시,2,화요일,3,외국인(c),430.23000000000036,20210803
30,대전광역시,3,수요일,1,현지인(a),669035.5,20210804
30,대전광역시,3,수요일,2,외지인(b),139762.0,20210804
30,대전광역시,3,수요일,3,외국인(c),422.48000000000013,20210804
30,대전광역시,4,목요일,1,현지인(a),667534.0,20210805
30,대전광역시,4,목요일,2,외지인(b),140570.5,20210805
30,대전광역시,4,목요일,3,외국인(c),426.27,20210805
30,대전광역시,5,금요일,1,현지인(a),667285.5,20210806
30,대전광역시,5,금요일,2,외지인(b),154448.0,20210806
30,대전광역시,5,금요일,3,외국인(c),423.3999999999998,20210806
30,대전광역시,6,토요일,1,현지인(a),619454.5,20210807
30,대전광역시,6,토요일,2,외지인(b),182623.0,20210807
30,대전광역시,6,토요일,3,외국인(c),427.2100000000001,20210807
30,대전광역시,7,일요일,1,현지인(a),592039.0,20210808
30,대전광역시,7,일요일,2,외지인(b),153030.5,20210808
30,대전광역시,7,일요일,3,외국인(c),425.5699999999998,20210808
30,대전광역시,1,월요일,1,현지인(a),685681.5,20210809
30,대전광역시,1,월요일,2,외지인(b),142404.5,20210809
30,대전광역시,1,월요일,3,외국인(c),438.34,20210809
30,대전광역시,2,화요일,1,현지인(a),689146.5,20210810
30,대전광역시,2,화요일,2,외지인(b),142653.0,20210810
30,대전광역시,2,화요일,3,외국인(c),432.32000000000016,20210810
30,대전광역시,3,수요일,1,현지인(a),689944.5,20210811
30,대전광역시,3,수요일,2,외지인(b),147805.0,20210811
30,대전광역시,3,수요일,3,외국인(c),442.39000000000027,20210811
30,대전광역시,4,목요일,1,현지인(a),684390.0,20210812
30,대전광역시,4,목요일,2,외지인(b),150146.5,20210812
30,대전광역시,4,목요일,3,외국인(c),457.3400000000001,20210812
30,대전광역시,5,금요일,1,현지인(a),687536.5,20210813
30,대전광역시,5,금요일,2,외지인(b),170450.0,20210813
30,대전광역시,5,금요일,3,외국인(c),456.7699999999999,20210813
30,대전광역시,6,토요일,1,현지인(a),624543.5,20210814
30,대전광역시,6,토요일,2,외지인(b),207893.0,20210814
30,대전광역시,6,토요일,3,외국인(c),445.68000000000006,20210814
30,대전광역시,7,일요일,1,현지인(a),586407.5,20210815
30,대전광역시,7,일요일,2,외지인(b),193662.0,20210815
30,대전광역시,7,일요일,3,외국인(c),445.47,20210815
30,대전광역시,1,월요일,1,현지인(a),631995.0,20210816
30,대전광역시,1,월요일,2,외지인(b),177149.0,20210816
30,대전광역시,1,월요일,3,외국인(c),452.64,20210816
30,대전광역시,2,화요일,1,현지인(a),692359.5,20210817
30,대전광역시,2,화요일,2,외지인(b),154388.5,20210817
30,대전광역시,2,화요일,3,외국인(c),453.8000000000001,20210817
30,대전광역시,3,수요일,1,현지인(a),696080.0,20210818
30,대전광역시,3,수요일,2,외지인(b),155690.5,20210818
30,대전광역시,3,수요일,3,외국인(c),431.03999999999996,20210818
30,대전광역시,4,목요일,1,현지인(a),692762.0,20210819
30,대전광역시,4,목요일,2,외지인(b),158025.0,20210819
30,대전광역시,4,목요일,3,외국인(c),447.69000000000017,20210819
30,대전광역시,5,금요일,1,현지인(a),705068.0,20210820
30,대전광역시,5,금요일,2,외지인(b),175416.5,20210820
30,대전광역시,5,금요일,3,외국인(c),463.3800000000001,20210820
30,대전광역시,6,토요일,1,현지인(a),628761.0,20210821
30,대전광역시,6,토요일,2,외지인(b),198954.0,20210821
30,대전광역시,6,토요일,3,외국인(c),462.3499999999999,20210821
30,대전광역시,7,일요일,1,현지인(a),615524.0,20210822
30,대전광역시,7,일요일,2,외지인(b),182570.5,20210822
30,대전광역시,7,일요일,3,외국인(c),453.71000000000004,20210822
30,대전광역시,1,월요일,1,현지인(a),688649.5,20210823
30,대전광역시,1,월요일,2,외지인(b),161136.5,20210823
30,대전광역시,1,월요일,3,외국인(c),463.1100000000001,20210823
30,대전광역시,2,화요일,1,현지인(a),700966.0,20210824
30,대전광역시,2,화요일,2,외지인(b),163205.0,20210824
30,대전광역시,2,화요일,3,외국인(c),471.25,20210824
30,대전광역시,3,수요일,1,현지인(a),704098.5,20210825
30,대전광역시,3,수요일,2,외지인(b),169452.5,20210825
30,대전광역시,3,수요일,3,외국인(c),467.76000000000005,20210825
30,대전광역시,4,목요일,1,현지인(a),716859.5,20210826
30,대전광역시,4,목요일,2,외지인(b),174177.5,20210826
30,대전광역시,4,목요일,3,외국인(c),461.66,20210826
30,대전광역시,5,금요일,1,현지인(a),706947.5,20210827
30,대전광역시,5,금요일,2,외지인(b),189451.5,20210827
30,대전광역시,5,금요일,3,외국인(c),464.44000000000005,20210827
30,대전광역시,6,토요일,1,현지인(a),652519.0,20210828
30,대전광역시,6,토요일,2,외지인(b),243827.5,20210828
30,대전광역시,6,토요일,3,외국인(c),458.1999999999999,20210828
30,대전광역시,7,일요일,1,현지인(a),625173.5,20210829
30,대전광역시,7,일요일,2,외지인(b),218330.0,20210829
30,대전광역시,7,일요일,3,외국인(c),456.49000000000007,20210829
30,대전광역시,1,월요일,1,현지인(a),716600.5,20210830
30,대전광역시,1,월요일,2,외지인(b),184159.5,20210830
30,대전광역시,1,월요일,3,외국인(c),470.8800000000001,20210830
30,대전광역시,2,화요일,1,현지인(a),715974.0,20210831
30,대전광역시,2,화요일,2,외지인(b),183197.0,20210831
30,대전광역시,2,화요일,3,외국인(c),462.4900000000001,20210831
30,대전광역시,3,수요일,1,현지인(a),722575.0,20210901
30,대전광역시,3,수요일,2,외지인(b),139863.5,20210901
30,대전광역시,3,수요일,3,외국인(c),454.37999999999977,20210901
30,대전광역시,4,목요일,1,현지인(a),727713.0,20210902
30,대전광역시,4,목요일,2,외지인(b),150314.5,20210902
30,대전광역시,4,목요일,3,외국인(c),452.66999999999996,20210902
30,대전광역시,5,금요일,1,현지인(a),739403.0,20210903
30,대전광역시,5,금요일,2,외지인(b),177065.0,20210903
30,대전광역시,5,금요일,3,외국인(c),457.98,20210903
30,대전광역시,6,토요일,1,현지인(a),665297.5,20210904
30,대전광역시,6,토요일,2,외지인(b),236330.5,20210904
30,대전광역시,6,토요일,3,외국인(c),450.03999999999996,20210904
30,대전광역시,7,일요일,1,현지인(a),636436.5,20210905
30,대전광역시,7,일요일,2,외지인(b),204431.5,20210905
30,대전광역시,7,일요일,3,외국인(c),442.35000000000014,20210905
30,대전광역시,1,월요일,1,현지인(a),724178.0,20210906
30,대전광역시,1,월요일,2,외지인(b),161269.5,20210906
30,대전광역시,1,월요일,3,외국인(c),455.01000000000016,20210906
30,대전광역시,2,화요일,1,현지인(a),726656.0,20210907
30,대전광역시,2,화요일,2,외지인(b),160615.0,20210907
30,대전광역시,2,화요일,3,외국인(c),459.34999999999997,20210907
30,대전광역시,3,수요일,1,현지인(a),742644.0,20210908
30,대전광역시,3,수요일,2,외지인(b),170201.5,20210908
30,대전광역시,3,수요일,3,외국인(c),466.87000000000006,20210908
30,대전광역시,4,목요일,1,현지인(a),737898.0,20210909
30,대전광역시,4,목요일,2,외지인(b),175885.5,20210909
30,대전광역시,4,목요일,3,외국인(c),470.1200000000001,20210909
30,대전광역시,5,금요일,1,현지인(a),745773.0,20210910
30,대전광역시,5,금요일,2,외지인(b),192587.5,20210910
30,대전광역시,5,금요일,3,외국인(c),456.1000000000002,20210910
30,대전광역시,6,토요일,1,현지인(a),673911.0,20210911
30,대전광역시,6,토요일,2,외지인(b),254054.5,20210911
30,대전광역시,6,토요일,3,외국인(c),441.9599999999999,20210911
30,대전광역시,7,일요일,1,현지인(a),645032.5,20210912
30,대전광역시,7,일요일,2,외지인(b),222022.5,20210912
30,대전광역시,7,일요일,3,외국인(c),442.71999999999997,20210912
30,대전광역시,1,월요일,1,현지인(a),740946.5,20210913
30,대전광역시,1,월요일,2,외지인(b),182010.5,20210913
30,대전광역시,1,월요일,3,외국인(c),449.46999999999997,20210913
30,대전광역시,2,화요일,1,현지인(a),739182.5,20210914
30,대전광역시,2,화요일,2,외지인(b),184978.5,20210914
30,대전광역시,2,화요일,3,외국인(c),451.6799999999999,20210914
30,대전광역시,3,수요일,1,현지인(a),746326.0,20210915
30,대전광역시,3,수요일,2,외지인(b),189497.0,20210915
30,대전광역시,3,수요일,3,외국인(c),449.95999999999987,20210915
30,대전광역시,4,목요일,1,현지인(a),744698.5,20210916
30,대전광역시,4,목요일,2,외지인(b),194610.5,20210916
30,대전광역시,4,목요일,3,외국인(c),442.7200000000001,20210916
30,대전광역시,5,금요일,1,현지인(a),750883.0,20210917
30,대전광역시,5,금요일,2,외지인(b),210273.0,20210917
30,대전광역시,5,금요일,3,외국인(c),457.42999999999995,20210917
30,대전광역시,6,토요일,1,현지인(a),666578.5,20210918
30,대전광역시,6,토요일,2,외지인(b),266185.5,20210918
30,대전광역시,6,토요일,3,외국인(c),456.22999999999996,20210918
30,대전광역시,7,일요일,1,현지인(a),604502.5,20210919
30,대전광역시,7,일요일,2,외지인(b),295428.0,20210919
30,대전광역시,7,일요일,3,외국인(c),437.63000000000005,20210919
30,대전광역시,1,월요일,1,현지인(a),534898.0,20210920
30,대전광역시,1,월요일,2,외지인(b),319182.5,20210920
30,대전광역시,1,월요일,3,외국인(c),422.94000000000005,20210920
30,대전광역시,2,화요일,1,현지인(a),530001.5,20210921
30,대전광역시,2,화요일,2,외지인(b),344491.0,20210921
30,대전광역시,2,화요일,3,외국인(c),420.38000000000017,20210921
30,대전광역시,3,수요일,1,현지인(a),606959.5,20210922
30,대전광역시,3,수요일,2,외지인(b),255731.0,20210922
30,대전광역시,3,수요일,3,외국인(c),439.62,20210922
30,대전광역시,4,목요일,1,현지인(a),729060.5,20210923
30,대전광역시,4,목요일,2,외지인(b),197998.5,20210923
30,대전광역시,4,목요일,3,외국인(c),451.92000000000013,20210923
30,대전광역시,5,금요일,1,현지인(a),741730.5,20210924
30,대전광역시,5,금요일,2,외지인(b),204704.5,20210924
30,대전광역시,5,금요일,3,외국인(c),452.71000000000015,20210924
30,대전광역시,6,토요일,1,현지인(a),671905.5,20210925
30,대전광역시,6,토요일,2,외지인(b),243092.5,20210925
30,대전광역시,6,토요일,3,외국인(c),447.85999999999996,20210925
30,대전광역시,7,일요일,1,현지인(a),640755.5,20210926
30,대전광역시,7,일요일,2,외지인(b),214476.5,20210926
30,대전광역시,7,일요일,3,외국인(c),444.07000000000005,20210926
30,대전광역시,1,월요일,1,현지인(a),736624.0,20210927
30,대전광역시,1,월요일,2,외지인(b),193081.0,20210927
30,대전광역시,1,월요일,3,외국인(c),446.65000000000003,20210927
30,대전광역시,2,화요일,1,현지인(a),731598.0,20210928
30,대전광역시,2,화요일,2,외지인(b),197277.5,20210928
30,대전광역시,2,화요일,3,외국인(c),451.4100000000001,20210928
30,대전광역시,3,수요일,1,현지인(a),722211.0,20210929
30,대전광역시,3,수요일,2,외지인(b),193987.5,20210929
30,대전광역시,3,수요일,3,외국인(c),447.97999999999996,20210929
30,대전광역시,4,목요일,1,현지인(a),743060.5,20210930
30,대전광역시,4,목요일,2,외지인(b),202454.0,20210930
30,대전광역시,4,목요일,3,외국인(c),446.50999999999993,20210930
30,대전광역시,5,금요일,1,현지인(a),748258.0,20211001
30,대전광역시,5,금요일,2,외지인(b),158000.5,20211001
30,대전광역시,5,금요일,3,외국인(c),459.28000000000014,20211001
30,대전광역시,6,토요일,1,현지인(a),677691.0,20211002
30,대전광역시,6,토요일,2,외지인(b),228721.5,20211002
30,대전광역시,6,토요일,3,외국인(c),457.59999999999997,20211002
30,대전광역시,7,일요일,1,현지인(a),642215.0,20211003
30,대전광역시,7,일요일,2,외지인(b),212992.5,20211003
30,대전광역시,7,일요일,3,외국인(c),435.61,20211003
30,대전광역시,1,월요일,1,현지인(a),673344.0,20211004
30,대전광역시,1,월요일,2,외지인(b),175392.0,20211004
30,대전광역시,1,월요일,3,외국인(c),399.48999999999995,20211004
30,대전광역시,2,화요일,1,현지인(a),741534.5,20211005
30,대전광역시,2,화요일,2,외지인(b),150087.0,20211005
30,대전광역시,2,화요일,3,외국인(c),448.89999999999986,20211005
30,대전광역시,3,수요일,1,현지인(a),739312.0,20211006
30,대전광역시,3,수요일,2,외지인(b),152855.5,20211006
30,대전광역시,3,수요일,3,외국인(c),398.23,20211006
30,대전광역시,4,목요일,1,현지인(a),732333.0,20211007
30,대전광역시,4,목요일,2,외지인(b),157069.5,20211007
30,대전광역시,4,목요일,3,외국인(c),416.22,20211007
30,대전광역시,5,금요일,1,현지인(a),744646.0,20211008
30,대전광역시,5,금요일,2,외지인(b),182108.5,20211008
30,대전광역시,5,금요일,3,외국인(c),456.9200000000001,20211008
30,대전광역시,6,토요일,1,현지인(a),655896.5,20211009
30,대전광역시,6,토요일,2,외지인(b),251867.0,20211009
30,대전광역시,6,토요일,3,외국인(c),456.6999999999999,20211009
30,대전광역시,7,일요일,1,현지인(a),629870.5,20211010
30,대전광역시,7,일요일,2,외지인(b),229736.5,20211010
30,대전광역시,7,일요일,3,외국인(c),443.1200000000001,20211010
30,대전광역시,1,월요일,1,현지인(a),661619.0,20211011
30,대전광역시,1,월요일,2,외지인(b),190995.0,20211011
30,대전광역시,1,월요일,3,외국인(c),420.61,20211011
30,대전광역시,2,화요일,1,현지인(a),725525.5,20211012
30,대전광역시,2,화요일,2,외지인(b),157318.0,20211012
30,대전광역시,2,화요일,3,외국인(c),496.25,20211012
30,대전광역시,3,수요일,1,현지인(a),739945.5,20211013
30,대전광역시,3,수요일,2,외지인(b),162557.5,20211013
30,대전광역시,3,수요일,3,외국인(c),494.9200000000002,20211013
30,대전광역시,4,목요일,1,현지인(a),735563.5,20211014
30,대전광역시,4,목요일,2,외지인(b),166313.0,20211014
30,대전광역시,4,목요일,3,외국인(c),506.1900000000001,20211014
30,대전광역시,5,금요일,1,현지인(a),735269.5,20211015
30,대전광역시,5,금요일,2,외지인(b),185311.0,20211015
30,대전광역시,5,금요일,3,외국인(c),488.73,20211015
30,대전광역시,6,토요일,1,현지인(a),673932.0,20211016
30,대전광역시,6,토요일,2,외지인(b),247149.0,20211016
30,대전광역시,6,토요일,3,외국인(c),511.02999999999986,20211016
30,대전광역시,7,일요일,1,현지인(a),648403.0,20211017
30,대전광역시,7,일요일,2,외지인(b),212506.0,20211017
30,대전광역시,7,일요일,3,외국인(c),526.64,20211017
30,대전광역시,1,월요일,1,현지인(a),733390.0,20211018
30,대전광역시,1,월요일,2,외지인(b),169963.5,20211018
30,대전광역시,1,월요일,3,외국인(c),562.08,20211018
30,대전광역시,2,화요일,1,현지인(a),728059.5,20211019
30,대전광역시,2,화요일,2,외지인(b),171923.5,20211019
30,대전광역시,2,화요일,3,외국인(c),552.0299999999999,20211019
30,대전광역시,3,수요일,1,현지인(a),738398.5,20211020
30,대전광역시,3,수요일,2,외지인(b),177618.0,20211020
30,대전광역시,3,수요일,3,외국인(c),536.24,20211020
30,대전광역시,4,목요일,1,현지인(a),732193.0,20211021
30,대전광역시,4,목요일,2,외지인(b),182063.0,20211021
30,대전광역시,4,목요일,3,외국인(c),512.75,20211021
30,대전광역시,5,금요일,1,현지인(a),741643.0,20211022
30,대전광역시,5,금요일,2,외지인(b),207053.0,20211022
30,대전광역시,5,금요일,3,외국인(c),537.2299999999998,20211022
30,대전광역시,6,토요일,1,현지인(a),677897.5,20211023
30,대전광역시,6,토요일,2,외지인(b),273199.5,20211023
30,대전광역시,6,토요일,3,외국인(c),464.83,20211023
30,대전광역시,7,일요일,1,현지인(a),648413.5,20211024
30,대전광역시,7,일요일,2,외지인(b),232022.0,20211024
30,대전광역시,7,일요일,3,외국인(c),420.36999999999983,20211024
30,대전광역시,1,월요일,1,현지인(a),735007.0,20211025
30,대전광역시,1,월요일,2,외지인(b),186896.5,20211025
30,대전광역시,1,월요일,3,외국인(c),545.1899999999999,20211025
30,대전광역시,2,화요일,1,현지인(a),734244.0,20211026
30,대전광역시,2,화요일,2,외지인(b),186746.0,20211026
30,대전광역시,2,화요일,3,외국인(c),526.5299999999997,20211026
30,대전광역시,3,수요일,1,현지인(a),736400.0,20211027
30,대전광역시,3,수요일,2,외지인(b),189297.5,20211027
30,대전광역시,3,수요일,3,외국인(c),576.0900000000001,20211027
30,대전광역시,4,목요일,1,현지인(a),733369.0,20211028
30,대전광역시,4,목요일,2,외지인(b),194936.0,20211028
30,대전광역시,4,목요일,3,외국인(c),499.39000000000016,20211028
30,대전광역시,5,금요일,1,현지인(a),743274.0,20211029
30,대전광역시,5,금요일,2,외지인(b),215589.5,20211029
30,대전광역시,5,금요일,3,외국인(c),482.86999999999995,20211029
30,대전광역시,6,토요일,1,현지인(a),675969.0,20211030
30,대전광역시,6,토요일,2,외지인(b),284161.5,20211030
30,대전광역시,6,토요일,3,외국인(c),466.91999999999996,20211030
30,대전광역시,7,일요일,1,현지인(a),656425.0,20211031
30,대전광역시,7,일요일,2,외지인(b),246809.5,20211031
30,대전광역시,7,일요일,3,외국인(c),459.11999999999983,20211031
30,대전광역시,1,월요일,1,현지인(a),756077.0,20211101
30,대전광역시,1,월요일,2,외지인(b),142093.0,20211101
30,대전광역시,1,월요일,3,외국인(c),353.52999999999986,20211101
30,대전광역시,2,화요일,1,현지인(a),759612.0,20211102
30,대전광역시,2,화요일,2,외지인(b),145915.0,20211102
30,대전광역시,2,화요일,3,외국인(c),356.5199999999999,20211102
30,대전광역시,3,수요일,1,현지인(a),762888.0,20211103
30,대전광역시,3,수요일,2,외지인(b),150577.0,20211103
30,대전광역시,3,수요일,3,외국인(c),337.95000000000005,20211103
30,대전광역시,4,목요일,1,현지인(a),758593.5,20211104
30,대전광역시,4,목요일,2,외지인(b),156369.5,20211104
30,대전광역시,4,목요일,3,외국인(c),332.8299999999999,20211104
30,대전광역시,5,금요일,1,현지인(a),765068.5,20211105
30,대전광역시,5,금요일,2,외지인(b),183550.5,20211105
30,대전광역시,5,금요일,3,외국인(c),337.51000000000005,20211105
30,대전광역시,6,토요일,1,현지인(a),689703.0,20211106
30,대전광역시,6,토요일,2,외지인(b),261478.0,20211106
30,대전광역시,6,토요일,3,외국인(c),332.7600000000001,20211106
30,대전광역시,7,일요일,1,현지인(a),669392.5,20211107
30,대전광역시,7,일요일,2,외지인(b),227486.0,20211107
30,대전광역시,7,일요일,3,외국인(c),346.32000000000005,20211107
30,대전광역시,1,월요일,1,현지인(a),742150.5,20211108
30,대전광역시,1,월요일,2,외지인(b),155092.0,20211108
30,대전광역시,1,월요일,3,외국인(c),347.97999999999996,20211108
30,대전광역시,2,화요일,1,현지인(a),751068.5,20211109
30,대전광역시,2,화요일,2,외지인(b),159075.0,20211109
30,대전광역시,2,화요일,3,외국인(c),338.0000000000001,20211109
30,대전광역시,3,수요일,1,현지인(a),753781.0,20211110
30,대전광역시,3,수요일,2,외지인(b),163233.0,20211110
30,대전광역시,3,수요일,3,외국인(c),342.7299999999999,20211110
30,대전광역시,4,목요일,1,현지인(a),749252.0,20211111
30,대전광역시,4,목요일,2,외지인(b),170590.0,20211111
30,대전광역시,4,목요일,3,외국인(c),355.0700000000001,20211111
30,대전광역시,5,금요일,1,현지인(a),751422.0,20211112
30,대전광역시,5,금요일,2,외지인(b),197116.5,20211112
30,대전광역시,5,금요일,3,외국인(c),358.04,20211112
30,대전광역시,6,토요일,1,현지인(a),680855.0,20211113
30,대전광역시,6,토요일,2,외지인(b),270406.5,20211113
30,대전광역시,6,토요일,3,외국인(c),362.63,20211113
30,대전광역시,7,일요일,1,현지인(a),659918.0,20211114
30,대전광역시,7,일요일,2,외지인(b),234951.5,20211114
30,대전광역시,7,일요일,3,외국인(c),396.89999999999986,20211114
30,대전광역시,1,월요일,1,현지인(a),750039.5,20211115
30,대전광역시,1,월요일,2,외지인(b),174142.5,20211115
30,대전광역시,1,월요일,3,외국인(c),383.06000000000006,20211115
30,대전광역시,2,화요일,1,현지인(a),751565.5,20211116
30,대전광역시,2,화요일,2,외지인(b),172812.5,20211116
30,대전광역시,2,화요일,3,외국인(c),416.79,20211116
30,대전광역시,3,수요일,1,현지인(a),755314.0,20211117
30,대전광역시,3,수요일,2,외지인(b),176102.5,20211117
30,대전광역시,3,수요일,3,외국인(c),409.7900000000001,20211117
30,대전광역시,4,목요일,1,현지인(a),749315.0,20211118
30,대전광역시,4,목요일,2,외지인(b),181863.5,20211118
30,대전광역시,4,목요일,3,외국인(c),404.7600000000001,20211118
30,대전광역시,5,금요일,1,현지인(a),753672.5,20211119
30,대전광역시,5,금요일,2,외지인(b),211477.0,20211119
30,대전광역시,5,금요일,3,외국인(c),419.6000000000002,20211119
30,대전광역시,6,토요일,1,현지인(a),676714.5,20211120
30,대전광역시,6,토요일,2,외지인(b),291819.5,20211120
30,대전광역시,6,토요일,3,외국인(c),412.18000000000006,20211120
30,대전광역시,7,일요일,1,현지인(a),658381.5,20211121
30,대전광역시,7,일요일,2,외지인(b),246799.0,20211121
30,대전광역시,7,일요일,3,외국인(c),406.02999999999986,20211121
30,대전광역시,1,월요일,1,현지인(a),741779.5,20211122
30,대전광역시,1,월요일,2,외지인(b),179550.0,20211122
30,대전광역시,1,월요일,3,외국인(c),404.47000000000014,20211122
30,대전광역시,2,화요일,1,현지인(a),744012.5,20211123
30,대전광역시,2,화요일,2,외지인(b),179364.5,20211123
30,대전광역시,2,화요일,3,외국인(c),410.2400000000001,20211123
30,대전광역시,3,수요일,1,현지인(a),753410.0,20211124
30,대전광역시,3,수요일,2,외지인(b),182791.0,20211124
30,대전광역시,3,수요일,3,외국인(c),396.7200000000001,20211124
30,대전광역시,4,목요일,1,현지인(a),751814.0,20211125
30,대전광역시,4,목요일,2,외지인(b),190221.5,20211125
30,대전광역시,4,목요일,3,외국인(c),401.9199999999999,20211125
30,대전광역시,5,금요일,1,현지인(a),751198.0,20211126
30,대전광역시,5,금요일,2,외지인(b),219047.5,20211126
30,대전광역시,5,금요일,3,외국인(c),408.15999999999997,20211126
30,대전광역시,6,토요일,1,현지인(a),677218.5,20211127
30,대전광역시,6,토요일,2,외지인(b),292747.0,20211127
30,대전광역시,6,토요일,3,외국인(c),416.40000000000003,20211127
30,대전광역시,7,일요일,1,현지인(a),652585.5,20211128
30,대전광역시,7,일요일,2,외지인(b),247450.0,20211128
30,대전광역시,7,일요일,3,외국인(c),411.82000000000005,20211128
30,대전광역시,1,월요일,1,현지인(a),745398.5,20211129
30,대전광역시,1,월요일,2,외지인(b),190337.0,20211129
30,대전광역시,1,월요일,3,외국인(c),410.81999999999994,20211129
30,대전광역시,2,화요일,1,현지인(a),732767.0,20211130
30,대전광역시,2,화요일,2,외지인(b),186315.5,20211130
30,대전광역시,2,화요일,3,외국인(c),417.2800000000001,20211130
30,대전광역시,3,수요일,1,현지인(a),742014.0,20211201
30,대전광역시,3,수요일,2,외지인(b),139793.5,20211201
30,대전광역시,3,수요일,3,외국인(c),337.31,20211201
30,대전광역시,4,목요일,1,현지인(a),739259.5,20211202
30,대전광역시,4,목요일,2,외지인(b),146223.0,20211202
30,대전광역시,4,목요일,3,외국인(c),350.9599999999999,20211202
30,대전광역시,5,금요일,1,현지인(a),746949.0,20211203
30,대전광역시,5,금요일,2,외지인(b),176778.0,20211203
30,대전광역시,5,금요일,3,외국인(c),343.57,20211203
30,대전광역시,6,토요일,1,현지인(a),678902.0,20211204
30,대전광역시,6,토요일,2,외지인(b),249732.0,20211204
30,대전광역시,6,토요일,3,외국인(c),350.41999999999996,20211204
30,대전광역시,7,일요일,1,현지인(a),663477.5,20211205
30,대전광역시,7,일요일,2,외지인(b),212544.5,20211205
30,대전광역시,7,일요일,3,외국인(c),345.1100000000001,20211205
30,대전광역시,1,월요일,1,현지인(a),737758.0,20211206
30,대전광역시,1,월요일,2,외지인(b),150195.5,20211206
30,대전광역시,1,월요일,3,외국인(c),326.9699999999999,20211206
30,대전광역시,2,화요일,1,현지인(a),739980.5,20211207
30,대전광역시,2,화요일,2,외지인(b),151193.0,20211207
30,대전광역시,2,화요일,3,외국인(c),333.9200000000001,20211207
30,대전광역시,3,수요일,1,현지인(a),741359.5,20211208
30,대전광역시,3,수요일,2,외지인(b),155953.0,20211208
30,대전광역시,3,수요일,3,외국인(c),346.97,20211208
30,대전광역시,4,목요일,1,현지인(a),739903.5,20211209
30,대전광역시,4,목요일,2,외지인(b),158032.0,20211209
30,대전광역시,4,목요일,3,외국인(c),331.77,20211209
30,대전광역시,5,금요일,1,현지인(a),746963.0,20211210
30,대전광역시,5,금요일,2,외지인(b),184016.0,20211210
30,대전광역시,5,금요일,3,외국인(c),332.13,20211210
30,대전광역시,6,토요일,1,현지인(a),684351.5,20211211
30,대전광역시,6,토요일,2,외지인(b),253568.0,20211211
30,대전광역시,6,토요일,3,외국인(c),342.8399999999999,20211211
30,대전광역시,7,일요일,1,현지인(a),651451.5,20211212
30,대전광역시,7,일요일,2,외지인(b),213958.5,20211212
30,대전광역시,7,일요일,3,외국인(c),353.19000000000005,20211212
30,대전광역시,1,월요일,1,현지인(a),733883.5,20211213
30,대전광역시,1,월요일,2,외지인(b),160692.0,20211213
30,대전광역시,1,월요일,3,외국인(c),349.94,20211213
30,대전광역시,2,화요일,1,현지인(a),731248.0,20211214
30,대전광역시,2,화요일,2,외지인(b),160027.0,20211214
30,대전광역시,2,화요일,3,외국인(c),334.7499999999999,20211214
30,대전광역시,3,수요일,1,현지인(a),739399.5,20211215
30,대전광역시,3,수요일,2,외지인(b),166544.0,20211215
30,대전광역시,3,수요일,3,외국인(c),337.9200000000001,20211215
30,대전광역시,4,목요일,1,현지인(a),734902.0,20211216
30,대전광역시,4,목요일,2,외지인(b),172378.5,20211216
30,대전광역시,4,목요일,3,외국인(c),351.02,20211216
30,대전광역시,5,금요일,1,현지인(a),731920.0,20211217
30,대전광역시,5,금요일,2,외지인(b),195741.0,20211217
30,대전광역시,5,금요일,3,외국인(c),354.20999999999987,20211217
30,대전광역시,6,토요일,1,현지인(a),660744.0,20211218
30,대전광역시,6,토요일,2,외지인(b),247226.0,20211218
30,대전광역시,6,토요일,3,외국인(c),352.65000000000003,20211218
30,대전광역시,7,일요일,1,현지인(a),639222.5,20211219
30,대전광역시,7,일요일,2,외지인(b),212243.5,20211219
30,대전광역시,7,일요일,3,외국인(c),357.0,20211219
30,대전광역시,1,월요일,1,현지인(a),715151.5,20211220
30,대전광역시,1,월요일,2,외지인(b),172707.5,20211220
30,대전광역시,1,월요일,3,외국인(c),342.36000000000007,20211220
30,대전광역시,2,화요일,1,현지인(a),719054.0,20211221
30,대전광역시,2,화요일,2,외지인(b),174849.5,20211221
30,대전광역시,2,화요일,3,외국인(c),329.36000000000007,20211221
30,대전광역시,3,수요일,1,현지인(a),716884.0,20211222
30,대전광역시,3,수요일,2,외지인(b),176522.5,20211222
30,대전광역시,3,수요일,3,외국인(c),337.08000000000004,20211222
30,대전광역시,4,목요일,1,현지인(a),715382.5,20211223
30,대전광역시,4,목요일,2,외지인(b),181720.0,20211223
30,대전광역시,4,목요일,3,외국인(c),344.21999999999997,20211223
30,대전광역시,5,금요일,1,현지인(a),719873.0,20211224
30,대전광역시,5,금요일,2,외지인(b),212884.0,20211224
30,대전광역시,5,금요일,3,외국인(c),350.1500000000001,20211224
30,대전광역시,6,토요일,1,현지인(a),639124.5,20211225
30,대전광역시,6,토요일,2,외지인(b),256732.0,20211225
30,대전광역시,6,토요일,3,외국인(c),342.88000000000005,20211225
30,대전광역시,7,일요일,1,현지인(a),615937.0,20211226
30,대전광역시,7,일요일,2,외지인(b),221907.0,20211226
30,대전광역시,7,일요일,3,외국인(c),345.04999999999995,20211226
30,대전광역시,1,월요일,1,현지인(a),695810.5,20211227
30,대전광역시,1,월요일,2,외지인(b),186672.5,20211227
30,대전광역시,1,월요일,3,외국인(c),344.25999999999993,20211227
30,대전광역시,2,화요일,1,현지인(a),701596.0,20211228
30,대전광역시,2,화요일,2,외지인(b),188261.5,20211228
30,대전광역시,2,화요일,3,외국인(c),343.29,20211228
30,대전광역시,3,수요일,1,현지인(a),703503.5,20211229
30,대전광역시,3,수요일,2,외지인(b),193385.5,20211229
30,대전광역시,3,수요일,3,외국인(c),341.37999999999994,20211229
30,대전광역시,4,목요일,1,현지인(a),699688.5,20211230
30,대전광역시,4,목요일,2,외지인(b),199314.5,20211230
30,대전광역시,4,목요일,3,외국인(c),341.4099999999999,20211230
30,대전광역시,5,금요일,1,현지인(a),705810.0,20211231
30,대전광역시,5,금요일,2,외지인(b),241360.0,20211231
30,대전광역시,5,금요일,3,외국인(c),345.0799999999999,20211231
30,대전광역시,6,토요일,1,현지인(a),593376.0,20220101
30,대전광역시,6,토요일,2,외지인(b),214634.0,20220101
30,대전광역시,6,토요일,3,외국인(c),343.8400000000001,20220101
30,대전광역시,7,일요일,1,현지인(a),620427.5,20220102
30,대전광역시,7,일요일,2,외지인(b),192944.5,20220102
30,대전광역시,7,일요일,3,외국인(c),340.25,20220102
30,대전광역시,1,월요일,1,현지인(a),709002.0,20220103
30,대전광역시,1,월요일,2,외지인(b),138341.0,20220103
30,대전광역시,1,월요일,3,외국인(c),351.31000000000023,20220103
30,대전광역시,2,화요일,1,현지인(a),708452.5,20220104
30,대전광역시,2,화요일,2,외지인(b),138705.0,20220104
30,대전광역시,2,화요일,3,외국인(c),363.52000000000004,20220104
30,대전광역시,3,수요일,1,현지인(a),710402.0,20220105
30,대전광역시,3,수요일,2,외지인(b),146048.0,20220105
30,대전광역시,3,수요일,3,외국인(c),333.0399999999999,20220105
30,대전광역시,4,목요일,1,현지인(a),713289.5,20220106
30,대전광역시,4,목요일,2,외지인(b),152768.0,20220106
30,대전광역시,4,목요일,3,외국인(c),321.0700000000001,20220106
30,대전광역시,5,금요일,1,현지인(a),717846.5,20220107
30,대전광역시,5,금요일,2,외지인(b),175339.5,20220107
30,대전광역시,5,금요일,3,외국인(c),313.68,20220107
30,대전광역시,6,토요일,1,현지인(a),659463.0,20220108
30,대전광역시,6,토요일,2,외지인(b),235630.5,20220108
30,대전광역시,6,토요일,3,외국인(c),303.9299999999999,20220108
30,대전광역시,7,일요일,1,현지인(a),625859.5,20220109
30,대전광역시,7,일요일,2,외지인(b),196164.5,20220109
30,대전광역시,7,일요일,3,외국인(c),300.7900000000001,20220109
30,대전광역시,1,월요일,1,현지인(a),707248.5,20220110
30,대전광역시,1,월요일,2,외지인(b),159712.0,20220110
30,대전광역시,1,월요일,3,외국인(c),304.6099999999999,20220110
30,대전광역시,2,화요일,1,현지인(a),706853.0,20220111
30,대전광역시,2,화요일,2,외지인(b),160282.5,20220111
30,대전광역시,2,화요일,3,외국인(c),305.44999999999993,20220111
30,대전광역시,3,수요일,1,현지인(a),706989.5,20220112
30,대전광역시,3,수요일,2,외지인(b),163824.5,20220112
30,대전광역시,3,수요일,3,외국인(c),303.4,20220112
30,대전광역시,4,목요일,1,현지인(a),703118.5,20220113
30,대전광역시,4,목요일,2,외지인(b),167160.0,20220113
30,대전광역시,4,목요일,3,외국인(c),299.0199999999999,20220113
30,대전광역시,5,금요일,1,현지인(a),713692.0,20220114
30,대전광역시,5,금요일,2,외지인(b),191506.0,20220114
30,대전광역시,5,금요일,3,외국인(c),302.39999999999986,20220114
30,대전광역시,6,토요일,1,현지인(a),655935.0,20220115
30,대전광역시,6,토요일,2,외지인(b),250470.5,20220115
30,대전광역시,6,토요일,3,외국인(c),290.5199999999999,20220115
30,대전광역시,7,일요일,1,현지인(a),629258.0,20220116
30,대전광역시,7,일요일,2,외지인(b),213643.5,20220116
30,대전광역시,7,일요일,3,외국인(c),289.99,20220116
30,대전광역시,1,월요일,1,현지인(a),701820.0,20220117
30,대전광역시,1,월요일,2,외지인(b),171969.0,20220117
30,대전광역시,1,월요일,3,외국인(c),291.3999999999999,20220117
30,대전광역시,2,화요일,1,현지인(a),708169.0,20220118
30,대전광역시,2,화요일,2,외지인(b),176148.0,20220118
30,대전광역시,2,화요일,3,외국인(c),287.18999999999994,20220118
30,대전광역시,3,수요일,1,현지인(a),708648.5,20220119
30,대전광역시,3,수요일,2,외지인(b),177583.0,20220119
30,대전광역시,3,수요일,3,외국인(c),297.39,20220119
30,대전광역시,4,목요일,1,현지인(a),709268.0,20220120
30,대전광역시,4,목요일,2,외지인(b),181615.0,20220120
30,대전광역시,4,목요일,3,외국인(c),292.5299999999999,20220120
30,대전광역시,5,금요일,1,현지인(a),716992.5,20220121
30,대전광역시,5,금요일,2,외지인(b),202891.5,20220121
30,대전광역시,5,금요일,3,외국인(c),285.1299999999999,20220121
30,대전광역시,6,토요일,1,현지인(a),656593.0,20220122
30,대전광역시,6,토요일,2,외지인(b),265510.0,20220122
30,대전광역시,6,토요일,3,외국인(c),288.5699999999999,20220122
30,대전광역시,7,일요일,1,현지인(a),630861.0,20220123
30,대전광역시,7,일요일,2,외지인(b),223240.5,20220123
30,대전광역시,7,일요일,3,외국인(c),283.5199999999999,20220123
30,대전광역시,1,월요일,1,현지인(a),706993.0,20220124
30,대전광역시,1,월요일,2,외지인(b),184768.5,20220124
30,대전광역시,1,월요일,3,외국인(c),283.94,20220124
30,대전광역시,2,화요일,1,현지인(a),710755.5,20220125
30,대전광역시,2,화요일,2,외지인(b),181832.0,20220125
30,대전광역시,2,화요일,3,외국인(c),299.72999999999985,20220125
30,대전광역시,3,수요일,1,현지인(a),723390.5,20220126
30,대전광역시,3,수요일,2,외지인(b),190085.0,20220126
30,대전광역시,3,수요일,3,외국인(c),301.0599999999999,20220126
30,대전광역시,4,목요일,1,현지인(a),712936.0,20220127
30,대전광역시,4,목요일,2,외지인(b),196497.0,20220127
30,대전광역시,4,목요일,3,외국인(c),290.4699999999999,20220127
30,대전광역시,5,금요일,1,현지인(a),720804.0,20220128
30,대전광역시,5,금요일,2,외지인(b),217000.0,20220128
30,대전광역시,5,금요일,3,외국인(c),281.7299999999999,20220128
30,대전광역시,6,토요일,1,현지인(a),643772.5,20220129
30,대전광역시,6,토요일,2,외지인(b),265485.5,20220129
30,대전광역시,6,토요일,3,외국인(c),279.88,20220129
30,대전광역시,7,일요일,1,현지인(a),586250.0,20220130
30,대전광역시,7,일요일,2,외지인(b),293492.5,20220130
30,대전광역시,7,일요일,3,외국인(c),273.5400000000001,20220130
30,대전광역시,1,월요일,1,현지인(a),522809.0,20220131
30,대전광역시,1,월요일,2,외지인(b),320082.0,20220131
30,대전광역시,1,월요일,3,외국인(c),276.05,20220131
30,대전광역시,2,화요일,1,현지인(a),528857.0,20220201
30,대전광역시,2,화요일,2,외지인(b),278547.5,20220201
30,대전광역시,2,화요일,3,외국인(c),392.71,20220201
30,대전광역시,3,수요일,1,현지인(a),592434.5,20220202
30,대전광역시,3,수요일,2,외지인(b),193417.0,20220202
30,대전광역시,3,수요일,3,외국인(c),393.49999999999994,20220202
30,대전광역시,4,목요일,1,현지인(a),704651.5,20220203
30,대전광역시,4,목요일,2,외지인(b),147182.0,20220203
30,대전광역시,4,목요일,3,외국인(c),409.76000000000005,20220203
30,대전광역시,5,금요일,1,현지인(a),711788.0,20220204
30,대전광역시,5,금요일,2,외지인(b),153174.0,20220204
30,대전광역시,5,금요일,3,외국인(c),412.63000000000017,20220204
30,대전광역시,6,토요일,1,현지인(a),653555.0,20220205
30,대전광역시,6,토요일,2,외지인(b),183778.0,20220205
30,대전광역시,6,토요일,3,외국인(c),411.84000000000015,20220205
30,대전광역시,7,일요일,1,현지인(a),628393.5,20220206
30,대전광역시,7,일요일,2,외지인(b),152015.5,20220206
30,대전광역시,7,일요일,3,외국인(c),414.62999999999994,20220206
30,대전광역시,1,월요일,1,현지인(a),715914.5,20220207
30,대전광역시,1,월요일,2,외지인(b),140612.5,20220207
30,대전광역시,1,월요일,3,외국인(c),421.96999999999997,20220207
30,대전광역시,2,화요일,1,현지인(a),716891.0,20220208
30,대전광역시,2,화요일,2,외지인(b),144144.0,20220208
30,대전광역시,2,화요일,3,외국인(c),422.2999999999999,20220208
30,대전광역시,3,수요일,1,현지인(a),722743.0,20220209
30,대전광역시,3,수요일,2,외지인(b),148687.0,20220209
30,대전광역시,3,수요일,3,외국인(c),436.49999999999994,20220209
30,대전광역시,4,목요일,1,현지인(a),718189.5,20220210
30,대전광역시,4,목요일,2,외지인(b),153093.5,20220210
30,대전광역시,4,목요일,3,외국인(c),425.22,20220210
30,대전광역시,5,금요일,1,현지인(a),727391.0,20220211
30,대전광역시,5,금요일,2,외지인(b),169736.0,20220211
30,대전광역시,5,금요일,3,외국인(c),443.82,20220211
30,대전광역시,6,토요일,1,현지인(a),667268.0,20220212
30,대전광역시,6,토요일,2,외지인(b),219261.0,20220212
30,대전광역시,6,토요일,3,외국인(c),445.03000000000003,20220212
30,대전광역시,7,일요일,1,현지인(a),630997.5,20220213
30,대전광역시,7,일요일,2,외지인(b),180155.5,20220213
30,대전광역시,7,일요일,3,외국인(c),431.6000000000001,20220213
30,대전광역시,1,월요일,1,현지인(a),714283.5,20220214
30,대전광역시,1,월요일,2,외지인(b),156275.0,20220214
30,대전광역시,1,월요일,3,외국인(c),443.27000000000015,20220214
30,대전광역시,2,화요일,1,현지인(a),706867.0,20220215
30,대전광역시,2,화요일,2,외지인(b),158854.5,20220215
30,대전광역시,2,화요일,3,외국인(c),468.74000000000007,20220215
30,대전광역시,3,수요일,1,현지인(a),704319.0,20220216
30,대전광역시,3,수요일,2,외지인(b),159173.0,20220216
30,대전광역시,3,수요일,3,외국인(c),469.4800000000001,20220216
30,대전광역시,4,목요일,1,현지인(a),704018.0,20220217
30,대전광역시,4,목요일,2,외지인(b),163131.5,20220217
30,대전광역시,4,목요일,3,외국인(c),463.69,20220217
30,대전광역시,5,금요일,1,현지인(a),716180.5,20220218
30,대전광역시,5,금요일,2,외지인(b),183288.0,20220218
30,대전광역시,5,금요일,3,외국인(c),473.6899999999999,20220218
30,대전광역시,6,토요일,1,현지인(a),653586.5,20220219
30,대전광역시,6,토요일,2,외지인(b),231679.0,20220219
30,대전광역시,6,토요일,3,외국인(c),478.53,20220219
30,대전광역시,7,일요일,1,현지인(a),626423.0,20220220
30,대전광역시,7,일요일,2,외지인(b),200322.5,20220220
30,대전광역시,7,일요일,3,외국인(c),480.66,20220220
30,대전광역시,1,월요일,1,현지인(a),701918.0,20220221
30,대전광역시,1,월요일,2,외지인(b),169508.5,20220221
30,대전광역시,1,월요일,3,외국인(c),479.5500000000002,20220221
30,대전광역시,2,화요일,1,현지인(a),702884.0,20220222
30,대전광역시,2,화요일,2,외지인(b),174181.0,20220222
30,대전광역시,2,화요일,3,외국인(c),480.6400000000001,20220222
30,대전광역시,3,수요일,1,현지인(a),705740.0,20220223
30,대전광역시,3,수요일,2,외지인(b),177212.0,20220223
30,대전광역시,3,수요일,3,외국인(c),502.7200000000001,20220223
30,대전광역시,4,목요일,1,현지인(a),703626.0,20220224
30,대전광역시,4,목요일,2,외지인(b),182084.0,20220224
30,대전광역시,4,목요일,3,외국인(c),501.37000000000006,20220224
30,대전광역시,5,금요일,1,현지인(a),674985.5,20220225
30,대전광역시,5,금요일,2,외지인(b),195195.0,20220225
30,대전광역시,5,금요일,3,외국인(c),503.7800000000002,20220225
30,대전광역시,6,토요일,1,현지인(a),660229.5,20220226
30,대전광역시,6,토요일,2,외지인(b),257197.5,20220226
30,대전광역시,6,토요일,3,외국인(c),511.74000000000007,20220226
30,대전광역시,7,일요일,1,현지인(a),631403.5,20220227
30,대전광역시,7,일요일,2,외지인(b),234920.0,20220227
30,대전광역시,7,일요일,3,외국인(c),474.41999999999996,20220227
30,대전광역시,1,월요일,1,현지인(a),711679.5,20220228
30,대전광역시,1,월요일,2,외지인(b),222474.0,20220228
30,대전광역시,1,월요일,3,외국인(c),479.02000000000004,20220228
30,대전광역시,2,화요일,1,현지인(a),655315.5,20220301
30,대전광역시,2,화요일,2,외지인(b),189455.0,20220301
30,대전광역시,2,화요일,3,외국인(c),392.88999999999993,20220301
30,대전광역시,3,수요일,1,현지인(a),735315.0,20220302
30,대전광역시,3,수요일,2,외지인(b),175931.0,20220302
30,대전광역시,3,수요일,3,외국인(c),391.51,20220302
30,대전광역시,4,목요일,1,현지인(a),734072.5,20220303
30,대전광역시,4,목요일,2,외지인(b),184208.5,20220303
30,대전광역시,4,목요일,3,외국인(c),387.8599999999999,20220303
30,대전광역시,5,금요일,1,현지인(a),740127.5,20220304
30,대전광역시,5,금요일,2,외지인(b),193858.0,20220304
30,대전광역시,5,금요일,3,외국인(c),401.4599999999999,20220304
30,대전광역시,6,토요일,1,현지인(a),677558.0,20220305
30,대전광역시,6,토요일,2,외지인(b),228347.0,20220305
30,대전광역시,6,토요일,3,외국인(c),395.06999999999994,20220305
30,대전광역시,7,일요일,1,현지인(a),642495.0,20220306
30,대전광역시,7,일요일,2,외지인(b),205068.5,20220306
30,대전광역시,7,일요일,3,외국인(c),388.4699999999999,20220306
30,대전광역시,1,월요일,1,현지인(a),729109.5,20220307
30,대전광역시,1,월요일,2,외지인(b),190400.0,20220307
30,대전광역시,1,월요일,3,외국인(c),384.03999999999996,20220307
30,대전광역시,2,화요일,1,현지인(a),740446.0,20220308
30,대전광역시,2,화요일,2,외지인(b),200658.5,20220308
30,대전광역시,2,화요일,3,외국인(c),349.28999999999996,20220308
30,대전광역시,3,수요일,1,현지인(a),670859.0,20220309
30,대전광역시,3,수요일,2,외지인(b),189003.5,20220309
30,대전광역시,3,수요일,3,외국인(c),391.17999999999995,20220309
30,대전광역시,4,목요일,1,현지인(a),729008.0,20220310
30,대전광역시,4,목요일,2,외지인(b),192010.0,20220310
30,대전광역시,4,목요일,3,외국인(c),387.47999999999985,20220310
30,대전광역시,5,금요일,1,현지인(a),737345.0,20220311
30,대전광역시,5,금요일,2,외지인(b),206650.5,20220311
30,대전광역시,5,금요일,3,외국인(c),400.7699999999999,20220311
30,대전광역시,6,토요일,1,현지인(a),671387.5,20220312
30,대전광역시,6,토요일,2,외지인(b),243117.0,20220312
30,대전광역시,6,토요일,3,외국인(c),407.3499999999999,20220312
30,대전광역시,7,일요일,1,현지인(a),617179.5,20220313
30,대전광역시,7,일요일,2,외지인(b),202359.5,20220313
30,대전광역시,7,일요일,3,외국인(c),389.8600000000001,20220313
30,대전광역시,1,월요일,1,현지인(a),718837.0,20220314
30,대전광역시,1,월요일,2,외지인(b),197050.0,20220314
30,대전광역시,1,월요일,3,외국인(c),405.2699999999999,20220314
30,대전광역시,2,화요일,1,현지인(a),729526.0,20220315
30,대전광역시,2,화요일,2,외지인(b),203406.0,20220315
30,대전광역시,2,화요일,3,외국인(c),419.51,20220315
30,대전광역시,3,수요일,1,현지인(a),732095.0,20220316
30,대전광역시,3,수요일,2,외지인(b),205922.5,20220316
30,대전광역시,3,수요일,3,외국인(c),419.46000000000004,20220316
30,대전광역시,4,목요일,1,현지인(a),717262.0,20220317
30,대전광역시,4,목요일,2,외지인(b),203623.0,20220317
30,대전광역시,4,목요일,3,외국인(c),402.63999999999993,20220317
30,대전광역시,5,금요일,1,현지인(a),725571.0,20220318
30,대전광역시,5,금요일,2,외지인(b),218820.0,20220318
30,대전광역시,5,금요일,3,외국인(c),405.19999999999993,20220318
30,대전광역시,6,토요일,1,현지인(a),655721.5,20220319
30,대전광역시,6,토요일,2,외지인(b),247324.0,20220319
30,대전광역시,6,토요일,3,외국인(c),406.4200000000001,20220319
30,대전광역시,7,일요일,1,현지인(a),637791.0,20220320
30,대전광역시,7,일요일,2,외지인(b),226016.0,20220320
30,대전광역시,7,일요일,3,외국인(c),386.97999999999996,20220320
30,대전광역시,1,월요일,1,현지인(a),725658.5,20220321
30,대전광역시,1,월요일,2,외지인(b),207490.5,20220321
30,대전광역시,1,월요일,3,외국인(c),397.5,20220321
30,대전광역시,2,화요일,1,현지인(a),725291.0,20220322
30,대전광역시,2,화요일,2,외지인(b),211088.5,20220322
30,대전광역시,2,화요일,3,외국인(c),408.1299999999999,20220322
30,대전광역시,3,수요일,1,현지인(a),721917.0,20220323
30,대전광역시,3,수요일,2,외지인(b),212191.0,20220323
30,대전광역시,3,수요일,3,외국인(c),408.56,20220323
30,대전광역시,4,목요일,1,현지인(a),723530.5,20220324
30,대전광역시,4,목요일,2,외지인(b),216317.5,20220324
30,대전광역시,4,목요일,3,외국인(c),412.3799999999999,20220324
30,대전광역시,5,금요일,1,현지인(a),737828.0,20220325
30,대전광역시,5,금요일,2,외지인(b),232477.0,20220325
30,대전광역시,5,금요일,3,외국인(c),409.79,20220325
30,대전광역시,6,토요일,1,현지인(a),657636.0,20220326
30,대전광역시,6,토요일,2,외지인(b),264183.5,20220326
30,대전광역시,6,토요일,3,외국인(c),403.24000000000007,20220326
30,대전광역시,7,일요일,1,현지인(a),641742.5,20220327
30,대전광역시,7,일요일,2,외지인(b),242728.5,20220327
30,대전광역시,7,일요일,3,외국인(c),397.63999999999993,20220327
30,대전광역시,1,월요일,1,현지인(a),730516.5,20220328
30,대전광역시,1,월요일,2,외지인(b),222050.5,20220328
30,대전광역시,1,월요일,3,외국인(c),393.25000000000006,20220328
30,대전광역시,2,화요일,1,현지인(a),731059.0,20220329
30,대전광역시,2,화요일,2,외지인(b),224245.0,20220329
30,대전광역시,2,화요일,3,외국인(c),405.1100000000002,20220329
30,대전광역시,3,수요일,1,현지인(a),730740.5,20220330
30,대전광역시,3,수요일,2,외지인(b),223853.0,20220330
30,대전광역시,3,수요일,3,외국인(c),400.38,20220330
30,대전광역시,4,목요일,1,현지인(a),729732.5,20220331
30,대전광역시,4,목요일,2,외지인(b),225358.0,20220331
30,대전광역시,4,목요일,3,외국인(c),396.25,20220331
30,대전광역시,5,금요일,1,현지인(a),732627.0,20220401
30,대전광역시,5,금요일,2,외지인(b),152761.0,20220401
30,대전광역시,5,금요일,3,외국인(c),491.80000000000007,20220401
30,대전광역시,6,토요일,1,현지인(a),667933.0,20220402
30,대전광역시,6,토요일,2,외지인(b),226170.0,20220402
30,대전광역시,6,토요일,3,외국인(c),507.78000000000003,20220402
30,대전광역시,7,일요일,1,현지인(a),651045.5,20220403
30,대전광역시,7,일요일,2,외지인(b),199717.0,20220403
30,대전광역시,7,일요일,3,외국인(c),491.41000000000014,20220403
30,대전광역시,1,월요일,1,현지인(a),721798.0,20220404
30,대전광역시,1,월요일,2,외지인(b),135453.5,20220404
30,대전광역시,1,월요일,3,외국인(c),489.32000000000005,20220404
30,대전광역시,2,화요일,1,현지인(a),723856.0,20220405
30,대전광역시,2,화요일,2,외지인(b),133385.0,20220405
30,대전광역시,2,화요일,3,외국인(c),511.32000000000005,20220405
30,대전광역시,3,수요일,1,현지인(a),734639.5,20220406
30,대전광역시,3,수요일,2,외지인(b),139517.0,20220406
30,대전광역시,3,수요일,3,외국인(c),517.96,20220406
30,대전광역시,4,목요일,1,현지인(a),723516.5,20220407
30,대전광역시,4,목요일,2,외지인(b),145558.0,20220407
30,대전광역시,4,목요일,3,외국인(c),494.1400000000001,20220407
30,대전광역시,5,금요일,1,현지인(a),739928.0,20220408
30,대전광역시,5,금요일,2,외지인(b),182745.5,20220408
30,대전광역시,5,금요일,3,외국인(c),512.09,20220408
30,대전광역시,6,토요일,1,현지인(a),677701.5,20220409
30,대전광역시,6,토요일,2,외지인(b),261289.0,20220409
30,대전광역시,6,토요일,3,외국인(c),492.89000000000016,20220409
30,대전광역시,7,일요일,1,현지인(a),663736.5,20220410
30,대전광역시,7,일요일,2,외지인(b),223825.0,20220410
30,대전광역시,7,일요일,3,외국인(c),491.85999999999996,20220410
30,대전광역시,1,월요일,1,현지인(a),740348.0,20220411
30,대전광역시,1,월요일,2,외지인(b),153170.5,20220411
30,대전광역시,1,월요일,3,외국인(c),491.59999999999997,20220411
30,대전광역시,2,화요일,1,현지인(a),736284.5,20220412
30,대전광역시,2,화요일,2,외지인(b),151448.5,20220412
30,대전광역시,2,화요일,3,외국인(c),512.7700000000001,20220412
30,대전광역시,3,수요일,1,현지인(a),720401.5,20220413
30,대전광역시,3,수요일,2,외지인(b),147966.0,20220413
30,대전광역시,3,수요일,3,외국인(c),507.50000000000017,20220413
30,대전광역시,4,목요일,1,현지인(a),733393.5,20220414
30,대전광역시,4,목요일,2,외지인(b),156604.0,20220414
30,대전광역시,4,목요일,3,외국인(c),517.8799999999999,20220414
30,대전광역시,5,금요일,1,현지인(a),752850.0,20220415
30,대전광역시,5,금요일,2,외지인(b),189549.5,20220415
30,대전광역시,5,금요일,3,외국인(c),525.8899999999999,20220415
30,대전광역시,6,토요일,1,현지인(a),689549.0,20220416
30,대전광역시,6,토요일,2,외지인(b),263861.5,20220416
30,대전광역시,6,토요일,3,외국인(c),521.4599999999999,20220416
30,대전광역시,7,일요일,1,현지인(a),669067.0,20220417
30,대전광역시,7,일요일,2,외지인(b),225190.0,20220417
30,대전광역시,7,일요일,3,외국인(c),514.1100000000001,20220417
30,대전광역시,1,월요일,1,현지인(a),737887.5,20220418
30,대전광역시,1,월요일,2,외지인(b),161108.5,20220418
30,대전광역시,1,월요일,3,외국인(c),503.05,20220418
30,대전광역시,2,화요일,1,현지인(a),741881.0,20220419
30,대전광역시,2,화요일,2,외지인(b),164251.5,20220419
30,대전광역시,2,화요일,3,외국인(c),490.9300000000001,20220419
30,대전광역시,3,수요일,1,현지인(a),744982.0,20220420
30,대전광역시,3,수요일,2,외지인(b),165095.0,20220420
30,대전광역시,3,수요일,3,외국인(c),475.44000000000017,20220420
30,대전광역시,4,목요일,1,현지인(a),741699.0,20220421
30,대전광역시,4,목요일,2,외지인(b),168588.0,20220421
30,대전광역시,4,목요일,3,외국인(c),513.85,20220421
30,대전광역시,5,금요일,1,현지인(a),753007.5,20220422
30,대전광역시,5,금요일,2,외지인(b),198901.5,20220422
30,대전광역시,5,금요일,3,외국인(c),527.2999999999997,20220422
30,대전광역시,6,토요일,1,현지인(a),692702.5,20220423
30,대전광역시,6,토요일,2,외지인(b),275887.5,20220423
30,대전광역시,6,토요일,3,외국인(c),507.40999999999997,20220423
30,대전광역시,7,일요일,1,현지인(a),668745.0,20220424
30,대전광역시,7,일요일,2,외지인(b),236197.5,20220424
30,대전광역시,7,일요일,3,외국인(c),514.3300000000002,20220424
30,대전광역시,1,월요일,1,현지인(a),742843.5,20220425
30,대전광역시,1,월요일,2,외지인(b),170744.0,20220425
30,대전광역시,1,월요일,3,외국인(c),534.28,20220425
30,대전광역시,2,화요일,1,현지인(a),741664.0,20220426
30,대전광역시,2,화요일,2,외지인(b),172084.5,20220426
30,대전광역시,2,화요일,3,외국인(c),535.86,20220426
30,대전광역시,3,수요일,1,현지인(a),749308.0,20220427
30,대전광역시,3,수요일,2,외지인(b),177758.0,20220427
30,대전광역시,3,수요일,3,외국인(c),522.67,20220427
30,대전광역시,4,목요일,1,현지인(a),745244.5,20220428
30,대전광역시,4,목요일,2,외지인(b),184751.0,20220428
30,대전광역시,4,목요일,3,외국인(c),548.44,20220428
30,대전광역시,5,금요일,1,현지인(a),752654.0,20220429
30,대전광역시,5,금요일,2,외지인(b),214224.5,20220429
30,대전광역시,5,금요일,3,외국인(c),530.65,20220429
30,대전광역시,6,토요일,1,현지인(a),689304.0,20220430
30,대전광역시,6,토요일,2,외지인(b),292425.0,20220430
30,대전광역시,6,토요일,3,외국인(c),531.76,20220430
30,대전광역시,7,일요일,1,현지인(a),706531.0,20220501
30,대전광역시,7,일요일,2,외지인(b),222358.5,20220501
30,대전광역시,7,일요일,3,외국인(c),610.6600000000001,20220501
30,대전광역시,1,월요일,1,현지인(a),801237.5,20220502
30,대전광역시,1,월요일,2,외지인(b),146125.0,20220502
30,대전광역시,1,월요일,3,외국인(c),623.32,20220502
30,대전광역시,2,화요일,1,현지인(a),806046.5,20220503
30,대전광역시,2,화요일,2,외지인(b),150640.0,20220503
30,대전광역시,2,화요일,3,외국인(c),653.5899999999999,20220503
30,대전광역시,3,수요일,1,현지인(a),818989.5,20220504
30,대전광역시,3,수요일,2,외지인(b),179728.5,20220504
30,대전광역시,3,수요일,3,외국인(c),642.99,20220504
30,대전광역시,4,목요일,1,현지인(a),713951.0,20220505
30,대전광역시,4,목요일,2,외지인(b),242868.5,20220505
30,대전광역시,4,목요일,3,외국인(c),618.0499999999997,20220505
30,대전광역시,5,금요일,1,현지인(a),763514.5,20220506
30,대전광역시,5,금요일,2,외지인(b),251814.5,20220506
30,대전광역시,5,금요일,3,외국인(c),636.0699999999997,20220506
30,대전광역시,6,토요일,1,현지인(a),700476.0,20220507
30,대전광역시,6,토요일,2,외지인(b),332955.0,20220507
30,대전광역시,6,토요일,3,외국인(c),622.8999999999997,20220507
30,대전광역시,7,일요일,1,현지인(a),700346.5,20220508
30,대전광역시,7,일요일,2,외지인(b),281806.0,20220508
30,대전광역시,7,일요일,3,외국인(c),635.9300000000002,20220508
30,대전광역시,1,월요일,1,현지인(a),801500.0,20220509
30,대전광역시,1,월요일,2,외지인(b),165522.0,20220509
30,대전광역시,1,월요일,3,외국인(c),632.7800000000002,20220509
30,대전광역시,2,화요일,1,현지인(a),805878.5,20220510
30,대전광역시,2,화요일,2,외지인(b),163838.5,20220510
30,대전광역시,2,화요일,3,외국인(c),648.7300000000001,20220510
30,대전광역시,3,수요일,1,현지인(a),809781.0,20220511
30,대전광역시,3,수요일,2,외지인(b),164626.0,20220511
30,대전광역시,3,수요일,3,외국인(c),664.86,20220511
30,대전광역시,4,목요일,1,현지인(a),804541.5,20220512
30,대전광역시,4,목요일,2,외지인(b),169998.5,20220512
30,대전광역시,4,목요일,3,외국인(c),667.6400000000001,20220512
30,대전광역시,5,금요일,1,현지인(a),809914.0,20220513
30,대전광역시,5,금요일,2,외지인(b),203199.5,20220513
30,대전광역시,5,금요일,3,외국인(c),674.0799999999999,20220513
30,대전광역시,6,토요일,1,현지인(a),729095.5,20220514
30,대전광역시,6,토요일,2,외지인(b),290920.0,20220514
30,대전광역시,6,토요일,3,외국인(c),640.5699999999999,20220514
30,대전광역시,7,일요일,1,현지인(a),711882.5,20220515
30,대전광역시,7,일요일,2,외지인(b),245430.5,20220515
30,대전광역시,7,일요일,3,외국인(c),618.5599999999998,20220515
30,대전광역시,1,월요일,1,현지인(a),803456.5,20220516
30,대전광역시,1,월요일,2,외지인(b),170936.5,20220516
30,대전광역시,1,월요일,3,외국인(c),633.89,20220516
30,대전광역시,2,화요일,1,현지인(a),805581.0,20220517
30,대전광역시,2,화요일,2,외지인(b),177054.5,20220517
30,대전광역시,2,화요일,3,외국인(c),645.4500000000002,20220517
30,대전광역시,3,수요일,1,현지인(a),807884.0,20220518
30,대전광역시,3,수요일,2,외지인(b),175696.5,20220518
30,대전광역시,3,수요일,3,외국인(c),652.0500000000001,20220518
30,대전광역시,4,목요일,1,현지인(a),800744.0,20220519
30,대전광역시,4,목요일,2,외지인(b),179014.5,20220519
30,대전광역시,4,목요일,3,외국인(c),644.3800000000001,20220519
30,대전광역시,5,금요일,1,현지인(a),807446.5,20220520
30,대전광역시,5,금요일,2,외지인(b),212464.0,20220520
30,대전광역시,5,금요일,3,외국인(c),649.0799999999999,20220520
30,대전광역시,6,토요일,1,현지인(a),731934.0,20220521
30,대전광역시,6,토요일,2,외지인(b),303926.0,20220521
30,대전광역시,6,토요일,3,외국인(c),607.6199999999998,20220521
30,대전광역시,7,일요일,1,현지인(a),709558.5,20220522
30,대전광역시,7,일요일,2,외지인(b),252385.0,20220522
30,대전광역시,7,일요일,3,외국인(c),615.83,20220522
30,대전광역시,1,월요일,1,현지인(a),801045.0,20220523
30,대전광역시,1,월요일,2,외지인(b),179235.0,20220523
30,대전광역시,1,월요일,3,외국인(c),628.9,20220523
30,대전광역시,2,화요일,1,현지인(a),807065.0,20220524
30,대전광역시,2,화요일,2,외지인(b),181846.0,20220524
30,대전광역시,2,화요일,3,외국인(c),631.5500000000001,20220524
30,대전광역시,3,수요일,1,현지인(a),804681.5,20220525
30,대전광역시,3,수요일,2,외지인(b),183025.5,20220525
30,대전광역시,3,수요일,3,외국인(c),612.8000000000002,20220525
30,대전광역시,4,목요일,1,현지인(a),806967.0,20220526
30,대전광역시,4,목요일,2,외지인(b),188902.0,20220526
30,대전광역시,4,목요일,3,외국인(c),601.3399999999999,20220526
30,대전광역시,5,금요일,1,현지인(a),808552.5,20220527
30,대전광역시,5,금요일,2,외지인(b),216454.0,20220527
30,대전광역시,5,금요일,3,외국인(c),615.5599999999998,20220527
30,대전광역시,6,토요일,1,현지인(a),730691.5,20220528
30,대전광역시,6,토요일,2,외지인(b),300881.0,20220528
30,대전광역시,6,토요일,3,외국인(c),617.5900000000001,20220528
30,대전광역시,7,일요일,1,현지인(a),714136.5,20220529
30,대전광역시,7,일요일,2,외지인(b),257446.0,20220529
30,대전광역시,7,일요일,3,외국인(c),626.5100000000002,20220529
30,대전광역시,1,월요일,1,현지인(a),801741.5,20220530
30,대전광역시,1,월요일,2,외지인(b),185647.0,20220530
30,대전광역시,1,월요일,3,외국인(c),622.89,20220530
30,대전광역시,2,화요일,1,현지인(a),820169.0,20220531
30,대전광역시,2,화요일,2,외지인(b),201498.5,20220531
30,대전광역시,2,화요일,3,외국인(c),628.23,20220531
30,대전광역시,3,수요일,1,현지인(a),761635.0,20220601
30,대전광역시,3,수요일,2,외지인(b),174695.5,20220601
30,대전광역시,3,수요일,3,외국인(c),647.3899999999999,20220601
30,대전광역시,4,목요일,1,현지인(a),811331.5,20220602
30,대전광역시,4,목요일,2,외지인(b),146489.0,20220602
30,대전광역시,4,목요일,3,외국인(c),660.3599999999998,20220602
30,대전광역시,5,금요일,1,현지인(a),813522.5,20220603
30,대전광역시,5,금요일,2,외지인(b),182682.5,20220603
30,대전광역시,5,금요일,3,외국인(c),662.1399999999998,20220603
30,대전광역시,6,토요일,1,현지인(a),719565.0,20220604
30,대전광역시,6,토요일,2,외지인(b),285243.0,20220604
30,대전광역시,6,토요일,3,외국인(c),701.82,20220604
30,대전광역시,7,일요일,1,현지인(a),667397.5,20220605
30,대전광역시,7,일요일,2,외지인(b),269342.5,20220605
30,대전광역시,7,일요일,3,외국인(c),664.3300000000002,20220605
30,대전광역시,1,월요일,1,현지인(a),707630.0,20220606
30,대전광역시,1,월요일,2,외지인(b),234993.5,20220606
30,대전광역시,1,월요일,3,외국인(c),684.94,20220606
30,대전광역시,2,화요일,1,현지인(a),802154.5,20220607
30,대전광역시,2,화요일,2,외지인(b),151529.0,20220607
30,대전광역시,2,화요일,3,외국인(c),704.27,20220607
30,대전광역시,3,수요일,1,현지인(a),818100.5,20220608
30,대전광역시,3,수요일,2,외지인(b),155785.0,20220608
30,대전광역시,3,수요일,3,외국인(c),702.4200000000001,20220608
30,대전광역시,4,목요일,1,현지인(a),814282.0,20220609
30,대전광역시,4,목요일,2,외지인(b),161941.5,20220609
30,대전광역시,4,목요일,3,외국인(c),700.19,20220609
30,대전광역시,5,금요일,1,현지인(a),820407.0,20220610
30,대전광역시,5,금요일,2,외지인(b),188027.0,20220610
30,대전광역시,5,금요일,3,외국인(c),693.2199999999999,20220610
30,대전광역시,6,토요일,1,현지인(a),740439.0,20220611
30,대전광역시,6,토요일,2,외지인(b),259266.0,20220611
30,대전광역시,6,토요일,3,외국인(c),699.2899999999996,20220611
30,대전광역시,7,일요일,1,현지인(a),718196.5,20220612
30,대전광역시,7,일요일,2,외지인(b),216524.0,20220612
30,대전광역시,7,일요일,3,외국인(c),684.5899999999998,20220612
30,대전광역시,1,월요일,1,현지인(a),808976.0,20220613
30,대전광역시,1,월요일,2,외지인(b),161791.0,20220613
30,대전광역시,1,월요일,3,외국인(c),697.76,20220613
30,대전광역시,2,화요일,1,현지인(a),797303.5,20220614
30,대전광역시,2,화요일,2,외지인(b),164951.5,20220614
30,대전광역시,2,화요일,3,외국인(c),749.2799999999999,20220614
30,대전광역시,3,수요일,1,현지인(a),814313.5,20220615
30,대전광역시,3,수요일,2,외지인(b),172333.0,20220615
30,대전광역시,3,수요일,3,외국인(c),741.0799999999999,20220615
30,대전광역시,4,목요일,1,현지인(a),816025.0,20220616
30,대전광역시,4,목요일,2,외지인(b),178717.0,20220616
30,대전광역시,4,목요일,3,외국인(c),743.6299999999999,20220616
30,대전광역시,5,금요일,1,현지인(a),818713.0,20220617
30,대전광역시,5,금요일,2,외지인(b),203801.5,20220617
30,대전광역시,5,금요일,3,외국인(c),740.5699999999998,20220617
30,대전광역시,6,토요일,1,현지인(a),738853.5,20220618
30,대전광역시,6,토요일,2,외지인(b),281326.5,20220618
30,대전광역시,6,토요일,3,외국인(c),732.9099999999999,20220618
30,대전광역시,7,일요일,1,현지인(a),714931.0,20220619
30,대전광역시,7,일요일,2,외지인(b),236687.5,20220619
30,대전광역시,7,일요일,3,외국인(c),704.76,20220619
30,대전광역시,1,월요일,1,현지인(a),801360.0,20220620
30,대전광역시,1,월요일,2,외지인(b),177306.5,20220620
30,대전광역시,1,월요일,3,외국인(c),736.2399999999998,20220620
30,대전광역시,2,화요일,1,현지인(a),801076.5,20220621
30,대전광역시,2,화요일,2,외지인(b),184985.5,20220621
30,대전광역시,2,화요일,3,외국인(c),743.1099999999997,20220621
30,대전광역시,3,수요일,1,현지인(a),801538.5,20220622
30,대전광역시,3,수요일,2,외지인(b),187439.0,20220622
30,대전광역시,3,수요일,3,외국인(c),751.8800000000001,20220622
30,대전광역시,4,목요일,1,현지인(a),783153.0,20220623
30,대전광역시,4,목요일,2,외지인(b),184933.0,20220623
30,대전광역시,4,목요일,3,외국인(c),730.3500000000001,20220623
30,대전광역시,5,금요일,1,현지인(a),803481.0,20220624
30,대전광역시,5,금요일,2,외지인(b),216744.5,20220624
30,대전광역시,5,금요일,3,외국인(c),733.7499999999998,20220624
30,대전광역시,6,토요일,1,현지인(a),727839.0,20220625
30,대전광역시,6,토요일,2,외지인(b),296033.5,20220625
30,대전광역시,6,토요일,3,외국인(c),743.2400000000001,20220625
30,대전광역시,7,일요일,1,현지인(a),702093.0,20220626
30,대전광역시,7,일요일,2,외지인(b),246228.5,20220626
30,대전광역시,7,일요일,3,외국인(c),702.9999999999997,20220626
30,대전광역시,1,월요일,1,현지인(a),783524.0,20220627
30,대전광역시,1,월요일,2,외지인(b),187201.0,20220627
30,대전광역시,1,월요일,3,외국인(c),743.98,20220627
30,대전광역시,2,화요일,1,현지인(a),790300.0,20220628
30,대전광역시,2,화요일,2,외지인(b),192409.0,20220628
30,대전광역시,2,화요일,3,외국인(c),749.8599999999999,20220628
30,대전광역시,3,수요일,1,현지인(a),789131.0,20220629
30,대전광역시,3,수요일,2,외지인(b),189588.0,20220629
30,대전광역시,3,수요일,3,외국인(c),758.1199999999998,20220629
30,대전광역시,4,목요일,1,현지인(a),788588.5,20220630
30,대전광역시,4,목요일,2,외지인(b),193074.0,20220630
30,대전광역시,4,목요일,3,외국인(c),759.71,20220630
30,대전광역시,5,금요일,1,현지인(a),803600.0,20220701
30,대전광역시,5,금요일,2,외지인(b),190680.0,20220701
30,대전광역시,5,금요일,3,외국인(c),831.7300000000001,20220701
30,대전광역시,6,토요일,1,현지인(a),723075.5,20220702
30,대전광역시,6,토요일,2,외지인(b),271572.0,20220702
30,대전광역시,6,토요일,3,외국인(c),842.79,20220702
30,대전광역시,7,일요일,1,현지인(a),697060.0,20220703
30,대전광역시,7,일요일,2,외지인(b),227129.0,20220703
30,대전광역시,7,일요일,3,외국인(c),803.01,20220703
30,대전광역시,1,월요일,1,현지인(a),786656.5,20220704
30,대전광역시,1,월요일,2,외지인(b),159768.0,20220704
30,대전광역시,1,월요일,3,외국인(c),821.3100000000001,20220704
30,대전광역시,2,화요일,1,현지인(a),792050.0,20220705
30,대전광역시,2,화요일,2,외지인(b),160989.5,20220705
30,대전광역시,2,화요일,3,외국인(c),858.9099999999999,20220705
30,대전광역시,3,수요일,1,현지인(a),795707.5,20220706
30,대전광역시,3,수요일,2,외지인(b),162575.0,20220706
30,대전광역시,3,수요일,3,외국인(c),879.1899999999996,20220706
30,대전광역시,4,목요일,1,현지인(a),788165.0,20220707
30,대전광역시,4,목요일,2,외지인(b),168875.0,20220707
30,대전광역시,4,목요일,3,외국인(c),884.2500000000002,20220707
30,대전광역시,5,금요일,1,현지인(a),800968.0,20220708
30,대전광역시,5,금요일,2,외지인(b),196434.0,20220708
30,대전광역시,5,금요일,3,외국인(c),870.5699999999999,20220708
30,대전광역시,6,토요일,1,현지인(a),724741.5,20220709
30,대전광역시,6,토요일,2,외지인(b),270826.5,20220709
30,대전광역시,6,토요일,3,외국인(c),842.2600000000001,20220709
30,대전광역시,7,일요일,1,현지인(a),698243.0,20220710
30,대전광역시,7,일요일,2,외지인(b),225263.5,20220710
30,대전광역시,7,일요일,3,외국인(c),817.6699999999998,20220710
30,대전광역시,1,월요일,1,현지인(a),784581.0,20220711
30,대전광역시,1,월요일,2,외지인(b),170149.0,20220711
30,대전광역시,1,월요일,3,외국인(c),818.8699999999998,20220711
30,대전광역시,2,화요일,1,현지인(a),788389.0,20220712
30,대전광역시,2,화요일,2,외지인(b),173446.0,20220712
30,대전광역시,2,화요일,3,외국인(c),848.2299999999999,20220712
30,대전광역시,3,수요일,1,현지인(a),782386.5,20220713
30,대전광역시,3,수요일,2,외지인(b),174317.5,20220713
30,대전광역시,3,수요일,3,외국인(c),818.7500000000002,20220713
30,대전광역시,4,목요일,1,현지인(a),792095.5,20220714
30,대전광역시,4,목요일,2,외지인(b),181034.0,20220714
30,대전광역시,4,목요일,3,외국인(c),753.9600000000002,20220714
30,대전광역시,5,금요일,1,현지인(a),799991.5,20220715
30,대전광역시,5,금요일,2,외지인(b),207441.5,20220715
30,대전광역시,5,금요일,3,외국인(c),737.4000000000002,20220715
30,대전광역시,6,토요일,1,현지인(a),724416.0,20220716
30,대전광역시,6,토요일,2,외지인(b),276143.0,20220716
30,대전광역시,6,토요일,3,외국인(c),882.6200000000001,20220716
30,대전광역시,7,일요일,1,현지인(a),699345.5,20220717
30,대전광역시,7,일요일,2,외지인(b),233747.5,20220717
30,대전광역시,7,일요일,3,외국인(c),904.7,20220717
30,대전광역시,1,월요일,1,현지인(a),760931.5,20220718
30,대전광역시,1,월요일,2,외지인(b),174933.5,20220718
30,대전광역시,1,월요일,3,외국인(c),933.4699999999999,20220718
30,대전광역시,2,화요일,1,현지인(a),787195.5,20220719
30,대전광역시,2,화요일,2,외지인(b),186147.5,20220719
30,대전광역시,2,화요일,3,외국인(c),958.5299999999999,20220719
30,대전광역시,3,수요일,1,현지인(a),786355.5,20220720
30,대전광역시,3,수요일,2,외지인(b),191982.0,20220720
30,대전광역시,3,수요일,3,외국인(c),952.6799999999997,20220720
30,대전광역시,4,목요일,1,현지인(a),775537.0,20220721
30,대전광역시,4,목요일,2,외지인(b),193847.5,20220721
30,대전광역시,4,목요일,3,외국인(c),941.3399999999997,20220721
30,대전광역시,5,금요일,1,현지인(a),782460.0,20220722
30,대전광역시,5,금요일,2,외지인(b),222033.0,20220722
30,대전광역시,5,금요일,3,외국인(c),977.71,20220722
30,대전광역시,6,토요일,1,현지인(a),711459.0,20220723
30,대전광역시,6,토요일,2,외지인(b),280360.5,20220723
30,대전광역시,6,토요일,3,외국인(c),938.1,20220723
30,대전광역시,7,일요일,1,현지인(a),681551.5,20220724
30,대전광역시,7,일요일,2,외지인(b),241983.0,20220724
30,대전광역시,7,일요일,3,외국인(c),932.0699999999999,20220724
30,대전광역시,1,월요일,1,현지인(a),764484.0,20220725
30,대전광역시,1,월요일,2,외지인(b),204102.5,20220725
30,대전광역시,1,월요일,3,외국인(c),918.36,20220725
30,대전광역시,2,화요일,1,현지인(a),766472.0,20220726
30,대전광역시,2,화요일,2,외지인(b),203780.5,20220726
30,대전광역시,2,화요일,3,외국인(c),931.8000000000001,20220726
30,대전광역시,3,수요일,1,현지인(a),765450.0,20220727
30,대전광역시,3,수요일,2,외지인(b),207105.5,20220727
30,대전광역시,3,수요일,3,외국인(c),914.5899999999998,20220727
30,대전광역시,4,목요일,1,현지인(a),753861.5,20220728
30,대전광역시,4,목요일,2,외지인(b),213748.5,20220728
30,대전광역시,4,목요일,3,외국인(c),910.6399999999996,20220728
30,대전광역시,5,금요일,1,현지인(a),754764.5,20220729
30,대전광역시,5,금요일,2,외지인(b),242350.5,20220729
30,대전광역시,5,금요일,3,외국인(c),923.0400000000001,20220729
30,대전광역시,6,토요일,1,현지인(a),690326.0,20220730
30,대전광역시,6,토요일,2,외지인(b),295914.5,20220730
30,대전광역시,6,토요일,3,외국인(c),917.47,20220730
30,대전광역시,7,일요일,1,현지인(a),662245.5,20220731
30,대전광역시,7,일요일,2,외지인(b),265860.0,20220731
30,대전광역시,7,일요일,3,외국인(c),884.6500000000002,20220731
30,대전광역시,1,월요일,1,현지인(a),742994.0,20220801
30,대전광역시,1,월요일,2,외지인(b),181930.0,20220801
30,대전광역시,1,월요일,3,외국인(c),1022.7599999999999,20220801
30,대전광역시,2,화요일,1,현지인(a),746021.5,20220802
30,대전광역시,2,화요일,2,외지인(b),181562.5,20220802
30,대전광역시,2,화요일,3,외국인(c),1052.6199999999997,20220802
30,대전광역시,3,수요일,1,현지인(a),755275.5,20220803
30,대전광역시,3,수요일,2,외지인(b),182805.0,20220803
30,대전광역시,3,수요일,3,외국인(c),1001.93,20220803
30,대전광역시,4,목요일,1,현지인(a),748842.5,20220804
30,대전광역시,4,목요일,2,외지인(b),181653.5,20220804
30,대전광역시,4,목요일,3,외국인(c),1033.1699999999998,20220804
30,대전광역시,5,금요일,1,현지인(a),750214.5,20220805
30,대전광역시,5,금요일,2,외지인(b),197239.0,20220805
30,대전광역시,5,금요일,3,외국인(c),1016.22,20220805
30,대전광역시,6,토요일,1,현지인(a),693343.0,20220806
30,대전광역시,6,토요일,2,외지인(b),245224.0,20220806
30,대전광역시,6,토요일,3,외국인(c),961.29,20220806
30,대전광역시,7,일요일,1,현지인(a),676154.5,20220807
30,대전광역시,7,일요일,2,외지인(b),205380.0,20220807
30,대전광역시,7,일요일,3,외국인(c),970.88,20220807
30,대전광역시,1,월요일,1,현지인(a),751303.0,20220808
30,대전광역시,1,월요일,2,외지인(b),168595.0,20220808
30,대전광역시,1,월요일,3,외국인(c),981.71,20220808
30,대전광역시,2,화요일,1,현지인(a),758142.0,20220809
30,대전광역시,2,화요일,2,외지인(b),166470.5,20220809
30,대전광역시,2,화요일,3,외국인(c),958.6999999999997,20220809
30,대전광역시,3,수요일,1,현지인(a),741643.0,20220810
30,대전광역시,3,수요일,2,외지인(b),162305.5,20220810
30,대전광역시,3,수요일,3,외국인(c),994.73,20220810
30,대전광역시,4,목요일,1,현지인(a),736305.5,20220811
30,대전광역시,4,목요일,2,외지인(b),163866.5,20220811
30,대전광역시,4,목요일,3,외국인(c),977.48,20220811
30,대전광역시,5,금요일,1,현지인(a),766993.5,20220812
30,대전광역시,5,금요일,2,외지인(b),207455.5,20220812
30,대전광역시,5,금요일,3,외국인(c),998.5400000000001,20220812
30,대전광역시,6,토요일,1,현지인(a),680540.0,20220813
30,대전광역시,6,토요일,2,외지인(b),256914.0,20220813
30,대전광역시,6,토요일,3,외국인(c),987.36,20220813
30,대전광역시,7,일요일,1,현지인(a),645659.0,20220814
30,대전광역시,7,일요일,2,외지인(b),245332.5,20220814
30,대전광역시,7,일요일,3,외국인(c),978.6699999999998,20220814
30,대전광역시,1,월요일,1,현지인(a),672994.0,20220815
30,대전광역시,1,월요일,2,외지인(b),213062.5,20220815
30,대전광역시,1,월요일,3,외국인(c),960.48,20220815
30,대전광역시,2,화요일,1,현지인(a),762107.5,20220816
30,대전광역시,2,화요일,2,외지인(b),178426.5,20220816
30,대전광역시,2,화요일,3,외국인(c),989.7400000000002,20220816
30,대전광역시,3,수요일,1,현지인(a),766801.0,20220817
30,대전광역시,3,수요일,2,외지인(b),181163.5,20220817
30,대전광역시,3,수요일,3,외국인(c),995.6599999999996,20220817
30,대전광역시,4,목요일,1,현지인(a),768236.0,20220818
30,대전광역시,4,목요일,2,외지인(b),186158.0,20220818
30,대전광역시,4,목요일,3,외국인(c),1038.04,20220818
30,대전광역시,5,금요일,1,현지인(a),774651.5,20220819
30,대전광역시,5,금요일,2,외지인(b),204851.5,20220819
30,대전광역시,5,금요일,3,외국인(c),1016.9999999999999,20220819
30,대전광역시,6,토요일,1,현지인(a),706069.0,20220820
30,대전광역시,6,토요일,2,외지인(b),262339.0,20220820
30,대전광역시,6,토요일,3,외국인(c),1045.3499999999997,20220820
30,대전광역시,7,일요일,1,현지인(a),682552.5,20220821
30,대전광역시,7,일요일,2,외지인(b),225263.5,20220821
30,대전광역시,7,일요일,3,외국인(c),1005.88,20220821
30,대전광역시,1,월요일,1,현지인(a),767305.0,20220822
30,대전광역시,1,월요일,2,외지인(b),178402.0,20220822
30,대전광역시,1,월요일,3,외국인(c),1048.2899999999997,20220822
30,대전광역시,2,화요일,1,현지인(a),760280.5,20220823
30,대전광역시,2,화요일,2,외지인(b),180624.5,20220823
30,대전광역시,2,화요일,3,외국인(c),1074.8600000000001,20220823
30,대전광역시,3,수요일,1,현지인(a),779768.5,20220824
30,대전광역시,3,수요일,2,외지인(b),188041.0,20220824
30,대전광역시,3,수요일,3,외국인(c),1101.0199999999998,20220824
30,대전광역시,4,목요일,1,현지인(a),774616.5,20220825
30,대전광역시,4,목요일,2,외지인(b),195258.0,20220825
30,대전광역시,4,목요일,3,외국인(c),1143.2300000000002,20220825
30,대전광역시,5,금요일,1,현지인(a),789225.5,20220826
30,대전광역시,5,금요일,2,외지인(b),224672.0,20220826
30,대전광역시,5,금요일,3,외국인(c),1180.9299999999996,20220826
30,대전광역시,6,토요일,1,현지인(a),714875.0,20220827
30,대전광역시,6,토요일,2,외지인(b),302897.0,20220827
30,대전광역시,6,토요일,3,외국인(c),1210.4099999999999,20220827
30,대전광역시,7,일요일,1,현지인(a),694099.0,20220828
30,대전광역시,7,일요일,2,외지인(b),266913.5,20220828
30,대전광역시,7,일요일,3,외국인(c),1145.1399999999999,20220828
30,대전광역시,1,월요일,1,현지인(a),776996.5,20220829
30,대전광역시,1,월요일,2,외지인(b),206293.5,20220829
30,대전광역시,1,월요일,3,외국인(c),1173.5999999999997,20220829
30,대전광역시,2,화요일,1,현지인(a),775292.0,20220830
30,대전광역시,2,화요일,2,외지인(b),205789.5,20220830
30,대전광역시,2,화요일,3,외국인(c),1241.5300000000002,20220830
30,대전광역시,3,수요일,1,현지인(a),794661.0,20220831
30,대전광역시,3,수요일,2,외지인(b),216216.0,20220831
30,대전광역시,3,수요일,3,외국인(c),1308.7199999999998,20220831
30,대전광역시,4,목요일,1,현지인(a),802952.5,20220901
30,대전광역시,4,목요일,2,외지인(b),180810.0,20220901
30,대전광역시,4,목요일,3,외국인(c),1188.7100000000003,20220901
30,대전광역시,5,금요일,1,현지인(a),809487.0,20220902
30,대전광역시,5,금요일,2,외지인(b),200417.0,20220902
30,대전광역시,5,금요일,3,외국인(c),1147.46,20220902
30,대전광역시,6,토요일,1,현지인(a),737264.5,20220903
30,대전광역시,6,토요일,2,외지인(b),279002.5,20220903
30,대전광역시,6,토요일,3,외국인(c),1136.8100000000004,20220903
30,대전광역시,7,일요일,1,현지인(a),714556.5,20220904
30,대전광역시,7,일요일,2,외지인(b),227657.5,20220904
30,대전광역시,7,일요일,3,외국인(c),1114.2200000000003,20220904
30,대전광역시,1,월요일,1,현지인(a),780545.5,20220905
30,대전광역시,1,월요일,2,외지인(b),170110.5,20220905
30,대전광역시,1,월요일,3,외국인(c),1106.8899999999999,20220905
30,대전광역시,2,화요일,1,현지인(a),805098.0,20220906
30,대전광역시,2,화요일,2,외지인(b),171916.5,20220906
30,대전광역시,2,화요일,3,외국인(c),1110.6000000000001,20220906
30,대전광역시,3,수요일,1,현지인(a),821457.0,20220907
30,대전광역시,3,수요일,2,외지인(b),197806.0,20220907
30,대전광역시,3,수요일,3,외국인(c),1117.8500000000001,20220907
30,대전광역시,4,목요일,1,현지인(a),821726.5,20220908
30,대전광역시,4,목요일,2,외지인(b),241496.5,20220908
30,대전광역시,4,목요일,3,외국인(c),1119.73,20220908
30,대전광역시,5,금요일,1,현지인(a),637640.5,20220909
30,대전광역시,5,금요일,2,외지인(b),348120.5,20220909
30,대전광역시,5,금요일,3,외국인(c),1104.7800000000002,20220909
30,대전광역시,6,토요일,1,현지인(a),561858.5,20220910
30,대전광역시,6,토요일,2,외지인(b),427798.0,20220910
30,대전광역시,6,토요일,3,외국인(c),1049.92,20220910
30,대전광역시,7,일요일,1,현지인(a),629734.0,20220911
30,대전광역시,7,일요일,2,외지인(b),348894.0,20220911
30,대전광역시,7,일요일,3,외국인(c),1021.6599999999999,20220911
30,대전광역시,1,월요일,1,현지인(a),689979.5,20220912
30,대전광역시,1,월요일,2,외지인(b),258744.5,20220912
30,대전광역시,1,월요일,3,외국인(c),1064.7599999999998,20220912
30,대전광역시,2,화요일,1,현지인(a),803337.5,20220913
30,대전광역시,2,화요일,2,외지인(b),199363.5,20220913
30,대전광역시,2,화요일,3,외국인(c),1111.52,20220913
30,대전광역시,3,수요일,1,현지인(a),808048.5,20220914
30,대전광역시,3,수요일,2,외지인(b),201012.0,20220914
30,대전광역시,3,수요일,3,외국인(c),1129.48,20220914
30,대전광역시,4,목요일,1,현지인(a),802592.0,20220915
30,대전광역시,4,목요일,2,외지인(b),209699.0,20220915
30,대전광역시,4,목요일,3,외국인(c),1148.8400000000001,20220915
30,대전광역시,5,금요일,1,현지인(a),811755.0,20220916
30,대전광역시,5,금요일,2,외지인(b),224812.0,20220916
30,대전광역시,5,금요일,3,외국인(c),1150.1499999999994,20220916
30,대전광역시,6,토요일,1,현지인(a),735423.5,20220917
30,대전광역시,6,토요일,2,외지인(b),290993.5,20220917
30,대전광역시,6,토요일,3,외국인(c),1163.5900000000004,20220917
30,대전광역시,7,일요일,1,현지인(a),713506.5,20220918
30,대전광역시,7,일요일,2,외지인(b),252084.0,20220918
30,대전광역시,7,일요일,3,외국인(c),1152.3200000000002,20220918
30,대전광역시,1,월요일,1,현지인(a),810103.0,20220919
30,대전광역시,1,월요일,2,외지인(b),204494.5,20220919
30,대전광역시,1,월요일,3,외국인(c),1208.39,20220919
30,대전광역시,2,화요일,1,현지인(a),815717.0,20220920
30,대전광역시,2,화요일,2,외지인(b),215743.5,20220920
30,대전광역시,2,화요일,3,외국인(c),1275.6299999999999,20220920
30,대전광역시,3,수요일,1,현지인(a),819728.0,20220921
30,대전광역시,3,수요일,2,외지인(b),219740.5,20220921
30,대전광역시,3,수요일,3,외국인(c),1262.0699999999993,20220921
30,대전광역시,4,목요일,1,현지인(a),816319.0,20220922
30,대전광역시,4,목요일,2,외지인(b),221749.5,20220922
30,대전광역시,4,목요일,3,외국인(c),1238.639999999999,20220922
30,대전광역시,5,금요일,1,현지인(a),821170.0,20220923
30,대전광역시,5,금요일,2,외지인(b),239008.0,20220923
30,대전광역시,5,금요일,3,외국인(c),1220.5299999999997,20220923
30,대전광역시,6,토요일,1,현지인(a),747320.0,20220924
30,대전광역시,6,토요일,2,외지인(b),310488.5,20220924
30,대전광역시,6,토요일,3,외국인(c),1178.32,20220924
30,대전광역시,7,일요일,1,현지인(a),720107.5,20220925
30,대전광역시,7,일요일,2,외지인(b),267057.0,20220925
30,대전광역시,7,일요일,3,외국인(c),1148.9299999999996,20220925
30,대전광역시,1,월요일,1,현지인(a),812563.5,20220926
30,대전광역시,1,월요일,2,외지인(b),217703.5,20220926
30,대전광역시,1,월요일,3,외국인(c),1179.3799999999999,20220926
30,대전광역시,2,화요일,1,현지인(a),811993.0,20220927
30,대전광역시,2,화요일,2,외지인(b),222201.0,20220927
30,대전광역시,2,화요일,3,외국인(c),1230.1499999999994,20220927
30,대전광역시,3,수요일,1,현지인(a),818821.5,20220928
30,대전광역시,3,수요일,2,외지인(b),225008.0,20220928
30,대전광역시,3,수요일,3,외국인(c),1248.5899999999997,20220928
30,대전광역시,4,목요일,1,현지인(a),815794.0,20220929
30,대전광역시,4,목요일,2,외지인(b),229054.0,20220929
30,대전광역시,4,목요일,3,외국인(c),1231.689999999999,20220929
30,대전광역시,5,금요일,1,현지인(a),821390.5,20220930
30,대전광역시,5,금요일,2,외지인(b),248902.5,20220930
30,대전광역시,5,금요일,3,외국인(c),1210.7699999999993,20220930
30,대전광역시,6,토요일,1,현지인(a),738146.5,20221001
30,대전광역시,6,토요일,2,외지인(b),269339.0,20221001
30,대전광역시,6,토요일,3,외국인(c),1304.1400000000012,20221001
30,대전광역시,7,일요일,1,현지인(a),701316.0,20221002
30,대전광역시,7,일요일,2,외지인(b),269622.5,20221002
30,대전광역시,7,일요일,3,외국인(c),1246.91,20221002
30,대전광역시,1,월요일,1,현지인(a),713811.0,20221003
30,대전광역시,1,월요일,2,외지인(b),205191.0,20221003
30,대전광역시,1,월요일,3,외국인(c),1309.5600000000002,20221003
30,대전광역시,2,화요일,1,현지인(a),808192.0,20221004
30,대전광역시,2,화요일,2,외지인(b),149576.0,20221004
30,대전광역시,2,화요일,3,외국인(c),1379.54,20221004
30,대전광역시,3,수요일,1,현지인(a),813998.5,20221005
30,대전광역시,3,수요일,2,외지인(b),156320.5,20221005
30,대전광역시,3,수요일,3,외국인(c),1415.840000000001,20221005
30,대전광역시,4,목요일,1,현지인(a),809165.0,20221006
30,대전광역시,4,목요일,2,외지인(b),164143.0,20221006
30,대전광역시,4,목요일,3,외국인(c),1386.51,20221006
30,대전광역시,5,금요일,1,현지인(a),818909.0,20221007
30,대전광역시,5,금요일,2,외지인(b),195797.0,20221007
30,대전광역시,5,금요일,3,외국인(c),1366.1700000000003,20221007
30,대전광역시,6,토요일,1,현지인(a),732581.5,20221008
30,대전광역시,6,토요일,2,외지인(b),286783.0,20221008
30,대전광역시,6,토요일,3,외국인(c),1337.5,20221008
30,대전광역시,7,일요일,1,현지인(a),670547.5,20221009
30,대전광역시,7,일요일,2,외지인(b),263532.5,20221009
30,대전광역시,7,일요일,3,외국인(c),1367.4800000000002,20221009
30,대전광역시,1,월요일,1,현지인(a),706982.5,20221010
30,대전광역시,1,월요일,2,외지인(b),213825.5,20221010
30,대전광역시,1,월요일,3,외국인(c),1453.3600000000006,20221010
30,대전광역시,2,화요일,1,현지인(a),806494.5,20221011
30,대전광역시,2,화요일,2,외지인(b),163964.5,20221011
30,대전광역시,2,화요일,3,외국인(c),1568.5600000000002,20221011
30,대전광역시,3,수요일,1,현지인(a),811156.5,20221012
30,대전광역시,3,수요일,2,외지인(b),171419.5,20221012
30,대전광역시,3,수요일,3,외국인(c),1659.3999999999999,20221012
30,대전광역시,4,목요일,1,현지인(a),807376.5,20221013
30,대전광역시,4,목요일,2,외지인(b),178293.5,20221013
30,대전광역시,4,목요일,3,외국인(c),1647.7100000000007,20221013
30,대전광역시,5,금요일,1,현지인(a),820148.0,20221014
30,대전광역시,5,금요일,2,외지인(b),206160.5,20221014
30,대전광역시,5,금요일,3,외국인(c),1610.0899999999995,20221014
30,대전광역시,6,토요일,1,현지인(a),745059.0,20221015
30,대전광역시,6,토요일,2,외지인(b),285190.5,20221015
30,대전광역시,6,토요일,3,외국인(c),1531.37,20221015
30,대전광역시,7,일요일,1,현지인(a),713132.0,20221016
30,대전광역시,7,일요일,2,외지인(b),235434.5,20221016
30,대전광역시,7,일요일,3,외국인(c),1316.6900000000003,20221016
30,대전광역시,1,월요일,1,현지인(a),767830.0,20221017
30,대전광역시,1,월요일,2,외지인(b),167685.0,20221017
30,대전광역시,1,월요일,3,외국인(c),1336.6699999999996,20221017
30,대전광역시,2,화요일,1,현지인(a),796957.0,20221018
30,대전광역시,2,화요일,2,외지인(b),177061.5,20221018
30,대전광역시,2,화요일,3,외국인(c),1405.28,20221018
30,대전광역시,3,수요일,1,현지인(a),801710.0,20221019
30,대전광역시,3,수요일,2,외지인(b),181860.0,20221019
30,대전광역시,3,수요일,3,외국인(c),1414.4399999999996,20221019
30,대전광역시,4,목요일,1,현지인(a),802007.5,20221020
30,대전광역시,4,목요일,2,외지인(b),185416.0,20221020
30,대전광역시,4,목요일,3,외국인(c),1442.82,20221020
30,대전광역시,5,금요일,1,현지인(a),808731.0,20221021
30,대전광역시,5,금요일,2,외지인(b),217402.5,20221021
30,대전광역시,5,금요일,3,외국인(c),1447.2700000000002,20221021
30,대전광역시,6,토요일,1,현지인(a),736592.5,20221022
30,대전광역시,6,토요일,2,외지인(b),301115.5,20221022
30,대전광역시,6,토요일,3,외국인(c),1269.1000000000004,20221022
30,대전광역시,7,일요일,1,현지인(a),712687.5,20221023
30,대전광역시,7,일요일,2,외지인(b),251181.0,20221023
30,대전광역시,7,일요일,3,외국인(c),1263.8600000000001,20221023
30,대전광역시,1,월요일,1,현지인(a),794843.0,20221024
30,대전광역시,1,월요일,2,외지인(b),181968.5,20221024
30,대전광역시,1,월요일,3,외국인(c),1308.4000000000005,20221024
30,대전광역시,2,화요일,1,현지인(a),798269.5,20221025
30,대전광역시,2,화요일,2,외지인(b),187915.0,20221025
30,대전광역시,2,화요일,3,외국인(c),1391.7100000000005,20221025
30,대전광역시,3,수요일,1,현지인(a),801738.0,20221026
30,대전광역시,3,수요일,2,외지인(b),193137.0,20221026
30,대전광역시,3,수요일,3,외국인(c),1339.4900000000005,20221026
30,대전광역시,4,목요일,1,현지인(a),797370.0,20221027
30,대전광역시,4,목요일,2,외지인(b),197585.5,20221027
30,대전광역시,4,목요일,3,외국인(c),1318.29,20221027
30,대전광역시,5,금요일,1,현지인(a),808983.0,20221028
30,대전광역시,5,금요일,2,외지인(b),228340.0,20221028
30,대전광역시,5,금요일,3,외국인(c),1299.86,20221028
30,대전광역시,6,토요일,1,현지인(a),736617.0,20221029
30,대전광역시,6,토요일,2,외지인(b),310873.5,20221029
30,대전광역시,6,토요일,3,외국인(c),1288.24,20221029
30,대전광역시,7,일요일,1,현지인(a),714427.0,20221030
30,대전광역시,7,일요일,2,외지인(b),262290.0,20221030
30,대전광역시,7,일요일,3,외국인(c),1245.5700000000002,20221030
30,대전광역시,1,월요일,1,현지인(a),797321.0,20221031
30,대전광역시,1,월요일,2,외지인(b),190760.5,20221031
30,대전광역시,1,월요일,3,외국인(c),1278.93,20221031
30,대전광역시,2,화요일,1,현지인(a),832709.5,20221101
30,대전광역시,2,화요일,2,외지인(b),146471.5,20221101
30,대전광역시,2,화요일,3,외국인(c),1219.79,20221101
30,대전광역시,3,수요일,1,현지인(a),834501.5,20221102
30,대전광역시,3,수요일,2,외지인(b),153342.0,20221102
30,대전광역시,3,수요일,3,외국인(c),1200.4499999999998,20221102
30,대전광역시,4,목요일,1,현지인(a),828019.5,20221103
30,대전광역시,4,목요일,2,외지인(b),162326.5,20221103
30,대전광역시,4,목요일,3,외국인(c),1254.6499999999999,20221103
30,대전광역시,5,금요일,1,현지인(a),827641.5,20221104
30,대전광역시,5,금요일,2,외지인(b),192398.5,20221104
30,대전광역시,5,금요일,3,외국인(c),1234.91,20221104
30,대전광역시,6,토요일,1,현지인(a),735913.5,20221105
30,대전광역시,6,토요일,2,외지인(b),273437.5,20221105
30,대전광역시,6,토요일,3,외국인(c),1209.39,20221105
30,대전광역시,7,일요일,1,현지인(a),718172.0,20221106
30,대전광역시,7,일요일,2,외지인(b),235616.5,20221106
30,대전광역시,7,일요일,3,외국인(c),1167.9900000000002,20221106
30,대전광역시,1,월요일,1,현지인(a),826598.5,20221107
30,대전광역시,1,월요일,2,외지인(b),163040.5,20221107
30,대전광역시,1,월요일,3,외국인(c),1191.4300000000003,20221107
30,대전광역시,2,화요일,1,현지인(a),831533.5,20221108
30,대전광역시,2,화요일,2,외지인(b),165137.0,20221108
30,대전광역시,2,화요일,3,외국인(c),1213.2600000000004,20221108
30,대전광역시,3,수요일,1,현지인(a),831673.5,20221109
30,대전광역시,3,수요일,2,외지인(b),167314.0,20221109
30,대전광역시,3,수요일,3,외국인(c),1212.59,20221109
30,대전광역시,4,목요일,1,현지인(a),830851.0,20221110
30,대전광역시,4,목요일,2,외지인(b),172077.5,20221110
30,대전광역시,4,목요일,3,외국인(c),1218.88,20221110
30,대전광역시,5,금요일,1,현지인(a),832832.0,20221111
30,대전광역시,5,금요일,2,외지인(b),204680.0,20221111
30,대전광역시,5,금요일,3,외국인(c),1241.52,20221111
30,대전광역시,6,토요일,1,현지인(a),735423.5,20221112
30,대전광역시,6,토요일,2,외지인(b),288067.5,20221112
30,대전광역시,6,토요일,3,외국인(c),1162.16,20221112
30,대전광역시,7,일요일,1,현지인(a),711774.0,20221113
30,대전광역시,7,일요일,2,외지인(b),239673.0,20221113
30,대전광역시,7,일요일,3,외국인(c),1175.91,20221113
30,대전광역시,1,월요일,1,현지인(a),819644.0,20221114
30,대전광역시,1,월요일,2,외지인(b),172788.0,20221114
30,대전광역시,1,월요일,3,외국인(c),1181.5500000000002,20221114
30,대전광역시,2,화요일,1,현지인(a),823259.5,20221115
30,대전광역시,2,화요일,2,외지인(b),176389.5,20221115
30,대전광역시,2,화요일,3,외국인(c),1250.8,20221115
30,대전광역시,3,수요일,1,현지인(a),829437.0,20221116
30,대전광역시,3,수요일,2,외지인(b),178094.0,20221116
30,대전광역시,3,수요일,3,외국인(c),1270.5999999999997,20221116
30,대전광역시,4,목요일,1,현지인(a),824008.5,20221117
30,대전광역시,4,목요일,2,외지인(b),185738.0,20221117
30,대전광역시,4,목요일,3,외국인(c),1252.7200000000005,20221117
30,대전광역시,5,금요일,1,현지인(a),823231.5,20221118
30,대전광역시,5,금요일,2,외지인(b),218417.5,20221118
30,대전광역시,5,금요일,3,외국인(c),1229.73,20221118
30,대전광역시,6,토요일,1,현지인(a),732014.5,20221119
30,대전광역시,6,토요일,2,외지인(b),308056.0,20221119
30,대전광역시,6,토요일,3,외국인(c),1219.9200000000005,20221119
30,대전광역시,7,일요일,1,현지인(a),718063.5,20221120
30,대전광역시,7,일요일,2,외지인(b),259094.5,20221120
30,대전광역시,7,일요일,3,외국인(c),1148.03,20221120
30,대전광역시,1,월요일,1,현지인(a),822787.0,20221121
30,대전광역시,1,월요일,2,외지인(b),182224.0,20221121
30,대전광역시,1,월요일,3,외국인(c),1159.0300000000002,20221121
30,대전광역시,2,화요일,1,현지인(a),820032.5,20221122
30,대전광역시,2,화요일,2,외지인(b),183417.5,20221122
30,대전광역시,2,화요일,3,외국인(c),1202.17,20221122
30,대전광역시,3,수요일,1,현지인(a),827855.0,20221123
30,대전광역시,3,수요일,2,외지인(b),188009.5,20221123
30,대전광역시,3,수요일,3,외국인(c),1186.4800000000005,20221123
30,대전광역시,4,목요일,1,현지인(a),822367.0,20221124
30,대전광역시,4,목요일,2,외지인(b),195783.0,20221124
30,대전광역시,4,목요일,3,외국인(c),1215.4300000000003,20221124
30,대전광역시,5,금요일,1,현지인(a),821709.0,20221125
30,대전광역시,5,금요일,2,외지인(b),226212.0,20221125
30,대전광역시,5,금요일,3,외국인(c),1240.0700000000006,20221125
30,대전광역시,6,토요일,1,현지인(a),727496.0,20221126
30,대전광역시,6,토요일,2,외지인(b),307013.0,20221126
30,대전광역시,6,토요일,3,외국인(c),1221.9099999999999,20221126
30,대전광역시,7,일요일,1,현지인(a),707801.5,20221127
30,대전광역시,7,일요일,2,외지인(b),259007.0,20221127
30,대전광역시,7,일요일,3,외국인(c),1146.6899999999996,20221127
30,대전광역시,1,월요일,1,현지인(a),807684.5,20221128
30,대전광역시,1,월요일,2,외지인(b),186469.5,20221128
30,대전광역시,1,월요일,3,외국인(c),1149.15,20221128
30,대전광역시,2,화요일,1,현지인(a),814110.5,20221129
30,대전광역시,2,화요일,2,외지인(b),192878.0,20221129
30,대전광역시,2,화요일,3,외국인(c),1248.2699999999998,20221129
30,대전광역시,3,수요일,1,현지인(a),819535.5,20221130
30,대전광역시,3,수요일,2,외지인(b),193035.5,20221130
30,대전광역시,3,수요일,3,외국인(c),1282.1099999999992,20221130
30,대전광역시,4,목요일,1,현지인(a),806190.0,20221201
30,대전광역시,4,목요일,2,외지인(b),147339.5,20221201
30,대전광역시,4,목요일,3,외국인(c),1144.69,20221201
30,대전광역시,5,금요일,1,현지인(a),812248.5,20221202
30,대전광역시,5,금요일,2,외지인(b),184551.5,20221202
30,대전광역시,5,금요일,3,외국인(c),1163.0299999999997,20221202
30,대전광역시,6,토요일,1,현지인(a),731780.0,20221203
30,대전광역시,6,토요일,2,외지인(b),273710.5,20221203
30,대전광역시,6,토요일,3,외국인(c),1123.9899999999998,20221203
30,대전광역시,7,일요일,1,현지인(a),708844.5,20221204
30,대전광역시,7,일요일,2,외지인(b),229106.5,20221204
30,대전광역시,7,일요일,3,외국인(c),1067.1899999999998,20221204
30,대전광역시,1,월요일,1,현지인(a),801685.5,20221205
30,대전광역시,1,월요일,2,외지인(b),153233.5,20221205
30,대전광역시,1,월요일,3,외국인(c),1135.45,20221205
30,대전광역시,2,화요일,1,현지인(a),802336.5,20221206
30,대전광역시,2,화요일,2,외지인(b),152789.0,20221206
30,대전광역시,2,화요일,3,외국인(c),1200.0499999999997,20221206
30,대전광역시,3,수요일,1,현지인(a),811405.0,20221207
30,대전광역시,3,수요일,2,외지인(b),157594.5,20221207
30,대전광역시,3,수요일,3,외국인(c),1157.6200000000001,20221207
30,대전광역시,4,목요일,1,현지인(a),808185.0,20221208
30,대전광역시,4,목요일,2,외지인(b),164297.0,20221208
30,대전광역시,4,목요일,3,외국인(c),1136.62,20221208
30,대전광역시,5,금요일,1,현지인(a),816172.0,20221209
30,대전광역시,5,금요일,2,외지인(b),196346.5,20221209
30,대전광역시,5,금요일,3,외국인(c),1189.8700000000003,20221209
30,대전광역시,6,토요일,1,현지인(a),736865.5,20221210
30,대전광역시,6,토요일,2,외지인(b),285901.0,20221210
30,대전광역시,6,토요일,3,외국인(c),1180.34,20221210
30,대전광역시,7,일요일,1,현지인(a),713870.5,20221211
30,대전광역시,7,일요일,2,외지인(b),237671.0,20221211
30,대전광역시,7,일요일,3,외국인(c),1152.9300000000003,20221211
30,대전광역시,1,월요일,1,현지인(a),798829.5,20221212
30,대전광역시,1,월요일,2,외지인(b),167041.0,20221212
30,대전광역시,1,월요일,3,외국인(c),1186.88,20221212
30,대전광역시,2,화요일,1,현지인(a),791458.5,20221213
30,대전광역시,2,화요일,2,외지인(b),163331.0,20221213
30,대전광역시,2,화요일,3,외국인(c),1249.1399999999999,20221213
30,대전광역시,3,수요일,1,현지인(a),796859.0,20221214
30,대전광역시,3,수요일,2,외지인(b),159222.0,20221214
30,대전광역시,3,수요일,3,외국인(c),1264.7500000000002,20221214
30,대전광역시,4,목요일,1,현지인(a),802854.5,20221215
30,대전광역시,4,목요일,2,외지인(b),171293.5,20221215
30,대전광역시,4,목요일,3,외국인(c),1243.71,20221215
30,대전광역시,5,금요일,1,현지인(a),806935.5,20221216
30,대전광역시,5,금요일,2,외지인(b),208677.0,20221216
30,대전광역시,5,금요일,3,외국인(c),1167.7599999999995,20221216
30,대전광역시,6,토요일,1,현지인(a),724829.0,20221217
30,대전광역시,6,토요일,2,외지인(b),280945.0,20221217
30,대전광역시,6,토요일,3,외국인(c),1137.8799999999999,20221217
30,대전광역시,7,일요일,1,현지인(a),707014.0,20221218
30,대전광역시,7,일요일,2,외지인(b),240040.5,20221218
30,대전광역시,7,일요일,3,외국인(c),1117.64,20221218
30,대전광역시,1,월요일,1,현지인(a),787766.0,20221219
30,대전광역시,1,월요일,2,외지인(b),176676.5,20221219
30,대전광역시,1,월요일,3,외국인(c),1109.3099999999997,20221219
30,대전광역시,2,화요일,1,현지인(a),794839.5,20221220
30,대전광역시,2,화요일,2,외지인(b),186133.5,20221220
30,대전광역시,2,화요일,3,외국인(c),1183.65,20221220
30,대전광역시,3,수요일,1,현지인(a),780598.0,20221221
30,대전광역시,3,수요일,2,외지인(b),175175.0,20221221
30,대전광역시,3,수요일,3,외국인(c),1179.9800000000002,20221221
30,대전광역시,4,목요일,1,현지인(a),775579.0,20221222
30,대전광역시,4,목요일,2,외지인(b),179550.0,20221222
30,대전광역시,4,목요일,3,외국인(c),1179.5500000000004,20221222
30,대전광역시,5,금요일,1,현지인(a),779460.5,20221223
30,대전광역시,5,금요일,2,외지인(b),202996.5,20221223
30,대전광역시,5,금요일,3,외국인(c),1168.8400000000004,20221223
30,대전광역시,6,토요일,1,현지인(a),730397.5,20221224
30,대전광역시,6,토요일,2,외지인(b),283052.0,20221224
30,대전광역시,6,토요일,3,외국인(c),1167.8400000000001,20221224
30,대전광역시,7,일요일,1,현지인(a),702257.5,20221225
30,대전광역시,7,일요일,2,외지인(b),260386.0,20221225
30,대전광역시,7,일요일,3,외국인(c),1155.0999999999997,20221225
30,대전광역시,1,월요일,1,현지인(a),775537.0,20221226
30,대전광역시,1,월요일,2,외지인(b),201330.5,20221226
30,대전광역시,1,월요일,3,외국인(c),1213.56,20221226
30,대전광역시,2,화요일,1,현지인(a),779415.0,20221227
30,대전광역시,2,화요일,2,외지인(b),198730.0,20221227
30,대전광역시,2,화요일,3,외국인(c),1222.9900000000002,20221227
30,대전광역시,3,수요일,1,현지인(a),778347.5,20221228
30,대전광역시,3,수요일,2,외지인(b),200592.0,20221228
30,대전광역시,3,수요일,3,외국인(c),1190.8800000000003,20221228
30,대전광역시,4,목요일,1,현지인(a),775257.0,20221229
30,대전광역시,4,목요일,2,외지인(b),208064.5,20221229
30,대전광역시,4,목요일,3,외국인(c),1214.2700000000004,20221229
30,대전광역시,5,금요일,1,현지인(a),777017.5,20221230
30,대전광역시,5,금요일,2,외지인(b),250785.5,20221230
30,대전광역시,5,금요일,3,외국인(c),1286.1299999999999,20221230
30,대전광역시,6,토요일,1,현지인(a),714847.0,20221231
30,대전광역시,6,토요일,2,외지인(b),306876.5,20221231
30,대전광역시,6,토요일,3,외국인(c),1267.34,20221231
30,대전광역시,7,일요일,1,현지인(a),677187.0,20230101
30,대전광역시,7,일요일,2,외지인(b),212464.0,20230101
30,대전광역시,7,일요일,3,외국인(c),1346.16,20230101
30,대전광역시,1,월요일,1,현지인(a),771970.5,20230102
30,대전광역시,1,월요일,2,외지인(b),151893.0,20230102
30,대전광역시,1,월요일,3,외국인(c),1343.0200000000002,20230102
30,대전광역시,2,화요일,1,현지인(a),782190.5,20230103
30,대전광역시,2,화요일,2,외지인(b),152085.5,20230103
30,대전광역시,2,화요일,3,외국인(c),1237.1200000000001,20230103
30,대전광역시,3,수요일,1,현지인(a),788158.0,20230104
30,대전광역시,3,수요일,2,외지인(b),157465.0,20230104
30,대전광역시,3,수요일,3,외국인(c),1273.2200000000003,20230104
30,대전광역시,4,목요일,1,현지인(a),782390.0,20230105
30,대전광역시,4,목요일,2,외지인(b),162718.5,20230105
30,대전광역시,4,목요일,3,외국인(c),1327.2,20230105
30,대전광역시,5,금요일,1,현지인(a),788847.5,20230106
30,대전광역시,5,금요일,2,외지인(b),188902.0,20230106
30,대전광역시,5,금요일,3,외국인(c),1271.6700000000005,20230106
30,대전광역시,6,토요일,1,현지인(a),716789.5,20230107
30,대전광역시,6,토요일,2,외지인(b),263427.5,20230107
30,대전광역시,6,토요일,3,외국인(c),1287.4700000000003,20230107
30,대전광역시,7,일요일,1,현지인(a),694522.5,20230108
30,대전광역시,7,일요일,2,외지인(b),222453.0,20230108
30,대전광역시,7,일요일,3,외국인(c),1164.3100000000004,20230108
30,대전광역시,1,월요일,1,현지인(a),773101.0,20230109
30,대전광역시,1,월요일,2,외지인(b),171367.0,20230109
30,대전광역시,1,월요일,3,외국인(c),1210.4199999999996,20230109
30,대전광역시,2,화요일,1,현지인(a),782288.5,20230110
30,대전광역시,2,화요일,2,외지인(b),178626.0,20230110
30,대전광역시,2,화요일,3,외국인(c),1236.9600000000005,20230110
30,대전광역시,3,수요일,1,현지인(a),785004.5,20230111
30,대전광역시,3,수요일,2,외지인(b),182399.0,20230111
30,대전광역시,3,수요일,3,외국인(c),1190.41,20230111
30,대전광역시,4,목요일,1,현지인(a),784448.0,20230112
30,대전광역시,4,목요일,2,외지인(b),185710.0,20230112
30,대전광역시,4,목요일,3,외국인(c),1169.1699999999998,20230112
30,대전광역시,5,금요일,1,현지인(a),779653.0,20230113
30,대전광역시,5,금요일,2,외지인(b),203815.5,20230113
30,대전광역시,5,금요일,3,외국인(c),1143.7900000000002,20230113
30,대전광역시,6,토요일,1,현지인(a),716222.5,20230114
30,대전광역시,6,토요일,2,외지인(b),279709.5,20230114
30,대전광역시,6,토요일,3,외국인(c),1117.06,20230114
30,대전광역시,7,일요일,1,현지인(a),690158.0,20230115
30,대전광역시,7,일요일,2,외지인(b),225967.0,20230115
30,대전광역시,7,일요일,3,외국인(c),1234.6999999999998,20230115
30,대전광역시,1,월요일,1,현지인(a),774070.5,20230116
30,대전광역시,1,월요일,2,외지인(b),185104.5,20230116
30,대전광역시,1,월요일,3,외국인(c),1318.8199999999997,20230116
30,대전광역시,2,화요일,1,현지인(a),780818.5,20230117
30,대전광역시,2,화요일,2,외지인(b),189136.5,20230117
30,대전광역시,2,화요일,3,외국인(c),1380.7700000000002,20230117
30,대전광역시,3,수요일,1,현지인(a),787167.5,20230118
30,대전광역시,3,수요일,2,외지인(b),194120.5,20230118
30,대전광역시,3,수요일,3,외국인(c),1218.2199999999998,20230118
30,대전광역시,4,목요일,1,현지인(a),789897.5,20230119
30,대전광역시,4,목요일,2,외지인(b),202965.0,20230119
30,대전광역시,4,목요일,3,외국인(c),1175.7399999999996,20230119
30,대전광역시,5,금요일,1,현지인(a),784280.0,20230120
30,대전광역시,5,금요일,2,외지인(b),242945.5,20230120
30,대전광역시,5,금요일,3,외국인(c),1032.83,20230120
30,대전광역시,6,토요일,1,현지인(a),617529.5,20230121
30,대전광역시,6,토요일,2,외지인(b),353535.0,20230121
30,대전광역시,6,토요일,3,외국인(c),1071.31,20230121
30,대전광역시,7,일요일,1,현지인(a),557168.5,20230122
30,대전광역시,7,일요일,2,외지인(b),443786.0,20230122
30,대전광역시,7,일요일,3,외국인(c),1023.6799999999997,20230122
30,대전광역시,1,월요일,1,현지인(a),597716.0,20230123
30,대전광역시,1,월요일,2,외지인(b),360892.0,20230123
30,대전광역시,1,월요일,3,외국인(c),1007.0699999999998,20230123
30,대전광역시,2,화요일,1,현지인(a),643345.5,20230124
30,대전광역시,2,화요일,2,외지인(b),242343.5,20230124
30,대전광역시,2,화요일,3,외국인(c),1002.0899999999998,20230124
30,대전광역시,3,수요일,1,현지인(a),757872.5,20230125
30,대전광역시,3,수요일,2,외지인(b),188916.0,20230125
30,대전광역시,3,수요일,3,외국인(c),996.89,20230125
30,대전광역시,4,목요일,1,현지인(a),758831.5,20230126
30,대전광역시,4,목요일,2,외지인(b),180638.5,20230126
30,대전광역시,4,목요일,3,외국인(c),2266.5000000000005,20230126
30,대전광역시,5,금요일,1,현지인(a),779527.0,20230127
30,대전광역시,5,금요일,2,외지인(b),209877.5,20230127
30,대전광역시,5,금요일,3,외국인(c),1030.5599999999997,20230127
30,대전광역시,6,토요일,1,현지인(a),719005.0,20230128
30,대전광역시,6,토요일,2,외지인(b),272440.0,20230128
30,대전광역시,6,토요일,3,외국인(c),988.88,20230128
30,대전광역시,7,일요일,1,현지인(a),699016.5,20230129
30,대전광역시,7,일요일,2,외지인(b),231892.5,20230129
30,대전광역시,7,일요일,3,외국인(c),995.08,20230129
30,대전광역시,1,월요일,1,현지인(a),775386.5,20230130
30,대전광역시,1,월요일,2,외지인(b),197526.0,20230130
30,대전광역시,1,월요일,3,외국인(c),992.5999999999999,20230130
30,대전광역시,2,화요일,1,현지인(a),781889.5,20230131
30,대전광역시,2,화요일,2,외지인(b),200273.5,20230131
30,대전광역시,2,화요일,3,외국인(c),1019.3999999999999,20230131
30,대전광역시,3,수요일,1,현지인(a),790909.0,20230201
30,대전광역시,3,수요일,2,외지인(b),154983.5,20230201
30,대전광역시,3,수요일,3,외국인(c),1276.69,20230201
30,대전광역시,4,목요일,1,현지인(a),787629.5,20230202
30,대전광역시,4,목요일,2,외지인(b),160741.0,20230202
30,대전광역시,4,목요일,3,외국인(c),1329.0200000000004,20230202
30,대전광역시,5,금요일,1,현지인(a),798563.5,20230203
30,대전광역시,5,금요일,2,외지인(b),188601.0,20230203
30,대전광역시,5,금요일,3,외국인(c),1264.3600000000004,20230203
30,대전광역시,6,토요일,1,현지인(a),733705.0,20230204
30,대전광역시,6,토요일,2,외지인(b),268583.0,20230204
30,대전광역시,6,토요일,3,외국인(c),1221.0700000000002,20230204
30,대전광역시,7,일요일,1,현지인(a),710661.0,20230205
30,대전광역시,7,일요일,2,외지인(b),218540.0,20230205
30,대전광역시,7,일요일,3,외국인(c),1274.2400000000002,20230205
30,대전광역시,1,월요일,1,현지인(a),786632.0,20230206
30,대전광역시,1,월요일,2,외지인(b),165322.5,20230206
30,대전광역시,1,월요일,3,외국인(c),1318.98,20230206
30,대전광역시,2,화요일,1,현지인(a),788833.5,20230207
30,대전광역시,2,화요일,2,외지인(b),171549.0,20230207
30,대전광역시,2,화요일,3,외국인(c),1304.5400000000002,20230207
30,대전광역시,3,수요일,1,현지인(a),798686.0,20230208
30,대전광역시,3,수요일,2,외지인(b),178006.5,20230208
30,대전광역시,3,수요일,3,외국인(c),1457.65,20230208
30,대전광역시,4,목요일,1,현지인(a),796614.0,20230209
30,대전광역시,4,목요일,2,외지인(b),186858.0,20230209
30,대전광역시,4,목요일,3,외국인(c),1403.8600000000001,20230209
30,대전광역시,5,금요일,1,현지인(a),806207.5,20230210
30,대전광역시,5,금요일,2,외지인(b),207994.5,20230210
30,대전광역시,5,금요일,3,외국인(c),1385.5400000000002,20230210
30,대전광역시,6,토요일,1,현지인(a),736813.0,20230211
30,대전광역시,6,토요일,2,외지인(b),290251.5,20230211
30,대전광역시,6,토요일,3,외국인(c),1350.33,20230211
30,대전광역시,7,일요일,1,현지인(a),704536.0,20230212
30,대전광역시,7,일요일,2,외지인(b),233950.5,20230212
30,대전광역시,7,일요일,3,외국인(c),1373.41,20230212
30,대전광역시,1,월요일,1,현지인(a),792011.5,20230213
30,대전광역시,1,월요일,2,외지인(b),184856.0,20230213
30,대전광역시,1,월요일,3,외국인(c),1564.5899999999997,20230213
30,대전광역시,2,화요일,1,현지인(a),799099.0,20230214
30,대전광역시,2,화요일,2,외지인(b),191079.0,20230214
30,대전광역시,2,화요일,3,외국인(c),1586.0900000000001,20230214
30,대전광역시,3,수요일,1,현지인(a),799190.0,20230215
30,대전광역시,3,수요일,2,외지인(b),198257.5,20230215
30,대전광역시,3,수요일,3,외국인(c),1621.1,20230215
30,대전광역시,4,목요일,1,현지인(a),719908.0,20230216
30,대전광역시,4,목요일,2,외지인(b),177170.0,20230216
30,대전광역시,4,목요일,3,외국인(c),1759.4099999999996,20230216
30,대전광역시,5,금요일,1,현지인(a),780913.0,20230217
30,대전광역시,5,금요일,2,외지인(b),223636.0,20230217
30,대전광역시,5,금요일,3,외국인(c),1745.8999999999999,20230217
30,대전광역시,6,토요일,1,현지인(a),719260.5,20230218
30,대전광역시,6,토요일,2,외지인(b),301745.5,20230218
30,대전광역시,6,토요일,3,외국인(c),1602.5100000000007,20230218
30,대전광역시,7,일요일,1,현지인(a),707728.0,20230219
30,대전광역시,7,일요일,2,외지인(b),260158.5,20230219
30,대전광역시,7,일요일,3,외국인(c),1539.2899999999997,20230219
30,대전광역시,1,월요일,1,현지인(a),777763.0,20230220
30,대전광역시,1,월요일,2,외지인(b),200753.0,20230220
30,대전광역시,1,월요일,3,외국인(c),1553.9400000000003,20230220
30,대전광역시,2,화요일,1,현지인(a),788277.0,20230221
30,대전광역시,2,화요일,2,외지인(b),209170.5,20230221
30,대전광역시,2,화요일,3,외국인(c),1586.1200000000003,20230221
30,대전광역시,3,수요일,1,현지인(a),795641.0,20230222
30,대전광역시,3,수요일,2,외지인(b),216065.5,20230222
30,대전광역시,3,수요일,3,외국인(c),1665.59,20230222
30,대전광역시,4,목요일,1,현지인(a),790797.0,20230223
30,대전광역시,4,목요일,2,외지인(b),220258.5,20230223
30,대전광역시,4,목요일,3,외국인(c),1699.2200000000003,20230223
30,대전광역시,5,금요일,1,현지인(a),797443.5,20230224
30,대전광역시,5,금요일,2,외지인(b),248468.5,20230224
30,대전광역시,5,금요일,3,외국인(c),1740.7099999999998,20230224
30,대전광역시,6,토요일,1,현지인(a),733110.0,20230225
30,대전광역시,6,토요일,2,외지인(b),330750.0,20230225
30,대전광역시,6,토요일,3,외국인(c),1576.39,20230225
30,대전광역시,7,일요일,1,현지인(a),706265.0,20230226
30,대전광역시,7,일요일,2,외지인(b),289758.0,20230226
30,대전광역시,7,일요일,3,외국인(c),1515.59,20230226
30,대전광역시,1,월요일,1,현지인(a),786198.0,20230227
30,대전광역시,1,월요일,2,외지인(b),234440.5,20230227
30,대전광역시,1,월요일,3,외국인(c),1809.6200000000001,20230227
30,대전광역시,2,화요일,1,현지인(a),798945.0,20230228
30,대전광역시,2,화요일,2,외지인(b),255601.5,20230228
30,대전광역시,2,화요일,3,외국인(c),1956.2799999999997,20230228
30,대전광역시,3,수요일,1,현지인(a),729260.0,20230301
30,대전광역시,3,수요일,2,외지인(b),228739.0,20230301
30,대전광역시,3,수요일,3,외국인(c),1195.0900000000001,20230301
30,대전광역시,4,목요일,1,현지인(a),799358.0,20230302
30,대전광역시,4,목요일,2,외지인(b),201208.0,20230302
30,대전광역시,4,목요일,3,외국인(c),1327.5199999999998,20230302
30,대전광역시,5,금요일,1,현지인(a),813673.0,20230303
30,대전광역시,5,금요일,2,외지인(b),222533.5,20230303
30,대전광역시,5,금요일,3,외국인(c),1365.5200000000002,20230303
30,대전광역시,6,토요일,1,현지인(a),740705.0,20230304
30,대전광역시,6,토요일,2,외지인(b),296968.0,20230304
30,대전광역시,6,토요일,3,외국인(c),1199.4099999999999,20230304
30,대전광역시,7,일요일,1,현지인(a),724993.5,20230305
30,대전광역시,7,일요일,2,외지인(b),251625.5,20230305
30,대전광역시,7,일요일,3,외국인(c),1051.91,20230305
30,대전광역시,1,월요일,1,현지인(a),800541.0,20230306
30,대전광역시,1,월요일,2,외지인(b),208519.5,20230306
30,대전광역시,1,월요일,3,외국인(c),1255.58,20230306
30,대전광역시,2,화요일,1,현지인(a),799613.5,20230307
30,대전광역시,2,화요일,2,외지인(b),213514.0,20230307
30,대전광역시,2,화요일,3,외국인(c),1264.8200000000004,20230307
30,대전광역시,3,수요일,1,현지인(a),805521.5,20230308
30,대전광역시,3,수요일,2,외지인(b),216023.5,20230308
30,대전광역시,3,수요일,3,외국인(c),1305.5700000000002,20230308
30,대전광역시,4,목요일,1,현지인(a),802735.5,20230309
30,대전광역시,4,목요일,2,외지인(b),219810.5,20230309
30,대전광역시,4,목요일,3,외국인(c),1378.94,20230309
30,대전광역시,5,금요일,1,현지인(a),816728.5,20230310
30,대전광역시,5,금요일,2,외지인(b),243673.5,20230310
30,대전광역시,5,금요일,3,외국인(c),1330.4500000000003,20230310
30,대전광역시,6,토요일,1,현지인(a),744600.5,20230311
30,대전광역시,6,토요일,2,외지인(b),315112.0,20230311
30,대전광역시,6,토요일,3,외국인(c),1188.9800000000002,20230311
30,대전광역시,7,일요일,1,현지인(a),697347.0,20230312
30,대전광역시,7,일요일,2,외지인(b),258937.0,20230312
30,대전광역시,7,일요일,3,외국인(c),1157.0800000000002,20230312
30,대전광역시,1,월요일,1,현지인(a),796831.0,20230313
30,대전광역시,1,월요일,2,외지인(b),220720.5,20230313
30,대전광역시,1,월요일,3,외국인(c),1298.46,20230313
30,대전광역시,2,화요일,1,현지인(a),800191.0,20230314
30,대전광역시,2,화요일,2,외지인(b),227230.5,20230314
30,대전광역시,2,화요일,3,외국인(c),1452.7900000000002,20230314
30,대전광역시,3,수요일,1,현지인(a),803071.5,20230315
30,대전광역시,3,수요일,2,외지인(b),228252.5,20230315
30,대전광역시,3,수요일,3,외국인(c),1606.2399999999998,20230315
30,대전광역시,4,목요일,1,현지인(a),797247.5,20230316
30,대전광역시,4,목요일,2,외지인(b),230825.0,20230316
30,대전광역시,4,목요일,3,외국인(c),1575.1499999999999,20230316
30,대전광역시,5,금요일,1,현지인(a),811121.5,20230317
30,대전광역시,5,금요일,2,외지인(b),252731.5,20230317
30,대전광역시,5,금요일,3,외국인(c),1586.46,20230317
30,대전광역시,6,토요일,1,현지인(a),738930.5,20230318
30,대전광역시,6,토요일,2,외지인(b),326448.5,20230318
30,대전광역시,6,토요일,3,외국인(c),1378.2799999999997,20230318
30,대전광역시,7,일요일,1,현지인(a),719491.5,20230319
30,대전광역시,7,일요일,2,외지인(b),284641.0,20230319
30,대전광역시,7,일요일,3,외국인(c),1353.0899999999997,20230319
30,대전광역시,1,월요일,1,현지인(a),796803.0,20230320
30,대전광역시,1,월요일,2,외지인(b),231014.0,20230320
30,대전광역시,1,월요일,3,외국인(c),1382.1899999999996,20230320
30,대전광역시,2,화요일,1,현지인(a),799004.5,20230321
30,대전광역시,2,화요일,2,외지인(b),236015.5,20230321
30,대전광역시,2,화요일,3,외국인(c),1480.67,20230321
30,대전광역시,3,수요일,1,현지인(a),803554.5,20230322
30,대전광역시,3,수요일,2,외지인(b),235879.0,20230322
30,대전광역시,3,수요일,3,외국인(c),1375.96,20230322
30,대전광역시,4,목요일,1,현지인(a),795140.5,20230323
30,대전광역시,4,목요일,2,외지인(b),238847.0,20230323
30,대전광역시,4,목요일,3,외국인(c),1413.5200000000002,20230323
30,대전광역시,5,금요일,1,현지인(a),810152.0,20230324
30,대전광역시,5,금요일,2,외지인(b),264012.0,20230324
30,대전광역시,5,금요일,3,외국인(c),1434.0500000000002,20230324
30,대전광역시,6,토요일,1,현지인(a),733036.5,20230325
30,대전광역시,6,토요일,2,외지인(b),326718.0,20230325
30,대전광역시,6,토요일,3,외국인(c),1378.76,20230325
30,대전광역시,7,일요일,1,현지인(a),718231.5,20230326
30,대전광역시,7,일요일,2,외지인(b),288953.0,20230326
30,대전광역시,7,일요일,3,외국인(c),1462.8199999999995,20230326
30,대전광역시,1,월요일,1,현지인(a),794409.0,20230327
30,대전광역시,1,월요일,2,외지인(b),240933.0,20230327
30,대전광역시,1,월요일,3,외국인(c),1447.8399999999992,20230327
30,대전광역시,2,화요일,1,현지인(a),794426.5,20230328
30,대전광역시,2,화요일,2,외지인(b),244030.5,20230328
30,대전광역시,2,화요일,3,외국인(c),1465.4599999999996,20230328
30,대전광역시,3,수요일,1,현지인(a),801423.0,20230329
30,대전광역시,3,수요일,2,외지인(b),245626.5,20230329
30,대전광역시,3,수요일,3,외국인(c),1488.7499999999998,20230329
30,대전광역시,4,목요일,1,현지인(a),798339.5,20230330
30,대전광역시,4,목요일,2,외지인(b),250614.0,20230330
30,대전광역시,4,목요일,3,외국인(c),1581.0999999999997,20230330
30,대전광역시,5,금요일,1,현지인(a),810498.5,20230331
30,대전광역시,5,금요일,2,외지인(b),272020.0,20230331
30,대전광역시,5,금요일,3,외국인(c),1574.1799999999996,20230331
30,대전광역시,6,토요일,1,현지인(a),737138.5,20230401
30,대전광역시,6,토요일,2,외지인(b),275201.5,20230401
30,대전광역시,6,토요일,3,외국인(c),2811.16,20230401
30,대전광역시,7,일요일,1,현지인(a),717766.0,20230402
30,대전광역시,7,일요일,2,외지인(b),229617.5,20230402
30,대전광역시,7,일요일,3,외국인(c),2798.4300000000007,20230402
30,대전광역시,1,월요일,1,현지인(a),795417.0,20230403
30,대전광역시,1,월요일,2,외지인(b),149989.0,20230403
30,대전광역시,1,월요일,3,외국인(c),3010.560000000001,20230403
30,대전광역시,2,화요일,1,현지인(a),792386.0,20230404
30,대전광역시,2,화요일,2,외지인(b),144532.5,20230404
30,대전광역시,2,화요일,3,외국인(c),3176.2000000000003,20230404
30,대전광역시,3,수요일,1,현지인(a),786285.5,20230405
30,대전광역시,3,수요일,2,외지인(b),143986.5,20230405
30,대전광역시,3,수요일,3,외국인(c),3153.57,20230405
30,대전광역시,4,목요일,1,현지인(a),787258.5,20230406
30,대전광역시,4,목요일,2,외지인(b),155330.0,20230406
30,대전광역시,4,목요일,3,외국인(c),3082.6999999999994,20230406
30,대전광역시,5,금요일,1,현지인(a),806708.0,20230407
30,대전광역시,5,금요일,2,외지인(b),196861.0,20230407
30,대전광역시,5,금요일,3,외국인(c),2984.0499999999993,20230407
30,대전광역시,6,토요일,1,현지인(a),742035.0,20230408
30,대전광역시,6,토요일,2,외지인(b),286713.0,20230408
30,대전광역시,6,토요일,3,외국인(c),2924.8099999999995,20230408
30,대전광역시,7,일요일,1,현지인(a),718627.0,20230409
30,대전광역시,7,일요일,2,외지인(b),238315.0,20230409
30,대전광역시,7,일요일,3,외국인(c),2907.61,20230409
30,대전광역시,1,월요일,1,현지인(a),795588.5,20230410
30,대전광역시,1,월요일,2,외지인(b),160569.5,20230410
30,대전광역시,1,월요일,3,외국인(c),2851.4700000000003,20230410
30,대전광역시,2,화요일,1,현지인(a),782362.0,20230411
30,대전광역시,2,화요일,2,외지인(b),158564.0,20230411
30,대전광역시,2,화요일,3,외국인(c),3070.32,20230411
30,대전광역시,3,수요일,1,현지인(a),795798.5,20230412
30,대전광역시,3,수요일,2,외지인(b),162106.0,20230412
30,대전광역시,3,수요일,3,외국인(c),2873.8199999999997,20230412
30,대전광역시,4,목요일,1,현지인(a),793562.0,20230413
30,대전광역시,4,목요일,2,외지인(b),168707.0,20230413
30,대전광역시,4,목요일,3,외국인(c),3057.9199999999996,20230413
30,대전광역시,5,금요일,1,현지인(a),807142.0,20230414
30,대전광역시,5,금요일,2,외지인(b),202272.0,20230414
30,대전광역시,5,금요일,3,외국인(c),3244.4499999999994,20230414
30,대전광역시,6,토요일,1,현지인(a),729893.5,20230415
30,대전광역시,6,토요일,2,외지인(b),277060.0,20230415
30,대전광역시,6,토요일,3,외국인(c),2780.3699999999985,20230415
30,대전광역시,7,일요일,1,현지인(a),715256.5,20230416
30,대전광역시,7,일요일,2,외지인(b),236589.5,20230416
30,대전광역시,7,일요일,3,외국인(c),2852.3399999999997,20230416
30,대전광역시,1,월요일,1,현지인(a),793345.0,20230417
30,대전광역시,1,월요일,2,외지인(b),170761.5,20230417
30,대전광역시,1,월요일,3,외국인(c),2964.8600000000006,20230417
30,대전광역시,2,화요일,1,현지인(a),779457.0,20230418
30,대전광역시,2,화요일,2,외지인(b),167104.0,20230418
30,대전광역시,2,화요일,3,외국인(c),2935.83,20230418
30,대전광역시,3,수요일,1,현지인(a),798017.5,20230419
30,대전광역시,3,수요일,2,외지인(b),176130.5,20230419
30,대전광역시,3,수요일,3,외국인(c),3051.1400000000003,20230419
30,대전광역시,4,목요일,1,현지인(a),793744.0,20230420
30,대전광역시,4,목요일,2,외지인(b),183480.5,20230420
30,대전광역시,4,목요일,3,외국인(c),3090.43,20230420
30,대전광역시,5,금요일,1,현지인(a),804048.0,20230421
30,대전광역시,5,금요일,2,외지인(b),216132.0,20230421
30,대전광역시,5,금요일,3,외국인(c),3190.16,20230421
30,대전광역시,6,토요일,1,현지인(a),731426.5,20230422
30,대전광역시,6,토요일,2,외지인(b),294416.5,20230422
30,대전광역시,6,토요일,3,외국인(c),2932.2,20230422
30,대전광역시,7,일요일,1,현지인(a),712680.5,20230423
30,대전광역시,7,일요일,2,외지인(b),247600.5,20230423
30,대전광역시,7,일요일,3,외국인(c),2918.309999999999,20230423
30,대전광역시,1,월요일,1,현지인(a),786796.5,20230424
30,대전광역시,1,월요일,2,외지인(b),175994.0,20230424
30,대전광역시,1,월요일,3,외국인(c),2874.590000000001,20230424
30,대전광역시,2,화요일,1,현지인(a),777626.5,20230425
30,대전광역시,2,화요일,2,외지인(b),174576.5,20230425
30,대전광역시,2,화요일,3,외국인(c),3213.56,20230425
30,대전광역시,3,수요일,1,현지인(a),792295.0,20230426
30,대전광역시,3,수요일,2,외지인(b),181202.0,20230426
30,대전광역시,3,수요일,3,외국인(c),3117.0000000000005,20230426
30,대전광역시,4,목요일,1,현지인(a),791647.5,20230427
30,대전광역시,4,목요일,2,외지인(b),194204.5,20230427
30,대전광역시,4,목요일,3,외국인(c),2907.04,20230427
30,대전광역시,5,금요일,1,현지인(a),802459.0,20230428
30,대전광역시,5,금요일,2,외지인(b),235655.0,20230428
30,대전광역시,5,금요일,3,외국인(c),2919.539999999999,20230428
30,대전광역시,6,토요일,1,현지인(a),714822.5,20230429
30,대전광역시,6,토요일,2,외지인(b),320673.5,20230429
30,대전광역시,6,토요일,3,외국인(c),2716.3499999999995,20230429
30,대전광역시,7,일요일,1,현지인(a),704368.0,20230430
30,대전광역시,7,일요일,2,외지인(b),306666.5,20230430
30,대전광역시,7,일요일,3,외국인(c),2811.6500000000005,20230430
30,대전광역시,1,월요일,1,현지인(a),788592.0,20230501
30,대전광역시,1,월요일,2,외지인(b),184320.5,20230501
30,대전광역시,1,월요일,3,외국인(c),3020.5499999999993,20230501
30,대전광역시,2,화요일,1,현지인(a),852124.0,20230502
30,대전광역시,2,화요일,2,외지인(b),150731.0,20230502
30,대전광역시,2,화요일,3,외국인(c),3175.8600000000006,20230502
30,대전광역시,3,수요일,1,현지인(a),853909.0,20230503
30,대전광역시,3,수요일,2,외지인(b),158186.0,20230503
30,대전광역시,3,수요일,3,외국인(c),2898.7799999999993,20230503
30,대전광역시,4,목요일,1,현지인(a),852579.0,20230504
30,대전광역시,4,목요일,2,외지인(b),196651.0,20230504
30,대전광역시,4,목요일,3,외국인(c),2980.9800000000014,20230504
30,대전광역시,5,금요일,1,현지인(a),704634.0,20230505
30,대전광역시,5,금요일,2,외지인(b),267526.0,20230505
30,대전광역시,5,금요일,3,외국인(c),2854.1800000000007,20230505
30,대전광역시,6,토요일,1,현지인(a),693098.0,20230506
30,대전광역시,6,토요일,2,외지인(b),313978.0,20230506
30,대전광역시,6,토요일,3,외국인(c),2871.0800000000013,20230506
30,대전광역시,7,일요일,1,현지인(a),727072.5,20230507
30,대전광역시,7,일요일,2,외지인(b),264740.0,20230507
30,대전광역시,7,일요일,3,외국인(c),2708.710000000001,20230507
30,대전광역시,1,월요일,1,현지인(a),852117.0,20230508
30,대전광역시,1,월요일,2,외지인(b),173488.0,20230508
30,대전광역시,1,월요일,3,외국인(c),2933.6500000000005,20230508
30,대전광역시,2,화요일,1,현지인(a),853062.0,20230509
30,대전광역시,2,화요일,2,외지인(b),171234.0,20230509
30,대전광역시,2,화요일,3,외국인(c),2925.020000000002,20230509
30,대전광역시,3,수요일,1,현지인(a),854378.0,20230510
30,대전광역시,3,수요일,2,외지인(b),175297.5,20230510
30,대전광역시,3,수요일,3,외국인(c),2957.28,20230510
30,대전광역시,4,목요일,1,현지인(a),847920.5,20230511
30,대전광역시,4,목요일,2,외지인(b),178356.5,20230511
30,대전광역시,4,목요일,3,외국인(c),3028.9000000000015,20230511
30,대전광역시,5,금요일,1,현지인(a),847297.5,20230512
30,대전광역시,5,금요일,2,외지인(b),207116.0,20230512
30,대전광역시,5,금요일,3,외국인(c),3026.8700000000017,20230512
30,대전광역시,6,토요일,1,현지인(a),761666.5,20230513
30,대전광역시,6,토요일,2,외지인(b),294745.5,20230513
30,대전광역시,6,토요일,3,외국인(c),2762.1400000000012,20230513
30,대전광역시,7,일요일,1,현지인(a),740400.5,20230514
30,대전광역시,7,일요일,2,외지인(b),239382.5,20230514
30,대전광역시,7,일요일,3,외국인(c),2763.4800000000014,20230514
30,대전광역시,1,월요일,1,현지인(a),848491.0,20230515
30,대전광역시,1,월요일,2,외지인(b),174076.0,20230515
30,대전광역시,1,월요일,3,외국인(c),2956.6100000000006,20230515
30,대전광역시,2,화요일,1,현지인(a),846212.5,20230516
30,대전광역시,2,화요일,2,외지인(b),179137.0,20230516
30,대전광역시,2,화요일,3,외국인(c),3073.100000000001,20230516
30,대전광역시,3,수요일,1,현지인(a),849611.0,20230517
30,대전광역시,3,수요일,2,외지인(b),181170.5,20230517
30,대전광역시,3,수요일,3,외국인(c),3068.6600000000008,20230517
30,대전광역시,4,목요일,1,현지인(a),837126.5,20230518
30,대전광역시,4,목요일,2,외지인(b),185507.0,20230518
30,대전광역시,4,목요일,3,외국인(c),2974.3300000000013,20230518
30,대전광역시,5,금요일,1,현지인(a),844445.0,20230519
30,대전광역시,5,금요일,2,외지인(b),216125.0,20230519
30,대전광역시,5,금요일,3,외국인(c),2964.670000000001,20230519
30,대전광역시,6,토요일,1,현지인(a),758667.0,20230520
30,대전광역시,6,토요일,2,외지인(b),301511.0,20230520
30,대전광역시,6,토요일,3,외국인(c),2885.8699999999994,20230520
30,대전광역시,7,일요일,1,현지인(a),740974.5,20230521
30,대전광역시,7,일요일,2,외지인(b),247124.5,20230521
30,대전광역시,7,일요일,3,외국인(c),2650.1199999999994,20230521
30,대전광역시,1,월요일,1,현지인(a),837875.5,20230522
30,대전광역시,1,월요일,2,외지인(b),177555.0,20230522
30,대전광역시,1,월요일,3,외국인(c),2872.669999999999,20230522
30,대전광역시,2,화요일,1,현지인(a),846811.0,20230523
30,대전광역시,2,화요일,2,외지인(b),185829.0,20230523
30,대전광역시,2,화요일,3,외국인(c),2809.6900000000005,20230523
30,대전광역시,3,수요일,1,현지인(a),835950.5,20230524
30,대전광역시,3,수요일,2,외지인(b),188370.0,20230524
30,대전광역시,3,수요일,3,외국인(c),2926.0400000000004,20230524
30,대전광역시,4,목요일,1,현지인(a),841606.5,20230525
30,대전광역시,4,목요일,2,외지인(b),197473.5,20230525
30,대전광역시,4,목요일,3,외국인(c),2880.84,20230525
30,대전광역시,5,금요일,1,현지인(a),843223.5,20230526
30,대전광역시,5,금요일,2,외지인(b),228168.5,20230526
30,대전광역시,5,금요일,3,외국인(c),2623.910000000001,20230526
30,대전광역시,6,토요일,1,현지인(a),716796.5,20230527
30,대전광역시,6,토요일,2,외지인(b),309732.5,20230527
30,대전광역시,6,토요일,3,외국인(c),2545.5000000000005,20230527
30,대전광역시,7,일요일,1,현지인(a),687519.0,20230528
30,대전광역시,7,일요일,2,외지인(b),281274.0,20230528
30,대전광역시,7,일요일,3,외국인(c),2390.19,20230528
30,대전광역시,1,월요일,1,현지인(a),720345.5,20230529
30,대전광역시,1,월요일,2,외지인(b),217339.5,20230529
30,대전광역시,1,월요일,3,외국인(c),2439.18,20230529
30,대전광역시,2,화요일,1,현지인(a),850888.5,20230530
30,대전광역시,2,화요일,2,외지인(b),192899.0,20230530
30,대전광역시,2,화요일,3,외국인(c),2529.5500000000006,20230530
30,대전광역시,3,수요일,1,현지인(a),858133.5,20230531
30,대전광역시,3,수요일,2,외지인(b),193963.0,20230531
30,대전광역시,3,수요일,3,외국인(c),2404.1099999999997,20230531
30,대전광역시,4,목요일,1,현지인(a),731944.5,20230601
30,대전광역시,4,목요일,2,외지인(b),157185.0,20230601
30,대전광역시,4,목요일,3,외국인(c),2583.9599999999996,20230601
30,대전광역시,5,금요일,1,현지인(a),735374.5,20230602
30,대전광역시,5,금요일,2,외지인(b),190582.0,20230602
30,대전광역시,5,금요일,3,외국인(c),2606.2299999999996,20230602
30,대전광역시,6,토요일,1,현지인(a),657888.0,20230603
30,대전광역시,6,토요일,2,외지인(b),286254.5,20230603
30,대전광역시,6,토요일,3,외국인(c),2433.81,20230603
30,대전광역시,7,일요일,1,현지인(a),631781.5,20230604
30,대전광역시,7,일요일,2,외지인(b),258772.5,20230604
30,대전광역시,7,일요일,3,외국인(c),2252.2000000000003,20230604
30,대전광역시,1,월요일,1,현지인(a),710524.5,20230605
30,대전광역시,1,월요일,2,외지인(b),202422.5,20230605
30,대전광역시,1,월요일,3,외국인(c),2392.170000000001,20230605
30,대전광역시,2,화요일,1,현지인(a),650965.0,20230606
30,대전광역시,2,화요일,2,외지인(b),206538.5,20230606
30,대전광역시,2,화요일,3,외국인(c),2269.74,20230606
30,대전광역시,3,수요일,1,현지인(a),731570.0,20230607
30,대전광역시,3,수요일,2,외지인(b),160240.5,20230607
30,대전광역시,3,수요일,3,외국인(c),2427.14,20230607
30,대전광역시,4,목요일,1,현지인(a),726456.5,20230608
30,대전광역시,4,목요일,2,외지인(b),170257.5,20230608
30,대전광역시,4,목요일,3,외국인(c),2618.849999999999,20230608
30,대전광역시,5,금요일,1,현지인(a),731276.0,20230609
30,대전광역시,5,금요일,2,외지인(b),198789.5,20230609
30,대전광역시,5,금요일,3,외국인(c),2588.0500000000006,20230609
30,대전광역시,6,토요일,1,현지인(a),658185.5,20230610
30,대전광역시,6,토요일,2,외지인(b),287885.5,20230610
30,대전광역시,6,토요일,3,외국인(c),2273.92,20230610
30,대전광역시,7,일요일,1,현지인(a),639261.0,20230611
30,대전광역시,7,일요일,2,외지인(b),229960.5,20230611
30,대전광역시,7,일요일,3,외국인(c),2271.09,20230611
30,대전광역시,1,월요일,1,현지인(a),722554.0,20230612
30,대전광역시,1,월요일,2,외지인(b),177502.5,20230612
30,대전광역시,1,월요일,3,외국인(c),2366.12,20230612
30,대전광역시,2,화요일,1,현지인(a),727121.5,20230613
30,대전광역시,2,화요일,2,외지인(b),185514.0,20230613
30,대전광역시,2,화요일,3,외국인(c),2542.6400000000003,20230613
30,대전광역시,3,수요일,1,현지인(a),728833.0,20230614
30,대전광역시,3,수요일,2,외지인(b),187015.5,20230614
30,대전광역시,3,수요일,3,외국인(c),2976.6599999999994,20230614
30,대전광역시,4,목요일,1,현지인(a),726225.5,20230615
30,대전광역시,4,목요일,2,외지인(b),191887.5,20230615
30,대전광역시,4,목요일,3,외국인(c),2984.3600000000006,20230615
30,대전광역시,5,금요일,1,현지인(a),729851.5,20230616
30,대전광역시,5,금요일,2,외지인(b),222211.5,20230616
30,대전광역시,5,금요일,3,외국인(c),2720.23,20230616
30,대전광역시,6,토요일,1,현지인(a),652207.5,20230617
30,대전광역시,6,토요일,2,외지인(b),312109.0,20230617
30,대전광역시,6,토요일,3,외국인(c),2463.099999999999,20230617
30,대전광역시,7,일요일,1,현지인(a),635281.5,20230618
30,대전광역시,7,일요일,2,외지인(b),262552.5,20230618
30,대전광역시,7,일요일,3,외국인(c),2412.8900000000003,20230618
30,대전광역시,1,월요일,1,현지인(a),713083.0,20230619
30,대전광역시,1,월요일,2,외지인(b),192297.0,20230619
30,대전광역시,1,월요일,3,외국인(c),2515.42,20230619
30,대전광역시,2,화요일,1,현지인(a),715771.0,20230620
30,대전광역시,2,화요일,2,외지인(b),222022.5,20230620
30,대전광역시,2,화요일,3,외국인(c),2570.850000000001,20230620
30,대전광역시,3,수요일,1,현지인(a),714920.5,20230621
30,대전광역시,3,수요일,2,외지인(b),206178.0,20230621
30,대전광역시,3,수요일,3,외국인(c),2762.56,20230621
30,대전광역시,4,목요일,1,현지인(a),714035.0,20230622
30,대전광역시,4,목요일,2,외지인(b),210591.5,20230622
30,대전광역시,4,목요일,3,외국인(c),2721.379999999999,20230622
30,대전광역시,5,금요일,1,현지인(a),714952.0,20230623
30,대전광역시,5,금요일,2,외지인(b),234675.0,20230623
30,대전광역시,5,금요일,3,외국인(c),2521.1699999999996,20230623
30,대전광역시,6,토요일,1,현지인(a),638869.0,20230624
30,대전광역시,6,토요일,2,외지인(b),316438.5,20230624
30,대전광역시,6,토요일,3,외국인(c),2347.5,20230624
30,대전광역시,7,일요일,1,현지인(a),621974.5,20230625
30,대전광역시,7,일요일,2,외지인(b),263074.0,20230625
30,대전광역시,7,일요일,3,외국인(c),2366.9899999999993,20230625
30,대전광역시,1,월요일,1,현지인(a),688954.0,20230626
30,대전광역시,1,월요일,2,외지인(b),197918.0,20230626
30,대전광역시,1,월요일,3,외국인(c),2630.99,20230626
30,대전광역시,2,화요일,1,현지인(a),705145.0,20230627
30,대전광역시,2,화요일,2,외지인(b),211347.5,20230627
30,대전광역시,2,화요일,3,외국인(c),2674.37,20230627
30,대전광역시,3,수요일,1,현지인(a),707938.0,20230628
30,대전광역시,3,수요일,2,외지인(b),213388.0,20230628
30,대전광역시,3,수요일,3,외국인(c),2667.17,20230628
30,대전광역시,4,목요일,1,현지인(a),688261.0,20230629
30,대전광역시,4,목요일,2,외지인(b),208288.5,20230629
30,대전광역시,4,목요일,3,외국인(c),2722.8,20230629
30,대전광역시,5,금요일,1,현지인(a),709544.5,20230630
30,대전광역시,5,금요일,2,외지인(b),239421.0,20230630
30,대전광역시,5,금요일,3,외국인(c),2554.080000000001,20230630
30,대전광역시,6,토요일,1,현지인(a),637458.5,20230701
30,대전광역시,6,토요일,2,외지인(b),272622.0,20230701
30,대전광역시,6,토요일,3,외국인(c),2374.3900000000003,20230701
30,대전광역시,7,일요일,1,현지인(a),621022.5,20230702
30,대전광역시,7,일요일,2,외지인(b),228938.5,20230702
30,대전광역시,7,일요일,3,외국인(c),2451.209999999999,20230702
30,대전광역시,1,월요일,1,현지인(a),693987.0,20230703
30,대전광역시,1,월요일,2,외지인(b),162571.5,20230703
30,대전광역시,1,월요일,3,외국인(c),2613.85,20230703
30,대전광역시,2,화요일,1,현지인(a),684558.0,20230704
30,대전광역시,2,화요일,2,외지인(b),159631.5,20230704
30,대전광역시,2,화요일,3,외국인(c),2614.59,20230704
30,대전광역시,3,수요일,1,현지인(a),705236.0,20230705
30,대전광역시,3,수요일,2,외지인(b),170814.0,20230705
30,대전광역시,3,수요일,3,외국인(c),2739.73,20230705
30,대전광역시,4,목요일,1,현지인(a),703657.5,20230706
30,대전광역시,4,목요일,2,외지인(b),180498.5,20230706
30,대전광역시,4,목요일,3,외국인(c),2756.439999999999,20230706
30,대전광역시,5,금요일,1,현지인(a),688730.0,20230707
30,대전광역시,5,금요일,2,외지인(b),199150.0,20230707
30,대전광역시,5,금요일,3,외국인(c),2578.4100000000003,20230707
30,대전광역시,6,토요일,1,현지인(a),635834.5,20230708
30,대전광역시,6,토요일,2,외지인(b),291938.5,20230708
30,대전광역시,6,토요일,3,외국인(c),2600.790000000001,20230708
30,대전광역시,7,일요일,1,현지인(a),615492.5,20230709
30,대전광역시,7,일요일,2,외지인(b),244328.0,20230709
30,대전광역시,7,일요일,3,외국인(c),2743.0499999999997,20230709
30,대전광역시,1,월요일,1,현지인(a),694057.0,20230710
30,대전광역시,1,월요일,2,외지인(b),175402.5,20230710
30,대전광역시,1,월요일,3,외국인(c),2696.3400000000006,20230710
30,대전광역시,2,화요일,1,현지인(a),688439.5,20230711
30,대전광역시,2,화요일,2,외지인(b),176368.5,20230711
30,대전광역시,2,화요일,3,외국인(c),2682.89,20230711
30,대전광역시,3,수요일,1,현지인(a),700210.0,20230712
30,대전광역시,3,수요일,2,외지인(b),191313.5,20230712
30,대전광역시,3,수요일,3,외국인(c),2709.039999999999,20230712
30,대전광역시,4,목요일,1,현지인(a),684701.5,20230713
30,대전광역시,4,목요일,2,외지인(b),180866.0,20230713
30,대전광역시,4,목요일,3,외국인(c),2742.42,20230713
30,대전광역시,5,금요일,1,현지인(a),671961.5,20230714
30,대전광역시,5,금요일,2,외지인(b),190183.0,20230714
30,대전광역시,5,금요일,3,외국인(c),2735.0299999999997,20230714
30,대전광역시,6,토요일,1,현지인(a),622692.0,20230715
30,대전광역시,6,토요일,2,외지인(b),239340.5,20230715
30,대전광역시,6,토요일,3,외국인(c),2474.3699999999994,20230715
30,대전광역시,7,일요일,1,현지인(a),624246.0,20230716
30,대전광역시,7,일요일,2,외지인(b),219968.0,20230716
30,대전광역시,7,일요일,3,외국인(c),2580.879999999999,20230716
30,대전광역시,1,월요일,1,현지인(a),681600.5,20230717
30,대전광역시,1,월요일,2,외지인(b),178503.5,20230717
30,대전광역시,1,월요일,3,외국인(c),2663.169999999999,20230717
30,대전광역시,2,화요일,1,현지인(a),678384.0,20230718
30,대전광역시,2,화요일,2,외지인(b),174160.0,20230718
30,대전광역시,2,화요일,3,외국인(c),2700.44,20230718
30,대전광역시,3,수요일,1,현지인(a),697616.5,20230719
30,대전광역시,3,수요일,2,외지인(b),192990.0,20230719
30,대전광역시,3,수요일,3,외국인(c),2674.1800000000007,20230719
30,대전광역시,4,목요일,1,현지인(a),691428.5,20230720
30,대전광역시,4,목요일,2,외지인(b),200655.0,20230720
30,대전광역시,4,목요일,3,외국인(c),2849.2900000000004,20230720
30,대전광역시,5,금요일,1,현지인(a),691778.5,20230721
30,대전광역시,5,금요일,2,외지인(b),228403.0,20230721
30,대전광역시,5,금요일,3,외국인(c),2816.13,20230721
30,대전광역시,6,토요일,1,현지인(a),626339.0,20230722
30,대전광역시,6,토요일,2,외지인(b),298014.5,20230722
30,대전광역시,6,토요일,3,외국인(c),2655.37,20230722
30,대전광역시,7,일요일,1,현지인(a),596722.0,20230723
30,대전광역시,7,일요일,2,외지인(b),238749.0,20230723
30,대전광역시,7,일요일,3,외국인(c),3097.7000000000007,20230723
30,대전광역시,1,월요일,1,현지인(a),676249.0,20230724
30,대전광역시,1,월요일,2,외지인(b),206769.5,20230724
30,대전광역시,1,월요일,3,외국인(c),2966.0900000000006,20230724
30,대전광역시,2,화요일,1,현지인(a),676371.5,20230725
30,대전광역시,2,화요일,2,외지인(b),208089.0,20230725
30,대전광역시,2,화요일,3,외국인(c),3031.8899999999994,20230725
30,대전광역시,3,수요일,1,현지인(a),674299.5,20230726
30,대전광역시,3,수요일,2,외지인(b),214263.0,20230726
30,대전광역시,3,수요일,3,외국인(c),3018.59,20230726
30,대전광역시,4,목요일,1,현지인(a),672882.0,20230727
30,대전광역시,4,목요일,2,외지인(b),220685.5,20230727
30,대전광역시,4,목요일,3,외국인(c),3069.66,20230727
30,대전광역시,5,금요일,1,현지인(a),671993.0,20230728
30,대전광역시,5,금요일,2,외지인(b),248580.5,20230728
30,대전광역시,5,금요일,3,외국인(c),2974.5899999999997,20230728
30,대전광역시,6,토요일,1,현지인(a),609010.5,20230729
30,대전광역시,6,토요일,2,외지인(b),311612.0,20230729
30,대전광역시,6,토요일,3,외국인(c),3041.32,20230729
30,대전광역시,7,일요일,1,현지인(a),590058.0,20230730
30,대전광역시,7,일요일,2,외지인(b),279587.0,20230730
30,대전광역시,7,일요일,3,외국인(c),2768.5699999999983,20230730
30,대전광역시,1,월요일,1,현지인(a),657412.0,20230731
30,대전광역시,1,월요일,2,외지인(b),239267.0,20230731
30,대전광역시,1,월요일,3,외국인(c),2755.609999999999,20230731
30,대전광역시,2,화요일,1,현지인(a),663512.5,20230801
30,대전광역시,2,화요일,2,외지인(b),188072.5,20230801
30,대전광역시,2,화요일,3,외국인(c),3158.4500000000003,20230801
30,대전광역시,3,수요일,1,현지인(a),668395.0,20230802
30,대전광역시,3,수요일,2,외지인(b),190844.5,20230802
30,대전광역시,3,수요일,3,외국인(c),3181.0600000000004,20230802
30,대전광역시,4,목요일,1,현지인(a),663824.0,20230803
30,대전광역시,4,목요일,2,외지인(b),196378.0,20230803
30,대전광역시,4,목요일,3,외국인(c),3616.4700000000003,20230803
30,대전광역시,5,금요일,1,현지인(a),663250.0,20230804
30,대전광역시,5,금요일,2,외지인(b),217402.5,20230804
30,대전광역시,5,금요일,3,외국인(c),3719.13,20230804
30,대전광역시,6,토요일,1,현지인(a),605139.5,20230805
30,대전광역시,6,토요일,2,외지인(b),272646.5,20230805
30,대전광역시,6,토요일,3,외국인(c),3686.2400000000002,20230805
30,대전광역시,7,일요일,1,현지인(a),595549.5,20230806
30,대전광역시,7,일요일,2,외지인(b),228452.0,20230806
30,대전광역시,7,일요일,3,외국인(c),3552.8200000000006,20230806
30,대전광역시,1,월요일,1,현지인(a),671541.5,20230807
30,대전광역시,1,월요일,2,외지인(b),180386.5,20230807
30,대전광역시,1,월요일,3,외국인(c),3355.82,20230807
30,대전광역시,2,화요일,1,현지인(a),674593.5,20230808
30,대전광역시,2,화요일,2,외지인(b),187537.0,20230808
30,대전광역시,2,화요일,3,외국인(c),4547.59,20230808
30,대전광역시,3,수요일,1,현지인(a),674551.5,20230809
30,대전광역시,3,수요일,2,외지인(b),186879.0,20230809
30,대전광역시,3,수요일,3,외국인(c),4665.7300000000005,20230809
30,대전광역시,4,목요일,1,현지인(a),632075.5,20230810
30,대전광역시,4,목요일,2,외지인(b),145064.5,20230810
30,대전광역시,4,목요일,3,외국인(c),4342.469999999999,20230810
30,대전광역시,5,금요일,1,현지인(a),684036.5,20230811
30,대전광역시,5,금요일,2,외지인(b),216604.5,20230811
30,대전광역시,5,금요일,3,외국인(c),4262.419999999999,20230811
30,대전광역시,6,토요일,1,현지인(a),612423.0,20230812
30,대전광역시,6,토요일,2,외지인(b),294735.0,20230812
30,대전광역시,6,토요일,3,외국인(c),3770.380000000001,20230812
30,대전광역시,7,일요일,1,현지인(a),584496.5,20230813
30,대전광역시,7,일요일,2,외지인(b),265832.0,20230813
30,대전광역시,7,일요일,3,외국인(c),2816.7099999999996,20230813
30,대전광역시,1,월요일,1,현지인(a),651798.0,20230814
30,대전광역시,1,월요일,2,외지인(b),232578.5,20230814
30,대전광역시,1,월요일,3,외국인(c),2814.2000000000003,20230814
30,대전광역시,2,화요일,1,현지인(a),597880.5,20230815
30,대전광역시,2,화요일,2,외지인(b),227958.5,20230815
30,대전광역시,2,화요일,3,외국인(c),2671.63,20230815
30,대전광역시,3,수요일,1,현지인(a),681163.0,20230816
30,대전광역시,3,수요일,2,외지인(b),199493.0,20230816
30,대전광역시,3,수요일,3,외국인(c),2893.5700000000006,20230816
30,대전광역시,4,목요일,1,현지인(a),680333.5,20230817
30,대전광역시,4,목요일,2,외지인(b),201831.0,20230817
30,대전광역시,4,목요일,3,외국인(c),3286.71,20230817
30,대전광역시,5,금요일,1,현지인(a),687078.0,20230818
30,대전광역시,5,금요일,2,외지인(b),227314.5,20230818
30,대전광역시,5,금요일,3,외국인(c),3543.5,20230818
30,대전광역시,6,토요일,1,현지인(a),618782.5,20230819
30,대전광역시,6,토요일,2,외지인(b),297584.0,20230819
30,대전광역시,6,토요일,3,외국인(c),3511.910000000001,20230819
30,대전광역시,7,일요일,1,현지인(a),605934.0,20230820
30,대전광역시,7,일요일,2,외지인(b),257827.5,20230820
30,대전광역시,7,일요일,3,외국인(c),3424.180000000001,20230820
30,대전광역시,1,월요일,1,현지인(a),682923.5,20230821
30,대전광역시,1,월요일,2,외지인(b),194936.0,20230821
30,대전광역시,1,월요일,3,외국인(c),3235.57,20230821
30,대전광역시,2,화요일,1,현지인(a),682255.0,20230822
30,대전광역시,2,화요일,2,외지인(b),201775.0,20230822
30,대전광역시,2,화요일,3,외국인(c),3034.0700000000006,20230822
30,대전광역시,3,수요일,1,현지인(a),683014.5,20230823
30,대전광역시,3,수요일,2,외지인(b),197886.5,20230823
30,대전광역시,3,수요일,3,외국인(c),3251.75,20230823
30,대전광역시,4,목요일,1,현지인(a),682087.0,20230824
30,대전광역시,4,목요일,2,외지인(b),201113.5,20230824
30,대전광역시,4,목요일,3,외국인(c),3249.9599999999996,20230824
30,대전광역시,5,금요일,1,현지인(a),697728.5,20230825
30,대전광역시,5,금요일,2,외지인(b),232662.5,20230825
30,대전광역시,5,금요일,3,외국인(c),3341.100000000001,20230825
30,대전광역시,6,토요일,1,현지인(a),624760.5,20230826
30,대전광역시,6,토요일,2,외지인(b),315766.5,20230826
30,대전광역시,6,토요일,3,외국인(c),3061.36,20230826
30,대전광역시,7,일요일,1,현지인(a),604509.5,20230827
30,대전광역시,7,일요일,2,외지인(b),272233.5,20230827
30,대전광역시,7,일요일,3,외국인(c),3049.2299999999996,20230827
30,대전광역시,1,월요일,1,현지인(a),686738.5,20230828
30,대전광역시,1,월요일,2,외지인(b),210675.5,20230828
30,대전광역시,1,월요일,3,외국인(c),3146.6,20230828
30,대전광역시,2,화요일,1,현지인(a),683410.0,20230829
30,대전광역시,2,화요일,2,외지인(b),213689.0,20230829
30,대전광역시,2,화요일,3,외국인(c),3431.93,20230829
30,대전광역시,3,수요일,1,현지인(a),681324.0,20230830
30,대전광역시,3,수요일,2,외지인(b),213783.5,20230830
30,대전광역시,3,수요일,3,외국인(c),3392.08,20230830
30,대전광역시,4,목요일,1,현지인(a),703048.5,20230831
30,대전광역시,4,목요일,2,외지인(b),231073.5,20230831
30,대전광역시,4,목요일,3,외국인(c),3380.23,20230831
30,대전광역시,5,금요일,1,현지인(a),718196.5,20230901
30,대전광역시,5,금요일,2,외지인(b),206864.0,20230901
30,대전광역시,5,금요일,3,외국인(c),3292.359999999999,20230901
30,대전광역시,6,토요일,1,현지인(a),645267.0,20230902
30,대전광역시,6,토요일,2,외지인(b),289915.5,20230902
30,대전광역시,6,토요일,3,외국인(c),3349.2599999999993,20230902
30,대전광역시,7,일요일,1,현지인(a),630073.5,20230903
30,대전광역시,7,일요일,2,외지인(b),250155.5,20230903
30,대전광역시,7,일요일,3,외국인(c),3150.559999999998,20230903
30,대전광역시,1,월요일,1,현지인(a),702544.5,20230904
30,대전광역시,1,월요일,2,외지인(b),190022.0,20230904
30,대전광역시,1,월요일,3,외국인(c),3365.94,20230904
30,대전광역시,2,화요일,1,현지인(a),707829.5,20230905
30,대전광역시,2,화요일,2,외지인(b),199251.5,20230905
30,대전광역시,2,화요일,3,외국인(c),3505.4300000000003,20230905
30,대전광역시,3,수요일,1,현지인(a),708050.0,20230906
30,대전광역시,3,수요일,2,외지인(b),201351.5,20230906
30,대전광역시,3,수요일,3,외국인(c),3619.2199999999993,20230906
30,대전광역시,4,목요일,1,현지인(a),710808.0,20230907
30,대전광역시,4,목요일,2,외지인(b),205642.5,20230907
30,대전광역시,4,목요일,3,외국인(c),3314.5999999999995,20230907
30,대전광역시,5,금요일,1,현지인(a),714700.0,20230908
30,대전광역시,5,금요일,2,외지인(b),230062.0,20230908
30,대전광역시,5,금요일,3,외국인(c),3439.939999999999,20230908
30,대전광역시,6,토요일,1,현지인(a),647167.5,20230909
30,대전광역시,6,토요일,2,외지인(b),310856.0,20230909
30,대전광역시,6,토요일,3,외국인(c),3192.9100000000003,20230909
30,대전광역시,7,일요일,1,현지인(a),626321.5,20230910
30,대전광역시,7,일요일,2,외지인(b),266609.0,20230910
30,대전광역시,7,일요일,3,외국인(c),3059.229999999999,20230910
30,대전광역시,1,월요일,1,현지인(a),707339.5,20230911
30,대전광역시,1,월요일,2,외지인(b),207809.0,20230911
30,대전광역시,1,월요일,3,외국인(c),3354.959999999999,20230911
30,대전광역시,2,화요일,1,현지인(a),705558.0,20230912
30,대전광역시,2,화요일,2,외지인(b),212646.0,20230912
30,대전광역시,2,화요일,3,외국인(c),3468.6600000000003,20230912
30,대전광역시,3,수요일,1,현지인(a),696262.0,20230913
30,대전광역시,3,수요일,2,외지인(b),209279.0,20230913
30,대전광역시,3,수요일,3,외국인(c),3714.9800000000005,20230913
30,대전광역시,4,목요일,1,현지인(a),702520.0,20230914
30,대전광역시,4,목요일,2,외지인(b),217770.0,20230914
30,대전광역시,4,목요일,3,외국인(c),3729.5299999999997,20230914
30,대전광역시,5,금요일,1,현지인(a),705880.0,20230915
30,대전광역시,5,금요일,2,외지인(b),239704.5,20230915
30,대전광역시,5,금요일,3,외국인(c),3425.89,20230915
30,대전광역시,6,토요일,1,현지인(a),634074.0,20230916
30,대전광역시,6,토요일,2,외지인(b),309967.0,20230916
30,대전광역시,6,토요일,3,외국인(c),3286.4999999999995,20230916
30,대전광역시,7,일요일,1,현지인(a),633920.0,20230917
30,대전광역시,7,일요일,2,외지인(b),277833.5,20230917
30,대전광역시,7,일요일,3,외국인(c),3211.3500000000004,20230917
30,대전광역시,1,월요일,1,현지인(a),704613.0,20230918
30,대전광역시,1,월요일,2,외지인(b),222082.0,20230918
30,대전광역시,1,월요일,3,외국인(c),3688.5099999999993,20230918
30,대전광역시,2,화요일,1,현지인(a),706198.5,20230919
30,대전광역시,2,화요일,2,외지인(b),227202.5,20230919
30,대전광역시,2,화요일,3,외국인(c),3576.3799999999997,20230919
30,대전광역시,3,수요일,1,현지인(a),690952.5,20230920
30,대전광역시,3,수요일,2,외지인(b),221350.5,20230920
30,대전광역시,3,수요일,3,외국인(c),3723.379999999999,20230920
30,대전광역시,4,목요일,1,현지인(a),710458.0,20230921
30,대전광역시,4,목요일,2,외지인(b),232228.5,20230921
30,대전광역시,4,목요일,3,외국인(c),3617.140000000001,20230921
30,대전광역시,5,금요일,1,현지인(a),582064.0,20230922
30,대전광역시,5,금요일,2,외지인(b),198894.5,20230922
30,대전광역시,5,금요일,3,외국인(c),3532.66,20230922
30,대전광역시,6,토요일,1,현지인(a),429856.0,20230923
30,대전광역시,6,토요일,2,외지인(b),211039.5,20230923
30,대전광역시,6,토요일,3,외국인(c),3206.1399999999994,20230923
30,대전광역시,7,일요일,1,현지인(a),418484.5,20230924
30,대전광역시,7,일요일,2,외지인(b),173607.0,20230924
30,대전광역시,7,일요일,3,외국인(c),2974.069999999999,20230924
30,대전광역시,1,월요일,1,현지인(a),585564.0,20230925
30,대전광역시,1,월요일,2,외지인(b),182217.0,20230925
30,대전광역시,1,월요일,3,외국인(c),3062.3399999999997,20230925
30,대전광역시,2,화요일,1,현지인(a),702058.0,20230926
30,대전광역시,2,화요일,2,외지인(b),226236.5,20230926
30,대전광역시,2,화요일,3,외국인(c),3003.9,20230926
30,대전광역시,3,수요일,1,현지인(a),718602.5,20230927
30,대전광역시,3,수요일,2,외지인(b),266451.5,20230927
30,대전광역시,3,수요일,3,외국인(c),2989.3399999999997,20230927
30,대전광역시,4,목요일,1,현지인(a),553392.0,20230928
30,대전광역시,4,목요일,2,외지인(b),375641.0,20230928
30,대전광역시,4,목요일,3,외국인(c),3314.2900000000004,20230928
30,대전광역시,5,금요일,1,현지인(a),476798.0,20230929
30,대전광역시,5,금요일,2,외지인(b),468800.5,20230929
30,대전광역시,5,금요일,3,외국인(c),3107.7300000000005,20230929
30,대전광역시,6,토요일,1,현지인(a),513240.0,20230930
30,대전광역시,6,토요일,2,외지인(b),411547.5,20230930
30,대전광역시,6,토요일,3,외국인(c),3050.9900000000002,20230930
30,대전광역시,7,일요일,1,현지인(a),602707.0,20231001
30,대전광역시,7,일요일,2,외지인(b),331166.5,20231001
30,대전광역시,7,일요일,3,외국인(c),3178.0599999999995,20231001
30,대전광역시,1,월요일,1,현지인(a),635638.5,20231002
30,대전광역시,1,월요일,2,외지인(b),286419.0,20231002
30,대전광역시,1,월요일,3,외국인(c),3235.870000000001,20231002
30,대전광역시,2,화요일,1,현지인(a),658133.0,20231003
30,대전광역시,2,화요일,2,외지인(b),203847.0,20231003
30,대전광역시,2,화요일,3,외국인(c),3141.6299999999997,20231003
30,대전광역시,3,수요일,1,현지인(a),746798.5,20231004
30,대전광역시,3,수요일,2,외지인(b),157010.0,20231004
30,대전광역시,3,수요일,3,외국인(c),3321.389999999999,20231004
30,대전광역시,4,목요일,1,현지인(a),741779.5,20231005
30,대전광역시,4,목요일,2,외지인(b),170534.0,20231005
30,대전광역시,4,목요일,3,외국인(c),3580.43,20231005
30,대전광역시,5,금요일,1,현지인(a),756416.5,20231006
30,대전광역시,5,금요일,2,외지인(b),195317.5,20231006
30,대전광역시,5,금요일,3,외국인(c),3859.770000000001,20231006
30,대전광역시,6,토요일,1,현지인(a),674849.0,20231007
30,대전광역시,6,토요일,2,외지인(b),275614.5,20231007
30,대전광역시,6,토요일,3,외국인(c),3701.5,20231007
30,대전광역시,7,일요일,1,현지인(a),638456.0,20231008
30,대전광역시,7,일요일,2,외지인(b),266157.5,20231008
30,대전광역시,7,일요일,3,외국인(c),3483.1800000000007,20231008
30,대전광역시,1,월요일,1,현지인(a),658476.0,20231009
30,대전광역시,1,월요일,2,외지인(b),215775.0,20231009
30,대전광역시,1,월요일,3,외국인(c),3603.01,20231009
30,대전광역시,2,화요일,1,현지인(a),746361.0,20231010
30,대전광역시,2,화요일,2,외지인(b),176435.0,20231010
30,대전광역시,2,화요일,3,외국인(c),3283.3400000000006,20231010
30,대전광역시,3,수요일,1,현지인(a),745171.0,20231011
30,대전광역시,3,수요일,2,외지인(b),183200.5,20231011
30,대전광역시,3,수요일,3,외국인(c),3351.8099999999995,20231011
30,대전광역시,4,목요일,1,현지인(a),740880.0,20231012
30,대전광역시,4,목요일,2,외지인(b),190151.5,20231012
30,대전광역시,4,목요일,3,외국인(c),3320.249999999999,20231012
30,대전광역시,5,금요일,1,현지인(a),750375.5,20231013
30,대전광역시,5,금요일,2,외지인(b),218907.5,20231013
30,대전광역시,5,금요일,3,외국인(c),3550.0300000000007,20231013
30,대전광역시,6,토요일,1,현지인(a),679241.5,20231014
30,대전광역시,6,토요일,2,외지인(b),300468.0,20231014
30,대전광역시,6,토요일,3,외국인(c),3558.1999999999994,20231014
30,대전광역시,7,일요일,1,현지인(a),662606.0,20231015
30,대전광역시,7,일요일,2,외지인(b),256872.0,20231015
30,대전광역시,7,일요일,3,외국인(c),3360.83,20231015
30,대전광역시,1,월요일,1,현지인(a),736200.5,20231016
30,대전광역시,1,월요일,2,외지인(b),189644.0,20231016
30,대전광역시,1,월요일,3,외국인(c),3817.3799999999983,20231016
30,대전광역시,2,화요일,1,현지인(a),737779.0,20231017
30,대전광역시,2,화요일,2,외지인(b),192815.0,20231017
30,대전광역시,2,화요일,3,외국인(c),3931.5599999999995,20231017
30,대전광역시,3,수요일,1,현지인(a),741618.5,20231018
30,대전광역시,3,수요일,2,외지인(b),195534.5,20231018
30,대전광역시,3,수요일,3,외국인(c),3541.6199999999985,20231018
30,대전광역시,4,목요일,1,현지인(a),729589.0,20231019
30,대전광역시,4,목요일,2,외지인(b),199671.5,20231019
30,대전광역시,4,목요일,3,외국인(c),3748.66,20231019
30,대전광역시,5,금요일,1,현지인(a),742878.5,20231020
30,대전광역시,5,금요일,2,외지인(b),232687.0,20231020
30,대전광역시,5,금요일,3,외국인(c),3906.329999999999,20231020
30,대전광역시,6,토요일,1,현지인(a),674817.5,20231021
30,대전광역시,6,토요일,2,외지인(b),323330.0,20231021
30,대전광역시,6,토요일,3,외국인(c),3536.4200000000005,20231021
30,대전광역시,7,일요일,1,현지인(a),655105.5,20231022
30,대전광역시,7,일요일,2,외지인(b),269531.5,20231022
30,대전광역시,7,일요일,3,외국인(c),3435.6200000000003,20231022
30,대전광역시,1,월요일,1,현지인(a),733260.5,20231023
30,대전광역시,1,월요일,2,외지인(b),199174.5,20231023
30,대전광역시,1,월요일,3,외국인(c),3559.41,20231023
30,대전광역시,2,화요일,1,현지인(a),734874.0,20231024
30,대전광역시,2,화요일,2,외지인(b),203413.0,20231024
30,대전광역시,2,화요일,3,외국인(c),3642.1899999999996,20231024
30,대전광역시,3,수요일,1,현지인(a),739819.5,20231025
30,대전광역시,3,수요일,2,외지인(b),208859.0,20231025
30,대전광역시,3,수요일,3,외국인(c),3538.9100000000008,20231025
30,대전광역시,4,목요일,1,현지인(a),733701.5,20231026
30,대전광역시,4,목요일,2,외지인(b),216174.0,20231026
30,대전광역시,4,목요일,3,외국인(c),3571.98,20231026
30,대전광역시,5,금요일,1,현지인(a),742108.5,20231027
30,대전광역시,5,금요일,2,외지인(b),249270.0,20231027
30,대전광역시,5,금요일,3,외국인(c),3365.029999999999,20231027
30,대전광역시,6,토요일,1,현지인(a),670372.5,20231028
30,대전광역시,6,토요일,2,외지인(b),337634.5,20231028
30,대전광역시,6,토요일,3,외국인(c),3128.6,20231028
30,대전광역시,7,일요일,1,현지인(a),656061.0,20231029
30,대전광역시,7,일요일,2,외지인(b),296513.0,20231029
30,대전광역시,7,일요일,3,외국인(c),3082.999999999999,20231029
30,대전광역시,1,월요일,1,현지인(a),732046.0,20231030
30,대전광역시,1,월요일,2,외지인(b),210983.5,20231030
30,대전광역시,1,월요일,3,외국인(c),3302.9399999999987,20231030
30,대전광역시,2,화요일,1,현지인(a),735486.5,20231031
30,대전광역시,2,화요일,2,외지인(b),209734.0,20231031
30,대전광역시,2,화요일,3,외국인(c),3540.54,20231031
30,대전광역시,3,수요일,1,현지인(a),763714.0,20231101
30,대전광역시,3,수요일,2,외지인(b),156975.0,20231101
30,대전광역시,3,수요일,3,외국인(c),3543.44,20231101
30,대전광역시,4,목요일,1,현지인(a),762072.5,20231102
30,대전광역시,4,목요일,2,외지인(b),172732.0,20231102
30,대전광역시,4,목요일,3,외국인(c),3318.309999999999,20231102
30,대전광역시,5,금요일,1,현지인(a),762842.5,20231103
30,대전광역시,5,금요일,2,외지인(b),199244.5,20231103
30,대전광역시,5,금요일,3,외국인(c),3211.69,20231103
30,대전광역시,6,토요일,1,현지인(a),678842.5,20231104
30,대전광역시,6,토요일,2,외지인(b),292680.5,20231104
30,대전광역시,6,토요일,3,외국인(c),3097.4400000000005,20231104
30,대전광역시,7,일요일,1,현지인(a),662592.0,20231105
30,대전광역시,7,일요일,2,외지인(b),243834.5,20231105
30,대전광역시,7,일요일,3,외국인(c),2930.21,20231105
30,대전광역시,1,월요일,1,현지인(a),748678.0,20231106
30,대전광역시,1,월요일,2,외지인(b),161024.5,20231106
30,대전광역시,1,월요일,3,외국인(c),3068.29,20231106
30,대전광역시,2,화요일,1,현지인(a),757081.5,20231107
30,대전광역시,2,화요일,2,외지인(b),168640.5,20231107
30,대전광역시,2,화요일,3,외국인(c),2986.9200000000005,20231107
30,대전광역시,3,수요일,1,현지인(a),762440.0,20231108
30,대전광역시,3,수요일,2,외지인(b),178346.0,20231108
30,대전광역시,3,수요일,3,외국인(c),2874.329999999999,20231108
30,대전광역시,4,목요일,1,현지인(a),754351.5,20231109
30,대전광역시,4,목요일,2,외지인(b),183540.0,20231109
30,대전광역시,4,목요일,3,외국인(c),2953.19,20231109
30,대전광역시,5,금요일,1,현지인(a),753102.0,20231110
30,대전광역시,5,금요일,2,외지인(b),211914.5,20231110
30,대전광역시,5,금요일,3,외국인(c),2827.3800000000006,20231110
30,대전광역시,6,토요일,1,현지인(a),671765.5,20231111
30,대전광역시,6,토요일,2,외지인(b),307867.0,20231111
30,대전광역시,6,토요일,3,외국인(c),2734.519999999999,20231111
30,대전광역시,7,일요일,1,현지인(a),649677.0,20231112
30,대전광역시,7,일요일,2,외지인(b),258765.5,20231112
30,대전광역시,7,일요일,3,외국인(c),2714.5499999999997,20231112
30,대전광역시,1,월요일,1,현지인(a),748205.5,20231113
30,대전광역시,1,월요일,2,외지인(b),178426.5,20231113
30,대전광역시,1,월요일,3,외국인(c),2765.37,20231113
30,대전광역시,2,화요일,1,현지인(a),754330.5,20231114
30,대전광역시,2,화요일,2,외지인(b),181020.0,20231114
30,대전광역시,2,화요일,3,외국인(c),2908.1699999999996,20231114
30,대전광역시,3,수요일,1,현지인(a),760739.0,20231115
30,대전광역시,3,수요일,2,외지인(b),184663.5,20231115
30,대전광역시,3,수요일,3,외국인(c),2860.849999999999,20231115
30,대전광역시,4,목요일,1,현지인(a),741937.0,20231116
30,대전광역시,4,목요일,2,외지인(b),187911.5,20231116
30,대전광역시,4,목요일,3,외국인(c),2765.4699999999993,20231116
30,대전광역시,5,금요일,1,현지인(a),747131.0,20231117
30,대전광역시,5,금요일,2,외지인(b),220605.0,20231117
30,대전광역시,5,금요일,3,외국인(c),2618.100000000001,20231117
30,대전광역시,6,토요일,1,현지인(a),665822.5,20231118
30,대전광역시,6,토요일,2,외지인(b),314307.0,20231118
30,대전광역시,6,토요일,3,외국인(c),2512.4700000000003,20231118
30,대전광역시,7,일요일,1,현지인(a),656575.5,20231119
30,대전광역시,7,일요일,2,외지인(b),273297.5,20231119
30,대전광역시,7,일요일,3,외국인(c),2503.879999999999,20231119
30,대전광역시,1,월요일,1,현지인(a),751348.5,20231120
30,대전광역시,1,월요일,2,외지인(b),189035.0,20231120
30,대전광역시,1,월요일,3,외국인(c),2883.559999999999,20231120
30,대전광역시,2,화요일,1,현지인(a),754652.5,20231121
30,대전광역시,2,화요일,2,외지인(b),195030.5,20231121
30,대전광역시,2,화요일,3,외국인(c),2821.7599999999984,20231121
30,대전광역시,3,수요일,1,현지인(a),757928.5,20231122
30,대전광역시,3,수요일,2,외지인(b),195055.0,20231122
30,대전광역시,3,수요일,3,외국인(c),2734.739999999999,20231122
30,대전광역시,4,목요일,1,현지인(a),752955.0,20231123
30,대전광역시,4,목요일,2,외지인(b),202125.0,20231123
30,대전광역시,4,목요일,3,외국인(c),2846.5299999999993,20231123
30,대전광역시,5,금요일,1,현지인(a),745619.0,20231124
30,대전광역시,5,금요일,2,외지인(b),230793.5,20231124
30,대전광역시,5,금요일,3,외국인(c),2730.3199999999993,20231124
30,대전광역시,6,토요일,1,현지인(a),664314.0,20231125
30,대전광역시,6,토요일,2,외지인(b),324278.5,20231125
30,대전광역시,6,토요일,3,외국인(c),2406.919999999999,20231125
30,대전광역시,7,일요일,1,현지인(a),652963.5,20231126
30,대전광역시,7,일요일,2,외지인(b),277063.5,20231126
30,대전광역시,7,일요일,3,외국인(c),2243.359999999999,20231126
30,대전광역시,1,월요일,1,현지인(a),744159.5,20231127
30,대전광역시,1,월요일,2,외지인(b),195552.0,20231127
30,대전광역시,1,월요일,3,외국인(c),2382.3699999999994,20231127
30,대전광역시,2,화요일,1,현지인(a),751586.5,20231128
30,대전광역시,2,화요일,2,외지인(b),199759.0,20231128
30,대전광역시,2,화요일,3,외국인(c),2613.7199999999993,20231128
30,대전광역시,3,수요일,1,현지인(a),751786.0,20231129
30,대전광역시,3,수요일,2,외지인(b),199864.0,20231129
30,대전광역시,3,수요일,3,외국인(c),2616.5699999999993,20231129
30,대전광역시,4,목요일,1,현지인(a),752041.5,20231130
30,대전광역시,4,목요일,2,외지인(b),203598.5,20231130
30,대전광역시,4,목요일,3,외국인(c),2538.75,20231130
30,대전광역시,5,금요일,1,현지인(a),738927.0,20231201
30,대전광역시,5,금요일,2,외지인(b),187705.0,20231201
30,대전광역시,5,금요일,3,외국인(c),2611.13,20231201
30,대전광역시,6,토요일,1,현지인(a),666823.5,20231202
30,대전광역시,6,토요일,2,외지인(b),294675.5,20231202
30,대전광역시,6,토요일,3,외국인(c),2353.67,20231202
30,대전광역시,7,일요일,1,현지인(a),657657.0,20231203
30,대전광역시,7,일요일,2,외지인(b),249529.0,20231203
30,대전광역시,7,일요일,3,외국인(c),2277.919999999999,20231203
30,대전광역시,1,월요일,1,현지인(a),734881.0,20231204
30,대전광역시,1,월요일,2,외지인(b),159561.5,20231204
30,대전광역시,1,월요일,3,외국인(c),2674.400000000001,20231204
30,대전광역시,2,화요일,1,현지인(a),736897.0,20231205
30,대전광역시,2,화요일,2,외지인(b),165739.0,20231205
30,대전광역시,2,화요일,3,외국인(c),2659.11,20231205
30,대전광역시,3,수요일,1,현지인(a),731864.0,20231206
30,대전광역시,3,수요일,2,외지인(b),163254.0,20231206
30,대전광역시,3,수요일,3,외국인(c),2648.7199999999993,20231206
30,대전광역시,4,목요일,1,현지인(a),735612.5,20231207
30,대전광역시,4,목요일,2,외지인(b),172130.0,20231207
30,대전광역시,4,목요일,3,외국인(c),2597.5399999999995,20231207
30,대전광역시,5,금요일,1,현지인(a),744814.0,20231208
30,대전광역시,5,금요일,2,외지인(b),207889.5,20231208
30,대전광역시,5,금요일,3,외국인(c),2553.500000000001,20231208
30,대전광역시,6,토요일,1,현지인(a),675773.0,20231209
30,대전광역시,6,토요일,2,외지인(b),307895.0,20231209
30,대전광역시,6,토요일,3,외국인(c),2393.68,20231209
30,대전광역시,7,일요일,1,현지인(a),655550.0,20231210
30,대전광역시,7,일요일,2,외지인(b),256966.5,20231210
30,대전광역시,7,일요일,3,외국인(c),2220.25,20231210
30,대전광역시,1,월요일,1,현지인(a),716705.5,20231211
30,대전광역시,1,월요일,2,외지인(b),168437.5,20231211
30,대전광역시,1,월요일,3,외국인(c),2507.040000000001,20231211
30,대전광역시,2,화요일,1,현지인(a),735371.0,20231212
30,대전광역시,2,화요일,2,외지인(b),177852.5,20231212
30,대전광역시,2,화요일,3,외국인(c),2551.370000000001,20231212
30,대전광역시,3,수요일,1,현지인(a),740785.5,20231213
30,대전광역시,3,수요일,2,외지인(b),182101.5,20231213
30,대전광역시,3,수요일,3,외국인(c),2527.960000000001,20231213
30,대전광역시,4,목요일,1,현지인(a),724829.0,20231214
30,대전광역시,4,목요일,2,외지인(b),184765.0,20231214
30,대전광역시,4,목요일,3,외국인(c),2432.5299999999997,20231214
30,대전광역시,5,금요일,1,현지인(a),727335.0,20231215
30,대전광역시,5,금요일,2,외지인(b),215866.0,20231215
30,대전광역시,5,금요일,3,외국인(c),2372.08,20231215
30,대전광역시,6,토요일,1,현지인(a),661699.5,20231216
30,대전광역시,6,토요일,2,외지인(b),303110.5,20231216
30,대전광역시,6,토요일,3,외국인(c),2086.37,20231216
30,대전광역시,7,일요일,1,현지인(a),641567.5,20231217
30,대전광역시,7,일요일,2,외지인(b),250145.0,20231217
30,대전광역시,7,일요일,3,외국인(c),1888.7199999999993,20231217
30,대전광역시,1,월요일,1,현지인(a),717976.0,20231218
30,대전광역시,1,월요일,2,외지인(b),188156.5,20231218
30,대전광역시,1,월요일,3,외국인(c),2624.7300000000014,20231218
30,대전광역시,2,화요일,1,현지인(a),721651.0,20231219
30,대전광역시,2,화요일,2,외지인(b),194554.5,20231219
30,대전광역시,2,화요일,3,외국인(c),2253.9700000000003,20231219
30,대전광역시,3,수요일,1,현지인(a),719827.5,20231220
30,대전광역시,3,수요일,2,외지인(b),189178.5,20231220
30,대전광역시,3,수요일,3,외국인(c),2185.21,20231220
30,대전광역시,4,목요일,1,현지인(a),715561.0,20231221
30,대전광역시,4,목요일,2,외지인(b),198569.0,20231221
30,대전광역시,4,목요일,3,외국인(c),2223.3200000000006,20231221
30,대전광역시,5,금요일,1,현지인(a),720748.0,20231222
30,대전광역시,5,금요일,2,외지인(b),233901.5,20231222
30,대전광역시,5,금요일,3,외국인(c),2159.3199999999997,20231222
30,대전광역시,6,토요일,1,현지인(a),658745.5,20231223
30,대전광역시,6,토요일,2,외지인(b),325325.0,20231223
30,대전광역시,6,토요일,3,외국인(c),2048.1299999999997,20231223
30,대전광역시,7,일요일,1,현지인(a),622226.5,20231224
30,대전광역시,7,일요일,2,외지인(b),298518.5,20231224
30,대전광역시,7,일요일,3,외국인(c),1921.9699999999998,20231224
30,대전광역시,1,월요일,1,현지인(a),637945.0,20231225
30,대전광역시,1,월요일,2,외지인(b),265569.5,20231225
30,대전광역시,1,월요일,3,외국인(c),1951.8299999999995,20231225
30,대전광역시,2,화요일,1,현지인(a),703216.5,20231226
30,대전광역시,2,화요일,2,외지인(b),211669.5,20231226
30,대전광역시,2,화요일,3,외국인(c),2085.0999999999995,20231226
30,대전광역시,3,수요일,1,현지인(a),706951.0,20231227
30,대전광역시,3,수요일,2,외지인(b),210493.5,20231227
30,대전광역시,3,수요일,3,외국인(c),2075.5499999999997,20231227
30,대전광역시,4,목요일,1,현지인(a),703475.5,20231228
30,대전광역시,4,목요일,2,외지인(b),215509.0,20231228
30,대전광역시,4,목요일,3,외국인(c),2175.3300000000004,20231228
30,대전광역시,5,금요일,1,현지인(a),708869.0,20231229
30,대전광역시,5,금요일,2,외지인(b),263336.5,20231229
30,대전광역시,5,금요일,3,외국인(c),2266.9199999999996,20231229
30,대전광역시,6,토요일,1,현지인(a),634718.0,20231230
30,대전광역시,6,토요일,2,외지인(b),329997.5,20231230
30,대전광역시,6,토요일,3,외국인(c),2124.8300000000004,20231230
30,대전광역시,7,일요일,1,현지인(a),607379.5,20231231
30,대전광역시,7,일요일,2,외지인(b),325367.0,20231231
30,대전광역시,7,일요일,3,외국인(c),2041.6599999999996,20231231
30,대전광역시,1,월요일,1,현지인(a),599833.5,20240101
30,대전광역시,1,월요일,2,외지인(b),211386.0,20240101
30,대전광역시,1,월요일,3,외국인(c),1989.4499999999994,20240101
30,대전광역시,2,화요일,1,현지인(a),703885.0,20240102
30,대전광역시,2,화요일,2,외지인(b),157262.0,20240102
30,대전광역시,2,화요일,3,외국인(c),2047.6599999999999,20240102
30,대전광역시,3,수요일,1,현지인(a),709961.0,20240103
30,대전광역시,3,수요일,2,외지인(b),160639.5,20240103
30,대전광역시,3,수요일,3,외국인(c),1908.3199999999997,20240103
30,대전광역시,4,목요일,1,현지인(a),712922.0,20240104
30,대전광역시,4,목요일,2,외지인(b),167972.0,20240104
30,대전광역시,4,목요일,3,외국인(c),2062.45,20240104
30,대전광역시,5,금요일,1,현지인(a),718707.5,20240105
30,대전광역시,5,금요일,2,외지인(b),189168.0,20240105
30,대전광역시,5,금요일,3,외국인(c),1918.3999999999999,20240105
30,대전광역시,6,토요일,1,현지인(a),652274.0,20240106
30,대전광역시,6,토요일,2,외지인(b),265300.0,20240106
30,대전광역시,6,토요일,3,외국인(c),1893.3499999999997,20240106
30,대전광역시,7,일요일,1,현지인(a),625782.5,20240107
30,대전광역시,7,일요일,2,외지인(b),218449.0,20240107
30,대전광역시,7,일요일,3,외국인(c),1850.0500000000002,20240107
30,대전광역시,1,월요일,1,현지인(a),702107.0,20240108
30,대전광역시,1,월요일,2,외지인(b),171829.0,20240108
30,대전광역시,1,월요일,3,외국인(c),1904.3799999999999,20240108
30,대전광역시,2,화요일,1,현지인(a),703465.0,20240109
30,대전광역시,2,화요일,2,외지인(b),174086.5,20240109
30,대전광역시,2,화요일,3,외국인(c),1965.11,20240109
30,대전광역시,3,수요일,1,현지인(a),707388.5,20240110
30,대전광역시,3,수요일,2,외지인(b),175626.5,20240110
30,대전광역시,3,수요일,3,외국인(c),2057.56,20240110
30,대전광역시,4,목요일,1,현지인(a),708123.5,20240111
30,대전광역시,4,목요일,2,외지인(b),187642.0,20240111
30,대전광역시,4,목요일,3,외국인(c),2120.82,20240111
30,대전광역시,5,금요일,1,현지인(a),712859.0,20240112
30,대전광역시,5,금요일,2,외지인(b),212047.5,20240112
30,대전광역시,5,금요일,3,외국인(c),2112.95,20240112
30,대전광역시,6,토요일,1,현지인(a),646929.5,20240113
30,대전광역시,6,토요일,2,외지인(b),296145.5,20240113
30,대전광역시,6,토요일,3,외국인(c),1948.8799999999994,20240113
30,대전광역시,7,일요일,1,현지인(a),616042.0,20240114
30,대전광역시,7,일요일,2,외지인(b),235448.5,20240114
30,대전광역시,7,일요일,3,외국인(c),1979.0699999999997,20240114
30,대전광역시,1,월요일,1,현지인(a),698533.5,20240115
30,대전광역시,1,월요일,2,외지인(b),189245.0,20240115
30,대전광역시,1,월요일,3,외국인(c),2245.4299999999994,20240115
30,대전광역시,2,화요일,1,현지인(a),705554.5,20240116
30,대전광역시,2,화요일,2,외지인(b),192874.5,20240116
30,대전광역시,2,화요일,3,외국인(c),2170.099999999999,20240116
30,대전광역시,3,수요일,1,현지인(a),697501.0,20240117
30,대전광역시,3,수요일,2,외지인(b),193000.5,20240117
30,대전광역시,3,수요일,3,외국인(c),2159.6399999999994,20240117
30,대전광역시,4,목요일,1,현지인(a),701410.5,20240118
30,대전광역시,4,목요일,2,외지인(b),200522.0,20240118
30,대전광역시,4,목요일,3,외국인(c),2100.28,20240118
30,대전광역시,5,금요일,1,현지인(a),707717.5,20240119
30,대전광역시,5,금요일,2,외지인(b),228270.0,20240119
30,대전광역시,5,금요일,3,외국인(c),2033.0699999999997,20240119
30,대전광역시,6,토요일,1,현지인(a),629744.5,20240120
30,대전광역시,6,토요일,2,외지인(b),297150.0,20240120
30,대전광역시,6,토요일,3,외국인(c),1969.4499999999996,20240120
30,대전광역시,7,일요일,1,현지인(a),620655.0,20240121
30,대전광역시,7,일요일,2,외지인(b),251874.0,20240121
30,대전광역시,7,일요일,3,외국인(c),1989.4400000000003,20240121
30,대전광역시,1,월요일,1,현지인(a),686668.5,20240122
30,대전광역시,1,월요일,2,외지인(b),189598.5,20240122
30,대전광역시,1,월요일,3,외국인(c),2122.5499999999997,20240122
30,대전광역시,2,화요일,1,현지인(a),683550.0,20240123
30,대전광역시,2,화요일,2,외지인(b),191509.5,20240123
30,대전광역시,2,화요일,3,외국인(c),2182.1299999999987,20240123
30,대전광역시,3,수요일,1,현지인(a),694911.0,20240124
30,대전광역시,3,수요일,2,외지인(b),198821.0,20240124
30,대전광역시,3,수요일,3,외국인(c),2162.0699999999997,20240124
30,대전광역시,4,목요일,1,현지인(a),695996.0,20240125
30,대전광역시,4,목요일,2,외지인(b),206881.5,20240125
30,대전광역시,4,목요일,3,외국인(c),2130.3399999999997,20240125
30,대전광역시,5,금요일,1,현지인(a),704802.0,20240126
30,대전광역시,5,금요일,2,외지인(b),234027.5,20240126
30,대전광역시,5,금요일,3,외국인(c),1987.9899999999998,20240126
30,대전광역시,6,토요일,1,현지인(a),641620.0,20240127
30,대전광역시,6,토요일,2,외지인(b),312175.5,20240127
30,대전광역시,6,토요일,3,외국인(c),1967.1599999999996,20240127
30,대전광역시,7,일요일,1,현지인(a),618905.0,20240128
30,대전광역시,7,일요일,2,외지인(b),253977.5,20240128
30,대전광역시,7,일요일,3,외국인(c),1871.27,20240128
30,대전광역시,1,월요일,1,현지인(a),691586.0,20240129
30,대전광역시,1,월요일,2,외지인(b),208628.0,20240129
30,대전광역시,1,월요일,3,외국인(c),1942.21,20240129
30,대전광역시,2,화요일,1,현지인(a),699590.5,20240130
30,대전광역시,2,화요일,2,외지인(b),211960.0,20240130
30,대전광역시,2,화요일,3,외국인(c),2120.7999999999997,20240130
30,대전광역시,3,수요일,1,현지인(a),704413.5,20240131
30,대전광역시,3,수요일,2,외지인(b),211582.0,20240131
30,대전광역시,3,수요일,3,외국인(c),2205.7,20240131
30,대전광역시,4,목요일,1,현지인(a),686857.5,20240201
30,대전광역시,4,목요일,2,외지인(b),162050.0,20240201
30,대전광역시,4,목요일,3,외국인(c),2576.09,20240201
30,대전광역시,5,금요일,1,현지인(a),689759.0,20240202
30,대전광역시,5,금요일,2,외지인(b),189185.5,20240202
30,대전광역시,5,금요일,3,외국인(c),2547.23,20240202
30,대전광역시,6,토요일,1,현지인(a),641518.5,20240203
30,대전광역시,6,토요일,2,외지인(b),277483.5,20240203
30,대전광역시,6,토요일,3,외국인(c),2334.9900000000007,20240203
30,대전광역시,7,일요일,1,현지인(a),628050.5,20240204
30,대전광역시,7,일요일,2,외지인(b),229810.0,20240204
30,대전광역시,7,일요일,3,외국인(c),2361.13,20240204
30,대전광역시,1,월요일,1,현지인(a),669987.5,20240205
30,대전광역시,1,월요일,2,외지인(b),163516.5,20240205
30,대전광역시,1,월요일,3,외국인(c),2135.9700000000003,20240205
30,대전광역시,2,화요일,1,현지인(a),686122.5,20240206
30,대전광역시,2,화요일,2,외지인(b),174898.5,20240206
30,대전광역시,2,화요일,3,외국인(c),2165.5200000000004,20240206
30,대전광역시,3,수요일,1,현지인(a),702663.5,20240207
30,대전광역시,3,수요일,2,외지인(b),185668.0,20240207
30,대전광역시,3,수요일,3,외국인(c),2202.4200000000005,20240207
30,대전광역시,4,목요일,1,현지인(a),700087.5,20240208
30,대전광역시,4,목요일,2,외지인(b),236523.0,20240208
30,대전광역시,4,목요일,3,외국인(c),2270.56,20240208
30,대전광역시,5,금요일,1,현지인(a),544491.5,20240209
30,대전광역시,5,금요일,2,외지인(b),362516.0,20240209
30,대전광역시,5,금요일,3,외국인(c),2258.5499999999997,20240209
30,대전광역시,6,토요일,1,현지인(a),481453.0,20240210
30,대전광역시,6,토요일,2,외지인(b),458398.5,20240210
30,대전광역시,6,토요일,3,외국인(c),2178.8200000000006,20240210
30,대전광역시,7,일요일,1,현지인(a),543473.0,20240211
30,대전광역시,7,일요일,2,외지인(b),373520.0,20240211
30,대전광역시,7,일요일,3,외국인(c),2231.360000000001,20240211
30,대전광역시,1,월요일,1,현지인(a),596998.5,20240212
30,대전광역시,1,월요일,2,외지인(b),267893.5,20240212
30,대전광역시,1,월요일,3,외국인(c),2210.23,20240212
30,대전광역시,2,화요일,1,현지인(a),683686.5,20240213
30,대전광역시,2,화요일,2,외지인(b),191800.0,20240213
30,대전광역시,2,화요일,3,외국인(c),2267.73,20240213
30,대전광역시,3,수요일,1,현지인(a),690144.0,20240214
30,대전광역시,3,수요일,2,외지인(b),190571.5,20240214
30,대전광역시,3,수요일,3,외국인(c),2135.3599999999997,20240214
30,대전광역시,4,목요일,1,현지인(a),679318.5,20240215
30,대전광역시,4,목요일,2,외지인(b),200595.5,20240215
30,대전광역시,4,목요일,3,외국인(c),2374.620000000001,20240215
30,대전광역시,5,금요일,1,현지인(a),699093.5,20240216
30,대전광역시,5,금요일,2,외지인(b),236883.5,20240216
30,대전광역시,5,금요일,3,외국인(c),2296.900000000001,20240216
30,대전광역시,6,토요일,1,현지인(a),647510.5,20240217
30,대전광역시,6,토요일,2,외지인(b),311927.0,20240217
30,대전광역시,6,토요일,3,외국인(c),2056.1400000000003,20240217
30,대전광역시,7,일요일,1,현지인(a),617851.5,20240218
30,대전광역시,7,일요일,2,외지인(b),255349.5,20240218
30,대전광역시,7,일요일,3,외국인(c),1946.5599999999997,20240218
30,대전광역시,1,월요일,1,현지인(a),674369.5,20240219
30,대전광역시,1,월요일,2,외지인(b),197960.0,20240219
30,대전광역시,1,월요일,3,외국인(c),2154.480000000001,20240219
30,대전광역시,2,화요일,1,현지인(a),677008.5,20240220
30,대전광역시,2,화요일,2,외지인(b),203973.0,20240220
30,대전광역시,2,화요일,3,외국인(c),2599.0800000000004,20240220
30,대전광역시,3,수요일,1,현지인(a),677957.0,20240221
30,대전광역시,3,수요일,2,외지인(b),202233.5,20240221
30,대전광역시,3,수요일,3,외국인(c),2445.8300000000004,20240221
30,대전광역시,4,목요일,1,현지인(a),680081.5,20240222
30,대전광역시,4,목요일,2,외지인(b),216198.5,20240222
30,대전광역시,4,목요일,3,외국인(c),2495.5900000000006,20240222
30,대전광역시,5,금요일,1,현지인(a),693542.5,20240223
30,대전광역시,5,금요일,2,외지인(b),249679.5,20240223
30,대전광역시,5,금요일,3,외국인(c),2261.820000000001,20240223
30,대전광역시,6,토요일,1,현지인(a),639226.0,20240224
30,대전광역시,6,토요일,2,외지인(b),337582.0,20240224
30,대전광역시,6,토요일,3,외국인(c),2268.7500000000005,20240224
30,대전광역시,7,일요일,1,현지인(a),614715.5,20240225
30,대전광역시,7,일요일,2,외지인(b),281445.5,20240225
30,대전광역시,7,일요일,3,외국인(c),2262.470000000001,20240225
30,대전광역시,1,월요일,1,현지인(a),680722.0,20240226
30,대전광역시,1,월요일,2,외지인(b),223853.0,20240226
30,대전광역시,1,월요일,3,외국인(c),2532.9600000000005,20240226
30,대전광역시,2,화요일,1,현지인(a),681884.0,20240227
30,대전광역시,2,화요일,2,외지인(b),233558.5,20240227
30,대전광역시,2,화요일,3,외국인(c),2695.8200000000006,20240227
30,대전광역시,3,수요일,1,현지인(a),686658.0,20240228
30,대전광역시,3,수요일,2,외지인(b),239456.0,20240228
30,대전광역시,3,수요일,3,외국인(c),2824.0200000000004,20240228
30,대전광역시,4,목요일,1,현지인(a),688747.5,20240229
30,대전광역시,4,목요일,2,외지인(b),260260.0,20240229
30,대전광역시,4,목요일,3,외국인(c),2680.4500000000003,20240229
30,대전광역시,5,금요일,1,현지인(a),629842.5,20240301
30,대전광역시,5,금요일,2,외지인(b),286842.5,20240301
30,대전광역시,5,금요일,3,외국인(c),2431.0099999999998,20240301
30,대전광역시,6,토요일,1,현지인(a),632268.0,20240302
30,대전광역시,6,토요일,2,외지인(b),312088.0,20240302
30,대전광역시,6,토요일,3,외국인(c),2367.9500000000003,20240302
30,대전광역시,7,일요일,1,현지인(a),640927.0,20240303
30,대전광역시,7,일요일,2,외지인(b),260750.0,20240303
30,대전광역시,7,일요일,3,외국인(c),2473.74,20240303
30,대전광역시,1,월요일,1,현지인(a),721080.5,20240304
30,대전광역시,1,월요일,2,외지인(b),208232.5,20240304
30,대전광역시,1,월요일,3,외국인(c),2642.76,20240304
30,대전광역시,2,화요일,1,현지인(a),711210.5,20240305
30,대전광역시,2,화요일,2,외지인(b),212450.0,20240305
30,대전광역시,2,화요일,3,외국인(c),2521.71,20240305
30,대전광역시,3,수요일,1,현지인(a),725728.5,20240306
30,대전광역시,3,수요일,2,외지인(b),218176.0,20240306
30,대전광역시,3,수요일,3,외국인(c),2524.7400000000002,20240306
30,대전광역시,4,목요일,1,현지인(a),718140.5,20240307
30,대전광역시,4,목요일,2,외지인(b),222841.5,20240307
30,대전광역시,4,목요일,3,외국인(c),2627.0200000000004,20240307
30,대전광역시,5,금요일,1,현지인(a),727009.5,20240308
30,대전광역시,5,금요일,2,외지인(b),242833.5,20240308
30,대전광역시,5,금요일,3,외국인(c),2750.59,20240308
30,대전광역시,6,토요일,1,현지인(a),665252.0,20240309
30,대전광역시,6,토요일,2,외지인(b),322427.0,20240309
30,대전광역시,6,토요일,3,외국인(c),2582.03,20240309
30,대전광역시,7,일요일,1,현지인(a),644889.0,20240310
30,대전광역시,7,일요일,2,외지인(b),270690.0,20240310
30,대전광역시,7,일요일,3,외국인(c),2489.93,20240310
30,대전광역시,1,월요일,1,현지인(a),717314.5,20240311
30,대전광역시,1,월요일,2,외지인(b),224028.0,20240311
30,대전광역시,1,월요일,3,외국인(c),2614.230000000001,20240311
30,대전광역시,2,화요일,1,현지인(a),713772.5,20240312
30,대전광역시,2,화요일,2,외지인(b),228966.5,20240312
30,대전광역시,2,화요일,3,외국인(c),2743.210000000001,20240312
30,대전광역시,3,수요일,1,현지인(a),726740.0,20240313
30,대전광역시,3,수요일,2,외지인(b),238633.5,20240313
30,대전광역시,3,수요일,3,외국인(c),2820.1299999999997,20240313
30,대전광역시,4,목요일,1,현지인(a),724262.0,20240314
30,대전광역시,4,목요일,2,외지인(b),241199.0,20240314
30,대전광역시,4,목요일,3,외국인(c),2890.2100000000005,20240314
30,대전광역시,5,금요일,1,현지인(a),732620.0,20240315
30,대전광역시,5,금요일,2,외지인(b),259213.5,20240315
30,대전광역시,5,금요일,3,외국인(c),2958.71,20240315
30,대전광역시,6,토요일,1,현지인(a),664489.0,20240316
30,대전광역시,6,토요일,2,외지인(b),337123.5,20240316
30,대전광역시,6,토요일,3,외국인(c),2629.060000000001,20240316
30,대전광역시,7,일요일,1,현지인(a),646394.0,20240317
30,대전광역시,7,일요일,2,외지인(b),287854.0,20240317
30,대전광역시,7,일요일,3,외국인(c),2593.1000000000013,20240317
30,대전광역시,1,월요일,1,현지인(a),718823.0,20240318
30,대전광역시,1,월요일,2,외지인(b),242725.0,20240318
30,대전광역시,1,월요일,3,외국인(c),2821.42,20240318
30,대전광역시,2,화요일,1,현지인(a),714931.0,20240319
30,대전광역시,2,화요일,2,외지인(b),245651.0,20240319
30,대전광역시,2,화요일,3,외국인(c),2923.500000000002,20240319
30,대전광역시,3,수요일,1,현지인(a),724216.5,20240320
30,대전광역시,3,수요일,2,외지인(b),248766.0,20240320
30,대전광역시,3,수요일,3,외국인(c),3121.670000000001,20240320
30,대전광역시,4,목요일,1,현지인(a),721427.0,20240321
30,대전광역시,4,목요일,2,외지인(b),255080.0,20240321
30,대전광역시,4,목요일,3,외국인(c),3116.3699999999994,20240321
30,대전광역시,5,금요일,1,현지인(a),723264.5,20240322
30,대전광역시,5,금요일,2,외지인(b),269881.5,20240322
30,대전광역시,5,금요일,3,외국인(c),3025.4400000000005,20240322
30,대전광역시,6,토요일,1,현지인(a),664961.5,20240323
30,대전광역시,6,토요일,2,외지인(b),340347.0,20240323
30,대전광역시,6,토요일,3,외국인(c),2949.479999999999,20240323
30,대전광역시,7,일요일,1,현지인(a),642474.0,20240324
30,대전광역시,7,일요일,2,외지인(b),295001.0,20240324
30,대전광역시,7,일요일,3,외국인(c),2661.7400000000002,20240324
30,대전광역시,1,월요일,1,현지인(a),711203.5,20240325
30,대전광역시,1,월요일,2,외지인(b),241269.0,20240325
30,대전광역시,1,월요일,3,외국인(c),2927.02,20240325
30,대전광역시,2,화요일,1,현지인(a),716079.0,20240326
30,대전광역시,2,화요일,2,외지인(b),248363.5,20240326
30,대전광역시,2,화요일,3,외국인(c),3044.61,20240326
30,대전광역시,3,수요일,1,현지인(a),725627.0,20240327
30,대전광역시,3,수요일,2,외지인(b),255671.5,20240327
30,대전광역시,3,수요일,3,외국인(c),2980.6299999999987,20240327
30,대전광역시,4,목요일,1,현지인(a),708844.5,20240328
30,대전광역시,4,목요일,2,외지인(b),253288.0,20240328
30,대전광역시,4,목요일,3,외국인(c),2916.619999999999,20240328
30,대전광역시,5,금요일,1,현지인(a),724832.5,20240329
30,대전광역시,5,금요일,2,외지인(b),283374.0,20240329
30,대전광역시,5,금요일,3,외국인(c),2959.7300000000014,20240329
30,대전광역시,6,토요일,1,현지인(a),654542.0,20240330
30,대전광역시,6,토요일,2,외지인(b),353692.5,20240330
30,대전광역시,6,토요일,3,외국인(c),2809.1099999999997,20240330
30,대전광역시,7,일요일,1,현지인(a),643342.0,20240331
30,대전광역시,7,일요일,2,외지인(b),321503.0,20240331
30,대전광역시,7,일요일,3,외국인(c),2778.0499999999997,20240331
30,대전광역시,1,월요일,1,현지인(a),713681.5,20240401
30,대전광역시,1,월요일,2,외지인(b),151322.5,20240401
30,대전광역시,1,월요일,3,외국인(c),2897.5100000000016,20240401
30,대전광역시,2,화요일,1,현지인(a),716695.0,20240402
30,대전광역시,2,화요일,2,외지인(b),161913.5,20240402
30,대전광역시,2,화요일,3,외국인(c),2826.52,20240402
30,대전광역시,3,수요일,1,현지인(a),698932.5,20240403
30,대전광역시,3,수요일,2,외지인(b),153020.0,20240403
30,대전광역시,3,수요일,3,외국인(c),2812.1900000000014,20240403
30,대전광역시,4,목요일,1,현지인(a),704308.5,20240404
30,대전광역시,4,목요일,2,외지인(b),165917.5,20240404
30,대전광역시,4,목요일,3,외국인(c),2905.1400000000012,20240404
30,대전광역시,5,금요일,1,현지인(a),716905.0,20240405
30,대전광역시,5,금요일,2,외지인(b),198597.0,20240405
30,대전광역시,5,금요일,3,외국인(c),2998.98,20240405
30,대전광역시,6,토요일,1,현지인(a),653313.5,20240406
30,대전광역시,6,토요일,2,외지인(b),299033.0,20240406
30,대전광역시,6,토요일,3,외국인(c),2814.71,20240406
30,대전광역시,7,일요일,1,현지인(a),641137.0,20240407
30,대전광역시,7,일요일,2,외지인(b),249392.5,20240407
30,대전광역시,7,일요일,3,외국인(c),2898.2999999999997,20240407
30,대전광역시,1,월요일,1,현지인(a),702089.5,20240408
30,대전광역시,1,월요일,2,외지인(b),164927.0,20240408
30,대전광역시,1,월요일,3,외국인(c),2878.640000000001,20240408
30,대전광역시,2,화요일,1,현지인(a),713811.0,20240409
30,대전광역시,2,화요일,2,외지인(b),181240.5,20240409
30,대전광역시,2,화요일,3,외국인(c),2909.6000000000004,20240409
30,대전광역시,3,수요일,1,현지인(a),662291.0,20240410
30,대전광역시,3,수요일,2,외지인(b),202797.0,20240410
30,대전광역시,3,수요일,3,외국인(c),3135.7900000000004,20240410
30,대전광역시,4,목요일,1,현지인(a),704522.0,20240411
30,대전광역시,4,목요일,2,외지인(b),172966.5,20240411
30,대전광역시,4,목요일,3,외국인(c),3266.7400000000002,20240411
30,대전광역시,5,금요일,1,현지인(a),715190.0,20240412
30,대전광역시,5,금요일,2,외지인(b),210990.5,20240412
30,대전광역시,5,금요일,3,외국인(c),3375.0400000000004,20240412
30,대전광역시,6,토요일,1,현지인(a),650258.0,20240413
30,대전광역시,6,토요일,2,외지인(b),306593.0,20240413
30,대전광역시,6,토요일,3,외국인(c),3085.3099999999995,20240413
30,대전광역시,7,일요일,1,현지인(a),634784.5,20240414
30,대전광역시,7,일요일,2,외지인(b),251461.0,20240414
30,대전광역시,7,일요일,3,외국인(c),2844.7400000000007,20240414
30,대전광역시,1,월요일,1,현지인(a),691624.5,20240415
30,대전광역시,1,월요일,2,외지인(b),172938.5,20240415
30,대전광역시,1,월요일,3,외국인(c),2967.1400000000003,20240415
30,대전광역시,2,화요일,1,현지인(a),700700.0,20240416
30,대전광역시,2,화요일,2,외지인(b),177369.5,20240416
30,대전광역시,2,화요일,3,외국인(c),3128.0500000000006,20240416
30,대전광역시,3,수요일,1,현지인(a),704609.5,20240417
30,대전광역시,3,수요일,2,외지인(b),183921.5,20240417
30,대전광역시,3,수요일,3,외국인(c),3251.440000000001,20240417
30,대전광역시,4,목요일,1,현지인(a),705148.5,20240418
30,대전광역시,4,목요일,2,외지인(b),190179.5,20240418
30,대전광역시,4,목요일,3,외국인(c),3219.92,20240418
30,대전광역시,5,금요일,1,현지인(a),714014.0,20240419
30,대전광역시,5,금요일,2,외지인(b),225935.5,20240419
30,대전광역시,5,금요일,3,외국인(c),3100.3600000000006,20240419
30,대전광역시,6,토요일,1,현지인(a),636664.0,20240420
30,대전광역시,6,토요일,2,외지인(b),300629.0,20240420
30,대전광역시,6,토요일,3,외국인(c),2713.4700000000003,20240420
30,대전광역시,7,일요일,1,현지인(a),631015.0,20240421
30,대전광역시,7,일요일,2,외지인(b),251475.0,20240421
30,대전광역시,7,일요일,3,외국인(c),2652.42,20240421
30,대전광역시,1,월요일,1,현지인(a),702180.5,20240422
30,대전광역시,1,월요일,2,외지인(b),186847.5,20240422
30,대전광역시,1,월요일,3,외국인(c),2776.0299999999997,20240422
30,대전광역시,2,화요일,1,현지인(a),699009.5,20240423
30,대전광역시,2,화요일,2,외지인(b),188275.5,20240423
30,대전광역시,2,화요일,3,외국인(c),2888.47,20240423
30,대전광역시,3,수요일,1,현지인(a),703321.5,20240424
30,대전광역시,3,수요일,2,외지인(b),194929.0,20240424
30,대전광역시,3,수요일,3,외국인(c),3142.46,20240424
30,대전광역시,4,목요일,1,현지인(a),705579.0,20240425
30,대전광역시,4,목요일,2,외지인(b),209849.5,20240425
30,대전광역시,4,목요일,3,외국인(c),3128.7200000000003,20240425
30,대전광역시,5,금요일,1,현지인(a),718175.5,20240426
30,대전광역시,5,금요일,2,외지인(b),247558.5,20240426
30,대전광역시,5,금요일,3,외국인(c),3159.909999999999,20240426
30,대전광역시,6,토요일,1,현지인(a),651990.5,20240427
30,대전광역시,6,토요일,2,외지인(b),341799.5,20240427
30,대전광역시,6,토요일,3,외국인(c),2851.55,20240427
30,대전광역시,7,일요일,1,현지인(a),632149.0,20240428
30,대전광역시,7,일요일,2,외지인(b),278201.0,20240428
30,대전광역시,7,일요일,3,외국인(c),2782.19,20240428
30,대전광역시,1,월요일,1,현지인(a),692398.0,20240429
30,대전광역시,1,월요일,2,외지인(b),197739.5,20240429
30,대전광역시,1,월요일,3,외국인(c),2938.42,20240429
30,대전광역시,2,화요일,1,현지인(a),709796.5,20240430
30,대전광역시,2,화요일,2,외지인(b),218389.5,20240430
30,대전광역시,2,화요일,3,외국인(c),2871.69,20240430
30,대전광역시,3,수요일,1,현지인(a),729820.0,20240501
30,대전광역시,3,수요일,2,외지인(b),187341.0,20240501
30,대전광역시,3,수요일,3,외국인(c),2743.1499999999996,20240501
30,대전광역시,4,목요일,1,현지인(a),756143.5,20240502
30,대전광역시,4,목요일,2,외지인(b),167814.5,20240502
30,대전광역시,4,목요일,3,외국인(c),2825.1199999999994,20240502
30,대전광역시,5,금요일,1,현지인(a),759622.5,20240503
30,대전광역시,5,금요일,2,외지인(b),214466.0,20240503
30,대전광역시,5,금요일,3,외국인(c),2879.02,20240503
30,대전광역시,6,토요일,1,현지인(a),655991.0,20240504
30,대전광역시,6,토요일,2,외지인(b),347816.0,20240504
30,대전광역시,6,토요일,3,외국인(c),3089.8100000000004,20240504
30,대전광역시,7,일요일,1,현지인(a),611089.5,20240505
30,대전광역시,7,일요일,2,외지인(b),331548.0,20240505
30,대전광역시,7,일요일,3,외국인(c),2677.660000000001,20240505
30,대전광역시,1,월요일,1,현지인(a),648252.5,20240506
30,대전광역시,1,월요일,2,외지인(b),260666.0,20240506
30,대전광역시,1,월요일,3,외국인(c),2574.7400000000002,20240506
30,대전광역시,2,화요일,1,현지인(a),750799.0,20240507
30,대전광역시,2,화요일,2,외지인(b),169655.5,20240507
30,대전광역시,2,화요일,3,외국인(c),2629.22,20240507
30,대전광역시,3,수요일,1,현지인(a),774466.0,20240508
30,대전광역시,3,수요일,2,외지인(b),183498.0,20240508
30,대전광역시,3,수요일,3,외국인(c),2708.890000000001,20240508
30,대전광역시,4,목요일,1,현지인(a),759409.0,20240509
30,대전광역시,4,목요일,2,외지인(b),184005.5,20240509
30,대전광역시,4,목요일,3,외국인(c),2573.42,20240509
30,대전광역시,5,금요일,1,현지인(a),768988.5,20240510
30,대전광역시,5,금요일,2,외지인(b),223629.0,20240510
30,대전광역시,5,금요일,3,외국인(c),2831.960000000001,20240510
30,대전광역시,6,토요일,1,현지인(a),683140.5,20240511
30,대전광역시,6,토요일,2,외지인(b),315136.5,20240511
30,대전광역시,6,토요일,3,외국인(c),2513.98,20240511
30,대전광역시,7,일요일,1,현지인(a),670593.0,20240512
30,대전광역시,7,일요일,2,외지인(b),262752.0,20240512
30,대전광역시,7,일요일,3,외국인(c),2520.0499999999997,20240512
30,대전광역시,1,월요일,1,현지인(a),758649.5,20240513
30,대전광역시,1,월요일,2,외지인(b),181940.5,20240513
30,대전광역시,1,월요일,3,외국인(c),2590.080000000001,20240513
30,대전광역시,2,화요일,1,현지인(a),771347.5,20240514
30,대전광역시,2,화요일,2,외지인(b),210259.0,20240514
30,대전광역시,2,화요일,3,외국인(c),2782.3599999999988,20240514
30,대전광역시,3,수요일,1,현지인(a),678188.0,20240515
30,대전광역시,3,수요일,2,외지인(b),229838.0,20240515
30,대전광역시,3,수요일,3,외국인(c),2546.24,20240515
30,대전광역시,4,목요일,1,현지인(a),755475.0,20240516
30,대전광역시,4,목요일,2,외지인(b),196364.0,20240516
30,대전광역시,4,목요일,3,외국인(c),2695.5600000000004,20240516
30,대전광역시,5,금요일,1,현지인(a),762443.5,20240517
30,대전광역시,5,금요일,2,외지인(b),222372.5,20240517
30,대전광역시,5,금요일,3,외국인(c),2657.4,20240517
30,대전광역시,6,토요일,1,현지인(a),682223.5,20240518
30,대전광역시,6,토요일,2,외지인(b),320092.5,20240518
30,대전광역시,6,토요일,3,외국인(c),2521.5199999999995,20240518
30,대전광역시,7,일요일,1,현지인(a),667985.5,20240519
30,대전광역시,7,일요일,2,외지인(b),266493.5,20240519
30,대전광역시,7,일요일,3,외국인(c),2480.05,20240519
30,대전광역시,1,월요일,1,현지인(a),753193.0,20240520
30,대전광역시,1,월요일,2,외지인(b),188219.5,20240520
30,대전광역시,1,월요일,3,외국인(c),2587.0100000000007,20240520
30,대전광역시,2,화요일,1,현지인(a),754432.0,20240521
30,대전광역시,2,화요일,2,외지인(b),196455.0,20240521
30,대전광역시,2,화요일,3,외국인(c),2485.47,20240521
30,대전광역시,3,수요일,1,현지인(a),758786.0,20240522
30,대전광역시,3,수요일,2,외지인(b),201673.5,20240522
30,대전광역시,3,수요일,3,외국인(c),2743.8599999999988,20240522
30,대전광역시,4,목요일,1,현지인(a),756126.0,20240523
30,대전광역시,4,목요일,2,외지인(b),206360.0,20240523
30,대전광역시,4,목요일,3,외국인(c),2840.0999999999985,20240523
30,대전광역시,5,금요일,1,현지인(a),759174.5,20240524
30,대전광역시,5,금요일,2,외지인(b),236124.0,20240524
30,대전광역시,5,금요일,3,외국인(c),2718.43,20240524
30,대전광역시,6,토요일,1,현지인(a),679371.0,20240525
30,대전광역시,6,토요일,2,외지인(b),326116.0,20240525
30,대전광역시,6,토요일,3,외국인(c),2348.4200000000005,20240525
30,대전광역시,7,일요일,1,현지인(a),651297.5,20240526
30,대전광역시,7,일요일,2,외지인(b),271141.5,20240526
30,대전광역시,7,일요일,3,외국인(c),2347.43,20240526
30,대전광역시,1,월요일,1,현지인(a),752927.0,20240527
30,대전광역시,1,월요일,2,외지인(b),196455.0,20240527
30,대전광역시,1,월요일,3,외국인(c),2518.0800000000004,20240527
30,대전광역시,2,화요일,1,현지인(a),758800.0,20240528
30,대전광역시,2,화요일,2,외지인(b),204165.5,20240528
30,대전광역시,2,화요일,3,외국인(c),2618.459999999999,20240528
30,대전광역시,3,수요일,1,현지인(a),759570.0,20240529
30,대전광역시,3,수요일,2,외지인(b),209730.5,20240529
30,대전광역시,3,수요일,3,외국인(c),2550.43,20240529
30,대전광역시,4,목요일,1,현지인(a),752878.0,20240530
30,대전광역시,4,목요일,2,외지인(b),210591.5,20240530
30,대전광역시,4,목요일,3,외국인(c),2699.759999999999,20240530
30,대전광역시,5,금요일,1,현지인(a),759230.5,20240531
30,대전광역시,5,금요일,2,외지인(b),238248.5,20240531
30,대전광역시,5,금요일,3,외국인(c),2712.5700000000006,20240531
30,대전광역시,6,토요일,1,현지인(a),688394.0,20240601
30,대전광역시,6,토요일,2,외지인(b),283454.5,20240601
30,대전광역시,6,토요일,3,외국인(c),2311.2500000000005,20240601
30,대전광역시,7,일요일,1,현지인(a),674334.5,20240602
30,대전광역시,7,일요일,2,외지인(b),240471.0,20240602
30,대전광역시,7,일요일,3,외국인(c),2314.5700000000006,20240602
30,대전광역시,1,월요일,1,현지인(a),765943.5,20240603
30,대전광역시,1,월요일,2,외지인(b),155617.0,20240603
30,대전광역시,1,월요일,3,외국인(c),2505.82,20240603
30,대전광역시,2,화요일,1,현지인(a),771032.5,20240604
30,대전광역시,2,화요일,2,외지인(b),165151.0,20240604
30,대전광역시,2,화요일,3,외국인(c),2364.7899999999995,20240604
30,대전광역시,3,수요일,1,현지인(a),784252.0,20240605
30,대전광역시,3,수요일,2,외지인(b),187673.5,20240605
30,대전광역시,3,수요일,3,외국인(c),2580.59,20240605
30,대전광역시,4,목요일,1,현지인(a),674866.5,20240606
30,대전광역시,4,목요일,2,외지인(b),244174.0,20240606
30,대전광역시,4,목요일,3,외국인(c),2420.620000000001,20240606
30,대전광역시,5,금요일,1,현지인(a),738892.0,20240607
30,대전광역시,5,금요일,2,외지인(b),231476.0,20240607
30,대전광역시,5,금요일,3,외국인(c),2426.74,20240607
30,대전광역시,6,토요일,1,현지인(a),670841.5,20240608
30,대전광역시,6,토요일,2,외지인(b),301840.0,20240608
30,대전광역시,6,토요일,3,외국인(c),2335.3199999999997,20240608
30,대전광역시,7,일요일,1,현지인(a),671443.5,20240609
30,대전광역시,7,일요일,2,외지인(b),243978.0,20240609
30,대전광역시,7,일요일,3,외국인(c),2263.4599999999996,20240609
30,대전광역시,1,월요일,1,현지인(a),766038.0,20240610
30,대전광역시,1,월요일,2,외지인(b),171139.5,20240610
30,대전광역시,1,월요일,3,외국인(c),2287.2999999999997,20240610
30,대전광역시,2,화요일,1,현지인(a),767441.5,20240611
30,대전광역시,2,화요일,2,외지인(b),175959.0,20240611
30,대전광역시,2,화요일,3,외국인(c),2514.5299999999997,20240611
30,대전광역시,3,수요일,1,현지인(a),772702.0,20240612
30,대전광역시,3,수요일,2,외지인(b),177429.0,20240612
30,대전광역시,3,수요일,3,외국인(c),2590.4500000000007,20240612
30,대전광역시,4,목요일,1,현지인(a),768218.5,20240613
30,대전광역시,4,목요일,2,외지인(b),182164.5,20240613
30,대전광역시,4,목요일,3,외국인(c),2545.9200000000014,20240613
30,대전광역시,5,금요일,1,현지인(a),771932.0,20240614
30,대전광역시,5,금요일,2,외지인(b),214147.5,20240614
30,대전광역시,5,금요일,3,외국인(c),2505.0200000000004,20240614
30,대전광역시,6,토요일,1,현지인(a),686483.0,20240615
30,대전광역시,6,토요일,2,외지인(b),303562.0,20240615
30,대전광역시,6,토요일,3,외국인(c),2338.6600000000003,20240615
30,대전광역시,7,일요일,1,현지인(a),675671.5,20240616
30,대전광역시,7,일요일,2,외지인(b),255286.5,20240616
30,대전광역시,7,일요일,3,외국인(c),2414.1100000000006,20240616
30,대전광역시,1,월요일,1,현지인(a),760812.5,20240617
30,대전광역시,1,월요일,2,외지인(b),185234.0,20240617
30,대전광역시,1,월요일,3,외국인(c),2619.0500000000006,20240617
30,대전광역시,2,화요일,1,현지인(a),762926.5,20240618
30,대전광역시,2,화요일,2,외지인(b),189266.0,20240618
30,대전광역시,2,화요일,3,외국인(c),2698.2700000000004,20240618
30,대전광역시,3,수요일,1,현지인(a),765723.0,20240619
30,대전광역시,3,수요일,2,외지인(b),192629.5,20240619
30,대전광역시,3,수요일,3,외국인(c),2586.2799999999993,20240619
30,대전광역시,4,목요일,1,현지인(a),764267.0,20240620
30,대전광역시,4,목요일,2,외지인(b),197848.0,20240620
30,대전광역시,4,목요일,3,외국인(c),2591.3400000000006,20240620
30,대전광역시,5,금요일,1,현지인(a),765226.0,20240621
30,대전광역시,5,금요일,2,외지인(b),226754.5,20240621
30,대전광역시,5,금요일,3,외국인(c),2534.1100000000006,20240621
30,대전광역시,6,토요일,1,현지인(a),671604.5,20240622
30,대전광역시,6,토요일,2,외지인(b),302876.0,20240622
30,대전광역시,6,토요일,3,외국인(c),2442.4799999999996,20240622
30,대전광역시,7,일요일,1,현지인(a),664832.0,20240623
30,대전광역시,7,일요일,2,외지인(b),254684.5,20240623
30,대전광역시,7,일요일,3,외국인(c),2405.9300000000003,20240623
30,대전광역시,1,월요일,1,현지인(a),747841.5,20240624
30,대전광역시,1,월요일,2,외지인(b),199409.0,20240624
30,대전광역시,1,월요일,3,외국인(c),2711.7999999999997,20240624
30,대전광역시,2,화요일,1,현지인(a),755202.0,20240625
30,대전광역시,2,화요일,2,외지인(b),210364.0,20240625
30,대전광역시,2,화요일,3,외국인(c),2919.6299999999997,20240625
30,대전광역시,3,수요일,1,현지인(a),755216.0,20240626
30,대전광역시,3,수요일,2,외지인(b),210724.5,20240626
30,대전광역시,3,수요일,3,외국인(c),2760.0399999999995,20240626
30,대전광역시,4,목요일,1,현지인(a),752031.0,20240627
30,대전광역시,4,목요일,2,외지인(b),217448.0,20240627
30,대전광역시,4,목요일,3,외국인(c),2774.070000000001,20240627
30,대전광역시,5,금요일,1,현지인(a),755307.0,20240628
30,대전광역시,5,금요일,2,외지인(b),237639.5,20240628
30,대전광역시,5,금요일,3,외국인(c),2549.15,20240628
30,대전광역시,6,토요일,1,현지인(a),667187.5,20240629
30,대전광역시,6,토요일,2,외지인(b),314800.5,20240629
30,대전광역시,6,토요일,3,외국인(c),2446.4200000000005,20240629
30,대전광역시,7,일요일,1,현지인(a),654517.5,20240630
30,대전광역시,7,일요일,2,외지인(b),252546.0,20240630
30,대전광역시,7,일요일,3,외국인(c),2375.5800000000004,20240630
30,대전광역시,1,월요일,1,현지인(a),737835.0,20240701
30,대전광역시,1,월요일,2,외지인(b),158900.0,20240701
30,대전광역시,1,월요일,3,외국인(c),2553.1000000000004,20240701
30,대전광역시,2,화요일,1,현지인(a),728178.5,20240702
30,대전광역시,2,화요일,2,외지인(b),158924.5,20240702
30,대전광역시,2,화요일,3,외국인(c),2730.32,20240702
30,대전광역시,3,수요일,1,현지인(a),743508.5,20240703
30,대전광역시,3,수요일,2,외지인(b),173085.5,20240703
30,대전광역시,3,수요일,3,외국인(c),2610.9099999999994,20240703
30,대전광역시,4,목요일,1,현지인(a),739014.5,20240704
30,대전광역시,4,목요일,2,외지인(b),179385.5,20240704
30,대전광역시,4,목요일,3,외국인(c),2510.129999999999,20240704
30,대전광역시,5,금요일,1,현지인(a),750599.5,20240705
30,대전광역시,5,금요일,2,외지인(b),204106.0,20240705
30,대전광역시,5,금요일,3,외국인(c),2494.34,20240705
30,대전광역시,6,토요일,1,현지인(a),668318.0,20240706
30,대전광역시,6,토요일,2,외지인(b),290279.5,20240706
30,대전광역시,6,토요일,3,외국인(c),2449.8399999999997,20240706
30,대전광역시,7,일요일,1,현지인(a),638606.5,20240707
30,대전광역시,7,일요일,2,외지인(b),230576.5,20240707
30,대전광역시,7,일요일,3,외국인(c),2363.5399999999995,20240707
30,대전광역시,1,월요일,1,현지인(a),712600.0,20240708
30,대전광역시,1,월요일,2,외지인(b),165966.5,20240708
30,대전광역시,1,월요일,3,외국인(c),2484.8799999999997,20240708
30,대전광역시,2,화요일,1,현지인(a),728556.5,20240709
30,대전광역시,2,화요일,2,외지인(b),176141.0,20240709
30,대전광역시,2,화요일,3,외국인(c),2751.36,20240709
30,대전광역시,3,수요일,1,현지인(a),743207.5,20240710
30,대전광역시,3,수요일,2,외지인(b),176039.5,20240710
30,대전광역시,3,수요일,3,외국인(c),2813.1799999999994,20240710
30,대전광역시,4,목요일,1,현지인(a),738916.5,20240711
30,대전광역시,4,목요일,2,외지인(b),187012.0,20240711
30,대전광역시,4,목요일,3,외국인(c),2862.579999999999,20240711
30,대전광역시,5,금요일,1,현지인(a),737229.5,20240712
30,대전광역시,5,금요일,2,외지인(b),218421.0,20240712
30,대전광역시,5,금요일,3,외국인(c),2732.7499999999995,20240712
30,대전광역시,6,토요일,1,현지인(a),667467.5,20240713
30,대전광역시,6,토요일,2,외지인(b),312732.0,20240713
30,대전광역시,6,토요일,3,외국인(c),2582.1400000000003,20240713
30,대전광역시,7,일요일,1,현지인(a),648305.0,20240714
30,대전광역시,7,일요일,2,외지인(b),254950.5,20240714
30,대전광역시,7,일요일,3,외국인(c),2560.14,20240714
30,대전광역시,1,월요일,1,현지인(a),731808.0,20240715
30,대전광역시,1,월요일,2,외지인(b),189406.0,20240715
30,대전광역시,1,월요일,3,외국인(c),2669.100000000001,20240715
30,대전광역시,2,화요일,1,현지인(a),721794.5,20240716
30,대전광역시,2,화요일,2,외지인(b),188191.5,20240716
30,대전광역시,2,화요일,3,외국인(c),2898.330000000001,20240716
30,대전광역시,3,수요일,1,현지인(a),739158.0,20240717
30,대전광역시,3,수요일,2,외지인(b),191726.5,20240717
30,대전광역시,3,수요일,3,외국인(c),2748.96,20240717
30,대전광역시,4,목요일,1,현지인(a),720674.5,20240718
30,대전광역시,4,목요일,2,외지인(b),187981.5,20240718
30,대전광역시,4,목요일,3,외국인(c),2888.6599999999994,20240718
30,대전광역시,5,금요일,1,현지인(a),742808.5,20240719
30,대전광역시,5,금요일,2,외지인(b),231735.0,20240719
30,대전광역시,5,금요일,3,외국인(c),2827.1799999999994,20240719
30,대전광역시,6,토요일,1,현지인(a),661293.5,20240720
30,대전광역시,6,토요일,2,외지인(b),300912.5,20240720
30,대전광역시,6,토요일,3,외국인(c),2756.2200000000016,20240720
30,대전광역시,7,일요일,1,현지인(a),647990.0,20240721
30,대전광역시,7,일요일,2,외지인(b),262584.0,20240721
30,대전광역시,7,일요일,3,외국인(c),2787.0100000000007,20240721
30,대전광역시,1,월요일,1,현지인(a),719320.0,20240722
30,대전광역시,1,월요일,2,외지인(b),204428.0,20240722
30,대전광역시,1,월요일,3,외국인(c),2739.189999999999,20240722
30,대전광역시,2,화요일,1,현지인(a),718711.0,20240723
30,대전광역시,2,화요일,2,외지인(b),213314.5,20240723
30,대전광역시,2,화요일,3,외국인(c),2843.9700000000003,20240723
30,대전광역시,3,수요일,1,현지인(a),723936.5,20240724
30,대전광역시,3,수요일,2,외지인(b),220398.5,20240724
30,대전광역시,3,수요일,3,외국인(c),2654.439999999999,20240724
30,대전광역시,4,목요일,1,현지인(a),721843.5,20240725
30,대전광역시,4,목요일,2,외지인(b),226030.0,20240725
30,대전광역시,4,목요일,3,외국인(c),2725.0199999999995,20240725
30,대전광역시,5,금요일,1,현지인(a),721395.5,20240726
30,대전광역시,5,금요일,2,외지인(b),250750.5,20240726
30,대전광역시,5,금요일,3,외국인(c),2639.37,20240726
30,대전광역시,6,토요일,1,현지인(a),652501.5,20240727
30,대전광역시,6,토요일,2,외지인(b),323970.5,20240727
30,대전광역시,6,토요일,3,외국인(c),2422.0000000000005,20240727
30,대전광역시,7,일요일,1,현지인(a),630661.5,20240728
30,대전광역시,7,일요일,2,외지인(b),293030.5,20240728
30,대전광역시,7,일요일,3,외국인(c),2928.6299999999997,20240728
30,대전광역시,1,월요일,1,현지인(a),695415.0,20240729
30,대전광역시,1,월요일,2,외지인(b),248699.5,20240729
30,대전광역시,1,월요일,3,외국인(c),2601.129999999999,20240729
30,대전광역시,2,화요일,1,현지인(a),696990.0,20240730
30,대전광역시,2,화요일,2,외지인(b),244352.5,20240730
30,대전광역시,2,화요일,3,외국인(c),2552.65,20240730
30,대전광역시,3,수요일,1,현지인(a),701554.0,20240731
30,대전광역시,3,수요일,2,외지인(b),249665.5,20240731
30,대전광역시,3,수요일,3,외국인(c),2565.3099999999995,20240731
30,대전광역시,4,목요일,1,현지인(a),683739.0,20240801
30,대전광역시,4,목요일,2,외지인(b),197750.0,20240801
30,대전광역시,4,목요일,3,외국인(c),3261.7200000000003,20240801
30,대전광역시,5,금요일,1,현지인(a),682510.5,20240802
30,대전광역시,5,금요일,2,외지인(b),235242.0,20240802
30,대전광역시,5,금요일,3,외국인(c),3251.4300000000003,20240802
30,대전광역시,6,토요일,1,현지인(a),626591.0,20240803
30,대전광역시,6,토요일,2,외지인(b),292747.0,20240803
30,대전광역시,6,토요일,3,외국인(c),2951.53,20240803
30,대전광역시,7,일요일,1,현지인(a),617844.5,20240804
30,대전광역시,7,일요일,2,외지인(b),241822.0,20240804
30,대전광역시,7,일요일,3,외국인(c),3084.260000000001,20240804
30,대전광역시,1,월요일,1,현지인(a),686987.0,20240805
30,대전광역시,1,월요일,2,외지인(b),183407.0,20240805
30,대전광역시,1,월요일,3,외국인(c),2729.89,20240805
30,대전광역시,2,화요일,1,현지인(a),697266.5,20240806
30,대전광역시,2,화요일,2,외지인(b),182983.5,20240806
30,대전광역시,2,화요일,3,외국인(c),2791.58,20240806
30,대전광역시,3,수요일,1,현지인(a),699814.5,20240807
30,대전광역시,3,수요일,2,외지인(b),185615.5,20240807
30,대전광역시,3,수요일,3,외국인(c),2938.77,20240807
30,대전광역시,4,목요일,1,현지인(a),699737.5,20240808
30,대전광역시,4,목요일,2,외지인(b),191817.5,20240808
30,대전광역시,4,목요일,3,외국인(c),3182.4900000000002,20240808
30,대전광역시,5,금요일,1,현지인(a),705278.0,20240809
30,대전광역시,5,금요일,2,외지인(b),228179.0,20240809
30,대전광역시,5,금요일,3,외국인(c),3208.5099999999998,20240809
30,대전광역시,6,토요일,1,현지인(a),642831.0,20240810
30,대전광역시,6,토요일,2,외지인(b),305672.5,20240810
30,대전광역시,6,토요일,3,외국인(c),2968.750000000001,20240810
30,대전광역시,7,일요일,1,현지인(a),624004.5,20240811
30,대전광역시,7,일요일,2,외지인(b),253022.0,20240811
30,대전광역시,7,일요일,3,외국인(c),2760.1399999999994,20240811
30,대전광역시,1,월요일,1,현지인(a),694841.0,20240812
30,대전광역시,1,월요일,2,외지인(b),195454.0,20240812
30,대전광역시,1,월요일,3,외국인(c),2736.080000000001,20240812
30,대전광역시,2,화요일,1,현지인(a),696538.5,20240813
30,대전광역시,2,화요일,2,외지인(b),207018.0,20240813
30,대전광역시,2,화요일,3,외국인(c),2649.4599999999996,20240813
30,대전광역시,3,수요일,1,현지인(a),712796.0,20240814
30,대전광역시,3,수요일,2,외지인(b),226397.5,20240814
30,대전광역시,3,수요일,3,외국인(c),2665.9399999999996,20240814
30,대전광역시,4,목요일,1,현지인(a),628838.0,20240815
30,대전광역시,4,목요일,2,외지인(b),254268.0,20240815
30,대전광역시,4,목요일,3,외국인(c),2489.6600000000003,20240815
30,대전광역시,5,금요일,1,현지인(a),682423.0,20240816
30,대전광역시,5,금요일,2,외지인(b),237590.5,20240816
30,대전광역시,5,금요일,3,외국인(c),2568.33,20240816
30,대전광역시,6,토요일,1,현지인(a),629058.5,20240817
30,대전광역시,6,토요일,2,외지인(b),300811.0,20240817
30,대전광역시,6,토요일,3,외국인(c),2501.2200000000007,20240817
30,대전광역시,7,일요일,1,현지인(a),625632.0,20240818
30,대전광역시,7,일요일,2,외지인(b),252584.5,20240818
30,대전광역시,7,일요일,3,외국인(c),2607.3500000000004,20240818
30,대전광역시,1,월요일,1,현지인(a),701526.0,20240819
30,대전광역시,1,월요일,2,외지인(b),189602.0,20240819
30,대전광역시,1,월요일,3,외국인(c),2762.3299999999995,20240819
30,대전광역시,2,화요일,1,현지인(a),703657.5,20240820
30,대전광역시,2,화요일,2,외지인(b),193434.5,20240820
30,대전광역시,2,화요일,3,외국인(c),2710.7999999999993,20240820
30,대전광역시,3,수요일,1,현지인(a),710045.0,20240821
30,대전광역시,3,수요일,2,외지인(b),189297.5,20240821
30,대전광역시,3,수요일,3,외국인(c),2796.0899999999997,20240821
30,대전광역시,4,목요일,1,현지인(a),709870.0,20240822
30,대전광역시,4,목요일,2,외지인(b),197550.5,20240822
30,대전광역시,4,목요일,3,외국인(c),3103.06,20240822
30,대전광역시,5,금요일,1,현지인(a),722876.0,20240823
30,대전광역시,5,금요일,2,외지인(b),229992.0,20240823
30,대전광역시,5,금요일,3,외국인(c),3170.7200000000003,20240823
30,대전광역시,6,토요일,1,현지인(a),653264.5,20240824
30,대전광역시,6,토요일,2,외지인(b),311083.5,20240824
30,대전광역시,6,토요일,3,외국인(c),2688.05,20240824
30,대전광역시,7,일요일,1,현지인(a),631291.5,20240825
30,대전광역시,7,일요일,2,외지인(b),262010.0,20240825
30,대전광역시,7,일요일,3,외국인(c),2623.0200000000004,20240825
30,대전광역시,1,월요일,1,현지인(a),707693.0,20240826
30,대전광역시,1,월요일,2,외지인(b),203892.5,20240826
30,대전광역시,1,월요일,3,외국인(c),2845.5500000000015,20240826
30,대전광역시,2,화요일,1,현지인(a),708326.5,20240827
30,대전광역시,2,화요일,2,외지인(b),207042.5,20240827
30,대전광역시,2,화요일,3,외국인(c),3172.5100000000007,20240827
30,대전광역시,3,수요일,1,현지인(a),719376.0,20240828
30,대전광역시,3,수요일,2,외지인(b),210178.5,20240828
30,대전광역시,3,수요일,3,외국인(c),3230.4399999999996,20240828
30,대전광역시,4,목요일,1,현지인(a),714031.5,20240829
30,대전광역시,4,목요일,2,외지인(b),216905.5,20240829
30,대전광역시,4,목요일,3,외국인(c),3463.690000000001,20240829
30,대전광역시,5,금요일,1,현지인(a),723947.0,20240830
30,대전광역시,5,금요일,2,외지인(b),241524.5,20240830
30,대전광역시,5,금요일,3,외국인(c),3306.7600000000016,20240830
30,대전광역시,6,토요일,1,현지인(a),657695.5,20240831
30,대전광역시,6,토요일,2,외지인(b),348302.5,20240831
30,대전광역시,6,토요일,3,외국인(c),3195.4700000000003,20240831
30,대전광역시,7,일요일,1,현지인(a),651315.0,20240901
30,대전광역시,7,일요일,2,외지인(b),255335.5,20240901
30,대전광역시,7,일요일,3,외국인(c),3282.0700000000015,20240901
30,대전광역시,1,월요일,1,현지인(a),740330.5,20240902
30,대전광역시,1,월요일,2,외지인(b),184166.5,20240902
30,대전광역시,1,월요일,3,외국인(c),3520.31,20240902
30,대전광역시,2,화요일,1,현지인(a),743701.0,20240903
30,대전광역시,2,화요일,2,외지인(b),197043.0,20240903
30,대전광역시,2,화요일,3,외국인(c),3626.470000000001,20240903
30,대전광역시,3,수요일,1,현지인(a),747054.0,20240904
30,대전광역시,3,수요일,2,외지인(b),198880.5,20240904
30,대전광역시,3,수요일,3,외국인(c),3644.770000000001,20240904
30,대전광역시,4,목요일,1,현지인(a),742234.5,20240905
30,대전광역시,4,목요일,2,외지인(b),200368.0,20240905
30,대전광역시,4,목요일,3,외국인(c),3417.7200000000007,20240905
30,대전광역시,5,금요일,1,현지인(a),746165.0,20240906
30,대전광역시,5,금요일,2,외지인(b),221788.0,20240906
30,대전광역시,5,금요일,3,외국인(c),3516.690000000001,20240906
30,대전광역시,6,토요일,1,현지인(a),672346.5,20240907
30,대전광역시,6,토요일,2,외지인(b),319487.0,20240907
30,대전광역시,6,토요일,3,외국인(c),3403.21,20240907
30,대전광역시,7,일요일,1,현지인(a),654083.5,20240908
30,대전광역시,7,일요일,2,외지인(b),266941.5,20240908
30,대전광역시,7,일요일,3,외국인(c),3765.4499999999994,20240908
30,대전광역시,1,월요일,1,현지인(a),740677.0,20240909
30,대전광역시,1,월요일,2,외지인(b),204865.5,20240909
30,대전광역시,1,월요일,3,외국인(c),3334.7100000000005,20240909
30,대전광역시,2,화요일,1,현지인(a),742878.5,20240910
30,대전광역시,2,화요일,2,외지인(b),212236.5,20240910
30,대전광역시,2,화요일,3,외국인(c),3578.3799999999997,20240910
30,대전광역시,3,수요일,1,현지인(a),741776.0,20240911
30,대전광역시,3,수요일,2,외지인(b),217507.5,20240911
30,대전광역시,3,수요일,3,외국인(c),3656.63,20240911
30,대전광역시,4,목요일,1,현지인(a),745206.0,20240912
30,대전광역시,4,목요일,2,외지인(b),222880.0,20240912
30,대전광역시,4,목요일,3,외국인(c),3516.74,20240912
30,대전광역시,5,금요일,1,현지인(a),760389.0,20240913
30,대전광역시,5,금요일,2,외지인(b),233593.5,20240913
30,대전광역시,5,금요일,3,외국인(c),3608.7500000000005,20240913
30,대전광역시,6,토요일,1,현지인(a),655882.5,20240914
30,대전광역시,6,토요일,2,외지인(b),307828.5,20240914
30,대전광역시,6,토요일,3,외국인(c),3462.2299999999996,20240914
30,대전광역시,7,일요일,1,현지인(a),596529.5,20240915
30,대전광역시,7,일요일,2,외지인(b),353871.0,20240915
30,대전광역시,7,일요일,3,외국인(c),3277.9499999999994,20240915
30,대전광역시,1,월요일,1,현지인(a),520082.5,20240916
30,대전광역시,1,월요일,2,외지인(b),387026.5,20240916
30,대전광역시,1,월요일,3,외국인(c),3083.9200000000005,20240916
30,대전광역시,2,화요일,1,현지인(a),525745.5,20240917
30,대전광역시,2,화요일,2,외지인(b),418778.5,20240917
30,대전광역시,2,화요일,3,외국인(c),3522.0600000000004,20240917
30,대전광역시,3,수요일,1,현지인(a),603179.5,20240918
30,대전광역시,3,수요일,2,외지인(b),284956.0,20240918
30,대전광역시,3,수요일,3,외국인(c),3385.2,20240918
30,대전광역시,4,목요일,1,현지인(a),730254.0,20240919
30,대전광역시,4,목요일,2,외지인(b),211039.5,20240919
30,대전광역시,4,목요일,3,외국인(c),3361.9600000000005,20240919
30,대전광역시,5,금요일,1,현지인(a),732679.5,20240920
30,대전광역시,5,금요일,2,외지인(b),216895.0,20240920
30,대전광역시,5,금요일,3,외국인(c),3527.200000000001,20240920
30,대전광역시,6,토요일,1,현지인(a),665077.0,20240921
30,대전광역시,6,토요일,2,외지인(b),267680.0,20240921
30,대전광역시,6,토요일,3,외국인(c),3431.979999999999,20240921
30,대전광역시,7,일요일,1,현지인(a),659890.0,20240922
30,대전광역시,7,일요일,2,외지인(b),265475.0,20240922
30,대전광역시,7,일요일,3,외국인(c),3583.74,20240922
30,대전광역시,1,월요일,1,현지인(a),740918.5,20240923
30,대전광역시,1,월요일,2,외지인(b),223366.5,20240923
30,대전광역시,1,월요일,3,외국인(c),3742.5899999999992,20240923
30,대전광역시,2,화요일,1,현지인(a),740722.5,20240924
30,대전광역시,2,화요일,2,외지인(b),230492.5,20240924
30,대전광역시,2,화요일,3,외국인(c),3912.94,20240924
30,대전광역시,3,수요일,1,현지인(a),744303.0,20240925
30,대전광역시,3,수요일,2,외지인(b),233156.0,20240925
30,대전광역시,3,수요일,3,외국인(c),3758.04,20240925
30,대전광역시,4,목요일,1,현지인(a),740341.0,20240926
30,대전광역시,4,목요일,2,외지인(b),236166.0,20240926
30,대전광역시,4,목요일,3,외국인(c),3892.5600000000004,20240926
30,대전광역시,5,금요일,1,현지인(a),748471.5,20240927
30,대전광역시,5,금요일,2,외지인(b),267109.5,20240927
30,대전광역시,5,금요일,3,외국인(c),3685.350000000001,20240927
30,대전광역시,6,토요일,1,현지인(a),673053.5,20240928
30,대전광역시,6,토요일,2,외지인(b),350112.0,20240928
30,대전광역시,6,토요일,3,외국인(c),3410.64,20240928
30,대전광역시,7,일요일,1,현지인(a),652981.0,20240929
30,대전광역시,7,일요일,2,외지인(b),293860.0,20240929
30,대전광역시,7,일요일,3,외국인(c),3482.7500000000005,20240929
30,대전광역시,1,월요일,1,현지인(a),739844.0,20240930
30,대전광역시,1,월요일,2,외지인(b),241010.0,20240930
30,대전광역시,1,월요일,3,외국인(c),3546.539999999998,20240930
30,대전광역시,2,화요일,1,현지인(a),689769.5,20241001
30,대전광역시,2,화요일,2,외지인(b),182927.5,20241001
30,대전광역시,2,화요일,3,외국인(c),3938.2899999999986,20241001
30,대전광역시,3,수요일,1,현지인(a),760875.5,20241002
30,대전광역시,3,수요일,2,외지인(b),184968.0,20241002
30,대전광역시,3,수요일,3,외국인(c),4432.93,20241002
30,대전광역시,4,목요일,1,현지인(a),659340.5,20241003
30,대전광역시,4,목요일,2,외지인(b),216412.0,20241003
30,대전광역시,4,목요일,3,외국인(c),4320.62,20241003
30,대전광역시,5,금요일,1,현지인(a),739494.0,20241004
30,대전광역시,5,금요일,2,외지인(b),219499.0,20241004
30,대전광역시,5,금요일,3,외국인(c),4448.12,20241004
30,대전광역시,6,토요일,1,현지인(a),672609.0,20241005
30,대전광역시,6,토요일,2,외지인(b),291011.0,20241005
30,대전광역시,6,토요일,3,외국인(c),4045.1600000000003,20241005
30,대전광역시,7,일요일,1,현지인(a),658150.5,20241006
30,대전광역시,7,일요일,2,외지인(b),231045.5,20241006
30,대전광역시,7,일요일,3,외국인(c),3842.0700000000024,20241006
30,대전광역시,1,월요일,1,현지인(a),749080.5,20241007
30,대전광역시,1,월요일,2,외지인(b),170600.5,20241007
30,대전광역시,1,월요일,3,외국인(c),3744.3500000000004,20241007
30,대전광역시,2,화요일,1,현지인(a),759720.5,20241008
30,대전광역시,2,화요일,2,외지인(b),191268.0,20241008
30,대전광역시,2,화요일,3,외국인(c),3917.49,20241008
30,대전광역시,3,수요일,1,현지인(a),686479.5,20241009
30,대전광역시,3,수요일,2,외지인(b),207014.5,20241009
30,대전광역시,3,수요일,3,외국인(c),3721.6500000000005,20241009
30,대전광역시,4,목요일,1,현지인(a),751219.0,20241010
30,대전광역시,4,목요일,2,외지인(b),183995.0,20241010
30,대전광역시,4,목요일,3,외국인(c),3895.7700000000004,20241010
30,대전광역시,5,금요일,1,현지인(a),764543.5,20241011
30,대전광역시,5,금요일,2,외지인(b),216601.0,20241011
30,대전광역시,5,금요일,3,외국인(c),3862.359999999999,20241011
30,대전광역시,6,토요일,1,현지인(a),687571.5,20241012
30,대전광역시,6,토요일,2,외지인(b),329889.0,20241012
30,대전광역시,6,토요일,3,외국인(c),3592.7399999999993,20241012
30,대전광역시,7,일요일,1,현지인(a),663946.5,20241013
30,대전광역시,7,일요일,2,외지인(b),250117.0,20241013
30,대전광역시,7,일요일,3,외국인(c),3716.939999999999,20241013
30,대전광역시,1,월요일,1,현지인(a),737796.5,20241014
30,대전광역시,1,월요일,2,외지인(b),179291.0,20241014
30,대전광역시,1,월요일,3,외국인(c),3724.9200000000005,20241014
30,대전광역시,2,화요일,1,현지인(a),744254.0,20241015
30,대전광역시,2,화요일,2,외지인(b),188282.5,20241015
30,대전광역시,2,화요일,3,외국인(c),4093.2,20241015
30,대전광역시,3,수요일,1,현지인(a),752769.5,20241016
30,대전광역시,3,수요일,2,외지인(b),191884.0,20241016
30,대전광역시,3,수요일,3,외국인(c),4255.89,20241016
30,대전광역시,4,목요일,1,현지인(a),750046.5,20241017
30,대전광역시,4,목요일,2,외지인(b),197414.0,20241017
30,대전광역시,4,목요일,3,외국인(c),4156.569999999999,20241017
30,대전광역시,5,금요일,1,현지인(a),744016.0,20241018
30,대전광역시,5,금요일,2,외지인(b),220745.0,20241018
30,대전광역시,5,금요일,3,외국인(c),3794.36,20241018
30,대전광역시,6,토요일,1,현지인(a),682720.5,20241019
30,대전광역시,6,토요일,2,외지인(b),310730.0,20241019
30,대전광역시,6,토요일,3,외국인(c),3629.58,20241019
30,대전광역시,7,일요일,1,현지인(a),665420.0,20241020
30,대전광역시,7,일요일,2,외지인(b),261093.0,20241020
30,대전광역시,7,일요일,3,외국인(c),3603.3,20241020
30,대전광역시,1,월요일,1,현지인(a),743550.5,20241021
30,대전광역시,1,월요일,2,외지인(b),193564.0,20241021
30,대전광역시,1,월요일,3,외국인(c),3760.400000000001,20241021
30,대전광역시,2,화요일,1,현지인(a),734468.0,20241022
30,대전광역시,2,화요일,2,외지인(b),193753.0,20241022
30,대전광역시,2,화요일,3,외국인(c),3902.9100000000008,20241022
30,대전광역시,3,수요일,1,현지인(a),750347.5,20241023
30,대전광역시,3,수요일,2,외지인(b),201246.5,20241023
30,대전광역시,3,수요일,3,외국인(c),4037.7400000000002,20241023
30,대전광역시,4,목요일,1,현지인(a),744044.0,20241024
30,대전광역시,4,목요일,2,외지인(b),204459.5,20241024
30,대전광역시,4,목요일,3,외국인(c),4284.089999999999,20241024
30,대전광역시,5,금요일,1,현지인(a),752874.5,20241025
30,대전광역시,5,금요일,2,외지인(b),236894.0,20241025
30,대전광역시,5,금요일,3,외국인(c),4145.22,20241025
30,대전광역시,6,토요일,1,현지인(a),678706.0,20241026
30,대전광역시,6,토요일,2,외지인(b),323284.5,20241026
30,대전광역시,6,토요일,3,외국인(c),4037.33,20241026
30,대전광역시,7,일요일,1,현지인(a),651273.0,20241027
30,대전광역시,7,일요일,2,외지인(b),276388.0,20241027
30,대전광역시,7,일요일,3,외국인(c),3995.9099999999985,20241027
30,대전광역시,1,월요일,1,현지인(a),739032.0,20241028
30,대전광역시,1,월요일,2,외지인(b),204288.0,20241028
30,대전광역시,1,월요일,3,외국인(c),4209.099999999999,20241028
30,대전광역시,2,화요일,1,현지인(a),745451.0,20241029
30,대전광역시,2,화요일,2,외지인(b),208789.0,20241029
30,대전광역시,2,화요일,3,외국인(c),4187.030000000001,20241029
30,대전광역시,3,수요일,1,현지인(a),747407.5,20241030
30,대전광역시,3,수요일,2,외지인(b),209566.0,20241030
30,대전광역시,3,수요일,3,외국인(c),4123.370000000002,20241030
30,대전광역시,4,목요일,1,현지인(a),749322.0,20241031
30,대전광역시,4,목요일,2,외지인(b),212786.0,20241031
30,대전광역시,4,목요일,3,외국인(c),4065.85,20241031
30,대전광역시,5,금요일,1,현지인(a),773524.5,20241101
30,대전광역시,5,금요일,2,외지인(b),196017.5,20241101
30,대전광역시,5,금요일,3,외국인(c),3801.3499999999995,20241101
30,대전광역시,6,토요일,1,현지인(a),701400.0,20241102
30,대전광역시,6,토요일,2,외지인(b),305980.5,20241102
30,대전광역시,6,토요일,3,외국인(c),3745.0600000000004,20241102
30,대전광역시,7,일요일,1,현지인(a),688597.0,20241103
30,대전광역시,7,일요일,2,외지인(b),262472.0,20241103
30,대전광역시,7,일요일,3,외국인(c),3561.4500000000003,20241103
30,대전광역시,1,월요일,1,현지인(a),771375.5,20241104
30,대전광역시,1,월요일,2,외지인(b),162900.5,20241104
30,대전광역시,1,월요일,3,외국인(c),3537.67,20241104
30,대전광역시,2,화요일,1,현지인(a),772807.0,20241105
30,대전광역시,2,화요일,2,외지인(b),166162.5,20241105
30,대전광역시,2,화요일,3,외국인(c),3557.770000000001,20241105
30,대전광역시,3,수요일,1,현지인(a),772716.0,20241106
30,대전광역시,3,수요일,2,외지인(b),169372.0,20241106
30,대전광역시,3,수요일,3,외국인(c),3346.7599999999998,20241106
30,대전광역시,4,목요일,1,현지인(a),770745.5,20241107
30,대전광역시,4,목요일,2,외지인(b),177009.0,20241107
30,대전광역시,4,목요일,3,외국인(c),3503.2599999999993,20241107
30,대전광역시,5,금요일,1,현지인(a),777717.5,20241108
30,대전광역시,5,금요일,2,외지인(b),211134.0,20241108
30,대전광역시,5,금요일,3,외국인(c),3582.2299999999996,20241108
30,대전광역시,6,토요일,1,현지인(a),692828.5,20241109
30,대전광역시,6,토요일,2,외지인(b),315392.0,20241109
30,대전광역시,6,토요일,3,외국인(c),3402.4899999999993,20241109
30,대전광역시,7,일요일,1,현지인(a),679325.5,20241110
30,대전광역시,7,일요일,2,외지인(b),265114.5,20241110
30,대전광역시,7,일요일,3,외국인(c),3240.4500000000007,20241110
30,대전광역시,1,월요일,1,현지인(a),771232.0,20241111
30,대전광역시,1,월요일,2,외지인(b),176330.0,20241111
30,대전광역시,1,월요일,3,외국인(c),3389.4299999999994,20241111
30,대전광역시,2,화요일,1,현지인(a),772793.0,20241112
30,대전광역시,2,화요일,2,외지인(b),179900.0,20241112
30,대전광역시,2,화요일,3,외국인(c),3491.3199999999997,20241112
30,대전광역시,3,수요일,1,현지인(a),779737.0,20241113
30,대전광역시,3,수요일,2,외지인(b),182105.0,20241113
30,대전광역시,3,수요일,3,외국인(c),3554.3299999999986,20241113
30,대전광역시,4,목요일,1,현지인(a),766626.0,20241114
30,대전광역시,4,목요일,2,외지인(b),187201.0,20241114
30,대전광역시,4,목요일,3,외국인(c),3300.709999999999,20241114
30,대전광역시,5,금요일,1,현지인(a),772401.0,20241115
30,대전광역시,5,금요일,2,외지인(b),228266.5,20241115
30,대전광역시,5,금요일,3,외국인(c),3217.1900000000005,20241115
30,대전광역시,6,토요일,1,현지인(a),692387.5,20241116
30,대전광역시,6,토요일,2,외지인(b),331149.0,20241116
30,대전광역시,6,토요일,3,외국인(c),2979.79,20241116
30,대전광역시,7,일요일,1,현지인(a),674464.0,20241117
30,대전광역시,7,일요일,2,외지인(b),280934.5,20241117
30,대전광역시,7,일요일,3,외국인(c),2922.12,20241117
30,대전광역시,1,월요일,1,현지인(a),762044.5,20241118
30,대전광역시,1,월요일,2,외지인(b),189549.5,20241118
30,대전광역시,1,월요일,3,외국인(c),3045.6,20241118
30,대전광역시,2,화요일,1,현지인(a),764008.0,20241119
30,대전광역시,2,화요일,2,외지인(b),191632.0,20241119
30,대전광역시,2,화요일,3,외국인(c),3197.9899999999993,20241119
30,대전광역시,3,수요일,1,현지인(a),770955.5,20241120
30,대전광역시,3,수요일,2,외지인(b),193665.5,20241120
30,대전광역시,3,수요일,3,외국인(c),3186.3500000000004,20241120
30,대전광역시,4,목요일,1,현지인(a),767116.0,20241121
30,대전광역시,4,목요일,2,외지인(b),197519.0,20241121
30,대전광역시,4,목요일,3,외국인(c),3239.940000000001,20241121
30,대전광역시,5,금요일,1,현지인(a),768659.5,20241122
30,대전광역시,5,금요일,2,외지인(b),234661.0,20241122
30,대전광역시,5,금요일,3,외국인(c),3171.939999999999,20241122
30,대전광역시,6,토요일,1,현지인(a),686021.0,20241123
30,대전광역시,6,토요일,2,외지인(b),337008.0,20241123
30,대전광역시,6,토요일,3,외국인(c),2970.69,20241123
30,대전광역시,7,일요일,1,현지인(a),675976.0,20241124
30,대전광역시,7,일요일,2,외지인(b),290580.5,20241124
30,대전광역시,7,일요일,3,외국인(c),2876.460000000001,20241124
30,대전광역시,1,월요일,1,현지인(a),765005.5,20241125
30,대전광역시,1,월요일,2,외지인(b),201092.5,20241125
30,대전광역시,1,월요일,3,외국인(c),2937.34,20241125
30,대전광역시,2,화요일,1,현지인(a),758971.5,20241126
30,대전광역시,2,화요일,2,외지인(b),195153.0,20241126
30,대전광역시,2,화요일,3,외국인(c),2874.8700000000003,20241126
30,대전광역시,3,수요일,1,현지인(a),760826.5,20241127
30,대전광역시,3,수요일,2,외지인(b),192080.0,20241127
30,대전광역시,3,수요일,3,외국인(c),2795.15,20241127
30,대전광역시,4,목요일,1,현지인(a),757659.0,20241128
30,대전광역시,4,목요일,2,외지인(b),194274.5,20241128
30,대전광역시,4,목요일,3,외국인(c),2724.4700000000007,20241128
30,대전광역시,5,금요일,1,현지인(a),765285.5,20241129
30,대전광역시,5,금요일,2,외지인(b),232736.0,20241129
30,대전광역시,5,금요일,3,외국인(c),2636.41,20241129
30,대전광역시,6,토요일,1,현지인(a),690830.0,20241130
30,대전광역시,6,토요일,2,외지인(b),331929.5,20241130
30,대전광역시,6,토요일,3,외국인(c),2459.209999999999,20241130
30,대전광역시,7,일요일,1,현지인(a),682892.0,20241201
30,대전광역시,7,일요일,2,외지인(b),239445.5,20241201
30,대전광역시,7,일요일,3,외국인(c),2381.88,20241201
30,대전광역시,1,월요일,1,현지인(a),770213.5,20241202
30,대전광역시,1,월요일,2,외지인(b),157090.5,20241202
30,대전광역시,1,월요일,3,외국인(c),2566.26,20241202
30,대전광역시,2,화요일,1,현지인(a),769678.0,20241203
30,대전광역시,2,화요일,2,외지인(b),159446.0,20241203
30,대전광역시,2,화요일,3,외국인(c),2527.4699999999984,20241203
30,대전광역시,3,수요일,1,현지인(a),769205.5,20241204
30,대전광역시,3,수요일,2,외지인(b),159439.0,20241204
30,대전광역시,3,수요일,3,외국인(c),2575.01,20241204
30,대전광역시,4,목요일,1,현지인(a),766122.0,20241205
30,대전광역시,4,목요일,2,외지인(b),166498.5,20241205
30,대전광역시,4,목요일,3,외국인(c),2430.21,20241205
30,대전광역시,5,금요일,1,현지인(a),773741.5,20241206
30,대전광역시,5,금요일,2,외지인(b),198740.5,20241206
30,대전광역시,5,금요일,3,외국인(c),2420.57,20241206
30,대전광역시,6,토요일,1,현지인(a),686602.0,20241207
30,대전광역시,6,토요일,2,외지인(b),297475.5,20241207
30,대전광역시,6,토요일,3,외국인(c),2265.6100000000006,20241207
30,대전광역시,7,일요일,1,현지인(a),672679.0,20241208
30,대전광역시,7,일요일,2,외지인(b),243008.5,20241208
30,대전광역시,7,일요일,3,외국인(c),2190.9299999999994,20241208
30,대전광역시,1,월요일,1,현지인(a),762471.5,20241209
30,대전광역시,1,월요일,2,외지인(b),169729.0,20241209
30,대전광역시,1,월요일,3,외국인(c),2242.9099999999994,20241209
30,대전광역시,2,화요일,1,현지인(a),768379.5,20241210
30,대전광역시,2,화요일,2,외지인(b),172935.0,20241210
30,대전광역시,2,화요일,3,외국인(c),2440.470000000001,20241210
30,대전광역시,3,수요일,1,현지인(a),771788.5,20241211
30,대전광역시,3,수요일,2,외지인(b),174391.0,20241211
30,대전광역시,3,수요일,3,외국인(c),2518.6699999999996,20241211
30,대전광역시,4,목요일,1,현지인(a),766671.5,20241212
30,대전광역시,4,목요일,2,외지인(b),183340.5,20241212
30,대전광역시,4,목요일,3,외국인(c),2591.73,20241212
30,대전광역시,5,금요일,1,현지인(a),769548.5,20241213
30,대전광역시,5,금요일,2,외지인(b),213321.5,20241213
30,대전광역시,5,금요일,3,외국인(c),2620.7399999999993,20241213
30,대전광역시,6,토요일,1,현지인(a),691670.0,20241214
30,대전광역시,6,토요일,2,외지인(b),313029.5,20241214
30,대전광역시,6,토요일,3,외국인(c),4357.520000000001,20241214
30,대전광역시,7,일요일,1,현지인(a),669091.5,20241215
30,대전광역시,7,일요일,2,외지인(b),250687.5,20241215
30,대전광역시,7,일요일,3,외국인(c),2168.9,20241215
30,대전광역시,1,월요일,1,현지인(a),755818.0,20241216
30,대전광역시,1,월요일,2,외지인(b),186056.5,20241216
30,대전광역시,1,월요일,3,외국인(c),2336.6899999999996,20241216
30,대전광역시,2,화요일,1,현지인(a),761148.5,20241217
30,대전광역시,2,화요일,2,외지인(b),189329.0,20241217
30,대전광역시,2,화요일,3,외국인(c),2526.8799999999997,20241217
30,대전광역시,3,수요일,1,현지인(a),766419.5,20241218
30,대전광역시,3,수요일,2,외지인(b),191278.5,20241218
30,대전광역시,3,수요일,3,외국인(c),2427.9799999999996,20241218
30,대전광역시,4,목요일,1,현지인(a),763700.0,20241219
30,대전광역시,4,목요일,2,외지인(b),200840.5,20241219
30,대전광역시,4,목요일,3,외국인(c),2438.81,20241219
30,대전광역시,5,금요일,1,현지인(a),768022.5,20241220
30,대전광역시,5,금요일,2,외지인(b),231819.0,20241220
30,대전광역시,5,금요일,3,외국인(c),2354.2899999999995,20241220
30,대전광역시,6,토요일,1,현지인(a),683196.5,20241221
30,대전광역시,6,토요일,2,외지인(b),318367.0,20241221
30,대전광역시,6,토요일,3,외국인(c),2477.770000000001,20241221
30,대전광역시,7,일요일,1,현지인(a),665374.5,20241222
30,대전광역시,7,일요일,2,외지인(b),266164.5,20241222
30,대전광역시,7,일요일,3,외국인(c),2343.72,20241222
30,대전광역시,1,월요일,1,현지인(a),746116.0,20241223
30,대전광역시,1,월요일,2,외지인(b),212982.0,20241223
30,대전광역시,1,월요일,3,외국인(c),2399.7,20241223
30,대전광역시,2,화요일,1,현지인(a),759251.5,20241224
30,대전광역시,2,화요일,2,외지인(b),229250.0,20241224
30,대전광역시,2,화요일,3,외국인(c),2402.9700000000003,20241224
30,대전광역시,3,수요일,1,현지인(a),686469.0,20241225
30,대전광역시,3,수요일,2,외지인(b),257726.0,20241225
30,대전광역시,3,수요일,3,외국인(c),2360.98,20241225
30,대전광역시,4,목요일,1,현지인(a),735724.5,20241226
30,대전광역시,4,목요일,2,외지인(b),217903.0,20241226
30,대전광역시,4,목요일,3,외국인(c),2571.6800000000007,20241226
30,대전광역시,5,금요일,1,현지인(a),739196.5,20241227
30,대전광역시,5,금요일,2,외지인(b),237307.0,20241227
30,대전광역시,5,금요일,3,외국인(c),2602.46,20241227
30,대전광역시,6,토요일,1,현지인(a),667740.5,20241228
30,대전광역시,6,토요일,2,외지인(b),311360.0,20241228
30,대전광역시,6,토요일,3,외국인(c),2663.640000000001,20241228
30,대전광역시,7,일요일,1,현지인(a),648007.5,20241229
30,대전광역시,7,일요일,2,외지인(b),273983.5,20241229
30,대전광역시,7,일요일,3,외국인(c),2604.5200000000004,20241229
30,대전광역시,1,월요일,1,현지인(a),724951.5,20241230
30,대전광역시,1,월요일,2,외지인(b),226254.0,20241230
30,대전광역시,1,월요일,3,외국인(c),2563.7000000000007,20241230
30,대전광역시,2,화요일,1,현지인(a),739637.5,20241231
30,대전광역시,2,화요일,2,외지인(b),248997.0,20241231
30,대전광역시,2,화요일,3,외국인(c),2383.5800000000013,20241231
30,대전광역시,3,수요일,1,현지인(a),641984.0,20250101
30,대전광역시,3,수요일,2,외지인(b),191586.5,20250101
30,대전광역시,3,수요일,3,외국인(c),2426.6700000000005,20250101
30,대전광역시,4,목요일,1,현지인(a),734058.5,20250102
30,대전광역시,4,목요일,2,외지인(b),156576.0,20250102
30,대전광역시,4,목요일,3,외국인(c),2458.2699999999986,20250102
30,대전광역시,5,금요일,1,현지인(a),740316.5,20250103
30,대전광역시,5,금요일,2,외지인(b),181380.5,20250103
30,대전광역시,5,금요일,3,외국인(c),2333.0400000000004,20250103
30,대전광역시,6,토요일,1,현지인(a),676413.5,20250104
30,대전광역시,6,토요일,2,외지인(b),254653.0,20250104
30,대전광역시,6,토요일,3,외국인(c),2326.0599999999995,20250104
30,대전광역시,7,일요일,1,현지인(a),647451.0,20250105
30,대전광역시,7,일요일,2,외지인(b),200291.0,20250105
30,대전광역시,7,일요일,3,외국인(c),2165.5300000000007,20250105
30,대전광역시,1,월요일,1,현지인(a),733841.5,20250106
30,대전광역시,1,월요일,2,외지인(b),164440.5,20250106
30,대전광역시,1,월요일,3,외국인(c),2276.23,20250106
30,대전광역시,2,화요일,1,현지인(a),734695.5,20250107
30,대전광역시,2,화요일,2,외지인(b),171346.0,20250107
30,대전광역시,2,화요일,3,외국인(c),2359.399999999999,20250107
30,대전광역시,3,수요일,1,현지인(a),733096.0,20250108
30,대전광역시,3,수요일,2,외지인(b),165784.5,20250108
30,대전광역시,3,수요일,3,외국인(c),2159.9799999999996,20250108
30,대전광역시,4,목요일,1,현지인(a),723632.0,20250109
30,대전광역시,4,목요일,2,외지인(b),168028.0,20250109
30,대전광역시,4,목요일,3,외국인(c),2253.2799999999997,20250109
30,대전광역시,5,금요일,1,현지인(a),739714.5,20250110
30,대전광역시,5,금요일,2,외지인(b),197935.5,20250110
30,대전광역시,5,금요일,3,외국인(c),2254.67,20250110
30,대전광역시,6,토요일,1,현지인(a),672168.0,20250111
30,대전광역시,6,토요일,2,외지인(b),283307.5,20250111
30,대전광역시,6,토요일,3,외국인(c),2204.5500000000006,20250111
30,대전광역시,7,일요일,1,현지인(a),652354.5,20250112
30,대전광역시,7,일요일,2,외지인(b),231311.5,20250112
30,대전광역시,7,일요일,3,외국인(c),2105.9100000000003,20250112
30,대전광역시,1,월요일,1,현지인(a),732322.5,20250113
30,대전광역시,1,월요일,2,외지인(b),186224.5,20250113
30,대전광역시,1,월요일,3,외국인(c),2349.43,20250113
30,대전광역시,2,화요일,1,현지인(a),732602.5,20250114
30,대전광역시,2,화요일,2,외지인(b),195867.0,20250114
30,대전광역시,2,화요일,3,외국인(c),2849.890000000001,20250114
30,대전광역시,3,수요일,1,현지인(a),732200.0,20250115
30,대전광역시,3,수요일,2,외지인(b),196276.5,20250115
30,대전광역시,3,수요일,3,외국인(c),2433.5100000000007,20250115
30,대전광역시,4,목요일,1,현지인(a),732938.5,20250116
30,대전광역시,4,목요일,2,외지인(b),199923.5,20250116
30,대전광역시,4,목요일,3,외국인(c),2471.99,20250116
30,대전광역시,5,금요일,1,현지인(a),742087.5,20250117
30,대전광역시,5,금요일,2,외지인(b),225631.0,20250117
30,대전광역시,5,금요일,3,외국인(c),2237.9399999999996,20250117
30,대전광역시,6,토요일,1,현지인(a),676053.0,20250118
30,대전광역시,6,토요일,2,외지인(b),311997.0,20250118
30,대전광역시,6,토요일,3,외국인(c),2336.1199999999994,20250118
30,대전광역시,7,일요일,1,현지인(a),656047.0,20250119
30,대전광역시,7,일요일,2,외지인(b),249774.0,20250119
30,대전광역시,7,일요일,3,외국인(c),2353.5799999999995,20250119
30,대전광역시,1,월요일,1,현지인(a),727006.0,20250120
30,대전광역시,1,월요일,2,외지인(b),199878.0,20250120
30,대전광역시,1,월요일,3,외국인(c),2327.7200000000007,20250120
30,대전광역시,2,화요일,1,현지인(a),731622.5,20250121
30,대전광역시,2,화요일,2,외지인(b),204690.5,20250121
30,대전광역시,2,화요일,3,외국인(c),2429.1499999999996,20250121
30,대전광역시,3,수요일,1,현지인(a),735035.0,20250122
30,대전광역시,3,수요일,2,외지인(b),209695.5,20250122
30,대전광역시,3,수요일,3,외국인(c),2186.21,20250122
30,대전광역시,4,목요일,1,현지인(a),737831.5,20250123
30,대전광역시,4,목요일,2,외지인(b),212670.5,20250123
30,대전광역시,4,목요일,3,외국인(c),2311.1700000000005,20250123
30,대전광역시,5,금요일,1,현지인(a),750067.5,20250124
30,대전광역시,5,금요일,2,외지인(b),231987.0,20250124
30,대전광역시,5,금요일,3,외국인(c),2334.3200000000006,20250124
30,대전광역시,6,토요일,1,현지인(a),671699.0,20250125
30,대전광역시,6,토요일,2,외지인(b),300198.5,20250125
30,대전광역시,6,토요일,3,외국인(c),2247.54,20250125
30,대전광역시,7,일요일,1,현지인(a),623329.0,20250126
30,대전광역시,7,일요일,2,외지인(b),319424.0,20250126
30,대전광역시,7,일요일,3,외국인(c),2232.2799999999997,20250126
30,대전광역시,1,월요일,1,현지인(a),597646.0,20250127
30,대전광역시,1,월요일,2,외지인(b),335538.0,20250127
30,대전광역시,1,월요일,3,외국인(c),2148.520000000001,20250127
30,대전광역시,2,화요일,1,현지인(a),522305.0,20250128
30,대전광역시,2,화요일,2,외지인(b),344466.5,20250128
30,대전광역시,2,화요일,3,외국인(c),2073.0800000000004,20250128
30,대전광역시,3,수요일,1,현지인(a),522147.5,20250129
30,대전광역시,3,수요일,2,외지인(b),400582.0,20250129
30,대전광역시,3,수요일,3,외국인(c),2146.7799999999997,20250129
30,대전광역시,4,목요일,1,현지인(a),582795.5,20250130
30,대전광역시,4,목요일,2,외지인(b),313754.0,20250130
30,대전광역시,4,목요일,3,외국인(c),2173.4300000000003,20250130
30,대전광역시,5,금요일,1,현지인(a),698726.0,20250131
30,대전광역시,5,금요일,2,외지인(b),255395.0,20250131
30,대전광역시,5,금요일,3,외국인(c),2187.48,20250131
30,대전광역시,6,토요일,1,현지인(a),666813.0,20250201
30,대전광역시,6,토요일,2,외지인(b),222831.0,20250201
30,대전광역시,6,토요일,3,외국인(c),1987.8799999999999,20250201
30,대전광역시,7,일요일,1,현지인(a),662511.5,20250202
30,대전광역시,7,일요일,2,외지인(b),189311.5,20250202
30,대전광역시,7,일요일,3,외국인(c),1931.52,20250202
30,대전광역시,1,월요일,1,현지인(a),736655.5,20250203
30,대전광역시,1,월요일,2,외지인(b),163856.0,20250203
30,대전광역시,1,월요일,3,외국인(c),1973.0000000000002,20250203
30,대전광역시,2,화요일,1,현지인(a),731206.0,20250204
30,대전광역시,2,화요일,2,외지인(b),171500.0,20250204
30,대전광역시,2,화요일,3,외국인(c),2095.2500000000005,20250204
30,대전광역시,3,수요일,1,현지인(a),736452.5,20250205
30,대전광역시,3,수요일,2,외지인(b),174835.5,20250205
30,대전광역시,3,수요일,3,외국인(c),2178.1500000000005,20250205
30,대전광역시,4,목요일,1,현지인(a),734520.5,20250206
30,대전광역시,4,목요일,2,외지인(b),184180.5,20250206
30,대전광역시,4,목요일,3,외국인(c),2146.9700000000003,20250206
30,대전광역시,5,금요일,1,현지인(a),725935.0,20250207
30,대전광역시,5,금요일,2,외지인(b),185321.5,20250207
30,대전광역시,5,금요일,3,외국인(c),2104.2799999999997,20250207
30,대전광역시,6,토요일,1,현지인(a),677047.0,20250208
30,대전광역시,6,토요일,2,외지인(b),275387.0,20250208
30,대전광역시,6,토요일,3,외국인(c),1941.8599999999997,20250208
30,대전광역시,7,일요일,1,현지인(a),656824.0,20250209
30,대전광역시,7,일요일,2,외지인(b),227934.0,20250209
30,대전광역시,7,일요일,3,외국인(c),1942.53,20250209
30,대전광역시,1,월요일,1,현지인(a),733106.5,20250210
30,대전광역시,1,월요일,2,외지인(b),188020.0,20250210
30,대전광역시,1,월요일,3,외국인(c),2044.6299999999999,20250210
30,대전광역시,2,화요일,1,현지인(a),740428.5,20250211
30,대전광역시,2,화요일,2,외지인(b),200025.0,20250211
30,대전광역시,2,화요일,3,외국인(c),2124.4199999999996,20250211
30,대전광역시,3,수요일,1,현지인(a),724479.0,20250212
30,대전광역시,3,수요일,2,외지인(b),186455.5,20250212
30,대전광역시,3,수요일,3,외국인(c),2140.5199999999995,20250212
30,대전광역시,4,목요일,1,현지인(a),739273.5,20250213
30,대전광역시,4,목요일,2,외지인(b),212726.5,20250213
30,대전광역시,4,목요일,3,외국인(c),2301.6200000000003,20250213
30,대전광역시,5,금요일,1,현지인(a),750158.5,20250214
30,대전광역시,5,금요일,2,외지인(b),246001.0,20250214
30,대전광역시,5,금요일,3,외국인(c),2300.1200000000003,20250214
30,대전광역시,6,토요일,1,현지인(a),677257.0,20250215
30,대전광역시,6,토요일,2,외지인(b),323050.0,20250215
30,대전광역시,6,토요일,3,외국인(c),2160.2400000000002,20250215
30,대전광역시,7,일요일,1,현지인(a),658357.0,20250216
30,대전광역시,7,일요일,2,외지인(b),270585.0,20250216
30,대전광역시,7,일요일,3,외국인(c),1974.070000000001,20250216
30,대전광역시,1,월요일,1,현지인(a),730163.0,20250217
30,대전광역시,1,월요일,2,외지인(b),212796.5,20250217
30,대전광역시,1,월요일,3,외국인(c),2064.21,20250217
30,대전광역시,2,화요일,1,현지인(a),731895.5,20250218
30,대전광역시,2,화요일,2,외지인(b),221980.5,20250218
30,대전광역시,2,화요일,3,외국인(c),2220.3,20250218
30,대전광역시,3,수요일,1,현지인(a),736995.0,20250219
30,대전광역시,3,수요일,2,외지인(b),221854.5,20250219
30,대전광역시,3,수요일,3,외국인(c),2267.3399999999992,20250219
30,대전광역시,4,목요일,1,현지인(a),734541.5,20250220
30,대전광역시,4,목요일,2,외지인(b),230356.0,20250220
30,대전광역시,4,목요일,3,외국인(c),2516.100000000001,20250220
30,대전광역시,5,금요일,1,현지인(a),744604.0,20250221
30,대전광역시,5,금요일,2,외지인(b),249382.0,20250221
30,대전광역시,5,금요일,3,외국인(c),2448.53,20250221
30,대전광역시,6,토요일,1,현지인(a),675727.5,20250222
30,대전광역시,6,토요일,2,외지인(b),351781.5,20250222
30,대전광역시,6,토요일,3,외국인(c),2441.3799999999987,20250222
30,대전광역시,7,일요일,1,현지인(a),649841.5,20250223
30,대전광역시,7,일요일,2,외지인(b),291494.0,20250223
30,대전광역시,7,일요일,3,외국인(c),2403.3300000000004,20250223
30,대전광역시,1,월요일,1,현지인(a),726425.0,20250224
30,대전광역시,1,월요일,2,외지인(b),235924.5,20250224
30,대전광역시,1,월요일,3,외국인(c),2546.1700000000014,20250224
30,대전광역시,2,화요일,1,현지인(a),732476.5,20250225
30,대전광역시,2,화요일,2,외지인(b),246172.5,20250225
30,대전광역시,2,화요일,3,외국인(c),2616.0500000000006,20250225
30,대전광역시,3,수요일,1,현지인(a),736599.5,20250226
30,대전광역시,3,수요일,2,외지인(b),242455.5,20250226
30,대전광역시,3,수요일,3,외국인(c),2616.870000000001,20250226
30,대전광역시,4,목요일,1,현지인(a),731878.0,20250227
30,대전광역시,4,목요일,2,외지인(b),252322.0,20250227
30,대전광역시,4,목요일,3,외국인(c),2690.2400000000007,20250227
30,대전광역시,5,금요일,1,현지인(a),738951.5,20250228
30,대전광역시,5,금요일,2,외지인(b),282100.0,20250228
30,대전광역시,5,금요일,3,외국인(c),2579.6900000000005,20250228
30,대전광역시,6,토요일,1,현지인(a),628666.5,20250301
30,대전광역시,6,토요일,2,외지인(b),331716.0,20250301
30,대전광역시,6,토요일,3,외국인(c),2650.5399999999995,20250301
30,대전광역시,7,일요일,1,현지인(a),633199.0,20250302
30,대전광역시,7,일요일,2,외지인(b),337127.0,20250302
30,대전광역시,7,일요일,3,외국인(c),2588.169999999999,20250302
30,대전광역시,1,월요일,1,현지인(a),645183.0,20250303
30,대전광역시,1,월요일,2,외지인(b),269083.5,20250303
30,대전광역시,1,월요일,3,외국인(c),2488.94,20250303
30,대전광역시,2,화요일,1,현지인(a),720849.5,20250304
30,대전광역시,2,화요일,2,외지인(b),205824.5,20250304
30,대전광역시,2,화요일,3,외국인(c),2514.549999999999,20250304
30,대전광역시,3,수요일,1,현지인(a),724510.5,20250305
30,대전광역시,3,수요일,2,외지인(b),213650.5,20250305
30,대전광역시,3,수요일,3,외국인(c),2670.3199999999997,20250305
30,대전광역시,4,목요일,1,현지인(a),725571.0,20250306
30,대전광역시,4,목요일,2,외지인(b),218865.5,20250306
30,대전광역시,4,목요일,3,외국인(c),2921.5700000000006,20250306
30,대전광역시,5,금요일,1,현지인(a),742686.0,20250307
30,대전광역시,5,금요일,2,외지인(b),241440.5,20250307
30,대전광역시,5,금요일,3,외국인(c),2812.750000000001,20250307
30,대전광역시,6,토요일,1,현지인(a),677558.0,20250308
30,대전광역시,6,토요일,2,외지인(b),332976.0,20250308
30,대전광역시,6,토요일,3,외국인(c),2549.179999999999,20250308
30,대전광역시,7,일요일,1,현지인(a),661160.5,20250309
30,대전광역시,7,일요일,2,외지인(b),275247.0,20250309
30,대전광역시,7,일요일,3,외국인(c),2599.8099999999995,20250309
30,대전광역시,1,월요일,1,현지인(a),725070.5,20250310
30,대전광역시,1,월요일,2,외지인(b),225368.5,20250310
30,대전광역시,1,월요일,3,외국인(c),2700.4100000000003,20250310
30,대전광역시,2,화요일,1,현지인(a),725378.5,20250311
30,대전광역시,2,화요일,2,외지인(b),227930.5,20250311
30,대전광역시,2,화요일,3,외국인(c),2944.3100000000013,20250311
30,대전광역시,3,수요일,1,현지인(a),726561.5,20250312
30,대전광역시,3,수요일,2,외지인(b),227881.5,20250312
30,대전광역시,3,수요일,3,외국인(c),2907.0299999999993,20250312
30,대전광역시,4,목요일,1,현지인(a),722477.0,20250313
30,대전광역시,4,목요일,2,외지인(b),234563.0,20250313
30,대전광역시,4,목요일,3,외국인(c),2873.6,20250313
30,대전광역시,5,금요일,1,현지인(a),735409.5,20250314
30,대전광역시,5,금요일,2,외지인(b),259147.0,20250314
30,대전광역시,5,금요일,3,외국인(c),2954.2699999999986,20250314
30,대전광역시,6,토요일,1,현지인(a),662529.0,20250315
30,대전광역시,6,토요일,2,외지인(b),336423.5,20250315
30,대전광역시,6,토요일,3,외국인(c),3006.6800000000007,20250315
30,대전광역시,7,일요일,1,현지인(a),638074.5,20250316
30,대전광역시,7,일요일,2,외지인(b),280035.0,20250316
30,대전광역시,7,일요일,3,외국인(c),3105.1600000000017,20250316
30,대전광역시,1,월요일,1,현지인(a),709145.5,20250317
30,대전광역시,1,월요일,2,외지인(b),231112.0,20250317
30,대전광역시,1,월요일,3,외국인(c),3131.150000000001,20250317
30,대전광역시,2,화요일,1,현지인(a),698505.5,20250318
30,대전광역시,2,화요일,2,외지인(b),227097.5,20250318
30,대전광역시,2,화요일,3,외국인(c),3048.6900000000005,20250318
30,대전광역시,3,수요일,1,현지인(a),716716.0,20250319
30,대전광역시,3,수요일,2,외지인(b),234185.0,20250319
30,대전광역시,3,수요일,3,외국인(c),2959.4799999999996,20250319
30,대전광역시,4,목요일,1,현지인(a),713688.5,20250320
30,대전광역시,4,목요일,2,외지인(b),240107.0,20250320
30,대전광역시,4,목요일,3,외국인(c),2907.649999999999,20250320
30,대전광역시,5,금요일,1,현지인(a),720912.5,20250321
30,대전광역시,5,금요일,2,외지인(b),260578.5,20250321
30,대전광역시,5,금요일,3,외국인(c),2835.7599999999998,20250321
30,대전광역시,6,토요일,1,현지인(a),657195.0,20250322
30,대전광역시,6,토요일,2,외지인(b),342142.5,20250322
30,대전광역시,6,토요일,3,외국인(c),2775.5000000000005,20250322
30,대전광역시,7,일요일,1,현지인(a),641266.5,20250323
30,대전광역시,7,일요일,2,외지인(b),289100.0,20250323
30,대전광역시,7,일요일,3,외국인(c),2836.92,20250323
30,대전광역시,1,월요일,1,현지인(a),698519.5,20250324
30,대전광역시,1,월요일,2,외지인(b),231822.5,20250324
30,대전광역시,1,월요일,3,외국인(c),3060.32,20250324
30,대전광역시,2,화요일,1,현지인(a),696692.5,20250325
30,대전광역시,2,화요일,2,외지인(b),235326.0,20250325
30,대전광역시,2,화요일,3,외국인(c),3306.4900000000007,20250325
30,대전광역시,3,수요일,1,현지인(a),706412.0,20250326
30,대전광역시,3,수요일,2,외지인(b),239484.0,20250326
30,대전광역시,3,수요일,3,외국인(c),3340.2000000000003,20250326
30,대전광역시,4,목요일,1,현지인(a),694750.0,20250327
30,대전광역시,4,목요일,2,외지인(b),239988.0,20250327
30,대전광역시,4,목요일,3,외국인(c),3419.1399999999994,20250327
30,대전광역시,5,금요일,1,현지인(a),708865.5,20250328
30,대전광역시,5,금요일,2,외지인(b),277896.5,20250328
30,대전광역시,5,금요일,3,외국인(c),2956.38,20250328
30,대전광역시,6,토요일,1,현지인(a),638092.0,20250329
30,대전광역시,6,토요일,2,외지인(b),354595.5,20250329
30,대전광역시,6,토요일,3,외국인(c),2863.2600000000007,20250329
30,대전광역시,7,일요일,1,현지인(a),625383.5,20250330
30,대전광역시,7,일요일,2,외지인(b),311678.5,20250330
30,대전광역시,7,일요일,3,외국인(c),2842.620000000001,20250330
30,대전광역시,1,월요일,1,현지인(a),690336.5,20250331
30,대전광역시,1,월요일,2,외지인(b),238766.5,20250331
30,대전광역시,1,월요일,3,외국인(c),3284.9899999999993,20250331
30,대전광역시,2,화요일,1,현지인(a),719960.5,20250401
30,대전광역시,2,화요일,2,외지인(b),140854.0,20250401
30,대전광역시,2,화요일,3,외국인(c),3242.290000000001,20250401
30,대전광역시,3,수요일,1,현지인(a),717262.0,20250402
30,대전광역시,3,수요일,2,외지인(b),151161.5,20250402
30,대전광역시,3,수요일,3,외국인(c),3191.4499999999994,20250402
30,대전광역시,4,목요일,1,현지인(a),713940.5,20250403
30,대전광역시,4,목요일,2,외지인(b),162148.0,20250403
30,대전광역시,4,목요일,3,외국인(c),3337.420000000001,20250403
30,대전광역시,5,금요일,1,현지인(a),724227.0,20250404
30,대전광역시,5,금요일,2,외지인(b),197043.0,20250404
30,대전광역시,5,금요일,3,외국인(c),3299.870000000001,20250404
30,대전광역시,6,토요일,1,현지인(a),638774.5,20250405
30,대전광역시,6,토요일,2,외지인(b),290342.5,20250405
30,대전광역시,6,토요일,3,외국인(c),3034.9500000000007,20250405
30,대전광역시,7,일요일,1,현지인(a),642029.5,20250406
30,대전광역시,7,일요일,2,외지인(b),248150.0,20250406
30,대전광역시,7,일요일,3,외국인(c),3151.7900000000004,20250406
30,대전광역시,1,월요일,1,현지인(a),705694.5,20250407
30,대전광역시,1,월요일,2,외지인(b),161784.0,20250407
30,대전광역시,1,월요일,3,외국인(c),3259.5,20250407
30,대전광역시,2,화요일,1,현지인(a),710223.5,20250408
30,대전광역시,2,화요일,2,외지인(b),163744.0,20250408
30,대전광역시,2,화요일,3,외국인(c),3281.13,20250408
30,대전광역시,3,수요일,1,현지인(a),711210.5,20250409
30,대전광역시,3,수요일,2,외지인(b),167933.5,20250409
30,대전광역시,3,수요일,3,외국인(c),3432.47,20250409
30,대전광역시,4,목요일,1,현지인(a),710678.5,20250410
30,대전광역시,4,목요일,2,외지인(b),174300.0,20250410
30,대전광역시,4,목요일,3,외국인(c),3412.629999999999,20250410
30,대전광역시,5,금요일,1,현지인(a),741279.0,20250411
30,대전광역시,5,금요일,2,외지인(b),226058.0,20250411
30,대전광역시,5,금요일,3,외국인(c),3218.9300000000003,20250411
30,대전광역시,6,토요일,1,현지인(a),672308.0,20250412
30,대전광역시,6,토요일,2,외지인(b),322714.0,20250412
30,대전광역시,6,토요일,3,외국인(c),3061.3900000000003,20250412
30,대전광역시,7,일요일,1,현지인(a),646838.5,20250413
30,대전광역시,7,일요일,2,외지인(b),263571.0,20250413
30,대전광역시,7,일요일,3,외국인(c),2987.13,20250413
30,대전광역시,1,월요일,1,현지인(a),721549.5,20250414
30,대전광역시,1,월요일,2,외지인(b),182686.0,20250414
30,대전광역시,1,월요일,3,외국인(c),3068.7500000000014,20250414
30,대전광역시,2,화요일,1,현지인(a),737509.5,20250415
30,대전광역시,2,화요일,2,외지인(b),189063.0,20250415
30,대전광역시,2,화요일,3,외국인(c),3267.33,20250415
30,대전광역시,3,수요일,1,현지인(a),743137.5,20250416
30,대전광역시,3,수요일,2,외지인(b),193924.5,20250416
30,대전광역시,3,수요일,3,외국인(c),3211.750000000001,20250416
30,대전광역시,4,목요일,1,현지인(a),741842.5,20250417
30,대전광역시,4,목요일,2,외지인(b),199818.5,20250417
30,대전광역시,4,목요일,3,외국인(c),3255.9299999999994,20250417
30,대전광역시,5,금요일,1,현지인(a),750319.5,20250418
30,대전광역시,5,금요일,2,외지인(b),236281.5,20250418
30,대전광역시,5,금요일,3,외국인(c),3397.949999999999,20250418
30,대전광역시,6,토요일,1,현지인(a),674292.5,20250419
30,대전광역시,6,토요일,2,외지인(b),324600.5,20250419
30,대전광역시,6,토요일,3,외국인(c),3081.0700000000006,20250419
30,대전광역시,7,일요일,1,현지인(a),665549.5,20250420
30,대전광역시,7,일요일,2,외지인(b),274494.5,20250420
30,대전광역시,7,일요일,3,외국인(c),3139.480000000002,20250420
30,대전광역시,1,월요일,1,현지인(a),735245.0,20250421
30,대전광역시,1,월요일,2,외지인(b),198509.5,20250421
30,대전광역시,1,월요일,3,외국인(c),3265.9700000000007,20250421
30,대전광역시,2,화요일,1,현지인(a),721700.0,20250422
30,대전광역시,2,화요일,2,외지인(b),196077.0,20250422
30,대전광역시,2,화요일,3,외국인(c),3344.9400000000014,20250422
30,대전광역시,3,수요일,1,현지인(a),742693.0,20250423
30,대전광역시,3,수요일,2,외지인(b),208225.5,20250423
30,대전광역시,3,수요일,3,외국인(c),3212.5600000000018,20250423
30,대전광역시,4,목요일,1,현지인(a),735024.5,20250424
30,대전광역시,4,목요일,2,외지인(b),212002.0,20250424
30,대전광역시,4,목요일,3,외국인(c),3295.48,20250424
30,대전광역시,5,금요일,1,현지인(a),746014.5,20250425
30,대전광역시,5,금요일,2,외지인(b),253029.0,20250425
30,대전광역시,5,금요일,3,외국인(c),3271.9300000000007,20250425
30,대전광역시,6,토요일,1,현지인(a),676287.5,20250426
30,대전광역시,6,토요일,2,외지인(b),344662.5,20250426
30,대전광역시,6,토요일,3,외국인(c),3233.3800000000006,20250426
30,대전광역시,7,일요일,1,현지인(a),659323.0,20250427
30,대전광역시,7,일요일,2,외지인(b),288673.0,20250427
30,대전광역시,7,일요일,3,외국인(c),3290.25,20250427
30,대전광역시,1,월요일,1,현지인(a),732144.0,20250428
30,대전광역시,1,월요일,2,외지인(b),213230.5,20250428
30,대전광역시,1,월요일,3,외국인(c),3314.23,20250428
30,대전광역시,2,화요일,1,현지인(a),731941.0,20250429
30,대전광역시,2,화요일,2,외지인(b),222855.5,20250429
30,대전광역시,2,화요일,3,외국인(c),3342.6400000000003,20250429
30,대전광역시,3,수요일,1,현지인(a),746109.0,20250430
30,대전광역시,3,수요일,2,외지인(b),243729.5,20250430
30,대전광역시,3,수요일,3,외국인(c),3111.39,20250430
30,대전광역시,4,목요일,1,현지인(a),710202.5,20250501
30,대전광역시,4,목요일,2,외지인(b),219691.5,20250501
30,대전광역시,4,목요일,3,외국인(c),3204.35,20250501
30,대전광역시,5,금요일,1,현지인(a),747446.0,20250502
30,대전광역시,5,금요일,2,외지인(b),257355.0,20250502
30,대전광역시,5,금요일,3,외국인(c),3287.1300000000006,20250502
30,대전광역시,6,토요일,1,현지인(a),645193.5,20250503
30,대전광역시,6,토요일,2,외지인(b),370618.5,20250503
30,대전광역시,6,토요일,3,외국인(c),3656.8699999999985,20250503
30,대전광역시,7,일요일,1,현지인(a),616147.0,20250504
30,대전광역시,7,일요일,2,외지인(b),409885.0,20250504
30,대전광역시,7,일요일,3,외국인(c),3366.6,20250504
30,대전광역시,1,월요일,1,현지인(a),609644.0,20250505
30,대전광역시,1,월요일,2,외지인(b),385070.0,20250505
30,대전광역시,1,월요일,3,외국인(c),3364.4999999999986,20250505
30,대전광역시,2,화요일,1,현지인(a),666400.0,20250506
30,대전광역시,2,화요일,2,외지인(b),289495.5,20250506
30,대전광역시,2,화요일,3,외국인(c),2908.4399999999996,20250506
30,대전광역시,3,수요일,1,현지인(a),775271.0,20250507
30,대전광역시,3,수요일,2,외지인(b),199741.5,20250507
30,대전광역시,3,수요일,3,외국인(c),2942.9900000000002,20250507
30,대전광역시,4,목요일,1,현지인(a),779772.0,20250508
30,대전광역시,4,목요일,2,외지인(b),207109.0,20250508
30,대전광역시,4,목요일,3,외국인(c),3092.1600000000003,20250508
30,대전광역시,5,금요일,1,현지인(a),763658.0,20250509
30,대전광역시,5,금요일,2,외지인(b),230730.5,20250509
30,대전광역시,5,금요일,3,외국인(c),3062.190000000001,20250509
30,대전광역시,6,토요일,1,현지인(a),682913.0,20250510
30,대전광역시,6,토요일,2,외지인(b),330092.0,20250510
30,대전광역시,6,토요일,3,외국인(c),2862.210000000001,20250510
30,대전광역시,7,일요일,1,현지인(a),686108.5,20250511
30,대전광역시,7,일요일,2,외지인(b),285155.5,20250511
30,대전광역시,7,일요일,3,외국인(c),2923.1000000000004,20250511
30,대전광역시,1,월요일,1,현지인(a),770266.0,20250512
30,대전광역시,1,월요일,2,외지인(b),209499.5,20250512
30,대전광역시,1,월요일,3,외국인(c),3298.680000000001,20250512
30,대전광역시,2,화요일,1,현지인(a),771578.5,20250513
30,대전광역시,2,화요일,2,외지인(b),216093.5,20250513
30,대전광역시,2,화요일,3,외국인(c),3332.82,20250513
30,대전광역시,3,수요일,1,현지인(a),776233.5,20250514
30,대전광역시,3,수요일,2,외지인(b),225277.5,20250514
30,대전광역시,3,수요일,3,외국인(c),3200.8299999999995,20250514
30,대전광역시,4,목요일,1,현지인(a),766780.0,20250515
30,대전광역시,4,목요일,2,외지인(b),230926.5,20250515
30,대전광역시,4,목요일,3,외국인(c),3352.199999999999,20250515
30,대전광역시,5,금요일,1,현지인(a),762881.0,20250516
30,대전광역시,5,금요일,2,외지인(b),259000.0,20250516
30,대전광역시,5,금요일,3,외국인(c),3134.2599999999993,20250516
30,대전광역시,6,토요일,1,현지인(a),694694.0,20250517
30,대전광역시,6,토요일,2,외지인(b),374248.0,20250517
30,대전광역시,6,토요일,3,외국인(c),3044.74,20250517
30,대전광역시,7,일요일,1,현지인(a),687592.5,20250518
30,대전광역시,7,일요일,2,외지인(b),312525.5,20250518
30,대전광역시,7,일요일,3,외국인(c),2937.9499999999994,20250518
30,대전광역시,1,월요일,1,현지인(a),763822.5,20250519
30,대전광역시,1,월요일,2,외지인(b),223121.5,20250519
30,대전광역시,1,월요일,3,외국인(c),3004.0100000000007,20250519
30,대전광역시,2,화요일,1,현지인(a),768082.0,20250520
30,대전광역시,2,화요일,2,외지인(b),228091.5,20250520
30,대전광역시,2,화요일,3,외국인(c),3046.93,20250520
30,대전광역시,3,수요일,1,현지인(a),787773.0,20250521
30,대전광역시,3,수요일,2,외지인(b),229554.5,20250521
30,대전광역시,3,수요일,3,외국인(c),3086.9699999999993,20250521
30,대전광역시,4,목요일,1,현지인(a),777717.5,20250522
30,대전광역시,4,목요일,2,외지인(b),237377.0,20250522
30,대전광역시,4,목요일,3,외국인(c),2985.9899999999993,20250522
30,대전광역시,5,금요일,1,현지인(a),785333.5,20250523
30,대전광역시,5,금요일,2,외지인(b),283171.0,20250523
30,대전광역시,5,금요일,3,외국인(c),3035.28,20250523
30,대전광역시,6,토요일,1,현지인(a),701400.0,20250524
30,대전광역시,6,토요일,2,외지인(b),392535.5,20250524
30,대전광역시,6,토요일,3,외국인(c),2933.719999999999,20250524
30,대전광역시,7,일요일,1,현지인(a),698712.0,20250525
30,대전광역시,7,일요일,2,외지인(b),334365.5,20250525
30,대전광역시,7,일요일,3,외국인(c),3174.47,20250525
30,대전광역시,1,월요일,1,현지인(a),781301.5,20250526
30,대전광역시,1,월요일,2,외지인(b),240740.5,20250526
30,대전광역시,1,월요일,3,외국인(c),3317.7200000000007,20250526
30,대전광역시,2,화요일,1,현지인(a),784423.5,20250527
30,대전광역시,2,화요일,2,외지인(b),241780.0,20250527
30,대전광역시,2,화요일,3,외국인(c),3583.4700000000003,20250527
30,대전광역시,3,수요일,1,현지인(a),789274.5,20250528
30,대전광역시,3,수요일,2,외지인(b),243848.5,20250528
30,대전광역시,3,수요일,3,외국인(c),3430.3800000000006,20250528
30,대전광역시,4,목요일,1,현지인(a),783044.5,20250529
30,대전광역시,4,목요일,2,외지인(b),246277.5,20250529
30,대전광역시,4,목요일,3,외국인(c),3340.9100000000003,20250529
30,대전광역시,5,금요일,1,현지인(a),789614.0,20250530
30,대전광역시,5,금요일,2,외지인(b),279541.5,20250530
30,대전광역시,5,금요일,3,외국인(c),3215.42,20250530
30,대전광역시,6,토요일,1,현지인(a),711214.0,20250531
30,대전광역시,6,토요일,2,외지인(b),387362.5,20250531
30,대전광역시,6,토요일,3,외국인(c),3096.47,20250531
30,대전광역시,7,일요일,1,현지인(a),710384.5,20250601
30,대전광역시,7,일요일,2,외지인(b),245696.5,20250601
30,대전광역시,7,일요일,3,외국인(c),2699.8700000000003,20250601
30,대전광역시,1,월요일,1,현지인(a),804622.0,20250602
30,대전광역시,1,월요일,2,외지인(b),180876.5,20250602
30,대전광역시,1,월요일,3,외국인(c),2805.4500000000007,20250602
30,대전광역시,2,화요일,1,현지인(a),746627.0,20250603
30,대전광역시,2,화요일,2,외지인(b),211844.5,20250603
30,대전광역시,2,화요일,3,외국인(c),2622.9100000000003,20250603
30,대전광역시,3,수요일,1,현지인(a),809837.0,20250604
30,대전광역시,3,수요일,2,외지인(b),179907.0,20250604
30,대전광역시,3,수요일,3,외국인(c),2701.6299999999997,20250604
30,대전광역시,4,목요일,1,현지인(a),813323.0,20250605
30,대전광역시,4,목요일,2,외지인(b),216160.0,20250605
30,대전광역시,4,목요일,3,외국인(c),2707.9699999999993,20250605
30,대전광역시,5,금요일,1,현지인(a),697305.0,20250606
30,대전광역시,5,금요일,2,외지인(b),310467.5,20250606
30,대전광역시,5,금요일,3,외국인(c),2776.0900000000015,20250606
30,대전광역시,6,토요일,1,현지인(a),690879.0,20250607
30,대전광역시,6,토요일,2,외지인(b),326963.0,20250607
30,대전광역시,6,토요일,3,외국인(c),2579.770000000001,20250607
30,대전광역시,7,일요일,1,현지인(a),702457.0,20250608
30,대전광역시,7,일요일,2,외지인(b),253715.0,20250608
30,대전광역시,7,일요일,3,외국인(c),2795.790000000001,20250608
30,대전광역시,1,월요일,1,현지인(a),806218.0,20250609
30,대전광역시,1,월요일,2,외지인(b),187477.5,20250609
30,대전광역시,1,월요일,3,외국인(c),2809.8600000000006,20250609
30,대전광역시,2,화요일,1,현지인(a),811450.5,20250610
30,대전광역시,2,화요일,2,외지인(b),200070.5,20250610
30,대전광역시,2,화요일,3,외국인(c),2939.070000000001,20250610
30,대전광역시,3,수요일,1,현지인(a),813344.0,20250611
30,대전광역시,3,수요일,2,외지인(b),202618.5,20250611
30,대전광역시,3,수요일,3,외국인(c),3066.71,20250611
30,대전광역시,4,목요일,1,현지인(a),808766.0,20250612
30,대전광역시,4,목요일,2,외지인(b),207728.5,20250612
30,대전광역시,4,목요일,3,외국인(c),3163.6200000000003,20250612
30,대전광역시,5,금요일,1,현지인(a),802144.0,20250613
30,대전광역시,5,금요일,2,외지인(b),228816.0,20250613
30,대전광역시,5,금요일,3,외국인(c),3135.83,20250613
30,대전광역시,6,토요일,1,현지인(a),726670.0,20250614
30,대전광역시,6,토요일,2,외지인(b),323806.0,20250614
30,대전광역시,6,토요일,3,외국인(c),3054.420000000001,20250614
30,대전광역시,7,일요일,1,현지인(a),705806.5,20250615
30,대전광역시,7,일요일,2,외지인(b),268362.5,20250615
30,대전광역시,7,일요일,3,외국인(c),2918.57,20250615
30,대전광역시,1,월요일,1,현지인(a),798742.0,20250616
30,대전광역시,1,월요일,2,외지인(b),198992.5,20250616
30,대전광역시,1,월요일,3,외국인(c),3037.7500000000005,20250616
30,대전광역시,2,화요일,1,현지인(a),806753.5,20250617
30,대전광역시,2,화요일,2,외지인(b),208166.0,20250617
30,대전광역시,2,화요일,3,외국인(c),2974.67,20250617
30,대전광역시,3,수요일,1,현지인(a),808370.5,20250618
30,대전광역시,3,수요일,2,외지인(b),216317.5,20250618
30,대전광역시,3,수요일,3,외국인(c),2962.3000000000006,20250618
30,대전광역시,4,목요일,1,현지인(a),802000.5,20250619
30,대전광역시,4,목요일,2,외지인(b),221830.0,20250619
30,대전광역시,4,목요일,3,외국인(c),3312.88,20250619
30,대전광역시,5,금요일,1,현지인(a),793082.5,20250620
30,대전광역시,5,금요일,2,외지인(b),244450.5,20250620
30,대전광역시,5,금요일,3,외국인(c),3304.6600000000008,20250620
30,대전광역시,6,토요일,1,현지인(a),707700.0,20250621
30,대전광역시,6,토요일,2,외지인(b),325423.0,20250621
30,대전광역시,6,토요일,3,외국인(c),2921.9500000000003,20250621
30,대전광역시,7,일요일,1,현지인(a),709096.5,20250622
30,대전광역시,7,일요일,2,외지인(b),290132.5,20250622
30,대전광역시,7,일요일,3,외국인(c),3004.370000000001,20250622
30,대전광역시,1,월요일,1,현지인(a),791262.5,20250623
30,대전광역시,1,월요일,2,외지인(b),222152.0,20250623
30,대전광역시,1,월요일,3,외국인(c),3166.9600000000005,20250623
30,대전광역시,2,화요일,1,현지인(a),785361.5,20250624
30,대전광역시,2,화요일,2,외지인(b),222323.5,20250624
30,대전광역시,2,화요일,3,외국인(c),3125.1800000000007,20250624
30,대전광역시,3,수요일,1,현지인(a),791199.5,20250625
30,대전광역시,3,수요일,2,외지인(b),222264.0,20250625
30,대전광역시,3,수요일,3,외국인(c),3473.1499999999996,20250625
30,대전광역시,4,목요일,1,현지인(a),788308.5,20250626
30,대전광역시,4,목요일,2,외지인(b),230394.5,20250626
30,대전광역시,4,목요일,3,외국인(c),3350.4799999999987,20250626
30,대전광역시,5,금요일,1,현지인(a),794458.0,20250627
30,대전광역시,5,금요일,2,외지인(b),262762.5,20250627
30,대전광역시,5,금요일,3,외국인(c),3563.47,20250627
30,대전광역시,6,토요일,1,현지인(a),711420.5,20250628
30,대전광역시,6,토요일,2,외지인(b),348988.5,20250628
30,대전광역시,6,토요일,3,외국인(c),3418.679999999999,20250628
30,대전광역시,7,일요일,1,현지인(a),698565.0,20250629
30,대전광역시,7,일요일,2,외지인(b),291067.0,20250629
30,대전광역시,7,일요일,3,외국인(c),3416.6899999999996,20250629
30,대전광역시,1,월요일,1,현지인(a),781046.0,20250630
30,대전광역시,1,월요일,2,외지인(b),226926.0,20250630
30,대전광역시,1,월요일,3,외국인(c),3601.6300000000015,20250630
30,대전광역시,2,화요일,1,현지인(a),774938.5,20250701
30,대전광역시,2,화요일,2,외지인(b),172189.5,20250701
30,대전광역시,2,화요일,3,외국인(c),3572.399999999999,20250701
30,대전광역시,3,수요일,1,현지인(a),779527.0,20250702
30,대전광역시,3,수요일,2,외지인(b),178857.0,20250702
30,대전광역시,3,수요일,3,외국인(c),3581.9200000000014,20250702
30,대전광역시,4,목요일,1,현지인(a),776006.0,20250703
30,대전광역시,4,목요일,2,외지인(b),187061.0,20250703
30,대전광역시,4,목요일,3,외국인(c),3742.6600000000003,20250703
30,대전광역시,5,금요일,1,현지인(a),784518.0,20250704
30,대전광역시,5,금요일,2,외지인(b),219366.0,20250704
30,대전광역시,5,금요일,3,외국인(c),3553.719999999998,20250704
30,대전광역시,6,토요일,1,현지인(a),706268.5,20250705
30,대전광역시,6,토요일,2,외지인(b),314079.5,20250705
30,대전광역시,6,토요일,3,외국인(c),3288.0799999999995,20250705
30,대전광역시,7,일요일,1,현지인(a),691876.5,20250706
30,대전광역시,7,일요일,2,외지인(b),252105.0,20250706
30,대전광역시,7,일요일,3,외국인(c),3087.819999999999,20250706
30,대전광역시,1,월요일,1,현지인(a),766832.5,20250707
30,대전광역시,1,월요일,2,외지인(b),183326.5,20250707
30,대전광역시,1,월요일,3,외국인(c),3206.5600000000004,20250707
30,대전광역시,2,화요일,1,현지인(a),768698.0,20250708
30,대전광역시,2,화요일,2,외지인(b),199489.5,20250708
30,대전광역시,2,화요일,3,외국인(c),3419.96,20250708
30,대전광역시,3,수요일,1,현지인(a),774819.5,20250709
30,대전광역시,3,수요일,2,외지인(b),204487.5,20250709
30,대전광역시,3,수요일,3,외국인(c),3549.6900000000005,20250709
30,대전광역시,4,목요일,1,현지인(a),773801.0,20250710
30,대전광역시,4,목요일,2,외지인(b),211435.0,20250710
30,대전광역시,4,목요일,3,외국인(c),3537.06,20250710
30,대전광역시,5,금요일,1,현지인(a),782950.0,20250711
30,대전광역시,5,금요일,2,외지인(b),242949.0,20250711
30,대전광역시,5,금요일,3,외국인(c),3307.2199999999993,20250711
30,대전광역시,6,토요일,1,현지인(a),707448.0,20250712
30,대전광역시,6,토요일,2,외지인(b),352520.0,20250712
30,대전광역시,6,토요일,3,외국인(c),3219.07,20250712
30,대전광역시,7,일요일,1,현지인(a),685555.5,20250713
30,대전광역시,7,일요일,2,외지인(b),284364.5,20250713
30,대전광역시,7,일요일,3,외국인(c),3335.290000000001,20250713
30,대전광역시,1,월요일,1,현지인(a),758051.0,20250714
30,대전광역시,1,월요일,2,외지인(b),205856.0,20250714
30,대전광역시,1,월요일,3,외국인(c),3515.219999999999,20250714
30,대전광역시,2,화요일,1,현지인(a),768404.0,20250715
30,대전광역시,2,화요일,2,외지인(b),212040.5,20250715
30,대전광역시,2,화요일,3,외국인(c),3707.3799999999997,20250715
30,대전광역시,3,수요일,1,현지인(a),759255.0,20250716
30,대전광역시,3,수요일,2,외지인(b),209842.5,20250716
30,대전광역시,3,수요일,3,외국인(c),3678.3799999999983,20250716
30,대전광역시,4,목요일,1,현지인(a),742280.0,20250717
30,대전광역시,4,목요일,2,외지인(b),195653.5,20250717
30,대전광역시,4,목요일,3,외국인(c),3744.019999999998,20250717
30,대전광역시,5,금요일,1,현지인(a),779873.5,20250718
30,대전광역시,5,금요일,2,외지인(b),229911.5,20250718
30,대전광역시,5,금요일,3,외국인(c),3770.6499999999983,20250718
30,대전광역시,6,토요일,1,현지인(a),699825.0,20250719
30,대전광역시,6,토요일,2,외지인(b),299421.5,20250719
30,대전광역시,6,토요일,3,외국인(c),3958.3700000000013,20250719
30,대전광역시,7,일요일,1,현지인(a),694414.0,20250720
30,대전광역시,7,일요일,2,외지인(b),273017.5,20250720
30,대전광역시,7,일요일,3,외국인(c),4346.76,20250720
30,대전광역시,1,월요일,1,현지인(a),759867.5,20250721
30,대전광역시,1,월요일,2,외지인(b),222092.5,20250721
30,대전광역시,1,월요일,3,외국인(c),4561.56,20250721
30,대전광역시,2,화요일,1,현지인(a),761810.0,20250722
30,대전광역시,2,화요일,2,외지인(b),234657.5,20250722
30,대전광역시,2,화요일,3,외국인(c),4500.4400000000005,20250722
30,대전광역시,3,수요일,1,현지인(a),766010.0,20250723
30,대전광역시,3,수요일,2,외지인(b),234881.5,20250723
30,대전광역시,3,수요일,3,외국인(c),4549.959999999999,20250723
30,대전광역시,4,목요일,1,현지인(a),760196.5,20250724
30,대전광역시,4,목요일,2,외지인(b),239242.5,20250724
30,대전광역시,4,목요일,3,외국인(c),4512.709999999999,20250724
30,대전광역시,5,금요일,1,현지인(a),763308.0,20250725
30,대전광역시,5,금요일,2,외지인(b),277490.5,20250725
30,대전광역시,5,금요일,3,외국인(c),4405.9400000000005,20250725
30,대전광역시,6,토요일,1,현지인(a),692065.5,20250726
30,대전광역시,6,토요일,2,외지인(b),346486.0,20250726
30,대전광역시,6,토요일,3,외국인(c),3592.3,20250726
30,대전광역시,7,일요일,1,현지인(a),673760.5,20250727
30,대전광역시,7,일요일,2,외지인(b),308196.0,20250727
30,대전광역시,7,일요일,3,외국인(c),3706.6400000000012,20250727
30,대전광역시,1,월요일,1,현지인(a),737422.0,20250728
30,대전광역시,1,월요일,2,외지인(b),261117.5,20250728
30,대전광역시,1,월요일,3,외국인(c),4086.3,20250728
30,대전광역시,2,화요일,1,현지인(a),737677.5,20250729
30,대전광역시,2,화요일,2,외지인(b),271698.0,20250729
30,대전광역시,2,화요일,3,외국인(c),4077.809999999999,20250729
30,대전광역시,3,수요일,1,현지인(a),747390.0,20250730
30,대전광역시,3,수요일,2,외지인(b),280525.0,20250730
30,대전광역시,3,수요일,3,외국인(c),4123.6,20250730
30,대전광역시,4,목요일,1,현지인(a),737170.0,20250731
30,대전광역시,4,목요일,2,외지인(b),285117.0,20250731
30,대전광역시,4,목요일,3,외국인(c),4037.1899999999996,20250731
30,대전광역시,5,금요일,1,현지인(a),737292.5,20250801
30,대전광역시,5,금요일,2,외지인(b),240607.5,20250801
30,대전광역시,5,금요일,3,외국인(c),4090.2700000000004,20250801
30,대전광역시,6,토요일,1,현지인(a),679976.5,20250802
30,대전광역시,6,토요일,2,외지인(b),298077.5,20250802
30,대전광역시,6,토요일,3,외국인(c),3606.1899999999996,20250802
30,대전광역시,7,일요일,1,현지인(a),667873.5,20250803
30,대전광역시,7,일요일,2,외지인(b),246221.5,20250803
30,대전광역시,7,일요일,3,외국인(c),3592.6499999999987,20250803
30,대전광역시,1,월요일,1,현지인(a),741450.5,20250804
30,대전광역시,1,월요일,2,외지인(b),198786.0,20250804
30,대전광역시,1,월요일,3,외국인(c),3836.339999999999,20250804
30,대전광역시,2,화요일,1,현지인(a),747810.0,20250805
30,대전광역시,2,화요일,2,외지인(b),205716.0,20250805
30,대전광역시,2,화요일,3,외국인(c),3791.9899999999993,20250805
30,대전광역시,3,수요일,1,현지인(a),747446.0,20250806
30,대전광역시,3,수요일,2,외지인(b),198947.0,20250806
30,대전광역시,3,수요일,3,외국인(c),3033.45,20250806
30,대전광역시,4,목요일,1,현지인(a),750141.0,20250807
30,대전광역시,4,목요일,2,외지인(b),210427.0,20250807
30,대전광역시,4,목요일,3,외국인(c),3502.450000000001,20250807
30,대전광역시,5,금요일,1,현지인(a),759878.0,20250808
30,대전광역시,5,금요일,2,외지인(b),235606.0,20250808
30,대전광역시,5,금요일,3,외국인(c),3802.670000000001,20250808
30,대전광역시,6,토요일,1,현지인(a),695936.5,20250809
30,대전광역시,6,토요일,2,외지인(b),305172.0,20250809
30,대전광역시,6,토요일,3,외국인(c),3162.460000000001,20250809
30,대전광역시,7,일요일,1,현지인(a),686493.5,20250810
30,대전광역시,7,일요일,2,외지인(b),266017.5,20250810
30,대전광역시,7,일요일,3,외국인(c),3246.64,20250810
30,대전광역시,1,월요일,1,현지인(a),746235.0,20250811
30,대전광역시,1,월요일,2,외지인(b),212044.0,20250811
30,대전광역시,1,월요일,3,외국인(c),3302.6499999999996,20250811
30,대전광역시,2,화요일,1,현지인(a),754712.0,20250812
30,대전광역시,2,화요일,2,외지인(b),221847.5,20250812
30,대전광역시,2,화요일,3,외국인(c),3258.960000000001,20250812
30,대전광역시,3,수요일,1,현지인(a),754813.5,20250813
30,대전광역시,3,수요일,2,외지인(b),229729.5,20250813
30,대전광역시,3,수요일,3,외국인(c),3133.6899999999996,20250813
30,대전광역시,4,목요일,1,현지인(a),756644.0,20250814
30,대전광역시,4,목요일,2,외지인(b),257680.5,20250814
30,대전광역시,4,목요일,3,외국인(c),2985.1099999999997,20250814
30,대전광역시,5,금요일,1,현지인(a),662525.5,20250815
30,대전광역시,5,금요일,2,외지인(b),320117.0,20250815
30,대전광역시,5,금요일,3,외국인(c),2836.989999999999,20250815
30,대전광역시,6,토요일,1,현지인(a),658497.0,20250816
30,대전광역시,6,토요일,2,외지인(b),329763.0,20250816
30,대전광역시,6,토요일,3,외국인(c),2829.2200000000007,20250816
30,대전광역시,7,일요일,1,현지인(a),677439.0,20250817
30,대전광역시,7,일요일,2,외지인(b),262517.5,20250817
30,대전광역시,7,일요일,3,외국인(c),2863.699999999999,20250817
30,대전광역시,1,월요일,1,현지인(a),751838.5,20250818
30,대전광역시,1,월요일,2,외지인(b),205590.0,20250818
30,대전광역시,1,월요일,3,외국인(c),2988.2900000000004,20250818
30,대전광역시,2,화요일,1,현지인(a),759132.5,20250819
30,대전광역시,2,화요일,2,외지인(b),213293.5,20250819
30,대전광역시,2,화요일,3,외국인(c),3289.749999999999,20250819
30,대전광역시,3,수요일,1,현지인(a),762842.5,20250820
30,대전광역시,3,수요일,2,외지인(b),213465.0,20250820
30,대전광역시,3,수요일,3,외국인(c),3386.63,20250820
30,대전광역시,4,목요일,1,현지인(a),760833.5,20250821
30,대전광역시,4,목요일,2,외지인(b),215953.5,20250821
30,대전광역시,4,목요일,3,외국인(c),3489.6200000000013,20250821
30,대전광역시,5,금요일,1,현지인(a),770710.5,20250822
30,대전광역시,5,금요일,2,외지인(b),249613.0,20250822
30,대전광역시,5,금요일,3,외국인(c),3603.4199999999987,20250822
30,대전광역시,6,토요일,1,현지인(a),702170.0,20250823
30,대전광역시,6,토요일,2,외지인(b),348442.5,20250823
30,대전광역시,6,토요일,3,외국인(c),3209.11,20250823
30,대전광역시,7,일요일,1,현지인(a),682066.0,20250824
30,대전광역시,7,일요일,2,외지인(b),292523.0,20250824
30,대전광역시,7,일요일,3,외국인(c),3244.1099999999997,20250824
30,대전광역시,1,월요일,1,현지인(a),757491.0,20250825
30,대전광역시,1,월요일,2,외지인(b),220570.0,20250825
30,대전광역시,1,월요일,3,외국인(c),3473.5999999999995,20250825
30,대전광역시,2,화요일,1,현지인(a),757669.5,20250826
30,대전광역시,2,화요일,2,외지인(b),217672.0,20250826
30,대전광역시,2,화요일,3,외국인(c),3497.39,20250826
30,대전광역시,3,수요일,1,현지인(a),765502.5,20250827
30,대전광역시,3,수요일,2,외지인(b),225134.0,20250827
30,대전광역시,3,수요일,3,외국인(c),3527.0699999999997,20250827
30,대전광역시,4,목요일,1,현지인(a),762293.0,20250828
30,대전광역시,4,목요일,2,외지인(b),231423.5,20250828
30,대전광역시,4,목요일,3,외국인(c),3668.4200000000005,20250828
30,대전광역시,5,금요일,1,현지인(a),771326.5,20250829
30,대전광역시,5,금요일,2,외지인(b),264978.0,20250829
30,대전광역시,5,금요일,3,외국인(c),3811.0800000000013,20250829
30,대전광역시,6,토요일,1,현지인(a),701939.0,20250830
30,대전광역시,6,토요일,2,외지인(b),377408.5,20250830
30,대전광역시,6,토요일,3,외국인(c),3598.749999999998,20250830
30,대전광역시,7,일요일,1,현지인(a),689468.5,20250831
30,대전광역시,7,일요일,2,외지인(b),332902.5,20250831
30,대전광역시,7,일요일,3,외국인(c),3610.63,20250831
30,대전광역시,1,월요일,1,현지인(a),786128.0,20250901
30,대전광역시,1,월요일,2,외지인(b),188184.5,20250901
30,대전광역시,1,월요일,3,외국인(c),3657.7199999999984,20250901
30,대전광역시,2,화요일,1,현지인(a),800803.5,20250902
30,대전광역시,2,화요일,2,외지인(b),200032.0,20250902
30,대전광역시,2,화요일,3,외국인(c),3856.96,20250902
30,대전광역시,3,수요일,1,현지인(a),800348.5,20250903
30,대전광역시,3,수요일,2,외지인(b),204046.5,20250903
30,대전광역시,3,수요일,3,외국인(c),3878.47,20250903
30,대전광역시,4,목요일,1,현지인(a),799340.5,20250904
30,대전광역시,4,목요일,2,외지인(b),209832.0,20250904
30,대전광역시,4,목요일,3,외국인(c),3941.1099999999988,20250904
30,대전광역시,5,금요일,1,현지인(a),807548.0,20250905
30,대전광역시,5,금요일,2,외지인(b),231329.0,20250905
30,대전광역시,5,금요일,3,외국인(c),3994.4600000000005,20250905
30,대전광역시,6,토요일,1,현지인(a),721581.0,20250906
30,대전광역시,6,토요일,2,외지인(b),326431.0,20250906
30,대전광역시,6,토요일,3,외국인(c),3791.5500000000006,20250906
30,대전광역시,7,일요일,1,현지인(a),704389.0,20250907
30,대전광역시,7,일요일,2,외지인(b),264012.0,20250907
30,대전광역시,7,일요일,3,외국인(c),3625.05,20250907
30,대전광역시,1,월요일,1,현지인(a),794766.0,20250908
30,대전광역시,1,월요일,2,외지인(b),208733.0,20250908
30,대전광역시,1,월요일,3,외국인(c),3879.4400000000005,20250908
30,대전광역시,2,화요일,1,현지인(a),796376.0,20250909
30,대전광역시,2,화요일,2,외지인(b),217892.5,20250909
30,대전광역시,2,화요일,3,외국인(c),3989.3499999999985,20250909
30,대전광역시,3,수요일,1,현지인(a),805259.0,20250910
30,대전광역시,3,수요일,2,외지인(b),222099.5,20250910
30,대전광역시,3,수요일,3,외국인(c),4009.3900000000012,20250910
30,대전광역시,4,목요일,1,현지인(a),800919.0,20250911
30,대전광역시,4,목요일,2,외지인(b),225708.0,20250911
30,대전광역시,4,목요일,3,외국인(c),4026.270000000001,20250911
30,대전광역시,5,금요일,1,현지인(a),798098.0,20250912
30,대전광역시,5,금요일,2,외지인(b),252045.5,20250912
30,대전광역시,5,금요일,3,외국인(c),3830.069999999999,20250912
30,대전광역시,6,토요일,1,현지인(a),722981.0,20250913
30,대전광역시,6,토요일,2,외지인(b),345425.5,20250913
30,대전광역시,6,토요일,3,외국인(c),3636.359999999999,20250913
30,대전광역시,7,일요일,1,현지인(a),702597.0,20250914
30,대전광역시,7,일요일,2,외지인(b),290482.5,20250914
30,대전광역시,7,일요일,3,외국인(c),3861.0099999999998,20250914
30,대전광역시,1,월요일,1,현지인(a),791941.5,20250915
30,대전광역시,1,월요일,2,외지인(b),226824.5,20250915
30,대전광역시,1,월요일,3,외국인(c),3948.7799999999993,20250915
30,대전광역시,2,화요일,1,현지인(a),789456.5,20250916
30,대전광역시,2,화요일,2,외지인(b),230247.5,20250916
30,대전광역시,2,화요일,3,외국인(c),4079.769999999999,20250916
30,대전광역시,3,수요일,1,현지인(a),789334.0,20250917
30,대전광역시,3,수요일,2,외지인(b),225473.5,20250917
30,대전광역시,3,수요일,3,외국인(c),4200.26,20250917
30,대전광역시,4,목요일,1,현지인(a),798290.5,20250918
30,대전광역시,4,목요일,2,외지인(b),241986.5,20250918
30,대전광역시,4,목요일,3,외국인(c),4349.7300000000005,20250918
30,대전광역시,5,금요일,1,현지인(a),798605.5,20250919
30,대전광역시,5,금요일,2,외지인(b),264029.5,20250919
30,대전광역시,5,금요일,3,외국인(c),4373.33,20250919
30,대전광역시,6,토요일,1,현지인(a),719575.5,20250920
30,대전광역시,6,토요일,2,외지인(b),361732.0,20250920
30,대전광역시,6,토요일,3,외국인(c),3875.6200000000003,20250920
30,대전광역시,7,일요일,1,현지인(a),706527.5,20250921
30,대전광역시,7,일요일,2,외지인(b),308633.5,20250921
30,대전광역시,7,일요일,3,외국인(c),4083.3900000000003,20250921
30,대전광역시,1,월요일,1,현지인(a),791577.5,20250922
30,대전광역시,1,월요일,2,외지인(b),236127.5,20250922
30,대전광역시,1,월요일,3,외국인(c),5538.769999999998,20250922
30,대전광역시,2,화요일,1,현지인(a),794713.5,20250923
30,대전광역시,2,화요일,2,외지인(b),245014.0,20250923
30,대전광역시,2,화요일,3,외국인(c),6200.02,20250923
30,대전광역시,3,수요일,1,현지인(a),792757.0,20250924
30,대전광역시,3,수요일,2,외지인(b),245801.5,20250924
30,대전광역시,3,수요일,3,외국인(c),6202.57,20250924
30,대전광역시,4,목요일,1,현지인(a),788480.0,20250925
30,대전광역시,4,목요일,2,외지인(b),249249.0,20250925
30,대전광역시,4,목요일,3,외국인(c),5979.079999999999,20250925
30,대전광역시,5,금요일,1,현지인(a),804664.0,20250926
30,대전광역시,5,금요일,2,외지인(b),285635.0,20250926
30,대전광역시,5,금요일,3,외국인(c),5790.429999999999,20250926
30,대전광역시,6,토요일,1,현지인(a),724013.5,20250927
30,대전광역시,6,토요일,2,외지인(b),372505.0,20250927
30,대전광역시,6,토요일,3,외국인(c),5144.109999999999,20250927
30,대전광역시,7,일요일,1,현지인(a),694246.0,20250928
30,대전광역시,7,일요일,2,외지인(b),295365.0,20250928
30,대전광역시,7,일요일,3,외국인(c),4000.0899999999992,20250928
30,대전광역시,1,월요일,1,현지인(a),793086.0,20250929
30,대전광역시,1,월요일,2,외지인(b),253435.0,20250929
30,대전광역시,1,월요일,3,외국인(c),3492.2499999999995,20250929
30,대전광역시,2,화요일,1,현지인(a),799134.0,20250930
30,대전광역시,2,화요일,2,외지인(b),262878.0,20250930
30,대전광역시,2,화요일,3,외국인(c),3456.5599999999995,20250930
30,대전광역시,3,수요일,1,현지인(a),785995.0,20251001
30,대전광역시,3,수요일,2,외지인(b),170572.5,20251001
30,대전광역시,3,수요일,3,외국인(c),3720.95,20251001
30,대전광역시,4,목요일,1,현지인(a),796530.0,20251002
30,대전광역시,4,목요일,2,외지인(b),202608.0,20251002
30,대전광역시,4,목요일,3,외국인(c),3684.4800000000005,20251002
30,대전광역시,5,금요일,1,현지인(a),685912.5,20251003
30,대전광역시,5,금요일,2,외지인(b),293517.0,20251003
30,대전광역시,5,금요일,3,외국인(c),3870.6100000000006,20251003
30,대전광역시,6,토요일,1,현지인(a),659029.0,20251004
30,대전광역시,6,토요일,2,외지인(b),359614.5,20251004
30,대전광역시,6,토요일,3,외국인(c),3821.060000000001,20251004
30,대전광역시,7,일요일,1,현지인(a),590667.0,20251005
30,대전광역시,7,일요일,2,외지인(b),411838.0,20251005
30,대전광역시,7,일요일,3,외국인(c),4046.62,20251005
30,대전광역시,1,월요일,1,현지인(a),531905.5,20251006
30,대전광역시,1,월요일,2,외지인(b),473760.0,20251006
30,대전광역시,1,월요일,3,외국인(c),4264.22,20251006
30,대전광역시,2,화요일,1,현지인(a),572684.0,20251007
30,대전광역시,2,화요일,2,외지인(b),421036.0,20251007
30,대전광역시,2,화요일,3,외국인(c),4431.500000000001,20251007
30,대전광역시,3,수요일,1,현지인(a),632604.0,20251008
30,대전광역시,3,수요일,2,외지인(b),363531.0,20251008
30,대전광역시,3,수요일,3,외국인(c),4221.59,20251008
30,대전광역시,4,목요일,1,현지인(a),667926.0,20251009
30,대전광역시,4,목요일,2,외지인(b),284518.5,20251009
30,대전광역시,4,목요일,3,외국인(c),4036.44,20251009
30,대전광역시,5,금요일,1,현지인(a),747481.0,20251010
30,대전광역시,5,금요일,2,외지인(b),246771.0,20251010
30,대전광역시,5,금요일,3,외국인(c),3979.9100000000017,20251010
30,대전광역시,6,토요일,1,현지인(a),713454.0,20251011
30,대전광역시,6,토요일,2,외지인(b),292295.5,20251011
30,대전광역시,6,토요일,3,외국인(c),3959.0699999999997,20251011
30,대전광역시,7,일요일,1,현지인(a),698656.0,20251012
30,대전광역시,7,일요일,2,외지인(b),233499.0,20251012
30,대전광역시,7,일요일,3,외국인(c),3799.069999999999,20251012
30,대전광역시,1,월요일,1,현지인(a),756801.5,20251013
30,대전광역시,1,월요일,2,외지인(b),168189.0,20251013
30,대전광역시,1,월요일,3,외국인(c),3707.35,20251013
30,대전광역시,2,화요일,1,현지인(a),771162.0,20251014
30,대전광역시,2,화요일,2,외지인(b),178241.0,20251014
30,대전광역시,2,화요일,3,외국인(c),3719.17,20251014
30,대전광역시,3,수요일,1,현지인(a),775082.0,20251015
30,대전광역시,3,수요일,2,외지인(b),186455.5,20251015
30,대전광역시,3,수요일,3,외국인(c),3777.4599999999996,20251015
30,대전광역시,4,목요일,1,현지인(a),770962.5,20251016
30,대전광역시,4,목요일,2,외지인(b),193025.0,20251016
30,대전광역시,4,목요일,3,외국인(c),4016.74,20251016
30,대전광역시,5,금요일,1,현지인(a),776527.5,20251017
30,대전광역시,5,금요일,2,외지인(b),235882.5,20251017
30,대전광역시,5,금요일,3,외국인(c),4196.22,20251017
30,대전광역시,6,토요일,1,현지인(a),715435.0,20251018
30,대전광역시,6,토요일,2,외지인(b),351827.0,20251018
30,대전광역시,6,토요일,3,외국인(c),4177.210000000001,20251018
30,대전광역시,7,일요일,1,현지인(a),703545.5,20251019
30,대전광역시,7,일요일,2,외지인(b),298116.0,20251019
30,대전광역시,7,일요일,3,외국인(c),4272.030000000001,20251019
30,대전광역시,1,월요일,1,현지인(a),765999.5,20251020
30,대전광역시,1,월요일,2,외지인(b),195538.0,20251020
30,대전광역시,1,월요일,3,외국인(c),4548.26,20251020
30,대전광역시,2,화요일,1,현지인(a),760403.0,20251021
30,대전광역시,2,화요일,2,외지인(b),199076.5,20251021
30,대전광역시,2,화요일,3,외국인(c),4800.890000000001,20251021
30,대전광역시,3,수요일,1,현지인(a),766902.5,20251022
30,대전광역시,3,수요일,2,외지인(b),200588.5,20251022
30,대전광역시,3,수요일,3,외국인(c),4858.620000000001,20251022
30,대전광역시,4,목요일,1,현지인(a),768047.0,20251023
30,대전광역시,4,목요일,2,외지인(b),209282.5,20251023
30,대전광역시,4,목요일,3,외국인(c),5009.120000000003,20251023
30,대전광역시,5,금요일,1,현지인(a),775484.5,20251024
30,대전광역시,5,금요일,2,외지인(b),257887.0,20251024
30,대전광역시,5,금요일,3,외국인(c),4690.110000000001,20251024
30,대전광역시,6,토요일,1,현지인(a),712204.5,20251025
30,대전광역시,6,토요일,2,외지인(b),362533.5,20251025
30,대전광역시,6,토요일,3,외국인(c),4239.040000000001,20251025
30,대전광역시,7,일요일,1,현지인(a),689188.5,20251026
30,대전광역시,7,일요일,2,외지인(b),300881.0,20251026
30,대전광역시,7,일요일,3,외국인(c),4703.630000000001,20251026
30,대전광역시,1,월요일,1,현지인(a),762286.0,20251027
30,대전광역시,1,월요일,2,외지인(b),207109.0,20251027
30,대전광역시,1,월요일,3,외국인(c),4683.240000000002,20251027
30,대전광역시,2,화요일,1,현지인(a),763063.0,20251028
30,대전광역시,2,화요일,2,외지인(b),207445.0,20251028
30,대전광역시,2,화요일,3,외국인(c),5046.380000000001,20251028
30,대전광역시,3,수요일,1,현지인(a),769737.5,20251029
30,대전광역시,3,수요일,2,외지인(b),223926.5,20251029
30,대전광역시,3,수요일,3,외국인(c),4699.15,20251029
30,대전광역시,4,목요일,1,현지인(a),763367.5,20251030
30,대전광역시,4,목요일,2,외지인(b),232130.5,20251030
30,대전광역시,4,목요일,3,외국인(c),4595.429999999999,20251030
30,대전광역시,5,금요일,1,현지인(a),776132.0,20251031
30,대전광역시,5,금요일,2,외지인(b),273483.0,20251031
30,대전광역시,5,금요일,3,외국인(c),4230.82,20251031
30,대전광역시,6,토요일,1,현지인(a),738790.5,20251101
30,대전광역시,6,토요일,2,외지인(b),325258.5,20251101
30,대전광역시,6,토요일,3,외국인(c),4038.9099999999994,20251101
30,대전광역시,7,일요일,1,현지인(a),722536.5,20251102
30,대전광역시,7,일요일,2,외지인(b),268649.5,20251102
30,대전광역시,7,일요일,3,외국인(c),4306.95,20251102
30,대전광역시,1,월요일,1,현지인(a),821817.5,20251103
30,대전광역시,1,월요일,2,외지인(b),180960.5,20251103
30,대전광역시,1,월요일,3,외국인(c),4243.519999999998,20251103
30,대전광역시,2,화요일,1,현지인(a),827158.5,20251104
30,대전광역시,2,화요일,2,외지인(b),189000.0,20251104
30,대전광역시,2,화요일,3,외국인(c),4561.72,20251104
30,대전광역시,3,수요일,1,현지인(a),831533.5,20251105
30,대전광역시,3,수요일,2,외지인(b),193669.0,20251105
30,대전광역시,3,수요일,3,외국인(c),4461.12,20251105
30,대전광역시,4,목요일,1,현지인(a),823921.0,20251106
30,대전광역시,4,목요일,2,외지인(b),198383.5,20251106
30,대전광역시,4,목요일,3,외국인(c),4133.659999999999,20251106
30,대전광역시,5,금요일,1,현지인(a),823711.0,20251107
30,대전광역시,5,금요일,2,외지인(b),225914.5,20251107
30,대전광역시,5,금요일,3,외국인(c),4022.4900000000002,20251107
30,대전광역시,6,토요일,1,현지인(a),727688.5,20251108
30,대전광역시,6,토요일,2,외지인(b),333515.0,20251108
30,대전광역시,6,토요일,3,외국인(c),3782.9100000000017,20251108
30,대전광역시,7,일요일,1,현지인(a),715708.0,20251109
30,대전광역시,7,일요일,2,외지인(b),277536.0,20251109
30,대전광역시,7,일요일,3,외국인(c),3758.3700000000003,20251109
30,대전광역시,1,월요일,1,현지인(a),819906.5,20251110
30,대전광역시,1,월요일,2,외지인(b),200676.0,20251110
30,대전광역시,1,월요일,3,외국인(c),4094.5099999999993,20251110
30,대전광역시,2,화요일,1,현지인(a),824540.5,20251111
30,대전광역시,2,화요일,2,외지인(b),208939.5,20251111
30,대전광역시,2,화요일,3,외국인(c),4075.5700000000015,20251111
30,대전광역시,3,수요일,1,현지인(a),828387.0,20251112
30,대전광역시,3,수요일,2,외지인(b),208568.5,20251112
30,대전광역시,3,수요일,3,외국인(c),4157.080000000001,20251112
30,대전광역시,4,목요일,1,현지인(a),820284.5,20251113
30,대전광역시,4,목요일,2,외지인(b),215411.0,20251113
30,대전광역시,4,목요일,3,외국인(c),4075.0100000000025,20251113
30,대전광역시,5,금요일,1,현지인(a),818146.0,20251114
30,대전광역시,5,금요일,2,외지인(b),260963.5,20251114
30,대전광역시,5,금요일,3,외국인(c),4108.21,20251114
30,대전광역시,6,토요일,1,현지인(a),727181.0,20251115
30,대전광역시,6,토요일,2,외지인(b),354263.0,20251115
30,대전광역시,6,토요일,3,외국인(c),3901.0099999999998,20251115
30,대전광역시,7,일요일,1,현지인(a),714927.5,20251116
30,대전광역시,7,일요일,2,외지인(b),297164.0,20251116
30,대전광역시,7,일요일,3,외국인(c),3647.8499999999995,20251116
30,대전광역시,1,월요일,1,현지인(a),811310.5,20251117
30,대전광역시,1,월요일,2,외지인(b),210234.5,20251117
30,대전광역시,1,월요일,3,외국인(c),3724.52,20251117
30,대전광역시,2,화요일,1,현지인(a),814527.0,20251118
30,대전광역시,2,화요일,2,외지인(b),212863.0,20251118
30,대전광역시,2,화요일,3,외국인(c),4142.8600000000015,20251118
30,대전광역시,3,수요일,1,현지인(a),820071.0,20251119
30,대전광역시,3,수요일,2,외지인(b),215649.0,20251119
30,대전광역시,3,수요일,3,외국인(c),4166.88,20251119
30,대전광역시,4,목요일,1,현지인(a),817827.5,20251120
30,대전광역시,4,목요일,2,외지인(b),222575.5,20251120
30,대전광역시,4,목요일,3,외국인(c),3982.220000000001,20251120
30,대전광역시,5,금요일,1,현지인(a),813592.5,20251121
30,대전광역시,5,금요일,2,외지인(b),255104.5,20251121
30,대전광역시,5,금요일,3,외국인(c),3649.2599999999998,20251121
30,대전광역시,6,토요일,1,현지인(a),719897.5,20251122
30,대전광역시,6,토요일,2,외지인(b),356338.5,20251122
30,대전광역시,6,토요일,3,외국인(c),3267.76,20251122
30,대전광역시,7,일요일,1,현지인(a),709828.0,20251123
30,대전광역시,7,일요일,2,외지인(b),295162.0,20251123
30,대전광역시,7,일요일,3,외국인(c),3212.47,20251123
30,대전광역시,1,월요일,1,현지인(a),813753.5,20251124
30,대전광역시,1,월요일,2,외지인(b),217542.5,20251124
30,대전광역시,1,월요일,3,외국인(c),3235.530000000001,20251124
30,대전광역시,2,화요일,1,현지인(a),811370.0,20251125
30,대전광역시,2,화요일,2,외지인(b),220346.0,20251125
30,대전광역시,2,화요일,3,외국인(c),3162.67,20251125
30,대전광역시,3,수요일,1,현지인(a),824526.5,20251126
30,대전광역시,3,수요일,2,외지인(b),228749.5,20251126
30,대전광역시,3,수요일,3,외국인(c),3069.8800000000006,20251126
30,대전광역시,4,목요일,1,현지인(a),812070.0,20251127
30,대전광역시,4,목요일,2,외지인(b),230037.5,20251127
30,대전광역시,4,목요일,3,외국인(c),3038.4400000000005,20251127
30,대전광역시,5,금요일,1,현지인(a),817351.5,20251128
30,대전광역시,5,금요일,2,외지인(b),257516.0,20251128
30,대전광역시,5,금요일,3,외국인(c),2907.5400000000004,20251128
30,대전광역시,6,토요일,1,현지인(a),729995.0,20251129
30,대전광역시,6,토요일,2,외지인(b),365631.0,20251129
30,대전광역시,6,토요일,3,외국인(c),2761.19,20251129
30,대전광역시,7,일요일,1,현지인(a),734825.0,20251130
30,대전광역시,7,일요일,2,외지인(b),332500.0,20251130
30,대전광역시,7,일요일,3,외국인(c),2718.410000000001,20251130
30,대전광역시,1,월요일,1,현지인(a),799270.5,20251201
30,대전광역시,1,월요일,2,외지인(b),171199.0,20251201
30,대전광역시,1,월요일,3,외국인(c),2921.4300000000003,20251201
30,대전광역시,2,화요일,1,현지인(a),798143.5,20251202
30,대전광역시,2,화요일,2,외지인(b),174919.5,20251202
30,대전광역시,2,화요일,3,외국인(c),2923.37,20251202
30,대전광역시,3,수요일,1,현지인(a),799753.5,20251203
30,대전광역시,3,수요일,2,외지인(b),172088.0,20251203
30,대전광역시,3,수요일,3,외국인(c),2852.18,20251203
30,대전광역시,4,목요일,1,현지인(a),798217.0,20251204
30,대전광역시,4,목요일,2,외지인(b),176694.0,20251204
30,대전광역시,4,목요일,3,외국인(c),2894.16,20251204
30,대전광역시,5,금요일,1,현지인(a),806043.0,20251205
30,대전광역시,5,금요일,2,외지인(b),216009.5,20251205
30,대전광역시,5,금요일,3,외국인(c),2850.929999999999,20251205
30,대전광역시,6,토요일,1,현지인(a),734587.0,20251206
30,대전광역시,6,토요일,2,외지인(b),330767.5,20251206
30,대전광역시,6,토요일,3,외국인(c),2498.4499999999994,20251206
30,대전광역시,7,일요일,1,현지인(a),721367.5,20251207
30,대전광역시,7,일요일,2,외지인(b),275201.5,20251207
30,대전광역시,7,일요일,3,외국인(c),2463.7799999999997,20251207
30,대전광역시,1,월요일,1,현지인(a),795609.5,20251208
30,대전광역시,1,월요일,2,외지인(b),188163.5,20251208
30,대전광역시,1,월요일,3,외국인(c),2480.6599999999994,20251208
30,대전광역시,2,화요일,1,현지인(a),799928.5,20251209
30,대전광역시,2,화요일,2,외지인(b),191863.0,20251209
30,대전광역시,2,화요일,3,외국인(c),2732.0800000000013,20251209
30,대전광역시,3,수요일,1,현지인(a),805255.5,20251210
30,대전광역시,3,수요일,2,외지인(b),193539.5,20251210
30,대전광역시,3,수요일,3,외국인(c),2771.109999999999,20251210
30,대전광역시,4,목요일,1,현지인(a),796050.5,20251211
30,대전광역시,4,목요일,2,외지인(b),198635.5,20251211
30,대전광역시,4,목요일,3,외국인(c),2826.060000000001,20251211
30,대전광역시,5,금요일,1,현지인(a),807740.5,20251212
30,대전광역시,5,금요일,2,외지인(b),238871.5,20251212
30,대전광역시,5,금요일,3,외국인(c),2727.5799999999995,20251212
30,대전광역시,6,토요일,1,현지인(a),725354.0,20251213
30,대전광역시,6,토요일,2,외지인(b),339643.5,20251213
30,대전광역시,6,토요일,3,외국인(c),2414.69,20251213
30,대전광역시,7,일요일,1,현지인(a),712124.0,20251214
30,대전광역시,7,일요일,2,외지인(b),276559.5,20251214
30,대전광역시,7,일요일,3,외국인(c),2479.2400000000016,20251214
30,대전광역시,1,월요일,1,현지인(a),790538.0,20251215
30,대전광역시,1,월요일,2,외지인(b),204379.0,20251215
30,대전광역시,1,월요일,3,외국인(c),2723.090000000001,20251215
30,대전광역시,2,화요일,1,현지인(a),793054.5,20251216
30,대전광역시,2,화요일,2,외지인(b),210336.0,20251216
30,대전광역시,2,화요일,3,외국인(c),2825.3700000000003,20251216
30,대전광역시,3,수요일,1,현지인(a),799400.0,20251217
30,대전광역시,3,수요일,2,외지인(b),215953.5,20251217
30,대전광역시,3,수요일,3,외국인(c),2841.5699999999993,20251217
30,대전광역시,4,목요일,1,현지인(a),796883.5,20251218
30,대전광역시,4,목요일,2,외지인(b),221207.0,20251218
30,대전광역시,4,목요일,3,외국인(c),2663.31,20251218
30,대전광역시,5,금요일,1,현지인(a),804041.0,20251219
30,대전광역시,5,금요일,2,외지인(b),258587.0,20251219
30,대전광역시,5,금요일,3,외국인(c),2793.5200000000004,20251219
30,대전광역시,6,토요일,1,현지인(a),724850.0,20251220
30,대전광역시,6,토요일,2,외지인(b),364535.5,20251220
30,대전광역시,6,토요일,3,외국인(c),2504.7700000000013,20251220
30,대전광역시,7,일요일,1,현지인(a),710741.5,20251221
30,대전광역시,7,일요일,2,외지인(b),303621.5,20251221
30,대전광역시,7,일요일,3,외국인(c),2538.09,20251221
30,대전광역시,1,월요일,1,현지인(a),779418.5,20251222
30,대전광역시,1,월요일,2,외지인(b),228249.0,20251222
30,대전광역시,1,월요일,3,외국인(c),2720.7499999999995,20251222
30,대전광역시,2,화요일,1,현지인(a),777588.0,20251223
30,대전광역시,2,화요일,2,외지인(b),234241.0,20251223
30,대전광역시,2,화요일,3,외국인(c),2722.68,20251223
30,대전광역시,3,수요일,1,현지인(a),794734.5,20251224
30,대전광역시,3,수요일,2,외지인(b),252227.5,20251224
30,대전광역시,3,수요일,3,외국인(c),2835.33,20251224
30,대전광역시,4,목요일,1,현지인(a),713968.5,20251225
30,대전광역시,4,목요일,2,외지인(b),293247.5,20251225
30,대전광역시,4,목요일,3,외국인(c),2628.4999999999995,20251225
30,대전광역시,5,금요일,1,현지인(a),759713.5,20251226
30,대전광역시,5,금요일,2,외지인(b),278526.5,20251226
30,대전광역시,5,금요일,3,외국인(c),2917.6399999999994,20251226
30,대전광역시,6,토요일,1,현지인(a),704039.0,20251227
30,대전광역시,6,토요일,2,외지인(b),356261.5,20251227
30,대전광역시,6,토요일,3,외국인(c),3036.15,20251227
30,대전광역시,7,일요일,1,현지인(a),691995.5,20251228
30,대전광역시,7,일요일,2,외지인(b),295953.0,20251228
30,대전광역시,7,일요일,3,외국인(c),3085.5600000000004,20251228
30,대전광역시,1,월요일,1,현지인(a),764043.0,20251229
30,대전광역시,1,월요일,2,외지인(b),243876.5,20251229
30,대전광역시,1,월요일,3,외국인(c),3007.580000000001,20251229
30,대전광역시,2,화요일,1,현지인(a),771466.5,20251230
30,대전광역시,2,화요일,2,외지인(b),246067.5,20251230
30,대전광역시,2,화요일,3,외국인(c),2965.6800000000003,20251230
30,대전광역시,3,수요일,1,현지인(a),780759.0,20251231
30,대전광역시,3,수요일,2,외지인(b),272205.5,20251231
30,대전광역시,3,수요일,3,외국인(c),2857.7400000000002,20251231
30,대전광역시,4,목요일,1,현지인(a),664615.0,20260101
30,대전광역시,4,목요일,2,외지인(b),226999.5,20260101
30,대전광역시,4,목요일,3,외국인(c),2586.0899999999997,20260101
30,대전광역시,5,금요일,1,현지인(a),740915.0,20260102
30,대전광역시,5,금요일,2,외지인(b),228259.5,20260102
30,대전광역시,5,금요일,3,외국인(c),2710.3499999999995,20260102
30,대전광역시,6,토요일,1,현지인(a),692888.0,20260103
30,대전광역시,6,토요일,2,외지인(b),301469.0,20260103
30,대전광역시,6,토요일,3,외국인(c),2542.2299999999996,20260103
30,대전광역시,7,일요일,1,현지인(a),688894.5,20260104
30,대전광역시,7,일요일,2,외지인(b),245185.5,20260104
30,대전광역시,7,일요일,3,외국인(c),2465.6800000000007,20260104
30,대전광역시,1,월요일,1,현지인(a),766094.0,20260105
30,대전광역시,1,월요일,2,외지인(b),178629.5,20260105
30,대전광역시,1,월요일,3,외국인(c),2399.8099999999995,20260105
30,대전광역시,2,화요일,1,현지인(a),770777.0,20260106
30,대전광역시,2,화요일,2,외지인(b),181377.0,20260106
30,대전광역시,2,화요일,3,외국인(c),2492.31,20260106
30,대전광역시,3,수요일,1,현지인(a),766832.5,20260107
30,대전광역시,3,수요일,2,외지인(b),186812.5,20260107
30,대전광역시,3,수요일,3,외국인(c),2539.0399999999995,20260107
30,대전광역시,4,목요일,1,현지인(a),763245.0,20260108
30,대전광역시,4,목요일,2,외지인(b),191915.5,20260108
30,대전광역시,4,목요일,3,외국인(c),2471.3500000000004,20260108
30,대전광역시,5,금요일,1,현지인(a),773454.5,20260109
30,대전광역시,5,금요일,2,외지인(b),222831.0,20260109
30,대전광역시,5,금요일,3,외국인(c),2410.9300000000007,20260109
30,대전광역시,6,토요일,1,현지인(a),690977.0,20260110
30,대전광역시,6,토요일,2,외지인(b),307233.5,20260110
30,대전광역시,6,토요일,3,외국인(c),2405.24,20260110
30,대전광역시,7,일요일,1,현지인(a),674772.0,20260111
30,대전광역시,7,일요일,2,외지인(b),241969.0,20260111
30,대전광역시,7,일요일,3,외국인(c),2400.3899999999994,20260111
30,대전광역시,1,월요일,1,현지인(a),747432.0,20260112
30,대전광역시,1,월요일,2,외지인(b),199003.0,20260112
30,대전광역시,1,월요일,3,외국인(c),2498.5700000000015,20260112
30,대전광역시,2,화요일,1,현지인(a),748153.0,20260113
30,대전광역시,2,화요일,2,외지인(b),208299.0,20260113
30,대전광역시,2,화요일,3,외국인(c),2382.4399999999996,20260113
30,대전광역시,3,수요일,1,현지인(a),749948.5,20260114
30,대전광역시,3,수요일,2,외지인(b),207557.0,20260114
30,대전광역시,3,수요일,3,외국인(c),2484.2599999999998,20260114
30,대전광역시,4,목요일,1,현지인(a),745188.5,20260115
30,대전광역시,4,목요일,2,외지인(b),217574.0,20260115
30,대전광역시,4,목요일,3,외국인(c),2545.5900000000006,20260115
30,대전광역시,5,금요일,1,현지인(a),751978.5,20260116
30,대전광역시,5,금요일,2,외지인(b),244163.5,20260116
30,대전광역시,5,금요일,3,외국인(c),2406.8099999999995,20260116
30,대전광역시,6,토요일,1,현지인(a),688583.0,20260117
30,대전광역시,6,토요일,2,외지인(b),344547.0,20260117
30,대전광역시,6,토요일,3,외국인(c),2388.2999999999997,20260117
30,대전광역시,7,일요일,1,현지인(a),672539.0,20260118
30,대전광역시,7,일요일,2,외지인(b),283818.5,20260118
30,대전광역시,7,일요일,3,외국인(c),2314.0400000000004,20260118
30,대전광역시,1,월요일,1,현지인(a),731720.5,20260119
30,대전광역시,1,월요일,2,외지인(b),211515.5,20260119
30,대전광역시,1,월요일,3,외국인(c),2330.1000000000004,20260119
30,대전광역시,2,화요일,1,현지인(a),738017.0,20260120
30,대전광역시,2,화요일,2,외지인(b),215656.0,20260120
30,대전광역시,2,화요일,3,외국인(c),2353.3800000000006,20260120
30,대전광역시,3,수요일,1,현지인(a),740397.0,20260121
30,대전광역시,3,수요일,2,외지인(b),216016.5,20260121
30,대전광역시,3,수요일,3,외국인(c),2378.3099999999995,20260121
30,대전광역시,4,목요일,1,현지인(a),733719.0,20260122
30,대전광역시,4,목요일,2,외지인(b),218802.5,20260122
30,대전광역시,4,목요일,3,외국인(c),2386.6800000000007,20260122
30,대전광역시,5,금요일,1,현지인(a),748972.0,20260123
30,대전광역시,5,금요일,2,외지인(b),249886.0,20260123
30,대전광역시,5,금요일,3,외국인(c),2215.66,20260123
30,대전광역시,6,토요일,1,현지인(a),682857.0,20260124
30,대전광역시,6,토요일,2,외지인(b),340658.5,20260124
30,대전광역시,6,토요일,3,외국인(c),2130.0,20260124
30,대전광역시,7,일요일,1,현지인(a),671464.5,20260125
30,대전광역시,7,일요일,2,외지인(b),281193.5,20260125
30,대전광역시,7,일요일,3,외국인(c),2154.2700000000004,20260125
30,대전광역시,1,월요일,1,현지인(a),731783.5,20260126
30,대전광역시,1,월요일,2,외지인(b),221004.0,20260126
30,대전광역시,1,월요일,3,외국인(c),2345.0499999999993,20260126
30,대전광역시,2,화요일,1,현지인(a),738115.0,20260127
30,대전광역시,2,화요일,2,외지인(b),226800.0,20260127
30,대전광역시,2,화요일,3,외국인(c),2580.600000000001,20260127
30,대전광역시,3,수요일,1,현지인(a),742038.5,20260128
30,대전광역시,3,수요일,2,외지인(b),229817.0,20260128
30,대전광역시,3,수요일,3,외국인(c),2539.3099999999995,20260128
30,대전광역시,4,목요일,1,현지인(a),739021.5,20260129
30,대전광역시,4,목요일,2,외지인(b),230804.0,20260129
30,대전광역시,4,목요일,3,외국인(c),2581.5299999999993,20260129
30,대전광역시,5,금요일,1,현지인(a),746515.0,20260130
30,대전광역시,5,금요일,2,외지인(b),258223.0,20260130
30,대전광역시,5,금요일,3,외국인(c),2456.1499999999996,20260130
30,대전광역시,6,토요일,1,현지인(a),685790.0,20260131
30,대전광역시,6,토요일,2,외지인(b),359387.0,20260131
30,대전광역시,6,토요일,3,외국인(c),2355.21,20260131
30,대전광역시,7,일요일,1,현지인(a),672231.0,20260201
30,대전광역시,7,일요일,2,외지인(b),233275.0,20260201
30,대전광역시,7,일요일,3,외국인(c),2204.14,20260201
30,대전광역시,1,월요일,1,현지인(a),731559.5,20260202
30,대전광역시,1,월요일,2,외지인(b),158049.5,20260202
30,대전광역시,1,월요일,3,외국인(c),2200.18,20260202
30,대전광역시,2,화요일,1,현지인(a),744807.0,20260203
30,대전광역시,2,화요일,2,외지인(b),175206.5,20260203
30,대전광역시,2,화요일,3,외국인(c),2315.130000000001,20260203
30,대전광역시,3,수요일,1,현지인(a),748713.0,20260204
30,대전광역시,3,수요일,2,외지인(b),180071.5,20260204
30,대전광역시,3,수요일,3,외국인(c),2304.9600000000005,20260204
30,대전광역시,4,목요일,1,현지인(a),745797.5,20260205
30,대전광역시,4,목요일,2,외지인(b),189675.5,20260205
30,대전광역시,4,목요일,3,외국인(c),2276.57,20260205
30,대전광역시,5,금요일,1,현지인(a),751313.5,20260206
30,대전광역시,5,금요일,2,외지인(b),217549.5,20260206
30,대전광역시,5,금요일,3,외국인(c),2187.3099999999995,20260206
30,대전광역시,6,토요일,1,현지인(a),689752.0,20260207
30,대전광역시,6,토요일,2,외지인(b),327642.0,20260207
30,대전광역시,6,토요일,3,외국인(c),2088.5,20260207
30,대전광역시,7,일요일,1,현지인(a),665605.5,20260208
30,대전광역시,7,일요일,2,외지인(b),255290.0,20260208
30,대전광역시,7,일요일,3,외국인(c),2150.6699999999996,20260208
30,대전광역시,1,월요일,1,현지인(a),743316.0,20260209
30,대전광역시,1,월요일,2,외지인(b),195184.5,20260209
30,대전광역시,1,월요일,3,외국인(c),2193.24,20260209
30,대전광역시,2,화요일,1,현지인(a),746151.0,20260210
30,대전광역시,2,화요일,2,외지인(b),204302.0,20260210
30,대전광역시,2,화요일,3,외국인(c),2337.0599999999995,20260210
30,대전광역시,3,수요일,1,현지인(a),752052.0,20260211
30,대전광역시,3,수요일,2,외지인(b),209807.5,20260211
30,대전광역시,3,수요일,3,외국인(c),2410.3399999999992,20260211
30,대전광역시,4,목요일,1,현지인(a),753844.0,20260212
30,대전광역시,4,목요일,2,외지인(b),222320.0,20260212
30,대전광역시,4,목요일,3,외국인(c),2381.26,20260212
30,대전광역시,5,금요일,1,현지인(a),763945.0,20260213
30,대전광역시,5,금요일,2,외지인(b),238049.0,20260213
30,대전광역시,5,금요일,3,외국인(c),2279.920000000001,20260213
30,대전광역시,6,토요일,1,현지인(a),679756.0,20260214
30,대전광역시,6,토요일,2,외지인(b),323652.0,20260214
30,대전광역시,6,토요일,3,외국인(c),2131.8900000000003,20260214
30,대전광역시,7,일요일,1,현지인(a),622825.0,20260215
30,대전광역시,7,일요일,2,외지인(b),375984.0,20260215
30,대전광역시,7,일요일,3,외국인(c),2267.7100000000005,20260215
30,대전광역시,1,월요일,1,현지인(a),548488.5,20260216
30,대전광역시,1,월요일,2,외지인(b),417350.5,20260216
30,대전광역시,1,월요일,3,외국인(c),2196.43,20260216
30,대전광역시,2,화요일,1,현지인(a),550452.0,20260217
30,대전광역시,2,화요일,2,외지인(b),448654.5,20260217
30,대전광역시,2,화요일,3,외국인(c),2398.52,20260217
30,대전광역시,3,수요일,1,현지인(a),625005.5,20260218
30,대전광역시,3,수요일,2,외지인(b),307814.5,20260218
30,대전광역시,3,수요일,3,외국인(c),2227.2400000000002,20260218
30,대전광역시,4,목요일,1,현지인(a),735052.5,20260219
30,대전광역시,4,목요일,2,외지인(b),228287.5,20260219
30,대전광역시,4,목요일,3,외국인(c),2594.24,20260219
30,대전광역시,5,금요일,1,현지인(a),751954.0,20260220
30,대전광역시,5,금요일,2,외지인(b),254709.0,20260220
30,대전광역시,5,금요일,3,외국인(c),2781.8100000000004,20260220
30,대전광역시,6,토요일,1,현지인(a),699527.5,20260221
30,대전광역시,6,토요일,2,외지인(b),326434.5,20260221
30,대전광역시,6,토요일,3,외국인(c),2580.559999999999,20260221
30,대전광역시,7,일요일,1,현지인(a),672140.0,20260222
30,대전광역시,7,일요일,2,외지인(b),267344.0,20260222
30,대전광역시,7,일요일,3,외국인(c),2481.5400000000004,20260222
30,대전광역시,1,월요일,1,현지인(a),742514.5,20260223
30,대전광역시,1,월요일,2,외지인(b),227843.0,20260223
30,대전광역시,1,월요일,3,외국인(c),2463.280000000001,20260223
30,대전광역시,2,화요일,1,현지인(a),725872.0,20260224
30,대전광역시,2,화요일,2,외지인(b),222558.0,20260224
30,대전광역시,2,화요일,3,외국인(c),2585.61,20260224
30,대전광역시,3,수요일,1,현지인(a),754617.5,20260225
30,대전광역시,3,수요일,2,외지인(b),249697.0,20260225
30,대전광역시,3,수요일,3,외국인(c),2774.04,20260225
30,대전광역시,4,목요일,1,현지인(a),744670.5,20260226
30,대전광역시,4,목요일,2,외지인(b),252399.0,20260226
30,대전광역시,4,목요일,3,외국인(c),2843.1999999999994,20260226
30,대전광역시,5,금요일,1,현지인(a),750967.0,20260227
30,대전광역시,5,금요일,2,외지인(b),275453.5,20260227
30,대전광역시,5,금요일,3,외국인(c),2732.7499999999995,20260227
30,대전광역시,6,토요일,1,현지인(a),693017.5,20260228
30,대전광역시,6,토요일,2,외지인(b),372473.5,20260228
30,대전광역시,6,토요일,3,외국인(c),2668.3200000000006,20260228
30,대전광역시,7,일요일,1,현지인(a),679924.0,20260301
30,대전광역시,7,일요일,2,외지인(b),331971.5,20260301
30,대전광역시,7,일요일,3,외국인(c),2595.03,20260301
30,대전광역시,1,월요일,1,현지인(a),667471.0,20260302
30,대전광역시,1,월요일,2,외지인(b),265069.0,20260302
30,대전광역시,1,월요일,3,외국인(c),2649.0600000000004,20260302
30,대전광역시,2,화요일,1,현지인(a),783797.0,20260303
30,대전광역시,2,화요일,2,외지인(b),222365.5,20260303
30,대전광역시,2,화요일,3,외국인(c),2782.6099999999997,20260303
30,대전광역시,3,수요일,1,현지인(a),781193.0,20260304
30,대전광역시,3,수요일,2,외지인(b),231161.0,20260304
30,대전광역시,3,수요일,3,외국인(c),2923.14,20260304
30,대전광역시,4,목요일,1,현지인(a),775029.5,20260305
30,대전광역시,4,목요일,2,외지인(b),235553.5,20260305
30,대전광역시,4,목요일,3,외국인(c),3072.1100000000015,20260305
30,대전광역시,5,금요일,1,현지인(a),786950.5,20260306
30,대전광역시,5,금요일,2,외지인(b),251954.5,20260306
30,대전광역시,5,금요일,3,외국인(c),2956.7400000000002,20260306
30,대전광역시,6,토요일,1,현지인(a),721521.5,20260307
30,대전광역시,6,토요일,2,외지인(b),332979.5,20260307
30,대전광역시,6,토요일,3,외국인(c),2929.4499999999994,20260307
30,대전광역시,7,일요일,1,현지인(a),696566.5,20260308
30,대전광역시,7,일요일,2,외지인(b),277795.0,20260308
30,대전광역시,7,일요일,3,외국인(c),3196.19,20260308
30,대전광역시,1,월요일,1,현지인(a),767200.0,20260309
30,대전광역시,1,월요일,2,외지인(b),244422.5,20260309
30,대전광역시,1,월요일,3,외국인(c),3341.729999999999,20260309
30,대전광역시,2,화요일,1,현지인(a),776849.5,20260310
30,대전광역시,2,화요일,2,외지인(b),255454.5,20260310
30,대전광역시,2,화요일,3,외국인(c),3535.61,20260310
30,대전광역시,3,수요일,1,현지인(a),778253.0,20260311
30,대전광역시,3,수요일,2,외지인(b),255244.5,20260311
30,대전광역시,3,수요일,3,외국인(c),3537.8300000000004,20260311
30,대전광역시,4,목요일,1,현지인(a),775726.0,20260312
30,대전광역시,4,목요일,2,외지인(b),265436.5,20260312
30,대전광역시,4,목요일,3,외국인(c),3385.659999999999,20260312
30,대전광역시,5,금요일,1,현지인(a),788067.0,20260313
30,대전광역시,5,금요일,2,외지인(b),283034.5,20260313
30,대전광역시,5,금요일,3,외국인(c),3317.81,20260313
30,대전광역시,6,토요일,1,현지인(a),714938.0,20260314
30,대전광역시,6,토요일,2,외지인(b),366863.0,20260314
30,대전광역시,6,토요일,3,외국인(c),3307.8100000000004,20260314
30,대전광역시,7,일요일,1,현지인(a),689290.0,20260315
30,대전광역시,7,일요일,2,외지인(b),307419.0,20260315
30,대전광역시,7,일요일,3,외국인(c),3541.6700000000005,20260315
30,대전광역시,1,월요일,1,현지인(a),771827.0,20260316
30,대전광역시,1,월요일,2,외지인(b),260949.5,20260316
30,대전광역시,1,월요일,3,외국인(c),3708.8,20260316
30,대전광역시,2,화요일,1,현지인(a),775698.0,20260317
30,대전광역시,2,화요일,2,외지인(b),269055.5,20260317
30,대전광역시,2,화요일,3,외국인(c),3609.2800000000007,20260317
30,대전광역시,3,수요일,1,현지인(a),768680.5,20260318
30,대전광역시,3,수요일,2,외지인(b),261271.5,20260318
30,대전광역시,3,수요일,3,외국인(c),3528.4799999999996,20260318
30,대전광역시,4,목요일,1,현지인(a),777490.0,20260319
30,대전광역시,4,목요일,2,외지인(b),273801.5,20260319
30,대전광역시,4,목요일,3,외국인(c),3500.4300000000007,20260319
30,대전광역시,5,금요일,1,현지인(a),785750.0,20260320
30,대전광역시,5,금요일,2,외지인(b),295638.0,20260320
30,대전광역시,5,금요일,3,외국인(c),3464.920000000001,20260320
30,대전광역시,6,토요일,1,현지인(a),712103.0,20260321
30,대전광역시,6,토요일,2,외지인(b),390309.5,20260321
30,대전광역시,6,토요일,3,외국인(c),3259.540000000002,20260321
30,대전광역시,7,일요일,1,현지인(a),692975.5,20260322
30,대전광역시,7,일요일,2,외지인(b),321223.0,20260322
30,대전광역시,7,일요일,3,외국인(c),3473.4899999999993,20260322
30,대전광역시,1,월요일,1,현지인(a),770241.5,20260323
30,대전광역시,1,월요일,2,외지인(b),272979.0,20260323
30,대전광역시,1,월요일,3,외국인(c),3434.64,20260323
30,대전광역시,2,화요일,1,현지인(a),771249.5,20260324
30,대전광역시,2,화요일,2,외지인(b),277938.5,20260324
30,대전광역시,2,화요일,3,외국인(c),3547.2299999999996,20260324
30,대전광역시,3,수요일,1,현지인(a),778428.0,20260325
30,대전광역시,3,수요일,2,외지인(b),276787.0,20260325
30,대전광역시,3,수요일,3,외국인(c),3595.62,20260325
30,대전광역시,4,목요일,1,현지인(a),775124.0,20260326
30,대전광역시,4,목요일,2,외지인(b),281764.0,20260326
30,대전광역시,4,목요일,3,외국인(c),3511.0600000000004,20260326
30,대전광역시,5,금요일,1,현지인(a),782929.0,20260327
30,대전광역시,5,금요일,2,외지인(b),305326.0,20260327
30,대전광역시,5,금요일,3,외국인(c),3553.360000000001,20260327
30,대전광역시,6,토요일,1,현지인(a),709033.5,20260328
30,대전광역시,6,토요일,2,외지인(b),395398.5,20260328
30,대전광역시,6,토요일,3,외국인(c),3317.5799999999995,20260328
30,대전광역시,7,일요일,1,현지인(a),692289.5,20260329
30,대전광역시,7,일요일,2,외지인(b),339146.5,20260329
30,대전광역시,7,일요일,3,외국인(c),3263.6299999999987,20260329
30,대전광역시,1,월요일,1,현지인(a),761092.5,20260330
30,대전광역시,1,월요일,2,외지인(b),275670.5,20260330
30,대전광역시,1,월요일,3,외국인(c),3557.809999999999,20260330
30,대전광역시,2,화요일,1,현지인(a),770539.0,20260331
30,대전광역시,2,화요일,2,외지인(b),280199.5,20260331
30,대전광역시,2,화요일,3,외국인(c),3553.930000000001,20260331
30,대전광역시,3,수요일,1,현지인(a),757732.5,20260401
30,대전광역시,3,수요일,2,외지인(b),154469.0,20260401
30,대전광역시,3,수요일,3,외국인(c),4174.62,20260401
30,대전광역시,4,목요일,1,현지인(a),757536.5,20260402
30,대전광역시,4,목요일,2,외지인(b),164944.5,20260402
30,대전광역시,4,목요일,3,외국인(c),4058.9000000000005,20260402
30,대전광역시,5,금요일,1,현지인(a),772667.0,20260403
30,대전광역시,5,금요일,2,외지인(b),202856.5,20260403
30,대전광역시,5,금요일,3,외국인(c),4153.339999999999,20260403
30,대전광역시,6,토요일,1,현지인(a),703090.5,20260404
30,대전광역시,6,토요일,2,외지인(b),302137.5,20260404
30,대전광역시,6,토요일,3,외국인(c),3935.3800000000006,20260404
30,대전광역시,7,일요일,1,현지인(a),696773.0,20260405
30,대전광역시,7,일요일,2,외지인(b),258566.0,20260405
30,대전광역시,7,일요일,3,외국인(c),3969.669999999999,20260405
30,대전광역시,1,월요일,1,현지인(a),742756.0,20260406
30,대전광역시,1,월요일,2,외지인(b),163506.0,20260406
30,대전광역시,1,월요일,3,외국인(c),4060.08,20260406
30,대전광역시,2,화요일,1,현지인(a),751422.0,20260407
30,대전광역시,2,화요일,2,외지인(b),168952.0,20260407
30,대전광역시,2,화요일,3,외국인(c),4032.3199999999993,20260407
30,대전광역시,3,수요일,1,현지인(a),758653.0,20260408
30,대전광역시,3,수요일,2,외지인(b),175385.0,20260408
30,대전광역시,3,수요일,3,외국인(c),4132.76,20260408
30,대전광역시,4,목요일,1,현지인(a),740859.0,20260409
30,대전광역시,4,목요일,2,외지인(b),177114.0,20260409
30,대전광역시,4,목요일,3,외국인(c),4023.56,20260409
30,대전광역시,5,금요일,1,현지인(a),758292.5,20260410
30,대전광역시,5,금요일,2,외지인(b),224227.5,20260410
30,대전광역시,5,금요일,3,외국인(c),4064.0200000000013,20260410
30,대전광역시,6,토요일,1,현지인(a),707420.0,20260411
30,대전광역시,6,토요일,2,외지인(b),340242.0,20260411
30,대전광역시,6,토요일,3,외국인(c),3855.63,20260411
30,대전광역시,7,일요일,1,현지인(a),692681.5,20260412
30,대전광역시,7,일요일,2,외지인(b),271390.0,20260412
30,대전광역시,7,일요일,3,외국인(c),3807.5599999999995,20260412
30,대전광역시,1,월요일,1,현지인(a),754092.5,20260413
30,대전광역시,1,월요일,2,외지인(b),179830.0,20260413
30,대전광역시,1,월요일,3,외국인(c),3749.9999999999995,20260413
30,대전광역시,2,화요일,1,현지인(a),751985.5,20260414
30,대전광역시,2,화요일,2,외지인(b),185283.0,20260414
30,대전광역시,2,화요일,3,외국인(c),3944.2899999999995,20260414
30,대전광역시,3,수요일,1,현지인(a),758544.5,20260415
30,대전광역시,3,수요일,2,외지인(b),188706.0,20260415
30,대전광역시,3,수요일,3,외국인(c),4066.5700000000006,20260415
30,대전광역시,4,목요일,1,현지인(a),756224.0,20260416
30,대전광역시,4,목요일,2,외지인(b),195853.0,20260416
30,대전광역시,4,목요일,3,외국인(c),4024.4800000000005,20260416
30,대전광역시,5,금요일,1,현지인(a),762412.0,20260417
30,대전광역시,5,금요일,2,외지인(b),222320.0,20260417
30,대전광역시,5,금요일,3,외국인(c),3910.0199999999995,20260417
30,대전광역시,6,토요일,1,현지인(a),705236.0,20260418
30,대전광역시,6,토요일,2,외지인(b),330435.0,20260418
30,대전광역시,6,토요일,3,외국인(c),3634.9900000000007,20260418
30,대전광역시,7,일요일,1,현지인(a),691145.0,20260419
30,대전광역시,7,일요일,2,외지인(b),264782.0,20260419
30,대전광역시,7,일요일,3,외국인(c),3647.600000000001,20260419
30,대전광역시,1,월요일,1,현지인(a),744222.5,20260420
30,대전광역시,1,월요일,2,외지인(b),185370.5,20260420
30,대전광역시,1,월요일,3,외국인(c),3842.060000000001,20260420
30,대전광역시,2,화요일,1,현지인(a),749357.0,20260421
30,대전광역시,2,화요일,2,외지인(b),190617.0,20260421
30,대전광역시,2,화요일,3,외국인(c),4100.8200000000015,20260421
30,대전광역시,3,수요일,1,현지인(a),752111.5,20260422
30,대전광역시,3,수요일,2,외지인(b),194288.5,20260422
30,대전광역시,3,수요일,3,외국인(c),4075.0600000000004,20260422
30,대전광역시,4,목요일,1,현지인(a),750081.5,20260423
30,대전광역시,4,목요일,2,외지인(b),201873.0,20260423
30,대전광역시,4,목요일,3,외국인(c),3883.3500000000004,20260423
30,대전광역시,5,금요일,1,현지인(a),765828.0,20260424
30,대전광역시,5,금요일,2,외지인(b),244839.0,20260424
30,대전광역시,5,금요일,3,외국인(c),3907.4399999999996,20260424
30,대전광역시,6,토요일,1,현지인(a),704672.5,20260425
30,대전광역시,6,토요일,2,외지인(b),349839.0,20260425
30,대전광역시,6,토요일,3,외국인(c),3695.74,20260425
30,대전광역시,7,일요일,1,현지인(a),689948.0,20260426
30,대전광역시,7,일요일,2,외지인(b),286265.0,20260426
30,대전광역시,7,일요일,3,외국인(c),4040.58,20260426
30,대전광역시,1,월요일,1,현지인(a),746956.0,20260427
30,대전광역시,1,월요일,2,외지인(b),201684.0,20260427
30,대전광역시,1,월요일,3,외국인(c),4068.1399999999994,20260427
30,대전광역시,2,화요일,1,현지인(a),745930.5,20260428
30,대전광역시,2,화요일,2,외지인(b),207956.0,20260428
30,대전광역시,2,화요일,3,외국인(c),3987.3700000000003,20260428
30,대전광역시,3,수요일,1,현지인(a),752374.0,20260429
30,대전광역시,3,수요일,2,외지인(b),216699.0,20260429
30,대전광역시,3,수요일,3,외국인(c),4156.16,20260429
30,대전광역시,4,목요일,1,현지인(a),766129.0,20260430
30,대전광역시,4,목요일,2,외지인(b),253414.0,20260430
30,대전광역시,4,목요일,3,외국인(c),4102.35,20260430
30,대전광역시,5,금요일,1,현지인(a),716481.5,20260501
30,대전광역시,5,금요일,2,외지인(b),316039.5,20260501
30,대전광역시,5,금요일,3,외국인(c),4378.500000000001,20260501
30,대전광역시,6,토요일,1,현지인(a),686346.5,20260502
30,대전광역시,6,토요일,2,외지인(b),367150.0,20260502
30,대전광역시,6,토요일,3,외국인(c),4252.310000000002,20260502
30,대전광역시,7,일요일,1,현지인(a),682769.5,20260503
30,대전광역시,7,일요일,2,외지인(b),312788.0,20260503
30,대전광역시,7,일요일,3,외국인(c),4446.88,20260503
30,대전광역시,1,월요일,1,현지인(a),785396.5,20260504
30,대전광역시,1,월요일,2,외지인(b),253624.0,20260504
30,대전광역시,1,월요일,3,외국인(c),4109.679999999999,20260504
30,대전광역시,2,화요일,1,현지인(a),735528.5,20260505
30,대전광역시,2,화요일,2,외지인(b),237282.5,20260505
30,대전광역시,2,화요일,3,외국인(c),3983.4000000000005,20260505
30,대전광역시,3,수요일,1,현지인(a),824537.0,20260506
30,대전광역시,3,수요일,2,외지인(b),172483.5,20260506
30,대전광역시,3,수요일,3,외국인(c),4208.089999999998,20260506
30,대전광역시,4,목요일,1,현지인(a),815615.5,20260507
30,대전광역시,4,목요일,2,외지인(b),182682.5,20260507
30,대전광역시,4,목요일,3,외국인(c),4129.99,20260507
30,대전광역시,5,금요일,1,현지인(a),827792.0,20260508
30,대전광역시,5,금요일,2,외지인(b),229855.5,20260508
30,대전광역시,5,금요일,3,외국인(c),4058.96,20260508
30,대전광역시,6,토요일,1,현지인(a),741681.5,20260509
30,대전광역시,6,토요일,2,외지인(b),343854.0,20260509
30,대전광역시,6,토요일,3,외국인(c),3762.790000000001,20260509
30,대전광역시,7,일요일,1,현지인(a),727559.0,20260510
30,대전광역시,7,일요일,2,외지인(b),282208.5,20260510
30,대전광역시,7,일요일,3,외국인(c),3869.9100000000003,20260510
30,대전광역시,1,월요일,1,현지인(a),813396.5,20260511
30,대전광역시,1,월요일,2,외지인(b),183911.0,20260511
30,대전광역시,1,월요일,3,외국인(c),4172.460000000001,20260511
30,대전광역시,2,화요일,1,현지인(a),812402.5,20260512
30,대전광역시,2,화요일,2,외지인(b),184268.0,20260512
30,대전광역시,2,화요일,3,외국인(c),4166.639999999999,20260512
30,대전광역시,3,수요일,1,현지인(a),826290.5,20260513
30,대전광역시,3,수요일,2,외지인(b),189409.5,20260513
30,대전광역시,3,수요일,3,외국인(c),4409.219999999997,20260513
30,대전광역시,4,목요일,1,현지인(a),821226.0,20260514
30,대전광역시,4,목요일,2,외지인(b),195954.5,20260514
30,대전광역시,4,목요일,3,외국인(c),4373.2699999999995,20260514
30,대전광역시,5,금요일,1,현지인(a),826297.5,20260515
30,대전광역시,5,금요일,2,외지인(b),231784.0,20260515
30,대전광역시,5,금요일,3,외국인(c),4200.26,20260515
30,대전광역시,6,토요일,1,현지인(a),741860.0,20260516
30,대전광역시,6,토요일,2,외지인(b),343381.5,20260516
30,대전광역시,6,토요일,3,외국인(c),4128.489999999999,20260516
30,대전광역시,7,일요일,1,현지인(a),730422.0,20260517
30,대전광역시,7,일요일,2,외지인(b),279912.5,20260517
30,대전광역시,7,일요일,3,외국인(c),4203.93,20260517
30,대전광역시,1,월요일,1,현지인(a),816630.5,20260518
30,대전광역시,1,월요일,2,외지인(b),197211.0,20260518
30,대전광역시,1,월요일,3,외국인(c),4427.34,20260518
30,대전광역시,2,화요일,1,현지인(a),816560.5,20260519
30,대전광역시,2,화요일,2,외지인(b),204592.5,20260519
30,대전광역시,2,화요일,3,외국인(c),4427.759999999999,20260519
30,대전광역시,3,수요일,1,현지인(a),801535.0,20260520
30,대전광역시,3,수요일,2,외지인(b),196843.5,20260520
30,대전광역시,3,수요일,3,외국인(c),4437.96,20260520
30,대전광역시,4,목요일,1,현지인(a),814719.5,20260521
30,대전광역시,4,목요일,2,외지인(b),208796.0,20260521
30,대전광역시,4,목요일,3,외국인(c),4408.660000000001,20260521
30,대전광역시,5,금요일,1,현지인(a),823046.0,20260522
30,대전광역시,5,금요일,2,외지인(b),253711.5,20260522
30,대전광역시,5,금요일,3,외국인(c),4029.2300000000014,20260522
30,대전광역시,6,토요일,1,현지인(a),729151.5,20260523
30,대전광역시,6,토요일,2,외지인(b),365543.5,20260523
30,대전광역시,6,토요일,3,외국인(c),3980.6600000000008,20260523
30,대전광역시,7,일요일,1,현지인(a),692776.0,20260524
30,대전광역시,7,일요일,2,외지인(b),346304.0,20260524
30,대전광역시,7,일요일,3,외국인(c),3867.6999999999994,20260524
30,대전광역시,1,월요일,1,현지인(a),717398.5,20260525
30,대전광역시,1,월요일,2,외지인(b),279391.0,20260525
30,대전광역시,1,월요일,3,외국인(c),3904.4800000000005,20260525
30,대전광역시,2,화요일,1,현지인(a),813865.5,20260526
30,대전광역시,2,화요일,2,외지인(b),200532.5,20260526
30,대전광역시,2,화요일,3,외국인(c),4035.0599999999986,20260526
30,대전광역시,3,수요일,1,현지인(a),817470.5,20260527
30,대전광역시,3,수요일,2,외지인(b),202846.0,20260527
30,대전광역시,3,수요일,3,외국인(c),3994.59,20260527
30,대전광역시,4,목요일,1,현지인(a),814989.0,20260528
30,대전광역시,4,목요일,2,외지인(b),210899.5,20260528
30,대전광역시,4,목요일,3,외국인(c),3937.2000000000003,20260528
30,대전광역시,5,금요일,1,현지인(a),822643.5,20260529
30,대전광역시,5,금요일,2,외지인(b),248314.5,20260529
30,대전광역시,5,금요일,3,외국인(c),3859.0,20260529
30,대전광역시,6,토요일,1,현지인(a),745657.5,20260530
30,대전광역시,6,토요일,2,외지인(b),348362.0,20260530
30,대전광역시,6,토요일,3,외국인(c),3589.990000000001,20260530
30,대전광역시,7,일요일,1,현지인(a),731174.5,20260531
30,대전광역시,7,일요일,2,외지인(b),291546.5,20260531
30,대전광역시,7,일요일,3,외국인(c),3453.7199999999993,20260531
30,대전광역시,1,월요일,1,현지인(a),840472.5,20260601
30,대전광역시,1,월요일,2,외지인(b),162736.0,20260601
30,대전광역시,1,월요일,3,외국인(c),3432.460000000001,20260601
30,대전광역시,2,화요일,1,현지인(a),854703.5,20260602
30,대전광역시,2,화요일,2,외지인(b),182322.0,20260602
30,대전광역시,2,화요일,3,외국인(c),3343.89,20260602
30,대전광역시,3,수요일,1,현지인(a),774875.5,20260603
30,대전광역시,3,수요일,2,외지인(b),201152.0,20260603
30,대전광역시,3,수요일,3,외국인(c),3224.9500000000003,20260603
30,대전광역시,4,목요일,1,현지인(a),832566.0,20260604
30,대전광역시,4,목요일,2,외지인(b),171811.5,20260604
30,대전광역시,4,목요일,3,외국인(c),3236.430000000001,20260604
30,대전광역시,5,금요일,1,현지인(a),843997.0,20260605
30,대전광역시,5,금요일,2,외지인(b),206678.5,20260605
30,대전광역시,5,금요일,3,외국인(c),3253.22,20260605
30,대전광역시,6,토요일,1,현지인(a),731867.5,20260606
30,대전광역시,6,토요일,2,외지인(b),299484.5,20260606
30,대전광역시,6,토요일,3,외국인(c),3298.9300000000003,20260606
30,대전광역시,7,일요일,1,현지인(a),734135.5,20260607
30,대전광역시,7,일요일,2,외지인(b),237664.0,20260607
30,대전광역시,7,일요일,3,외국인(c),3381.450000000001,20260607
30,대전광역시,1,월요일,1,현지인(a),836783.5,20260608
30,대전광역시,1,월요일,2,외지인(b),184030.0,20260608
30,대전광역시,1,월요일,3,외국인(c),3369.85,20260608
30,대전광역시,2,화요일,1,현지인(a),842303.0,20260609
30,대전광역시,2,화요일,2,외지인(b),198422.0,20260609
30,대전광역시,2,화요일,3,외국인(c),3727.7400000000002,20260609
30,대전광역시,3,수요일,1,현지인(a),846223.0,20260610
30,대전광역시,3,수요일,2,외지인(b),200049.5,20260610
30,대전광역시,3,수요일,3,외국인(c),3753.210000000001,20260610
30,대전광역시,4,목요일,1,현지인(a),841732.5,20260611
30,대전광역시,4,목요일,2,외지인(b),205677.5,20260611
30,대전광역시,4,목요일,3,외국인(c),4068.8199999999993,20260611
30,대전광역시,5,금요일,1,현지인(a),840707.0,20260612
30,대전광역시,5,금요일,2,외지인(b),221189.5,20260612
30,대전광역시,5,금요일,3,외국인(c),4052.56,20260612
30,대전광역시,6,토요일,1,현지인(a),751289.0,20260613
30,대전광역시,6,토요일,2,외지인(b),317765.0,20260613
30,대전광역시,6,토요일,3,외국인(c),3802.8300000000004,20260613
30,대전광역시,7,일요일,1,현지인(a),727513.5,20260614
30,대전광역시,7,일요일,2,외지인(b),254103.5,20260614
30,대전광역시,7,일요일,3,외국인(c),3755.6700000000005,20260614
30,대전광역시,1,월요일,1,현지인(a),834081.5,20260615
30,대전광역시,1,월요일,2,외지인(b),195611.5,20260615
30,대전광역시,1,월요일,3,외국인(c),3956.76,20260615
30,대전광역시,2,화요일,1,현지인(a),835863.0,20260616
30,대전광역시,2,화요일,2,외지인(b),203465.5,20260616
30,대전광역시,2,화요일,3,외국인(c),4244.550000000001,20260616
30,대전광역시,3,수요일,1,현지인(a),832541.5,20260617
30,대전광역시,3,수요일,2,외지인(b),204137.5,20260617
30,대전광역시,3,수요일,3,외국인(c),4163.599999999999,20260617
30,대전광역시,4,목요일,1,현지인(a),832863.5,20260618
30,대전광역시,4,목요일,2,외지인(b),211260.0,20260618
30,대전광역시,4,목요일,3,외국인(c),4068.399999999999,20260618
30,대전광역시,5,금요일,1,현지인(a),830056.5,20260619
30,대전광역시,5,금요일,2,외지인(b),242221.0,20260619
30,대전광역시,5,금요일,3,외국인(c),3943.8999999999996,20260619
30,대전광역시,6,토요일,1,현지인(a),735385.0,20260620
30,대전광역시,6,토요일,2,외지인(b),331576.0,20260620
30,대전광역시,6,토요일,3,외국인(c),3650.0099999999998,20260620
30,대전광역시,7,일요일,1,현지인(a),733204.5,20260621
30,대전광역시,7,일요일,2,외지인(b),285425.0,20260621
30,대전광역시,7,일요일,3,외국인(c),3737.57,20260621
30,대전광역시,1,월요일,1,현지인(a),817397.0,20260622
30,대전광역시,1,월요일,2,외지인(b),216412.0,20260622
30,대전광역시,1,월요일,3,외국인(c),4390.93,20260622
30,대전광역시,2,화요일,1,현지인(a),819794.5,20260623
30,대전광역시,2,화요일,2,외지인(b),224441.0,20260623
30,대전광역시,2,화요일,3,외국인(c),4540.47,20260623
30,대전광역시,3,수요일,1,현지인(a),819357.0,20260624
30,대전광역시,3,수요일,2,외지인(b),227209.5,20260624
30,대전광역시,3,수요일,3,외국인(c),4601.46,20260624
30,대전광역시,4,목요일,1,현지인(a),812931.0,20260625
30,대전광역시,4,목요일,2,외지인(b),228991.0,20260625
30,대전광역시,4,목요일,3,외국인(c),4535.62,20260625
30,대전광역시,5,금요일,1,현지인(a),823455.5,20260626
30,대전광역시,5,금요일,2,외지인(b),253918.0,20260626
30,대전광역시,5,금요일,3,외국인(c),4320.96,20260626
30,대전광역시,6,토요일,1,현지인(a),735441.0,20260627
30,대전광역시,6,토요일,2,외지인(b),339601.5,20260627
30,대전광역시,6,토요일,3,외국인(c),3795.210000000001,20260627
30,대전광역시,7,일요일,1,현지인(a),719764.5,20260628
30,대전광역시,7,일요일,2,외지인(b),278180.0,20260628
30,대전광역시,7,일요일,3,외국인(c),3733.4999999999995,20260628
30,대전광역시,1,월요일,1,현지인(a),809368.0,20260629
30,대전광역시,1,월요일,2,외지인(b),225624.0,20260629
30,대전광역시,1,월요일,3,외국인(c),4081.82,20260629
30,대전광역시,2,화요일,1,현지인(a),813256.5,20260630
30,대전광역시,2,화요일,2,외지인(b),230646.5,20260630
30,대전광역시,2,화요일,3,외국인(c),4160.650000000001,20260630
30,대전광역시,3,수요일,1,현지인(a),786898.0,20260701
30,대전광역시,3,수요일,2,외지인(b),177618.0,20260701
30,대전광역시,3,수요일,3,외국인(c),3951.8800000000006,20260701
30,대전광역시,4,목요일,1,현지인(a),784087.5,20260702
30,대전광역시,4,목요일,2,외지인(b),184219.0,20260702
30,대전광역시,4,목요일,3,외국인(c),3871.7900000000013,20260702
30,대전광역시,5,금요일,1,현지인(a),793523.5,20260703
30,대전광역시,5,금요일,2,외지인(b),215631.5,20260703
30,대전광역시,5,금요일,3,외국인(c),4050.77,20260703
30,대전광역시,6,토요일,1,현지인(a),719656.0,20260704
30,대전광역시,6,토요일,2,외지인(b),323442.0,20260704
30,대전광역시,6,토요일,3,외국인(c),3740.29,20260704
30,대전광역시,7,일요일,1,현지인(a),699478.5,20260705
30,대전광역시,7,일요일,2,외지인(b),256882.5,20260705
30,대전광역시,7,일요일,3,외국인(c),3797.5299999999997,20260705
30,대전광역시,1,월요일,1,현지인(a),772618.0,20260706
30,대전광역시,1,월요일,2,외지인(b),184327.5,20260706
30,대전광역시,1,월요일,3,외국인(c),3856.27,20260706
30,대전광역시,2,화요일,1,현지인(a),774207.0,20260707
30,대전광역시,2,화요일,2,외지인(b),189315.0,20260707
30,대전광역시,2,화요일,3,외국인(c),3999.4400000000014,20260707
30,대전광역시,3,수요일,1,현지인(a),765912.0,20260708
30,대전광역시,3,수요일,2,외지인(b),184810.5,20260708
30,대전광역시,3,수요일,3,외국인(c),4300.4400000000005,20260708
30,대전광역시,4,목요일,1,현지인(a),771970.5,20260709
30,대전광역시,4,목요일,2,외지인(b),188366.5,20260709
30,대전광역시,4,목요일,3,외국인(c),4685.79,20260709
30,대전광역시,5,금요일,1,현지인(a),791728.0,20260710
30,대전광역시,5,금요일,2,외지인(b),226751.0,20260710
30,대전광역시,5,금요일,3,외국인(c),4929.340000000001,20260710
30,대전광역시,6,토요일,1,현지인(a),721826.0,20260711
30,대전광역시,6,토요일,2,외지인(b),325997.0,20260711
30,대전광역시,6,토요일,3,외국인(c),5485.140000000001,20260711
30,대전광역시,7,일요일,1,현지인(a),701697.5,20260712
30,대전광역시,7,일요일,2,외지인(b),263319.0,20260712
30,대전광역시,7,일요일,3,외국인(c),6035.84,20260712
30,대전광역시,1,월요일,1,현지인(a),769937.0,20260713
30,대전광역시,1,월요일,2,외지인(b),197837.5,20260713
30,대전광역시,1,월요일,3,외국인(c),5662.390000000001,20260713
30,대전광역시,2,화요일,1,현지인(a),772534.0,20260714
30,대전광역시,2,화요일,2,외지인(b),195643.0,20260714
30,대전광역시,2,화요일,3,외국인(c),4517.610000000001,20260714
30,대전광역시,3,수요일,1,현지인(a),777735.0,20260715
30,대전광역시,3,수요일,2,외지인(b),202125.0,20260715
30,대전광역시,3,수요일,3,외국인(c),3985.52,20260715
30,대전광역시,4,목요일,1,현지인(a),783198.5,20260716
30,대전광역시,4,목요일,2,외지인(b),239025.5,20260716
30,대전광역시,4,목요일,3,외국인(c),4270.11,20260716
30,대전광역시,5,금요일,1,현지인(a),691285.0,20260717
30,대전광역시,5,금요일,2,외지인(b),311038.0,20260717
30,대전광역시,5,금요일,3,외국인(c),3835.8499999999995,20260717
30,대전광역시,6,토요일,1,현지인(a),682850.0,20260718
30,대전광역시,6,토요일,2,외지인(b),325006.5,20260718
30,대전광역시,6,토요일,3,외국인(c),3602.44,20260718
30,대전광역시,7,일요일,1,현지인(a),698418.0,20260719
30,대전광역시,7,일요일,2,외지인(b),271694.5,20260719
30,대전광역시,7,일요일,3,외국인(c),3784.7400000000002,20260719
30,대전광역시,1,월요일,1,현지인(a),766192.0,20260720
30,대전광역시,1,월요일,2,외지인(b),207018.0,20260720
30,대전광역시,1,월요일,3,외국인(c),3739.5799999999986,20260720
30,대전광역시,2,화요일,1,현지인(a),768029.5,20260721
30,대전광역시,2,화요일,2,외지인(b),211967.0,20260721
30,대전광역시,2,화요일,3,외국인(c),3950.5599999999995,20260721
30,대전광역시,3,수요일,1,현지인(a),768817.0,20260722
30,대전광역시,3,수요일,2,외지인(b),216559.0,20260722
30,대전광역시,3,수요일,3,외국인(c),4281.25,20260722
30,대전광역시,4,목요일,1,현지인(a),766125.5,20260723
30,대전광역시,4,목요일,2,외지인(b),228063.5,20260723
30,대전광역시,4,목요일,3,외국인(c),3984.360000000001,20260723
30,대전광역시,5,금요일,1,현지인(a),772334.5,20260724
30,대전광역시,5,금요일,2,외지인(b),262167.5,20260724
30,대전광역시,5,금요일,3,외국인(c),3846.0,20260724
30,대전광역시,6,토요일,1,현지인(a),709135.0,20260725
30,대전광역시,6,토요일,2,외지인(b),334211.5,20260725
30,대전광역시,6,토요일,3,외국인(c),3680.3999999999996,20260725
30,대전광역시,7,일요일,1,현지인(a),686640.5,20260726
30,대전광역시,7,일요일,2,외지인(b),291350.5,20260726
30,대전광역시,7,일요일,3,외국인(c),4097.679999999999,20260726
30,대전광역시,1,월요일,1,현지인(a),746217.5,20260727
30,대전광역시,1,월요일,2,외지인(b),241510.5,20260727
30,대전광역시,1,월요일,3,외국인(c),4343.1900000000005,20260727
30,대전광역시,2,화요일,1,현지인(a),746312.0,20260728
30,대전광역시,2,화요일,2,외지인(b),251342.0,20260728
30,대전광역시,2,화요일,3,외국인(c),4497.860000000001,20260728
30,대전광역시,3,수요일,1,현지인(a),749280.0,20260729
30,대전광역시,3,수요일,2,외지인(b),259777.0,20260729
30,대전광역시,3,수요일,3,외국인(c),4497.470000000001,20260729
30,대전광역시,4,목요일,1,현지인(a),740694.5,20260730
30,대전광역시,4,목요일,2,외지인(b),265520.5,20260730
30,대전광역시,4,목요일,3,외국인(c),4450.59,20260730
30,대전광역시,5,금요일,1,현지인(a),744800.0,20260731
30,대전광역시,5,금요일,2,외지인(b),289726.5,20260731
30,대전광역시,5,금요일,3,외국인(c),4312.09,20260731
30,대전광역시,6,토요일,1,현지인(a),687456.0,20260801
30,대전광역시,6,토요일,2,외지인(b),304738.0,20260801
30,대전광역시,6,토요일,3,외국인(c),3826.6999999999994,20260801
30,대전광역시,7,일요일,1,현지인(a),679262.5,20260802
30,대전광역시,7,일요일,2,외지인(b),256046.0,20260802
30,대전광역시,7,일요일,3,외국인(c),3688.1699999999996,20260802
30,대전광역시,1,월요일,1,현지인(a),747799.5,20260803
30,대전광역시,1,월요일,2,외지인(b),211830.5,20260803
30,대전광역시,1,월요일,3,외국인(c),3837.1399999999985,20260803
30,대전광역시,2,화요일,1,현지인(a),752395.0,20260804
30,대전광역시,2,화요일,2,외지인(b),211137.5,20260804
30,대전광역시,2,화요일,3,외국인(c),4135.310000000001,20260804
30,대전광역시,3,수요일,1,현지인(a),761484.5,20260805
30,대전광역시,3,수요일,2,외지인(b),209524.0,20260805
30,대전광역시,3,수요일,3,외국인(c),4448.900000000002,20260805
30,대전광역시,4,목요일,1,현지인(a),756003.5,20260806
30,대전광역시,4,목요일,2,외지인(b),208628.0,20260806
30,대전광역시,4,목요일,3,외국인(c),4302.98,20260806
30,대전광역시,5,금요일,1,현지인(a),761481.0,20260807
30,대전광역시,5,금요일,2,외지인(b),235914.0,20260807
30,대전광역시,5,금요일,3,외국인(c),4206.829999999999,20260807
30,대전광역시,6,토요일,1,현지인(a),697781.0,20260808
30,대전광역시,6,토요일,2,외지인(b),301819.0,20260808
30,대전광역시,6,토요일,3,외국인(c),3963.6099999999997,20260808
30,대전광역시,7,일요일,1,현지인(a),690658.5,20260809
30,대전광역시,7,일요일,2,외지인(b),254121.0,20260809
30,대전광역시,7,일요일,3,외국인(c),4032.8399999999997,20260809
30,대전광역시,1,월요일,1,현지인(a),759332.0,20260810
30,대전광역시,1,월요일,2,외지인(b),206377.5,20260810
30,대전광역시,1,월요일,3,외국인(c),4418.539999999999,20260810
30,대전광역시,2,화요일,1,현지인(a),765387.0,20260811
30,대전광역시,2,화요일,2,외지인(b),213006.5,20260811
30,대전광역시,2,화요일,3,외국인(c),4222.409999999999,20260811
30,대전광역시,3,수요일,1,현지인(a),768239.5,20260812
30,대전광역시,3,수요일,2,외지인(b),215411.0,20260812
30,대전광역시,3,수요일,3,외국인(c),4326.129999999998,20260812
30,대전광역시,4,목요일,1,현지인(a),763409.5,20260813
30,대전광역시,4,목요일,2,외지인(b),224833.0,20260813
30,대전광역시,4,목요일,3,외국인(c),4402.940000000001,20260813
30,대전광역시,5,금요일,1,현지인(a),763798.0,20260814
30,대전광역시,5,금요일,2,외지인(b),255979.5,20260814
30,대전광역시,5,금요일,3,외국인(c),4331.500000000001,20260814
30,대전광역시,6,토요일,1,현지인(a),658546.0,20260815
30,대전광역시,6,토요일,2,외지인(b),332983.0,20260815
30,대전광역시,6,토요일,3,외국인(c),4223.219999999999,20260815
30,대전광역시,7,일요일,1,현지인(a),654342.5,20260816
30,대전광역시,7,일요일,2,외지인(b),319889.5,20260816
30,대전광역시,7,일요일,3,외국인(c),4282.4,20260816
30,대전광역시,1,월요일,1,현지인(a),670099.5,20260817
30,대전광역시,1,월요일,2,외지인(b),276615.5,20260817
30,대전광역시,1,월요일,3,외국인(c),3882.5999999999995,20260817
30,대전광역시,2,화요일,1,현지인(a),765296.0,20260818
30,대전광역시,2,화요일,2,외지인(b),219992.5,20260818
30,대전광역시,2,화요일,3,외국인(c),4036.4399999999996,20260818
30,대전광역시,3,수요일,1,현지인(a),771001.0,20260819
30,대전광역시,3,수요일,2,외지인(b),221539.5,20260819
30,대전광역시,3,수요일,3,외국인(c),4454.379999999999,20260819
30,대전광역시,4,목요일,1,현지인(a),769989.5,20260820
30,대전광역시,4,목요일,2,외지인(b),228049.5,20260820
30,대전광역시,4,목요일,3,외국인(c),4740.86,20260820
30,대전광역시,5,금요일,1,현지인(a),776790.0,20260821
30,대전광역시,5,금요일,2,외지인(b),244800.5,20260821
30,대전광역시,5,금요일,3,외국인(c),4621.540000000001,20260821
